{"type":"FeatureCollection","features":[{"type":"Feature","properties":{"name":"Manzanita","source":"Oregon Framework Admin_Bounds city limits"},"geometry":{"type":"MultiPolygon","coordinates":[[[[-123.93696906369183,45.70418546857472],[-123.93697745401612,45.703911373308294],[-123.93698521156776,45.703658080388585],[-123.93698584046568,45.703637279006365],[-123.93718155258773,45.70364023957363],[-123.93737720683995,45.7036431988118],[-123.93767069012657,45.703647636101216],[-123.93796416821952,45.70365207100849],[-123.9381598225522,45.70365502893996],[-123.93833837182032,45.70365772517558],[-123.93835547300269,45.70365798575891],[-123.93855113122422,45.703660942923975],[-123.93874678160738,45.7036638972918],[-123.93885938540879,45.7036640261438],[-123.93883189801355,45.70376023187268],[-123.93871768441171,45.703960106796245],[-123.9385749169602,45.70417425824482],[-123.93830365898208,45.704231365284684],[-123.93794673855678,45.704231365284684],[-123.93703302614868,45.70424564250604],[-123.93696716201124,45.704247608573695],[-123.93696906369183,45.70418546857472]]],[[[-123.92871028027228,45.71068491086099],[-123.92866684073618,45.710713018833665],[-123.92858890750995,45.71074808876352],[-123.92871028027228,45.71068491086099]]],[[[-123.92623960539323,45.71047736316263],[-123.92623973668523,45.7103977716021],[-123.92822629299013,45.71044462616339],[-123.92820517502595,45.71086241812771],[-123.9282045300981,45.71087518109541],[-123.92808149400548,45.71089861658842],[-123.92786734192994,45.710855786874546],[-123.92762463690312,45.71075584928424],[-123.92725344045131,45.71059880413835],[-123.92688224489781,45.71054169733051],[-123.9264824954947,45.71049886671584],[-123.92625406739266,45.71049886671584],[-123.92623957268634,45.710498236506346],[-123.92623960539323,45.71047736316263]]],[[[-123.92791264266556,45.71908354220969],[-123.92790906033734,45.719082446775055],[-123.92790547592519,45.71908135950508],[-123.92790188664834,45.7190802768795],[-123.92789829539494,45.719079204216264],[-123.92789469943769,45.71907813889391],[-123.92789109754688,45.7190770818489],[-123.92788749084507,45.71907603034709],[-123.92788387681934,45.71907498536245],[-123.92788026103135,45.719073953935535],[-123.92787664043234,45.719072928051865],[-123.92787301630541,45.71907190767384],[-123.92786938897221,45.7190708981946],[-123.92786575426155,45.719069894333636],[-123.92786211618385,45.71906889867491],[-123.92785847447108,45.71906790672414],[-123.92785482859041,45.719066931102795],[-123.92785117640106,45.71906595746675],[-123.9278475208982,45.7190649929318],[-123.9278438620283,45.71906403659906],[-123.92784019840092,45.719063086708346],[-123.92783653279692,45.71906214678],[-123.92783285858577,45.719061213406384],[-123.92782918223709,45.719060287298525],[-123.92782550514144,45.719059370216684],[-123.92782201658088,45.719058510647336],[-123.92781852834206,45.71905765647103],[-123.92781503144244,45.71905680795061],[-123.92781153630855,45.719055967482205],[-123.92780803395803,45.71905513532862],[-123.92780453069956,45.71905430950449],[-123.92780102530361,45.71905349094616],[-123.92779751130051,45.71905267894254],[-123.92779399900962,45.71905187409209],[-123.92779048212195,45.71905107838025],[-123.92778695913995,45.71905028824921],[-123.92778343525009,45.71904950444751],[-123.92777990810033,45.71904873064575],[-123.92777637854505,45.7190479596156],[-123.9277728445539,45.71904720042053],[-123.927769306874,45.719046444034646],[-123.92776576978379,45.719045697535975],[-123.92776222536968,45.71904495755446],[-123.92775867758846,45.71904422577519],[-123.92775513012896,45.71904349938893],[-123.92775157935591,45.7190427821037],[-123.92774802500138,45.71904206942532],[-123.92774446733335,45.719041365847964],[-123.92774090608371,45.719040666877405],[-123.92773734168148,45.71903997970448],[-123.92773377744004,45.71903929522803],[-123.92773020485949,45.71903862180052],[-123.9277266338839,45.71903795372849],[-123.92772305943389,45.71903729206092],[-123.92771948172405,45.719036640393306],[-123.92771590294548,45.71903599235854],[-123.92771231839414,45.71903535529764],[-123.92770873282768,45.71903472276842],[-123.92770514507015,45.71903409660619],[-123.92770155410624,45.719033481342706],[-123.92769796239527,45.719032875105164],[-123.92769436806428,45.71903226804377],[-123.92769076924381,45.71903167191872],[-123.92768716710982,45.719031084894716],[-123.9276835667415,45.71903050592275],[-123.92767996140125,45.71902992979737],[-123.92767635285468,45.7190293645708],[-123.92767274222415,45.719028807508884],[-123.9276691304713,45.71902825318094],[-123.92766551551206,45.71902770975178],[-123.92766189707856,45.719027172727145],[-123.92765827912751,45.719026643792006],[-123.92765465903894,45.71902612212273],[-123.92765103419279,45.719025606895485],[-123.92764740982908,45.7190250997578],[-123.9276437819911,45.71902459902464],[-123.92764015474275,45.71902410817873],[-123.927636519956,45.71902362025457],[-123.92763288971582,45.71902314390269],[-123.92762561490908,45.719022209626274],[-123.92762197424577,45.719021752487926],[-123.92761833406495,45.71902130343917],[-123.92761468928737,45.71902086352897],[-123.92761104606105,45.719020428075396],[-123.92760739962837,45.71902000352056],[-123.92760375357095,45.719019585257634],[-123.92760010398554,45.719019172500296],[-123.92759644974979,45.71901876798274],[-123.92759279727974,45.7190183715172],[-123.92758914144245,45.719017983253885],[-123.92758548592681,45.719017600383516],[-123.92758182576085,45.719017225752935],[-123.92757816725334,45.71901685737662],[-123.92757450548586,45.71901649900028],[-123.92757084281038,45.71901614695328],[-123.92756717789015,45.71901580037442],[-123.92756351232998,45.71901546461921],[-123.92755984837466,45.719015134219475],[-123.92755617709533,45.71901481033686],[-123.92755250881123,45.71901449356985],[-123.92754883865761,45.7190141885629],[-123.92754516748882,45.7190138880877],[-123.9275414941288,45.7190135939794],[-123.92753781611843,45.719013308110846],[-123.9275341437233,45.71901303018169],[-123.92753046667781,45.719012760492284],[-123.92752678615788,45.71901249720733],[-123.92752310735003,45.71901224107557],[-123.92751942779502,45.71901199396979],[-123.927515746156,45.71901175502863],[-123.92751206724421,45.71901151870883],[-123.92750837742678,45.71901129351308],[-123.92750469707421,45.71901107614408],[-123.92750101191051,45.719010864318236],[-123.92749732738994,45.719010663278524],[-123.92749364051741,45.71901046590918],[-123.92748995284413,45.71901027666697],[-123.92748626559965,45.71901009461544],[-123.92748257632476,45.71900992162746],[-123.92747889009868,45.71900975665392],[-123.92747519654863,45.7190095981975],[-123.92747150856019,45.719009446781634],[-123.9274678155997,45.719009298212384],[-123.92746412365767,45.71900916672118],[-123.92746043187645,45.71900903792647],[-123.92745673801116,45.719008917296414],[-123.92745304703396,45.71900880198424],[-123.92744935285037,45.71900869757084],[-123.92744565513864,45.71900859866308],[-123.92744196288146,45.71900850499812],[-123.92743826618815,45.71900842316838],[-123.92743456981653,45.71900834673156],[-123.9274308738737,45.71900827748545],[-123.92742717846683,45.71900821722782],[-123.92742348466479,45.719008162325636],[-123.92741978626586,45.719008116561994],[-123.9274160882958,45.719008077989116],[-123.92741239449688,45.71900804469658],[-123.92740869882837,45.71900802316408],[-123.92740499834865,45.719008007174786],[-123.92740130204008,45.7190079964659],[-123.92739760637477,45.71900799654304],[-123.92739390718137,45.719008002125875],[-123.92739021360322,45.71900801564809],[-123.92738651521374,45.71900803471351],[-123.92738281752115,45.71900806546386],[-123.92737911993568,45.71900809801187],[-123.9273754232078,45.71900814494131],[-123.92737172792387,45.71900819452971],[-123.92736803183918,45.719008252245224],[-123.9273643362368,45.719008318050264],[-123.92736064117045,45.719008392843776],[-123.92735694653283,45.71900847482793],[-123.92735324970398,45.719008563179074],[-123.92734955603113,45.719008661342365],[-123.92734586257265,45.71900876310098],[-123.92734216959649,45.71900887294915],[-123.9273384745363,45.71900899096194],[-123.92733478257853,45.71900911788811],[-123.92733109104947,45.71900925200498],[-123.92732739984203,45.71900939151482],[-123.92732370660401,45.719009540088145],[-123.92732001641488,45.719009696676004],[-123.92731632654727,45.71900985865683],[-123.92731263844524,45.71901002868969],[-123.92730894954232,45.71901020684967],[-123.92730526112179,45.7190103930992],[-123.92730157837006,45.71901058818695],[-123.9272978907534,45.719010787919004],[-123.92729420367273,45.719010996639554],[-123.92729051691356,45.71901121075303],[-123.92728683593039,45.71901143550249],[-123.92728315398556,45.71901166568252],[-123.92727947364551,45.719011901217996],[-123.92727579266538,45.719012147577125],[-123.92727211350437,45.7190124028871],[-123.92726843701695,45.71901265991963],[-123.92726475737665,45.71901292874977],[-123.92726108720105,45.71901320540661],[-123.92725740836467,45.719013487719295],[-123.92725373514337,45.71901377797137],[-123.92725006096039,45.719014073654016],[-123.92724638875737,45.719014380984035],[-123.9272427193887,45.719014692733175],[-123.92723905552803,45.71901501062397],[-123.92723538461115,45.71901533952616],[-123.9272317165823,45.719015673746284],[-123.92722805416854,45.71901601590577],[-123.92722438710427,45.719016366305006],[-123.92722072934406,45.71901672183447],[-123.92721706827008,45.71901708646492],[-123.92721340634166,45.71901745832371],[-123.92720975008197,45.71901783902068],[-123.9272060941438,45.719018225110695],[-123.92720244125431,45.719018619215134],[-123.92720007867428,45.71901887922478],[-123.92719772005103,45.71901914091948],[-123.92719535763177,45.719019403625566],[-123.92719299826125,45.71901967434623],[-123.9271906401203,45.7190199441304],[-123.92718828219373,45.71902021750997],[-123.92718592458868,45.71902049628266],[-123.92718356698364,45.719020775055256],[-123.92718121242731,45.719021061842405],[-123.92717885514377,45.71902134600801],[-123.92717650203143,45.71902163545407],[-123.92717414913344,45.719021928495515],[-123.9271717963426,45.71902222333459],[-123.92716944387332,45.7190225235668],[-123.92716709525367,45.71902282368628],[-123.92716474187633,45.719023130247855],[-123.92716239373893,45.71902343845692],[-123.92716004581591,45.71902375026137],[-123.92715769800009,45.7190240638635],[-123.92715535039858,45.71902438106095],[-123.92715300295782,45.71902470095492],[-123.92715065963468,45.71902502523052],[-123.92714831251547,45.719025350517526],[-123.92714596956742,45.719025681084986],[-123.92714362661934,45.719026011652375],[-123.92714128800321,45.7190263501968],[-123.92713894553744,45.71902668885378],[-123.92713660708203,45.7190270300947],[-123.9271342649378,45.719027374144716],[-123.9271319269647,45.71902772347518],[-123.92712958899158,45.719028072805585],[-123.92712725524319,45.71902842831532],[-123.9271249177524,45.719028785735325],[-123.92712258427193,45.719029145739235],[-123.92712025100587,45.719029509338505],[-123.92711791784696,45.7190298747354],[-123.92711558105273,45.71903024384034],[-123.92711325735851,45.71903061706405],[-123.92711092858507,45.71903099133673],[-123.92710860029396,45.71903137369908],[-123.92710627184206,45.71903175336478],[-123.92710394750769,45.71903213741214],[-123.9271016208212,45.71903252512989],[-123.92709929686191,45.719032915469086],[-123.92709697306344,45.71903330850477],[-123.92709464958648,45.71903370693355],[-123.92709232610942,45.719034105362326],[-123.92709000808675,45.719034509033975],[-123.92708768899527,45.71903491633855],[-123.9270853700109,45.71903532544076],[-123.92708305632011,45.71903573708931],[-123.92708073380766,45.71903615169722],[-123.92707841920875,45.719036569675154],[-123.92707610487778,45.71903699214739],[-123.92707379958287,45.71903741525565],[-123.92707148557345,45.71903784312087],[-123.92706917675035,45.71903827173477],[-123.92706686696565,45.719038705779255],[-123.92706456113767,45.7190391415088],[-123.92706225295767,45.71903958090881],[-123.92705994750477,45.71904002293022],[-123.92705764365665,45.71904047030717],[-123.92705534237491,45.719040917609014],[-123.92705303884821,45.719041370378996],[-123.92705073788798,45.71904182307382],[-123.92704843853242,45.71904228112422],[-123.92704614174335,45.71904273909949],[-123.92704384287005,45.71904320523947],[-123.92704154656322,45.719043671304334],[-123.92703925560357,45.719044140814376],[-123.92703696106211,45.7190446149313],[-123.92703355427038,45.71904532057997],[-123.92703014935125,45.71904603607836],[-123.92702675250646,45.71904675764336],[-123.92702335213346,45.71904748471404],[-123.92701995978122,45.71904821695251],[-123.92701656807206,45.71904895997711],[-123.9270131803732,45.71904970558555],[-123.92700979321019,45.719050460182395],[-123.92700641032543,45.719051221857384],[-123.92700303166541,45.71905198971161],[-123.92699965327326,45.719052762060045],[-123.92699628054982,45.71905354324668],[-123.92699291071422,45.71905432975133],[-123.92698954504968,45.71905512153632],[-123.92698618115062,45.719055921373375],[-123.92698282035386,45.719056730123846],[-123.92697945982492,45.71905754336842],[-123.92697610859992,45.719058361743265],[-123.92697275662753,45.71905918914409],[-123.92696941010948,45.71906002178775],[-123.92696606262966,45.71906085986201],[-123.9269627207649,45.719061705875646],[-123.92695938692093,45.719062557057136],[-123.92695604842628,45.71906341647835],[-123.92695271923559,45.719064281029794],[-123.92694939058066,45.71906515456964],[-123.92694606989292,45.7190660323785],[-123.92694274958022,45.71906691647922],[-123.9269394284665,45.71906780870703],[-123.92693611665673,45.719068706065094],[-123.92693280511483,45.719069607917376],[-123.92692949416232,45.719070519656945],[-123.92692620015944,45.71907143540264],[-123.92692289765625,45.71907235950072],[-123.92691960322739,45.71907328966541],[-123.92691631676566,45.719074224099046],[-123.92691302314047,45.7190751677464],[-123.9269097388192,45.71907611652398],[-123.92690645754658,45.71907707331607],[-123.92690318044502,45.719078035388584],[-123.92689990879771,45.71907900270394],[-123.9268966400383,45.71907997533725],[-123.92689337689397,45.71908095591004],[-123.92689011428538,45.71908194547126],[-123.92688685819999,45.71908293664239],[-123.92688360393356,45.71908393676439],[-123.926880353999,45.719084944863404],[-123.92687711064116,45.71908595547121],[-123.9268738690487,45.71908697413105],[-123.92687063178815,45.71908800076781],[-123.92686739484893,45.71908903279765],[-123.92686416983369,45.719090070781554],[-123.92686094508633,45.71909111325963],[-123.92685772472436,45.71909216461347],[-123.92685450463024,45.7190932204615],[-123.92685129389359,45.71909428233871],[-123.92684808620558,45.71909535223042],[-123.92684488268864,45.71909642740253],[-123.92684168462593,45.719097507817494],[-123.92683848592303,45.719098599056174],[-123.92683529641685,45.71909969362743],[-123.92683210958414,45.71910078992119],[-123.92682892858083,45.71910189774983],[-123.92682575046533,45.71910301089643],[-123.92682257775058,45.71910412838703],[-123.92681940926049,45.719105252056956],[-123.92681624510215,45.719106383703824],[-123.92681308383165,45.719107520668636],[-123.92680992438018,45.71910866658439],[-123.92680677658468,45.71910981395992],[-123.92680362927138,45.719110969425024],[-123.92680049003228,45.719112130956795],[-123.9267973525587,45.71911330054064],[-123.92679422176887,45.71911447443097],[-123.92679109135412,45.71911565461321],[-123.92678796896004,45.719116839963206],[-123.9267848520202,45.71911803055613],[-123.92678173796821,45.719119226467015],[-123.9267786335953,45.71912043380018],[-123.92677552435731,45.71912164577763],[-123.92677242431603,45.71912286108764],[-123.9267693311194,45.71912408340072],[-123.92676623958101,45.719125311968185],[-123.92676315622404,45.719126548400006],[-123.92676007286695,45.7191277848317],[-123.92675700186251,45.71912903440835],[-123.92675393117942,45.719130289378],[-123.92675086819553,45.719131544122355],[-123.92674780590814,45.7191328105517],[-123.92674475126627,45.7191340758569],[-123.92674170133138,45.719135355431085],[-123.92673865535316,45.71913663669028],[-123.92673561889319,45.71913792667519],[-123.92673258516027,45.71913921928147],[-123.9267295531928,45.71914051993981],[-123.9267265279627,45.719141825803476],[-123.9267234017394,45.71914318414457],[-123.92672027492937,45.71914455420815],[-123.92671715592567,45.71914592584412],[-123.92671404253703,45.71914730541956],[-123.92671093593937,45.71914869109924],[-123.92670783474236,45.719150081122926],[-123.92670473279786,45.71915148017256],[-123.92670164785653,45.71915288412733],[-123.9266985633974,45.71915429617167],[-123.92669548310921,45.719155713496455],[-123.9266924146914,45.71915713587636],[-123.92668934274526,45.719158563761994],[-123.92668628288385,45.71916000029828],[-123.92668322713983,45.719161441216094],[-123.92668017562039,45.71916288831315],[-123.92667713228239,45.71916434327466],[-123.9266740981947,45.71916580246757],[-123.92667106319873,45.71916726798992],[-123.92666804151708,45.71916874122655],[-123.92666501876636,45.71917021809596],[-123.92666200542676,45.719171701893444],[-123.92665900026853,45.71917319355527],[-123.92665599933491,45.71917469139638],[-123.92665300620763,45.71917619080991],[-123.92665001778725,45.719177704492424],[-123.92664703305553,45.719179215365706],[-123.92664405666605,45.719180736799885],[-123.92664108829716,45.719182263401926],[-123.92663812409933,45.71918379528441],[-123.92663516551647,45.71918533510635],[-123.92663221351032,45.71918687743709],[-123.92662927102235,45.7191884284935],[-123.92662633136862,45.71918998396913],[-123.92662340123309,45.71919154817036],[-123.92662047526862,45.7191931176521],[-123.92661755711039,45.71919468870622],[-123.92661464590395,45.71919626856111],[-123.9266117365165,45.71919785736695],[-123.9266088400682,45.7191994475951],[-123.9266059466684,45.71920104583775],[-123.92660306128931,45.719202649248224],[-123.9266001801348,45.719204258838],[-123.92659730823055,45.71920587265927],[-123.92659444327805,45.71920749528123],[-123.92659158361909,45.71920912044961],[-123.92658873214152,45.71921075348238],[-123.92658588355174,45.719212391833096],[-123.92658304426578,45.71921403531414],[-123.92658021316132,45.71921568665956],[-123.92657738606702,45.719217340588905],[-123.9265745672078,45.719219003281474],[-123.92657175615481,45.71922066754649],[-123.9265689507704,45.7192223406498],[-123.92656615206991,45.71922401805967],[-123.92656336144353,45.71922570153619],[-123.9265605764322,45.71922739295221],[-123.9265577978368,45.719229084180505],[-123.92655502902758,45.71923078862877],[-123.9265522640678,45.719232492964366],[-123.92654950734297,45.719234206063184],[-123.92654675858522,45.71923592343103],[-123.9265440178482,45.71923764596671],[-123.92654128133567,45.7192393746817],[-123.92653855284388,45.719241108564525],[-123.92653583231913,45.71924284671639],[-123.92653311730217,45.71924459100994],[-123.92653040918337,45.7192463432055],[-123.92652771405736,45.71924809772218],[-123.92652501796944,45.719249857669475],[-123.92652233524946,45.71925162622986],[-123.92651965664689,45.71925339917188],[-123.92651698590416,45.71925517458518],[-123.9265143270853,45.71925695595256],[-123.92651166874859,45.719258745409576],[-123.92650901837891,45.71926053913558],[-123.92650637223387,45.719262339040895],[-123.92650375079127,45.71926414362616],[-123.92650112052672,45.719265951170605],[-123.9264984997268,45.71926776654197],[-123.92649589079724,45.71926958696856],[-123.92649328464822,45.719271410915425],[-123.92649068807106,45.71927324448688],[-123.92648809924657,45.719275078731954],[-123.9264855222388,45.719276917133385],[-123.9264829459275,45.71927876721987],[-123.92648037875934,45.71928061974015],[-123.92647782196386,45.71928247375779],[-123.92647527340338,45.71928433653866],[-123.92647273414681,45.71928620444989],[-123.92647019376754,45.71928807509513],[-123.92646766675624,45.71928995435357],[-123.9264651473904,45.71929183248786],[-123.92646263636678,45.71929372118313],[-123.92646012956767,45.719295616057686],[-123.92645763442464,45.71929751239214],[-123.92645514735574,45.71929941479326],[-123.92645266445784,45.71930132247487],[-123.92645019086387,45.71930323528682],[-123.92644772785701,45.71930515319155],[-123.92644527030431,45.719307076339234],[-123.92644281932834,45.71930900199575],[-123.92644037781695,45.719310935479136],[-123.92643794416544,45.719312871433814],[-123.92643552238427,45.719314812443784],[-123.92643310498848,45.71931676232965],[-123.92643069539892,45.719318713787935],[-123.92642829356211,45.71932066591982],[-123.92642590151146,45.719322631271744],[-123.92642351603752,45.71932459913249],[-123.92642113580342,45.71932656864074],[-123.92641876637072,45.71932854683725],[-123.92641640592043,45.719330524770946],[-123.9264140536516,45.71933251056909],[-123.92641170945696,45.719334502434],[-123.92640937306861,45.719336495871296],[-123.92640704486166,45.719338497173034],[-123.9262862727121,45.719456610838165],[-123.92585822120888,45.71985704435913],[-123.92585995413499,45.71971175050268],[-123.92586451482227,45.71930765074537],[-123.92586698767789,45.71909124339412],[-123.92586987367132,45.71883954004469],[-123.92587320766414,45.718548714094545],[-123.92593997953843,45.71852240998555],[-123.92622551533968,45.718408195570035],[-123.92658243486667,45.71827970477913],[-123.92689652361926,45.71827970477913],[-123.92708212184516,45.71835108921553],[-123.92723916622145,45.71850813264759],[-123.92739621059773,45.718622347486],[-123.92756753189882,45.71876511539212],[-123.92773885319991,45.71893643614711],[-123.9279127417633,45.719083572876926],[-123.92791264266556,45.71908354220969]]],[[[-123.92867085745519,45.719887178227424],[-123.92876678010819,45.72002147003096],[-123.92878791511613,45.72014827849094],[-123.92867085745519,45.719887178227424]]]]}},{"type":"Feature","properties":{"name":"Rockaway Beach","source":"Oregon Framework Admin_Bounds city limits"},"geometry":{"type":"Polygon","coordinates":[[[-123.93983617847745,45.64144838086357],[-123.9398333462321,45.641451940860904],[-123.93983050853821,45.64145549561551],[-123.93982766844225,45.64145905314212],[-123.93982482011981,45.64146260190582],[-123.9398219681675,45.64146615437803],[-123.93981911076658,45.6414697016076],[-123.9398162507487,45.64147324801355],[-123.93981338549705,45.64147679277233],[-123.9398105138377,45.641480337719464],[-123.93980764068165,45.64148387910863],[-123.93980476101042,45.641487418888396],[-123.93980187599807,45.641490955223226],[-123.93979897934463,45.641494490099326],[-123.93979609032593,45.641498023850346],[-123.93979318961244,45.641501555243764],[-123.93979029007271,45.64150508480166],[-123.93978738022699,45.641508613762014],[-123.9397844676568,45.64151214010097],[-123.93978154729002,45.64151566486816],[-123.93977862670798,45.64151918603974],[-123.9397756984367,45.64152270743733],[-123.93977276599838,45.64152622355453],[-123.93976982843371,45.641529739822346],[-123.93976688830578,45.64153325616548],[-123.93976393888484,45.64153676737894],[-123.93976099074494,45.641540278554636],[-123.93975803731769,45.641543787184354],[-123.93975507603999,45.64154729334333],[-123.93975211219902,45.641550799577644],[-123.93974914290945,45.641554300569226],[-123.93974616977512,45.641557801673784],[-123.93974318879037,45.64156130030767],[-123.93974020396084,45.641564799054485],[-123.93973721875489,45.64156829150902],[-123.93973422591347,45.641571785088466],[-123.93973122522159,45.64157527619721],[-123.9397282244757,45.641578766407],[-123.93972521961636,45.64158225223527],[-123.93972220573265,45.64158573742836],[-123.9397191891781,45.641589220898965],[-123.93971617240842,45.641592700773906],[-123.93971314287724,45.64159618192443],[-123.9397101144123,45.641599659441674],[-123.9397070805525,45.64160313261505],[-123.93970404039236,45.64160660777457],[-123.93970099478358,45.641610077691325],[-123.93969794922822,45.641613548506946],[-123.93969489176314,45.64161701336934],[-123.93969183429766,45.641620478231644],[-123.93968877426887,45.64162394316924],[-123.9396857049471,45.64162740297717],[-123.93968263439714,45.64163086372161],[-123.93967955722458,45.64163432105878],[-123.939676476046,45.641637775812214],[-123.93967339086147,45.64164122798196],[-123.93967030167103,45.641644677567946],[-123.9396672034561,45.64164812651871],[-123.93966410641484,45.64165157363401],[-123.93966100152316,45.64165501827856],[-123.93965789150525,45.64165846307376],[-123.93965477860165,45.64166190255088],[-123.93965166057176,45.641665342178634],[-123.93964853848222,45.64166877832376],[-123.93964541372186,45.64167221274644],[-123.93964227982968,45.64167564473606],[-123.93963914203889,45.64167907593975],[-123.93963600414033,45.64168250534556],[-123.93963285833766,45.64168593138182],[-123.9396297085827,45.64168935573323],[-123.93962655092365,45.641692776715075],[-123.93962339331789,45.64169619859572],[-123.93962023149135,45.64169961429706],[-123.93961706197551,45.64170303022443],[-123.93961388722593,45.64170644450461],[-123.93961070985934,45.641709857961146],[-123.93960752704412,45.64171326617502],[-123.93960434166553,45.64171667446413],[-123.93960115228099,45.641720080169506],[-123.93918776007457,45.64216191682761],[-123.93915795693732,45.64214655935762],[-123.93913024397897,45.64217301495161],[-123.93912298699622,45.642179954803325],[-123.93892760951177,45.64236650458506],[-123.93886859839482,45.64242284466002],[-123.93843624122972,45.64283565346863],[-123.9383783684858,45.64289090804533],[-123.93776364547526,45.643476246738025],[-123.93817446552904,45.6436877425582],[-123.93850437638771,45.64295587767797],[-123.93856740109581,45.64298832131442],[-123.93823796010592,45.64372017616827],[-123.93733159391556,45.644586106972596],[-123.93713981488845,45.645771856389445],[-123.93712388084482,45.64587036910168],[-123.93684880858626,45.64757101516147],[-123.93678871385923,45.647650889568844],[-123.93647219596753,45.648071572637974],[-123.93564860525835,45.649166150839356],[-123.93559354439502,45.649239322161634],[-123.9357982030017,45.64929715149339],[-123.93643111575729,45.649347661303],[-123.93657608646814,45.64935923329649],[-123.936698163944,45.649368976996875],[-123.93668711158728,45.649437101199275],[-123.93665403177371,45.649640534126306],[-123.93663836590657,45.6497368396761],[-123.93662078882305,45.649844937101285],[-123.93660725193806,45.64992817649835],[-123.93658754440833,45.65004934097812],[-123.93658066113565,45.650091672256615],[-123.9365540686858,45.65025516443485],[-123.93652713039471,45.650418629825516],[-123.93652061173898,45.65045818865728],[-123.93650033502894,45.65058212610941],[-123.93648712515312,45.65066287056146],[-123.93647366816258,45.65074562669651],[-123.93645387305726,45.65086690350615],[-123.93644083702576,45.650946712650686],[-123.93642049335901,45.65107129764094],[-123.93640941276269,45.651139153318645],[-123.93640494490636,45.65116640018789],[-123.9363981973497,45.651207546926],[-123.93637849731293,45.65132990504491],[-123.93636528557272,45.65141197857458],[-123.93636451061772,45.651416761182254],[-123.93635217213607,45.65149341978692],[-123.93633236955584,45.6516164076049],[-123.93632571789422,45.6516569472977],[-123.93631559820054,45.651718579530794],[-123.9362988211888,45.651820786730454],[-123.93627234814859,45.65198389692538],[-123.93624576329715,45.652147394875065],[-123.93623239100427,45.652229602719935],[-123.93621932270617,45.65231090296872],[-123.93619953733564,45.652434037857184],[-123.93619307129077,45.65247442078793],[-123.93616673358207,45.652638474188564],[-123.93613809007559,45.65281560785547],[-123.93611652060424,45.65294901622052],[-123.93610579329595,45.65301536032613],[-123.93609610440505,45.65308552700833],[-123.93608695816972,45.653151794058026],[-123.93516101266555,45.65315225694939],[-123.93332829818334,45.653153143736546],[-123.93162254946547,45.653153944817106],[-123.93153971934984,45.653153981575656],[-123.93141547431019,45.65315403885077],[-123.93129122932386,45.65315409689294],[-123.93134002059519,45.653055731545486],[-123.93201315632268,45.65169862063646],[-123.93333503086268,45.64941453849827],[-123.93373959884669,45.64871543941844],[-123.93468280510484,45.64708550165128],[-123.93468470627468,45.64708315325371],[-123.93468660627006,45.64708080669153],[-123.93468850743965,45.647078458293876],[-123.9346904074347,45.64707611173164],[-123.93469230459822,45.64707376075011],[-123.93469419658149,45.64707140902021],[-123.93469609374468,45.64706905803865],[-123.93469798572761,45.64706670630865],[-123.93469987536183,45.64706435824948],[-123.93470176333871,45.64706200393562],[-123.93470364752432,45.64705965063348],[-123.93470554062733,45.6470572961691],[-123.93470742481263,45.64705494286691],[-123.93470930493835,45.647052586082],[-123.93471119035131,45.64705023184328],[-123.93471307053036,45.647047875957185],[-123.93471494697177,45.647045521981745],[-123.93471682821757,45.647043162462424],[-123.93471870439045,45.647040803992454],[-123.93472057666467,45.647038444736445],[-123.93472244893877,45.64703608548043],[-123.93472432126637,45.64703372712325],[-123.93472618969534,45.64703136798002],[-123.93472805924488,45.64702900610247],[-123.93472992756628,45.647026645161354],[-123.93473179198904,45.647024283434234],[-123.93473365641167,45.647021921707136],[-123.9347355206732,45.647019557283265],[-123.93473738114342,45.647017193871136],[-123.93473924155985,45.6470148295601],[-123.9347410981313,45.64701246536191],[-123.93474295470264,45.64701010116367],[-123.93474481116651,45.647007735167655],[-123.93474666373174,45.64700536838559],[-123.93474851629686,45.64700300160346],[-123.93475036870089,45.64700063212463],[-123.93475221742086,45.64699826545533],[-123.93475406597982,45.64699589608934],[-123.93475590946576,45.646993527772686],[-123.93475775417957,45.6469911585195],[-123.93475959873228,45.646988786569615],[-123.93476144328484,45.6469864146197],[-123.93476328030857,45.646984045592184],[-123.93476511941256,45.64698166839934],[-123.93476695643594,45.64697929937174],[-123.93476879313737,45.646976924950806],[-123.93477062999955,45.64697455322648],[-123.93477246157427,45.64697217895598],[-123.93477429047825,45.64696980296287],[-123.93477612333426,45.64696742865467],[-123.93477795090278,45.646965051800265],[-123.93477977206308,45.64696267513397],[-123.93478160475769,45.646960298129],[-123.93478342447516,45.646957918803594],[-123.93478524947984,45.64695554202432],[-123.93478706919709,45.646953162698814],[-123.93478889035659,45.64695078603235],[-123.93479070216937,45.64694840333704],[-123.9347925230067,45.64694602127719],[-123.9347943387176,45.64694363936779],[-123.934796152026,45.646941260230264],[-123.93479796373086,45.64693887573704],[-123.93479977303319,45.64693649401569],[-123.93480158473776,45.646934109522434],[-123.9348033889134,45.6469317279515],[-123.93480519805438,45.6469293435334],[-123.93480700190793,45.64692695656907],[-123.9348088020774,45.64692457241429],[-123.93481060715858,45.64692218451343],[-123.93481240716685,45.646919797661894],[-123.9348142034911,45.646917413619875],[-123.93481599949328,45.64691502418454],[-123.934817796777,45.64691263471154],[-123.93481958888043,45.64691024449008],[-123.9348213810374,45.64690785516751],[-123.93482317319422,45.64690546584492],[-123.9348249615061,45.646903076635134],[-123.9348267509385,45.64690068469104],[-123.93482853903551,45.64689829188571],[-123.93483032334116,45.64689590009205],[-123.9348321038019,45.64689350841128],[-123.93483388789268,45.646891113022],[-123.93483566819218,45.64688871864448],[-123.93483744464673,45.64688632437985],[-123.93483922126208,45.6468839328118],[-123.93484100134656,45.646881534838634],[-123.93484277379491,45.64687913799008],[-123.93484454624314,45.646876741141526],[-123.93484631863755,45.646874343394025],[-123.9348480872407,45.64687194665829],[-123.9348498558437,45.64686954992252],[-123.93485162423191,45.64686714959114],[-123.9348533875473,45.646864750309135],[-123.93485515225139,45.64686235278725],[-123.93485692037093,45.64685994796135],[-123.93485867727787,45.64685754886739],[-123.93486043397,45.64685514617784],[-123.93486219327892,45.646852744311936],[-123.93486394997079,45.64685034162232],[-123.93486570271043,45.646847937247806],[-123.93486745555721,45.646845534671],[-123.93486920701497,45.64684313033408],[-123.93487095970052,45.64684072506054],[-123.93487270859478,45.646838320798764],[-123.93487445615364,45.646835915675744],[-123.93487620088092,45.646833506133454],[-123.93487794459469,45.64683110112323],[-123.93487968547689,45.646828691693784],[-123.93488143031105,45.64682628394919],[-123.9348831700723,45.646823877253986],[-123.93488490705562,45.64682146703844],[-123.93488664281082,45.64681905775935],[-123.93488837979386,45.64681664754375],[-123.93489011148938,45.64681423478199],[-123.93489184468098,45.64681182557809],[-123.93489357637621,45.646809412816246],[-123.93489530043541,45.64680700117904],[-123.93489702940622,45.646804585795714],[-123.93489875709534,45.64680217044995],[-123.93490048115407,45.64679975881265],[-123.93490220243487,45.64679734365501],[-123.93490392627874,45.64679492842212],[-123.93490564248648,45.6467925143138],[-123.9349073637669,45.64679009915606],[-123.93490907975978,45.64678768145215],[-123.93491079580613,45.64678526464715],[-123.93491250795395,45.646782847056045],[-123.9349142212223,45.64678042673063],[-123.93491593342345,45.646778010038375],[-123.93491764140414,45.646775587166736],[-123.93491934970658,45.64677316968845],[-123.93492105400314,45.64677074962627],[-123.93492275835321,45.64676833046305],[-123.93492446248861,45.6467659077042],[-123.93492616277899,45.646763485058194],[-123.93492786306923,45.64676106241217],[-123.93492956464094,45.6467586397285],[-123.93493126097879,45.64675621539752],[-123.93493295742384,45.64675379286429],[-123.93493464986298,45.64675136774726],[-123.93493634102042,45.646748942667806],[-123.93493803345929,45.646746517550724],[-123.93493972189229,45.64674408984984],[-123.93494141032511,45.64674166214889],[-123.93494309897243,45.64673923804348],[-123.93494478356021,45.64673681045539],[-123.9349464679869,45.64673438017057],[-123.9349481487296,45.646731952695305],[-123.9349498280296,45.646729522560975],[-123.93495150476627,45.64672709250187],[-123.93495318534762,45.646724662329845],[-123.93495485823927,45.64672223238354],[-123.93495653353301,45.64671979966529],[-123.93495820626339,45.64671736702229],[-123.9349598789936,45.64671493437928],[-123.93496154787891,45.646712501849095],[-123.93496321548254,45.64671006935654],[-123.93496488036185,45.64670763424253],[-123.93496654395936,45.646705199166085],[-123.93496820883837,45.64670276405204],[-123.93496987756207,45.646700328825055],[-123.93497153346964,45.64669789397435],[-123.93497319049771,45.6466954563893],[-123.9349748465659,45.646693024235226],[-123.93497650343278,45.64669058395345],[-123.93497815901785,45.64668814370926],[-123.93497981220058,45.646685706237015],[-123.93498146009586,45.64668326621857],[-123.93498311327834,45.64668082874625],[-123.93498476117328,45.64667838872772],[-123.93498640506242,45.64667594612542],[-123.93498805034027,45.64667350528327],[-123.93498969422912,45.64667106268087],[-123.93499133443396,45.64666862288806],[-123.93499297592025,45.64666618305758],[-123.93499461548107,45.64666373247802],[-123.93499625184067,45.64666129279799],[-123.93499788787831,45.6466588477246],[-123.93499952514374,45.646656401714694],[-123.93500115733629,45.64665395675411],[-123.9350027856839,45.64665151190642],[-123.9350044178762,45.64664906694582],[-123.93500604606265,45.646646619401366],[-123.93500766778725,45.646644171146214],[-123.93500929597337,45.64664172360173],[-123.93501092031458,45.64663927617012],[-123.93501254081085,45.64663682885139],[-123.93501416109245,45.64663437793706],[-123.93501578142754,45.64663192792161],[-123.93501739791766,45.64662947801897],[-123.93501901435401,45.64662702721748],[-123.9350206308439,45.64662457731479],[-123.9350222433279,45.64662212482835],[-123.93502385196695,45.64661967245475],[-123.93502546439703,45.64661721906935],[-123.93502706919107,45.646614766808604],[-123.93502867799069,45.64661231713156],[-123.93503028240889,45.64660985857852],[-123.93503188575997,45.64660740365865],[-123.93503348649408,45.64660494791512],[-123.9350350872817,45.64660249307044],[-123.93530760383727,45.64614971459621],[-123.93545194133384,45.645909890106],[-123.93545338262595,45.64590740932128],[-123.93545482119384,45.645904925915204],[-123.93545625992256,45.64590244520575],[-123.93545769849011,45.64589996179958],[-123.93545914111697,45.64589748187604],[-123.93546058369012,45.64589500105363],[-123.93546202882618,45.64589252015592],[-123.9354634754047,45.64589004191721],[-123.93546492182212,45.645887560981805],[-123.93546636845404,45.64588508364193],[-123.93546781871596,45.645882602593595],[-123.93546926913871,45.645880124241906],[-123.93547071956141,45.6458776458902],[-123.93547217382864,45.645875167425544],[-123.93547362814941,45.645872689859765],[-123.93547508257734,45.64587021409174],[-123.93547653668323,45.645867732930355],[-123.93547799511666,45.64586525974609],[-123.93547945344261,45.64586278476398],[-123.93548091555952,45.645860308770075],[-123.93548236998683,45.645857833001934],[-123.93548383600192,45.64585535779397],[-123.93548530324475,45.64585288164945],[-123.93548676936685,45.64585040823922],[-123.93548823148318,45.645847932245196],[-123.93548969765868,45.64584545973383],[-123.93549116762513,45.64584298621063],[-123.93549263775242,45.645840515384066],[-123.93549410504819,45.6458380401383],[-123.93549557901996,45.64583556919881],[-123.93549705283063,45.64583309556261],[-123.9354985270168,45.64583062821865],[-123.93550000194782,45.64582815184807],[-123.93550147976381,45.64582568079562],[-123.93550295763336,45.64582321064198],[-123.93550443561007,45.6458207422861],[-123.93550591855201,45.64581827108299],[-123.93550739642114,45.64581580092929],[-123.93550888336853,45.64581333230991],[-123.93551036524312,45.64581086473995],[-123.93551185090861,45.645808396158166],[-123.93551333785561,45.64580592753873],[-123.93551482357454,45.64580345985574],[-123.935516314366,45.645800991123345],[-123.93551780409044,45.64579852602415],[-123.93551929360002,45.64579605732935],[-123.93552078455207,45.64579359129356],[-123.93552227812076,45.64579112608132],[-123.93552239976097,45.64579092710824],[-123.9355237729173,45.64578865993263],[-123.93552526648574,45.64578619472036],[-123.93552676512672,45.64578372845867],[-123.93552826270059,45.64578126583014],[-123.93552976518605,45.6457787994555],[-123.93553126404129,45.64577633678927],[-123.9355327654059,45.64577387314888],[-123.93553426810554,45.64577141036976],[-123.93553577331463,45.645768946616414],[-123.93553728001973,45.645766486420975],[-123.93553878651015,45.64576402262994],[-123.93554029193339,45.645761562472124],[-123.93554180226823,45.64575909856815],[-123.93554331281759,45.64575663825975],[-123.93554482203152,45.64575417709002],[-123.93554633642533,45.6457517166686],[-123.93554785092628,45.645749258044965],[-123.93554936531984,45.64574679762358],[-123.935550878539,45.64574433903751],[-123.93555239693801,45.64574188119983],[-123.93555391533684,45.64573942336206],[-123.9355554375266,45.64573696451251],[-123.93555695976991,45.64573450656183],[-123.93555848195945,45.64573204771222],[-123.93556000308186,45.645729592495826],[-123.93556152532476,45.64572713454505],[-123.93556305151958,45.645724678279116],[-123.93556457776792,45.645722222912084],[-123.93556610780719,45.645719766533205],[-123.93556763790001,45.64571731105324],[-123.93556916815365,45.645714858269876],[-123.93557069819255,45.64571240189093],[-123.93557223229071,45.64570994899464],[-123.93557376638867,45.64570749609832],[-123.9355753002719,45.64570503960641],[-123.93557683837527,45.64570258929376],[-123.93557837631758,45.64570013628448],[-123.93557991420609,45.645697682376266],[-123.93558145230911,45.6456952320636],[-123.93558299409571,45.64569277894135],[-123.93558453598953,45.64569032761679],[-123.93558607777594,45.64568787449445],[-123.93558762372884,45.645685426652534],[-123.93558916968159,45.64568297881062],[-123.93559071670111,45.64568052733543],[-123.93559226633744,45.64567807668388],[-123.9355938161345,45.64567562872893],[-123.93559536593145,45.64567318077398],[-123.93559691567461,45.64567073192011],[-123.93559847059761,45.6456682838146],[-123.93560002423888,45.645665835746684],[-123.93560157804096,45.64566339037536],[-123.93560313547312,45.64566094129564],[-123.9356046944012,45.645658495773716],[-123.93560625204763,45.64565605028948],[-123.9356078135387,45.645653604692306],[-123.93560937631113,45.6456511590574],[-123.93561093790926,45.64564871525798],[-123.93561249939984,45.64564626966067],[-123.9356140661776,45.64564382660952],[-123.93561563167364,45.645641383595986],[-123.93561719700857,45.64563893788576],[-123.93561876779162,45.64563649741825],[-123.93562033723931,45.64563405608951],[-123.93562190770014,45.64563161022863],[-123.9356234772012,45.64562916979871],[-123.93562505166746,45.64562672652158],[-123.93562662501294,45.64562428597871],[-123.93562820348463,45.64562184528525],[-123.93562977682991,45.64561940474234],[-123.93563135546225,45.64561696674552],[-123.93563293644306,45.64561452507782],[-123.93563451491421,45.6456120843843],[-123.93563609610928,45.64560964631213],[-123.93563767858585,45.64560720820235],[-123.93563926490698,45.6456047699795],[-123.93564084610168,45.645602331907284],[-123.93564243258355,45.64559989638116],[-123.935644022749,45.645597458045415],[-123.93564560794898,45.645595022556876],[-123.93564719811417,45.645592584221056],[-123.9356487922849,45.64559014846898],[-123.93565038132922,45.64558771286746],[-123.93565197566068,45.645585279812025],[-123.93565356983093,45.645582844059895],[-123.93565516416211,45.645580411004374],[-123.93565676089531,45.645577975176934],[-123.93565835907094,45.64557554200849],[-123.93565995724641,45.64557310884002],[-123.93566155542176,45.64557067567151],[-123.93566316144735,45.64556824497383],[-123.93566476218551,45.645565811730016],[-123.93566636821085,45.64556338103227],[-123.93566797023036,45.645560947750766],[-123.9356695762554,45.64555851705299],[-123.93567118612502,45.64555608624227],[-123.9356727921498,45.64555365554444],[-123.93567440218017,45.64555122743036],[-123.93567601204937,45.64554879661958],[-123.93567762576315,45.64554636569586],[-123.9356792398524,45.645543941064325],[-123.9356808537269,45.64554151283721],[-123.93568247144599,45.64553908449721],[-123.93568408532019,45.64553665627005],[-123.93568570320004,45.64553423062661],[-123.93568732476338,45.64553180217355],[-123.93568894264287,45.645529376530064],[-123.93569056436694,45.64552695077368],[-123.93569218614455,45.64552452591614],[-123.93569381171301,45.64552210004679],[-123.93569543728141,45.645519674177336],[-123.93569706301058,45.64551725100458],[-123.9356986887397,45.64551482783181],[-123.93570031943392,45.64551240181179],[-123.93570194906106,45.64550997942496],[-123.9357035786344,45.6455075561392],[-123.9357052120524,45.64550513274048],[-123.93570683794175,45.64550271226424],[-123.93570848054499,45.64550029219759],[-123.93571011396256,45.64549786879877],[-123.93571175138563,45.64549544798373],[-123.93571338880852,45.645493027168634],[-123.93571502772757,45.64549060991144],[-123.9357166689949,45.64548818898341],[-123.93571830641743,45.645485768168236],[-123.93571995313276,45.64548335248292],[-123.93572159445336,45.64548093245373],[-123.93572323972579,45.64547851410934],[-123.93572489012445,45.64547609561437],[-123.93572653155195,45.64547367738285],[-123.93572818216498,45.64547126248334],[-123.93572983128158,45.64546884402595],[-123.9357314767144,45.6454664283781],[-123.93573313501632,45.64546401325274],[-123.93573478813829,45.645461597379004],[-123.93573644254157,45.645459181467615],[-123.9357380958779,45.64545676918938],[-123.93573975028096,45.64545435327792],[-123.93574141125265,45.64545193987493],[-123.93574306971482,45.64544952744608],[-123.93574473068624,45.64544711404304],[-123.9357463929928,45.64544470150122],[-123.93574805524555,45.64544228806051],[-123.93574971637756,45.645439877354036],[-123.93575138252838,45.645437464699214],[-123.93575304750482,45.64543505387978],[-123.93575471381634,45.64543264392159],[-123.93575638391876,45.64543023295156],[-123.93575805273954,45.645427822019144],[-123.93575972305628,45.64542541464462],[-123.93576139700299,45.64542300356161],[-123.93576306603798,45.64542059622465],[-123.9357647439901,45.645418187725326],[-123.93576641430627,45.64541578035074],[-123.93576809225813,45.64541337185133],[-123.93576976914291,45.645410966985125],[-123.93577144709448,45.645408558485705],[-123.93577312526055,45.64540615358182],[-123.93577481106219,45.645403747553125],[-123.93577649307268,45.64540134253628],[-123.935778178874,45.645398936507576],[-123.93577986344732,45.645396531415415],[-123.93578154940938,45.64539412808334],[-123.935783235264,45.645391722953434],[-123.93578492138677,45.64538932231799],[-123.93578661108577,45.6453869170751],[-123.93578830089199,45.64538451362997],[-123.9357899947574,45.6453821136675],[-123.93579168846163,45.64537971100835],[-123.9357933822731,45.6453773101469],[-123.93579507613809,45.6453749101843],[-123.93579677363297,45.645372506513255],[-123.93579847134238,45.64537010643769],[-123.93580016921258,45.64536770905882],[-123.93580186686802,45.64536530808434],[-123.93580356858267,45.645362910592475],[-123.93580527008253,45.645360509505],[-123.93580697564164,45.64535811190016],[-123.93580867735585,45.6453557144082],[-123.93581037901626,45.64535331601735],[-123.93581208858056,45.645350920996144],[-123.93581379926526,45.64534852324067],[-123.93581550877566,45.64534612732056],[-123.93581721833958,45.64534373229931],[-123.9358189279033,45.64534133727801],[-123.93582064125789,45.6453389412449],[-123.93582235466602,45.64533654611063],[-123.93582406951661,45.64533415363539],[-123.93582578676916,45.64533175838821],[-123.9358275041289,45.64532936493871],[-123.93582922282373,45.645326972350475],[-123.93583094023684,45.64532457979985],[-123.93583266165548,45.64532218983286],[-123.93583438285931,45.64531979627042],[-123.93583610539827,45.6453174035691],[-123.93583783066119,45.645315013489196],[-123.93583955592399,45.645312623409275],[-123.93584128257545,45.645310235089426],[-123.93584301568832,45.64530784748027],[-123.93584473822652,45.64530545477886],[-123.93584646733342,45.64530306458586],[-123.93584820060684,45.64530067967328],[-123.9358499309413,45.64529828854374],[-123.93585166421447,45.64529590363108],[-123.93585339860796,45.64529351598412],[-123.93585513556455,45.64529112826183],[-123.9358568739635,45.645288743198584],[-123.93585861108072,45.64528635817287],[-123.93586034926474,45.645283969514],[-123.93586209038732,45.64528158707204],[-123.93586383263042,45.64527920189569],[-123.93586557487333,45.64527681671937],[-123.93586731599551,45.645274434277304],[-123.9358690620828,45.645272048988005],[-123.93587080704937,45.645269666432974],[-123.93587255714205,45.64526728372732],[-123.93587430338995,45.645264901134595],[-123.93587605236173,45.64526252116322],[-123.93587780624505,45.645260137445746],[-123.93587955649818,45.645257757436625],[-123.93588130931421,45.645255377352264],[-123.93588306341171,45.64525299723023],[-123.93588481750909,45.64525061710817],[-123.93588657561197,45.64524823956982],[-123.93588833211115,45.645245856675736],[-123.93589009037473,45.64524348183401],[-123.93589185232187,45.64524110418262],[-123.93589361426886,45.64523872653122],[-123.9358953800604,45.64523634876691],[-123.93589713688091,45.645233971266016],[-123.93589890283306,45.645231596198315],[-123.93590066894613,45.64522922382724],[-123.93590243842078,45.64522684325319],[-123.93590399038047,45.645224754515205],[-123.93590554217907,45.645222663080524],[-123.93590710316315,45.645220574977884],[-123.93590865880618,45.645218483430256],[-123.93591021845478,45.64521639446629],[-123.93591177938488,45.64521430546471],[-123.93591333887227,45.6452122138041],[-123.93591489868153,45.645210127536785],[-123.93591645977219,45.6452080412318],[-123.9359180232649,45.645205952154846],[-123.93591958691852,45.64520386577451],[-123.93592115174627,45.64520177755878],[-123.9359227192443,45.64519969106549],[-123.93592428289756,45.64519760468509],[-123.93592585167698,45.64519551815414],[-123.93592742301936,45.64519343154789],[-123.93592898811481,45.645191347826476],[-123.93593055945703,45.64518926122017],[-123.93593212845059,45.645187178284665],[-123.93593369979253,45.645185091678314],[-123.9359352764216,45.645183007618044],[-123.93593684792431,45.64518092370832],[-123.93593842455319,45.64517883964801],[-123.93593999627028,45.645176759333744],[-123.93594157289891,45.645174675273424],[-123.93594315225151,45.645172593834424],[-123.93594472871888,45.645170507077324],[-123.93594630823229,45.64516842833497],[-123.93594788507507,45.64516634787005],[-123.93594946827193,45.645164266318034],[-123.9359510489055,45.64516218484127],[-123.93595263338369,45.645160103251584],[-123.93595421679481,45.64515802529506],[-123.93595580127277,45.64515594370533],[-123.935957384469,45.6451538621532],[-123.93595896926871,45.645151785956735],[-123.9359605578056,45.64514970784955],[-123.93596214500722,45.64514762888111],[-123.93596373349023,45.64514554987497],[-123.93596532587149,45.645143471654855],[-123.93596691323371,45.64514139538298],[-123.93596850556108,45.64513931626389],[-123.93597009804937,45.64513723984142],[-123.93597169443579,45.6451351642049],[-123.93597328564229,45.645133087820014],[-123.9359748819749,45.64513101128456],[-123.93597647836096,45.64512893564796],[-123.93597807485433,45.64512686180912],[-123.93597967374964,45.64512478519834],[-123.93598127029645,45.645122712258384],[-123.9359828706341,45.64512063830652],[-123.93598447102536,45.64511856525357],[-123.93598607136279,45.645116491301685],[-123.93598767041857,45.64511441738744],[-123.93598927465415,45.645112344221495],[-123.93599087899692,45.64511027285329],[-123.93599248323218,45.64510819968728],[-123.93599408757476,45.645106128319036],[-123.93599569576185,45.64510405683783],[-123.9359973040025,45.64510198625555],[-123.93599891218936,45.64509991477429],[-123.93600051914824,45.64509784422954],[-123.93600212749584,45.64509577544492],[-123.93600373952705,45.6450937038507],[-123.93600535177279,45.64509163585201],[-123.93600696396476,45.64508956695438],[-123.93600858389958,45.64508749872978],[-123.93601019224661,45.64508542994505],[-123.93601180833657,45.64508336183334],[-123.93601342437277,45.6450812928227],[-123.93601504062349,45.64507922740758],[-123.93601690396456,45.64507684947721],[-123.93601876746645,45.645074474243486],[-123.9360206308072,45.645072096313015],[-123.93602249943507,45.64506972092864],[-123.93602436309754,45.64506734839147],[-123.93602623428816,45.645064972931756],[-123.93602810163398,45.64506259758492],[-123.93602997298531,45.6450602248218],[-123.93603184433648,45.64505785205868],[-123.93603371568751,45.645055479295486],[-123.93603558831997,45.645053106494636],[-123.93603746752103,45.645050736202215],[-123.93603933892524,45.6450483643378],[-123.93604121812596,45.64504599404532],[-123.93604309476346,45.64504362382805],[-123.93604497396389,45.64504125353552],[-123.93604685700885,45.64503888313002],[-123.93604873636995,45.64503651553407],[-123.9360506206962,45.64503414509086],[-123.93605250395534,45.64503177828083],[-123.93605439100533,45.645029410458925],[-123.93605627549206,45.64502704271227],[-123.93605816270276,45.64502467758696],[-123.93606005487852,45.6450223096144],[-123.93606194214259,45.64501994538793],[-123.93606382935276,45.64501758026252],[-123.93606572553377,45.645015214873574],[-123.93606762043301,45.6450128495223],[-123.9360695167747,45.64501048683001],[-123.93607141172727,45.645008122377504],[-123.93607330806864,45.64500575968514],[-123.93607520697292,45.645003396917424],[-123.93607710331393,45.645001034224975],[-123.93607900627725,45.64499867493988],[-123.93608090646268,45.644996312134424],[-123.93608280937198,45.64499395195032],[-123.93608471361644,45.64499159262742],[-123.9360866126808,45.64498923255622],[-123.93608852824421,45.64498686929896],[-123.93609043649384,45.644984512559724],[-123.93609234340809,45.64498215495919],[-123.93609424775903,45.64497979743396],[-123.93609615600815,45.6449774406946],[-123.93609807061122,45.644975082868136],[-123.93609998649575,45.64497272500401],[-123.93610190243375,45.644970368038734],[-123.93610381335274,45.644968013021774],[-123.93610573329606,45.644965658640174],[-123.9361076493409,45.64496330347256],[-123.93610956923031,45.644960948191965],[-123.93611148805265,45.644958596544605],[-123.93611340794166,45.64495624126396],[-123.93611533188992,45.64495388946592],[-123.93611725578431,45.64495153676897],[-123.93611917957126,45.64494918227419],[-123.93612110747102,45.644946832160876],[-123.93612303414275,45.64494448298412],[-123.93612496204216,45.644942132870774],[-123.93612688978045,45.64493978006069],[-123.93612882157791,45.64493743073323],[-123.93613075348257,45.64493508320354],[-123.93613268527974,45.64493273387601],[-123.93613462108236,45.644930387132234],[-123.9361365566702,45.64492803679279],[-123.93613849631721,45.64492568993595],[-123.93614042822108,45.644923342406095],[-123.93614237187342,45.644920998132946],[-123.93614430762163,45.644918650490084],[-123.93614624742897,45.64491630632975],[-123.9361481910272,45.64491396115767],[-123.93615013083426,45.64491161699728],[-123.93615207833047,45.64490927261108],[-123.9361540219282,45.64490692743881],[-123.9361559695851,45.64490458574917],[-123.9361579171882,45.6449022431606],[-123.93615986484483,45.644899901470886],[-123.93616181378282,45.644897559743534],[-123.93616376523008,45.64489521704188],[-123.93616571689184,45.644892877935824],[-123.9361676722371,45.64489053602013],[-123.93616962768955,45.64488819590217],[-123.93617158447712,45.644885856645416],[-123.93617354014391,45.64488352012292],[-123.93617549559588,45.64488118000488],[-123.93617745510701,45.64487884336941],[-123.93617941445699,45.64487650403721],[-123.9361813790404,45.64487416635221],[-123.93618333871207,45.644871832413315],[-123.93618530206726,45.64486949566474],[-123.93618727054847,45.64486715876559],[-123.93618923401068,45.644864823814785],[-123.93619120137102,45.64486248964986],[-123.9361931700128,45.64486015544726],[-123.93619514137848,45.64485782386604],[-123.93619710996626,45.64485548876446],[-123.93619908133162,45.644853157183164],[-123.93620105638048,45.64485082279224],[-123.93620302918815,45.64484849386987],[-123.93620500439766,45.64484616217554],[-123.9362069847333,45.64484383033061],[-123.9362089563662,45.64484150324353],[-123.93621093654053,45.64483916870184],[-123.93621291575508,45.6448368395911],[-123.93621489641208,45.64483451313935],[-123.93621687947098,45.644832183915554],[-123.93621886365031,45.64482985195746],[-123.9362208483125,45.644827528089365],[-123.9362228353229,45.64482520055034],[-123.93622481982375,45.6448228739855],[-123.93622680688752,45.64482054734528],[-123.93622879539369,45.64481822336404],[-123.93623078758338,45.64481589657323],[-123.93623277865231,45.64481357251666],[-123.93623477100266,45.64481124842242],[-123.93623676335282,45.64480892432815],[-123.93623875842698,45.644806602855226],[-123.9362407546215,45.64480427864794],[-123.93624275097685,45.644801957137304],[-123.9362447460505,45.644799635664256],[-123.93624674625025,45.6447973140406],[-123.93624874661079,45.6447949951136],[-123.93625075065478,45.64479267337694],[-123.936252751015,45.64479035444984],[-123.93625475393817,45.64478803544741],[-123.93625675798175,45.64478571371065],[-123.9362587661918,45.644783397254265],[-123.93626077440163,45.64478108079785],[-123.93626278245034,45.64477876164471],[-123.93626479065992,45.644776445188185],[-123.93626680271397,45.64477412861873],[-123.93626881348638,45.64477181208686],[-123.93627082570111,45.64476949821398],[-123.93627283780835,45.644767182543276],[-123.93627485386739,45.64476486855738],[-123.93627686992626,45.64476255457147],[-123.93627888982968,45.64476024047256],[-123.93628090604929,45.64475792918324],[-123.93628292595234,45.644755615084286],[-123.93628494601626,45.64475330368196],[-123.93628696997834,45.64475099306555],[-123.93628899004192,45.64474868166314],[-123.93629101395003,45.64474637014776],[-123.93629304202459,45.64474406391275],[-123.93629506705294,45.644741749663],[-123.93629709501987,45.644739441630136],[-123.93629912293294,45.64473713269835],[-123.9363011546905,45.64473482365359],[-123.9363031827643,45.64473251741839],[-123.93630521473621,45.644730211969076],[-123.93630725418258,45.64472790269842],[-123.93630928353748,45.644725596425445],[-123.93631131929989,45.64472328996424],[-123.93631335527681,45.644720987098516],[-123.93631539504455,45.64471868322101],[-123.93631743080648,45.64471637675966],[-123.93631947185544,45.64471407284441],[-123.93632151167643,45.644711769865594],[-123.93632355544918,45.64470946857168],[-123.93632560034226,45.64470716454332],[-123.93632764416836,45.644704864148174],[-123.93632968794068,45.64470256285408],[-123.93633173683895,45.64470026140942],[-123.9363337846702,45.64469796359789],[-123.93633583228667,45.644695662190756],[-123.93633788524377,45.64469336422858],[-123.93633993302088,45.64469106551804],[-123.93634198464251,45.644688766694564],[-123.93634404144376,45.644686468619305],[-123.93634609306501,45.64468416979572],[-123.936348150027,45.6446818744171],[-123.9363502056536,45.64467957817715],[-123.93635226645992,45.64467728268553],[-123.93635432208616,45.6446749864455],[-123.93635638299949,45.64467269275156],[-123.93635844636836,45.64467039718452],[-123.93636050712034,45.644668100793815],[-123.9363625708109,45.64466581062004],[-123.93636463556822,45.64466351681299],[-123.93636670438471,45.644661226488545],[-123.9363687678601,45.644658932719054],[-123.93637083683727,45.644656645091196],[-123.9363729080016,45.64465435109577],[-123.93637497681743,45.64465206077118],[-123.93637704579403,45.6446497731432],[-123.93637912112462,45.64464748442807],[-123.9363811937846,45.64464519399044],[-123.9363832703963,45.64464290523757],[-123.93638534578008,45.644640617421224],[-123.93638742239146,45.64463832866827],[-123.93638950306209,45.64463604339793],[-123.9363915798879,45.64463375824045],[-123.93639366306759,45.644631471995865],[-123.9363957475823,45.6446291866125],[-123.93639782440763,45.644626901454906],[-123.93639990902938,45.644624617869226],[-123.93640199354364,45.64462233248566],[-123.93640407693717,45.64462004983642],[-123.93640616155842,45.644617766250626],[-123.93640825408352,45.64461548603442],[-123.93641034644739,45.64461320312158],[-123.93641243507383,45.64461092211939],[-123.93641452759842,45.644608641903076],[-123.93641662012283,45.64460636168674],[-123.93641871643797,45.644604080458556],[-123.93642081296771,45.644601802825925],[-123.93642290421009,45.644599522647056],[-123.9364250007395,45.64459724501431],[-123.93642710105968,45.64459496636974],[-123.93642920655955,45.64459268847338],[-123.93643130196796,45.64459041357478],[-123.93643340250232,45.64458813852559],[-123.93643550287551,45.64458586077973],[-123.93643760848205,45.644583584681016],[-123.93643971686625,45.644581312102474],[-123.93644182124461,45.644579036940186],[-123.93644392962845,45.64457676436161],[-123.93644603801212,45.64457449178299],[-123.93644814639563,45.64457221920433],[-123.93645025472532,45.644569945726744],[-123.93645236711414,45.644567675731714],[-123.93645447934178,45.64456540303997],[-123.93645659685652,45.644563132894326],[-123.93645870924483,45.644560862899176],[-123.93646082547765,45.64455859279106],[-123.93646294171026,45.6445563226829],[-123.93646506322993,45.64455405512079],[-123.93646718346788,45.64455178759629],[-123.93646930370565,45.64454952007175],[-123.93647142394335,45.64454725254716],[-123.93647354562331,45.64454498768156],[-123.93647566965157,45.644542719145036],[-123.93647779373333,45.644540451507396],[-123.93647992326314,45.64453818911246],[-123.93648205135021,45.64453592405846],[-123.93648417575352,45.64453366181405],[-123.93648630896645,45.64453139660937],[-123.9364884372677,45.64452913515085],[-123.93649056935973,45.644526872680416],[-123.93649270273322,45.644524610172304],[-123.93649483498594,45.644522350398454],[-123.93649697220367,45.64452008777734],[-123.93649910830074,45.64451782789044],[-123.93650124567912,45.644515567965904],[-123.93650338177581,45.64451330807894],[-123.93650552315958,45.644511050738046],[-123.93650766310054,45.64450879073808],[-123.93650980448399,45.64450653339706],[-123.93651194843028,45.64450427598073],[-123.9365140937117,45.64450201942565],[-123.93651623781867,45.64449976470591],[-123.93651838304602,45.64449750725181],[-123.9365205308363,45.6444952497224],[-123.93652268023003,45.644492997548596],[-123.93652482946256,45.64449074267814],[-123.936526977628,45.64448849144081],[-123.93652913070486,45.6444862364573],[-123.93653128394246,45.644483984170414],[-123.93653343589844,45.64448173192112],[-123.93653559298033,45.64447947952122],[-123.93653775011583,45.644477228020186],[-123.93653990992156,45.644474978241554],[-123.93654206331934,45.64447272865113],[-123.93654422440629,45.64447047883476],[-123.93654638554675,45.644468229917294],[-123.93654854551278,45.64446598283517],[-123.93655070643818,45.64446373032202],[-123.9365528717448,45.64446148668482],[-123.93655503683654,45.64445923945198],[-123.93655720064653,45.644456992256764],[-123.93655936974358,45.64445474760758],[-123.93656153889417,45.64445250385724],[-123.9365637116745,45.64445025639836],[-123.93656587676531,45.644448009165295],[-123.93656805392665,45.6444457705823],[-123.93657022286187,45.64444352323625],[-123.93657239233362,45.64444128487904],[-123.93657457312439,45.6444390425874],[-123.93657674494415,45.644436800559276],[-123.93657892194362,45.64443455927937],[-123.9365811027339,45.64443231698761],[-123.93658327989408,45.64443007840431],[-123.936585460845,45.64442783880912],[-123.93658764184946,45.64442560011278],[-123.9365896028162,45.64442358939505],[-123.93658982280006,45.644423360517536],[-123.93659200780982,45.64442112440485],[-123.93659419388622,45.64441888465889],[-123.93659637884197,45.644416647647255],[-123.93659856769587,45.644414411421465],[-123.9366007528123,45.64441217710641],[-123.93660294166583,45.64440994088053],[-123.93660513452483,45.64440770723838],[-123.93660732348538,45.644405472810206],[-123.93660951634405,45.644403239167985],[-123.93661170914888,45.64440100462677],[-123.93661390713342,45.64439877083386],[-123.93661610009896,45.64439653898927],[-123.93661829696258,45.64439430793056],[-123.93662049393339,45.644392078669604],[-123.93662269464131,45.64438984749786],[-123.93662489663059,45.64438761628845],[-123.93662709744555,45.64438538691445],[-123.93662929831397,45.64438315843922],[-123.93663149912861,45.64438092906513],[-123.93663370528384,45.64437870313594],[-123.93663590999641,45.64437647454765],[-123.93663811866075,45.64437424764421],[-123.93664032481557,45.64437202171489],[-123.93664253353325,45.644369795710226],[-123.93664474241177,45.64436757240213],[-123.93664695620164,45.644365345347936],[-123.93664916507986,45.64436312203979],[-123.93665137908401,45.644360898581006],[-123.93665359559743,45.64435867414804],[-123.93665580976233,45.64435645338586],[-123.9366580263291,45.64435422985167],[-123.93666024305669,45.64435200901411],[-123.93666246101205,45.64434978723993],[-123.93666468174494,45.64434756898601],[-123.93666690359825,45.64434534799772],[-123.93666912817542,45.64434312963076],[-123.93667134634478,45.644340911452],[-123.93667357086794,45.644338692186025],[-123.93667579672615,45.64433647378129],[-123.93667802258425,45.644334255376506],[-123.9366802474826,45.64433204240266],[-123.93668247718499,45.64432982388483],[-123.93668470576662,45.64432760810127],[-123.93668693942061,45.64432539126818],[-123.93668916944449,45.64432317814357],[-123.93669140203126,45.64432096494361],[-123.93669363589942,45.644318751705974],[-123.936695873612,45.64431653835531],[-123.9366981061983,45.64431432515523],[-123.93670034407157,45.64431211450116],[-123.93670258194467,45.64430990384705],[-123.93670482238072,45.644307693117604],[-123.93670706025348,45.64430548246341],[-123.93670930197071,45.64430327169621],[-123.93671154769339,45.64430106351271],[-123.93671378828972,45.64429885547975],[-123.93671603401211,45.64429664729615],[-123.93671827973428,45.644294439112485],[-123.93672052545631,45.64429223092879],[-123.93672277902836,45.644290025215824],[-123.93672502491104,45.64428781972874],[-123.93672727335667,45.64428561416626],[-123.93672952308359,45.64428340856613],[-123.93673177681603,45.64428120554969],[-123.9367340305483,45.644279002533146],[-123.93673628428041,45.644276799516604],[-123.93673854185695,45.64427459638703],[-123.9367407994333,45.644272393257424],[-123.93674305332591,45.6442701929374],[-123.93674531859111,45.64426798958182],[-123.93674757253706,45.644265790160595],[-123.93674983812402,45.64426359219824],[-123.93675209201592,45.64426139187801],[-123.93675435760255,45.6442591939156],[-123.93675662302796,45.64425699325645],[-123.93675888861424,45.644254795293904],[-123.93676115441505,45.644252600926954],[-123.93676342000097,45.64425040296432],[-123.9367656895924,45.64424820758536],[-123.9367679591836,45.64424601220639],[-123.93677022893569,45.644243819524],[-123.93677250354537,45.64424162219657],[-123.93677477313604,45.64423942681744],[-123.93677704673222,45.644237234022],[-123.93677932417286,45.64423504111358],[-123.93678159782237,45.64423284921691],[-123.93678387558467,45.64423066170171],[-123.93678615414527,45.644228466058834],[-123.93678843179988,45.64422627674576],[-123.93679071324532,45.644224086420785],[-123.93679299469058,45.644221896095814],[-123.93679527763183,45.64421970932865],[-123.93679755907671,45.64421751900358],[-123.93679984837168,45.64421533114922],[-123.93680213003093,45.64421314441956],[-123.93680441676246,45.64421095664042],[-123.93680670621794,45.64420877148257],[-123.93867953535513,45.642325415669355],[-123.93873608139934,45.64226855384128],[-123.9388222319984,45.642181915765846],[-123.93895922023714,45.64204414926796],[-123.93887221789869,45.641999316992155],[-123.93926830646286,45.64157597525611],[-123.9387620182031,45.6413136505994],[-123.93873513171869,45.64129899340153],[-123.93813433777483,45.640971472255124],[-123.93784147613424,45.64096332794571],[-123.93766833891391,45.640958513595386],[-123.93740078823605,45.641049158618344],[-123.93759952895131,45.64019250393289],[-123.93764541845763,45.640240807694035],[-123.93773464721649,45.64031814031658],[-123.9377911593327,45.64035680721593],[-123.93784469712702,45.64039249831362],[-123.93796961954537,45.64042521612761],[-123.93803802894921,45.640449011003675],[-123.93808859242161,45.6404698307268],[-123.93820161755234,45.64051444529046],[-123.93827300037975,45.64055608593654],[-123.93834438500382,45.640597726551626],[-123.93842469079694,45.640627470367505],[-123.93847822948955,45.64065423903467],[-123.93851094613221,45.640678033813415],[-123.93855258663888,45.64071075146072],[-123.93858827940007,45.640719674337916],[-123.93867453473533,45.64072264883936],[-123.93876971303634,45.64071669983632],[-123.93883812244017,45.64069587957685],[-123.93892437777544,45.64069290570202],[-123.93899873582306,45.64070777633058],[-123.93904037632974,45.64072562271257],[-123.93910283798807,45.640743469088875],[-123.93914745281667,45.640779161196406],[-123.93918017035764,45.64082377551375],[-123.93920991357668,45.640862442064105],[-123.93924560543954,45.640918953652076],[-123.93931104052149,45.64100521005456],[-123.9393556562484,45.64106767046494],[-123.93941216746627,45.641136079764834],[-123.93961540680773,45.641298653419284],[-123.93983637568701,45.641448132651476],[-123.93983617847745,45.64144838086357]]]}},{"type":"Feature","properties":{"name":"Nehalem","source":"Oregon Framework Admin_Bounds city limits"},"geometry":{"type":"Polygon","coordinates":[[[-123.89022949776039,45.72177620087709],[-123.89009922756743,45.72192232885223],[-123.8899512309125,45.72208833184674],[-123.88960903832391,45.72247215580157],[-123.88949344614035,45.72253271534876],[-123.88943301524768,45.72257473241192],[-123.88937441026883,45.72261793646802],[-123.88929088748424,45.72268713475683],[-123.8892083894518,45.722756906600814],[-123.88916588111859,45.72278700592668],[-123.88912310245459,45.72281688165244],[-123.88910731641184,45.722831139681766],[-123.88908509051082,45.72285890184617],[-123.88905695668396,45.72290319430949],[-123.88904157303962,45.72292460428284],[-123.88902305145538,45.72294433573861],[-123.88900110425163,45.72296106350251],[-123.88897918031576,45.72297406562731],[-123.88889409790295,45.723014584096205],[-123.88885418185119,45.72303645967393],[-123.88883671694074,45.72304891049743],[-123.88882161838414,45.723062795638505],[-123.88879651383492,45.72309282267849],[-123.8887628073313,45.72313965060817],[-123.88874546493264,45.72316285766851],[-123.88872640087124,45.723185317670044],[-123.88868918143534,45.72322539513111],[-123.88864908002672,45.7232642116387],[-123.88857955202435,45.72332174142765],[-123.88850537104284,45.72337618771522],[-123.88839647214431,45.723449850491384],[-123.88828503508009,45.72352154625361],[-123.88812573972409,45.72361809491634],[-123.8879648915632,45.723712931564314],[-123.88794789627667,45.7237217103297],[-123.88792932251593,45.72372946686395],[-123.88776245151547,45.7237814787493],[-123.88774478609321,45.72378824555789],[-123.88773108508161,45.72379439890504],[-123.8876953604808,45.72381828589584],[-123.88765963092891,45.72384217661926],[-123.88763718313386,45.7238597802553],[-123.88760898129833,45.72388946706692],[-123.88758335197123,45.723920421982925],[-123.88753895688029,45.72397347958804],[-123.88749454883282,45.72402651503682],[-123.88747714219768,45.72404696580531],[-123.88745942793501,45.72406730121013],[-123.88743727113645,45.7240900844935],[-123.8874005290912,45.724122516784696],[-123.88736280051613,45.724154330198445],[-123.88732996491052,45.7241796696143],[-123.88727678388334,45.724215406215144],[-123.88725084399677,45.72423365907368],[-123.88722680884773,45.72425303908151],[-123.8872197744819,45.724261809765025],[-123.887216471352,45.72427039423642],[-123.88721482082529,45.72428673379467],[-123.8872145296641,45.72431198222657],[-123.88721174588665,45.724323794922924],[-123.88720496777181,45.72433436169746],[-123.88718913928079,45.724348634162325],[-123.88716254138593,45.724368811267716],[-123.8871381912037,45.72439011100989],[-123.88709203599113,45.724440756701014],[-123.88705004479681,45.7244932601655],[-123.88702964791251,45.724525407057286],[-123.88700257688964,45.724574641994465],[-123.88697267264321,45.72462298549778],[-123.88694363879848,45.724660642194884],[-123.88691201009026,45.72469726370496],[-123.88688123518547,45.7247288281885],[-123.88683207961833,45.724774663215015],[-123.88678422100637,45.72482145656705],[-123.88676253431606,45.72484681655556],[-123.8867343970924,45.72488642904838],[-123.88670871313485,45.72492657298261],[-123.88670480125077,45.72493508228889],[-123.88670261664323,45.72495102218297],[-123.88670235196183,45.7249756548582],[-123.88669969917495,45.72498744573894],[-123.8866929774797,45.72499836199933],[-123.88668218062246,45.72500668315609],[-123.88667025892254,45.72501164502281],[-123.8866456580937,45.7250168743552],[-123.8866057601336,45.72502220821588],[-123.88658728628842,45.725026477980514],[-123.88657154453293,45.72503350142487],[-123.88653312893115,45.7250586255068],[-123.8865055039865,45.7250784647625],[-123.88646770409862,45.72511052660736],[-123.88645108598247,45.725127855223256],[-123.88643638765016,45.72514621692816],[-123.88642755512103,45.72516481516209],[-123.88642167032987,45.7251941032688],[-123.88641759463967,45.72520838615452],[-123.88641002891308,45.72522182269765],[-123.88638765536552,45.725246898119586],[-123.88636116412717,45.72527003154062],[-123.8863349611944,45.725287520123345],[-123.886292525297,45.72531115940664],[-123.88627203668543,45.725323586440375],[-123.88625334851403,45.72533750831745],[-123.8862334617216,45.72535613520438],[-123.88620831613255,45.725385832318565],[-123.88619056197244,45.725412727148694],[-123.88616759517632,45.72546299662152],[-123.88613635696842,45.72555843234897],[-123.88613494281941,45.72557206924299],[-123.88613703966149,45.72559295191689],[-123.88613707272205,45.72560331004978],[-123.88613464211952,45.72561344135514],[-123.88612887787224,45.7256206679797],[-123.88612072431377,45.72562528587322],[-123.88610194935914,45.7256309292602],[-123.88607118863861,45.725638137288946],[-123.88605852893633,45.72564336262274],[-123.88605007776736,45.725651002746915],[-123.88602408089591,45.725696126633096],[-123.88600212815062,45.725742446414245],[-123.88599570228412,45.72576264258606],[-123.88598783788218,45.725782621016755],[-123.88597204777875,45.72580508490177],[-123.88595758730926,45.72582081229194],[-123.88593265324842,45.72584286783513],[-123.8859050258794,45.725863395797596],[-123.88583513585186,45.725908877821155],[-123.88576520569232,45.72595402961163],[-123.88571911562381,45.7259863568543],[-123.8856757209219,45.7260209679316],[-123.88564879666106,45.72604924414496],[-123.88563239359215,45.726071803121904],[-123.8856116693349,45.726106970088075],[-123.8855928548859,45.72614267342302],[-123.88558415225208,45.72616586254811],[-123.88557740086242,45.72619699082351],[-123.88610700456896,45.72631950254004],[-123.88635739277478,45.726377422165854],[-123.88653541926062,45.72641860376534],[-123.8891813190997,45.72703060557791],[-123.8884113938243,45.72865786857992],[-123.8883293017551,45.728834513771986],[-123.89028842392193,45.728873532339975],[-123.89013819519394,45.72645365902005],[-123.89007828457336,45.72548853181473],[-123.89001388589567,45.72387323073653],[-123.8900963435592,45.72381054392078],[-123.89103995853617,45.723093165825716],[-123.8917054436396,45.722587223706135],[-123.89170790300388,45.72258535349958],[-123.89171034932274,45.722583480069055],[-123.89171280339433,45.7225816073144],[-123.89171525089006,45.72257973204887],[-123.89171769309327,45.7225778542353],[-123.89172013529632,45.72257597642168],[-123.89172257343705,45.722574095123946],[-123.89172500489587,45.72257220951765],[-123.89172743523032,45.72257032664507],[-123.89172986519328,45.722568437480334],[-123.89173228750927,45.72256654943732],[-123.89173470961296,45.72256465779882],[-123.89173713176943,45.72256276705913],[-123.89173954569551,45.72256086755362],[-123.8917419547003,45.72255897179214],[-123.89174436461698,45.7225570697014],[-123.89174677474567,45.72255517120606],[-123.89174917295301,45.722553266752975],[-123.89175157100112,45.72255135960323],[-123.89175396776572,45.722549452490604],[-123.89175636185746,45.72254754365452],[-123.89175874691279,45.72254563417956],[-123.89176113678297,45.72254371916275],[-123.89176351879394,45.72254180167218],[-123.89176589968058,45.722539886915335],[-123.89176827254896,45.722537966988206],[-123.89177064670044,45.72253604702385],[-123.89177301940929,45.72253412439999],[-123.89177538425902,45.72253219930235],[-123.89177774638286,45.72253027158241],[-123.89178011107307,45.722528343788134],[-123.89178246790415,45.72252641352007],[-123.89178482072603,45.72252448066688],[-123.89178716948564,45.7225225443296],[-123.8917895195814,45.72252060885397],[-123.89179186438464,45.72251867083034],[-123.8917942051786,45.7225167302215],[-123.89179654062706,45.72251478616576],[-123.89179887741162,45.7225128429717],[-123.89180120628403,45.72251089640502],[-123.89180353505019,45.72250894804058],[-123.89180585991315,45.72250699888871],[-123.89180818466993,45.722505047939],[-123.89181050023113,45.722503093653906],[-123.89181281696945,45.72250113753383],[-123.89181512579552,45.722499178041154],[-123.89181743333812,45.72249721858567],[-123.8918197420578,45.72249525729517],[-123.89182204174107,45.72249329536589],[-123.89182434238919,45.72249132800615],[-123.891826634054,45.72248936090646],[-123.89182892705506,45.722487394668434],[-123.89183121840131,45.72248542217544],[-123.89183350204742,45.72248344990538],[-123.89183578168439,45.722481475050095],[-123.89183806260458,45.722479500157625],[-123.89184033807294,45.72247752002048],[-123.8918426096913,45.7224755399948],[-123.89184487345048,45.72247355749537],[-123.8918471449094,45.72247157477299],[-123.89184940450008,45.72246958699175],[-123.89185166409052,45.72246759921045],[-123.89185391977786,45.722465610641684],[-123.8918561711908,45.72246361499342],[-123.89185841907187,45.7224616248498],[-123.89186066663451,45.7224596293129],[-123.89186290901071,45.722457633025705],[-123.89186514486411,45.722455635126536],[-123.89186738050513,45.722453633631815],[-123.89186961491583,45.7224516330731],[-123.89187184259144,45.72244962730689],[-123.89187406636398,45.72244762075326],[-123.89187628874693,45.72244561243899],[-123.89187850851,45.7224436033001],[-123.89188072282144,45.72244158891659],[-123.891882933495,45.72243957824002],[-123.89188514123047,45.72243756134559],[-123.89188734773549,45.72243554538718],[-123.89188955402817,45.72243352583322],[-123.8918917460451,45.72243150399133],[-123.89189394062855,45.72242948207507],[-123.89189613505268,45.72242745746224],[-123.89189832167064,45.72242543127447],[-123.89190050438555,45.722423404299285],[-123.89190268694112,45.72242137462746],[-123.8919048654875,45.72241934237049],[-123.8919070401838,45.72241731022489],[-123.89190921071166,45.722415272797555],[-123.89191137754867,45.72241323817825],[-123.89191354278385,45.722411198202806],[-123.89191570160239,45.72240915841312],[-123.89191786026161,45.722407115926806],[-123.89192001485851,45.72240506995644],[-123.89192216437513,45.722403025033465],[-123.89192431116582,45.72240097748824],[-123.89192645266395,45.72239892739495],[-123.89192859544522,45.72239687726448],[-123.89193072903107,45.72239482379857],[-123.89193286395303,45.72239277119434],[-123.89193499337031,45.722390712446646],[-123.89193711883138,45.72238865201259],[-123.89193924573475,45.72238659423799],[-123.89194136344267,45.72238453312793],[-123.8919434773535,45.722382473028205],[-123.89194559073371,45.72238040393973],[-123.89194770175934,45.722378338521054],[-123.8919498074394,45.72237626965543],[-123.89195190911025,45.72237419820463],[-123.89195400698405,45.722372127764146],[-123.8919561007956,45.72237005383962],[-123.89195819316451,45.722367977255594],[-123.89196028301971,45.72236590164475],[-123.89196236496275,45.72236382266128],[-123.89196444674641,45.72236174098123],[-123.89196652468006,45.72235965941255],[-123.89196859732117,45.722357575295874],[-123.89197067108628,45.72235548844539],[-123.8919727410013,45.722353401706336],[-123.89197480182689,45.72235131342965],[-123.89197686372351,45.72234922152026],[-123.89197891663682,45.72234712987091],[-123.89253482256355,45.7217943168572],[-123.89265917923011,45.72167063502581],[-123.89306218444948,45.721653319684904],[-123.8929676885805,45.721734918440085],[-123.89294764580681,45.72174683951274],[-123.89291767088469,45.72175343961878],[-123.89288879242349,45.72176212931358],[-123.89286132780559,45.721772819269994],[-123.89283553651593,45.72178539752715],[-123.8928117029635,45.721799738796776],[-123.89279974199285,45.72180854539293],[-123.89279724479947,45.72181062291336],[-123.89279477679354,45.7218127157957],[-123.89279232754953,45.7218148216407],[-123.8927899074929,45.72181694284764],[-123.89278751266771,45.72181907773019],[-123.89278514430413,45.72182122535246],[-123.8927827974283,45.72182338855963],[-123.8927804834836,45.72182556521949],[-123.89277818830087,45.721827754842046],[-123.89277592214631,45.72182995712989],[-123.89277367988684,45.72183217223172],[-123.8927714664965,45.72183439730228],[-123.89217157584704,45.72244378874625],[-123.89216929968676,45.72244601832202],[-123.89216702336712,45.72244824520107],[-123.89216473795801,45.72245047054244],[-123.89216244976993,45.72245269236263],[-123.89216016158166,45.72245491418278],[-123.8921578641448,45.72245713176866],[-123.89215556793796,45.72245934841843],[-123.89215326274785,45.722461565328295],[-123.89215095868168,45.72246377950434],[-123.8921486493229,45.72246599113239],[-123.89214633723822,45.72246820013805],[-123.89214401986092,45.72247040659574],[-123.89214169863351,45.72247261316484],[-123.8921393733969,45.722474817148765],[-123.8921370480009,45.72247701843605],[-123.89213471618814,45.722479219909054],[-123.8921323790829,45.72248141883404],[-123.89213004181823,45.7224836150624],[-123.89212770054434,45.72248580870555],[-123.8921253475613,45.722487999986505],[-123.89212300222489,45.722490190145564],[-123.89212064394911,45.72249237887843],[-123.89211829080637,45.722494567462626],[-123.89211592959226,45.72249674997765],[-123.89211356843099,45.722498933391485],[-123.89211119427722,45.72250111448019],[-123.89210882504437,45.72250329182483],[-123.89210644816454,45.722505470291175],[-123.89210406978903,45.72250764519918],[-123.89210168489063,45.722509818495176],[-123.89209929849652,45.722511988232824],[-123.8920970247256,45.722514127697394],[-123.89209474293637,45.72251626199163],[-123.89209245996973,45.722518398120684],[-123.89209017417102,45.72252052982971],[-123.89208788837219,45.7225226615387],[-123.89208558952777,45.72252479002371],[-123.89208329186046,45.722526916673814],[-123.89208099275056,45.722529040664384],[-123.8920786871708,45.722531163941895],[-123.89207638020146,45.72253328545868],[-123.89207407061232,45.72253540615097],[-123.89207175562444,45.72253752249743],[-123.89206943657435,45.72253963535989],[-123.89206711383324,45.72254175103037],[-123.89206478841922,45.72254386497733],[-123.89206246150954,45.72254597536598],[-123.89206013059058,45.722548083169436],[-123.89205779571539,45.72255018928661],[-123.89205545693711,45.722552294616314],[-123.89205311414952,45.72255439736081],[-123.89205077120262,45.72255649740867],[-123.89204842055567,45.72255859767944],[-123.8920460657403,45.722560692668445],[-123.89204371097782,45.72256278855621],[-123.892041351188,45.72256488639033],[-123.8920389881948,45.72256697351231],[-123.8920366253606,45.72256906333084],[-123.8920342533308,45.72257114981394],[-123.89203188247804,45.72257323446206],[-123.89202950392526,45.722575319333124],[-123.89202712392978,45.72257740154467],[-123.89202474136754,45.72257948383049],[-123.89202235335355,45.72258156087169],[-123.89201996656969,45.72258363697677],[-123.89201757069638,45.72258571154422],[-123.8920151746637,45.72258778341498],[-123.8920127747279,45.72258985449833],[-123.89201037195998,45.72259192116152],[-123.89200796400567,45.722593987074525],[-123.89200554840428,45.72259605410921],[-123.89200314013128,45.722598114628894],[-123.89200072421133,45.72260017627025],[-123.89199830037907,45.72260223453906],[-123.89199588029044,45.72260429089864],[-123.89199345244876,45.72260634658223],[-123.89199102059777,45.72260839968062],[-123.89198858864054,45.72261045098123],[-123.8919861487711,45.722612498909236],[-123.89198370761811,45.722614546874404],[-123.89198126373915,45.72261659221719],[-123.89197881970091,45.72261863486332],[-123.89197636785651,45.72262067593459],[-123.89197391467559,45.722622716144116],[-123.89197145491875,45.72262475384273],[-123.8919689937193,45.7226267888819],[-123.89196653364384,45.722628821187236],[-123.89196406458495,45.722630853752584],[-123.89196159258795,45.72263288010014],[-123.89195911951961,45.72263491008026],[-123.89195664228296,45.72263693477857],[-123.89195416232032,45.72263895685457],[-123.89195167722418,45.72264097907914],[-123.89194919576566,45.722642997596694],[-123.89194669880114,45.722645014762335],[-123.8919442056863,45.72264703181651],[-123.89194170850918,45.72264904538656],[-123.89193920737591,45.72265105727032],[-123.8919367060302,45.72265306555853],[-123.89193419687834,45.72265507227186],[-123.89193168767322,45.72265707808636],[-123.89192917451189,45.722659082214456],[-123.89192665728835,45.72266108285852],[-123.89192413995845,45.7226630817048],[-123.89192161359215,45.722665079912225],[-123.89191908819066,45.72266707268926],[-123.89191655899212,45.722669066476534],[-123.89191402460705,45.72267105951353],[-123.89191148733696,45.72267304723157],[-123.89190895006664,45.72267503494959],[-123.8919064075038,45.722677020119534],[-123.8919038620558,45.72267899997055],[-123.89190131548345,45.72268098255525],[-123.891898757202,45.722682962777704],[-123.89189620389446,45.72268494015486],[-123.8918936452943,45.72268691498397],[-123.89189108268495,45.7226888872279],[-123.89188851734957,45.72269085684948],[-123.89188594688082,45.72269282661961],[-123.89188337609353,45.72269479099653],[-123.89188080541224,45.72269675717105],[-123.89187822291566,45.72269871918562],[-123.89117827623087,45.72323083594875],[-123.89346887531725,45.72551056112173],[-123.89523672391742,45.72552198821993],[-123.89541728862037,45.7255230851992],[-123.89539490502959,45.72473792765135],[-123.89539413617683,45.7247110305702],[-123.89539321249612,45.72467859689245],[-123.8953819831492,45.72428464908826],[-123.89538028931491,45.72422529584065],[-123.89532717688212,45.722361497270875],[-123.89526847522855,45.722362339569756],[-123.89454849577312,45.72237266700507],[-123.89411788245351,45.72237884421269],[-123.89410725763666,45.72200747231872],[-123.89410148110755,45.72180660095784],[-123.89409861042775,45.721706462792724],[-123.89409861332837,45.721706185384065],[-123.89414753903823,45.72169020745514],[-123.89419382449091,45.7216707494021],[-123.89423696670535,45.72164802298927],[-123.89444930700078,45.721644968010985],[-123.89452759816696,45.721643854716355],[-123.895275791807,45.721633120922974],[-123.89530586223673,45.721632690613916],[-123.89580493095966,45.721625527655156],[-123.89736751500266,45.72160308990238],[-123.89736633837498,45.72156195835457],[-123.89735286245622,45.72109129258758],[-123.89735084942953,45.721020917570115],[-123.89734299528806,45.720746723931555],[-123.89733436102264,45.72044510757179],[-123.89732023232129,45.71995155766358],[-123.89731338489642,45.71971237670049],[-123.89730937065471,45.71957528095581],[-123.89730347575367,45.719369634100275],[-123.89729456260162,45.71905892065597],[-123.89729220824049,45.71897674390394],[-123.89727998845709,45.71868846359688],[-123.89727787071747,45.7186145087913],[-123.89727562950277,45.718536376969666],[-123.89739239921592,45.71850553165712],[-123.89778065653088,45.71838898072203],[-123.89790833109696,45.71835065402975],[-123.89836187946902,45.71821449978894],[-123.89858530607206,45.71814742941661],[-123.89888300581109,45.71805805605772],[-123.89923545159712,45.71795225186899],[-123.9003255407409,45.71791400033228],[-123.90033272140442,45.71660963360802],[-123.90039284650975,45.71660876798627],[-123.90039404311617,45.71617157135693],[-123.90039441887096,45.716033973201135],[-123.90036578925431,45.71603433156418],[-123.90037123800457,45.71575996770847],[-123.90037877817791,45.715380441716505],[-123.90039689456196,45.71446827637982],[-123.90039771072297,45.71442716600643],[-123.90042025760927,45.713292079802365],[-123.90045144967347,45.7127079276367],[-123.89880292183598,45.71190040545499],[-123.89872429482513,45.7119484630307],[-123.89797177438695,45.712408404142785],[-123.89715094768731,45.712910074171596],[-123.89699843155978,45.713003286061735],[-123.89702566690848,45.71388850473682],[-123.89703173987917,45.7140859254562],[-123.89669165700468,45.71411161602492],[-123.89668939912609,45.71440925619781],[-123.89635150881857,45.71440761052397],[-123.89598582183294,45.714405829731575],[-123.89497944948272,45.71439708043899],[-123.89478165311611,45.71399990337908],[-123.89477604486216,45.71398864422479],[-123.89472329361517,45.71388270648978],[-123.89466738210281,45.71389530286005],[-123.89462471526069,45.71380735743842],[-123.89462374031615,45.71380534356458],[-123.89456172987347,45.71367752672608],[-123.89449874573532,45.7135476905389],[-123.89449085783453,45.713531431730765],[-123.89446565766828,45.71347948986922],[-123.89443576096986,45.71341786063666],[-123.89433372368141,45.713207532159544],[-123.89430981547551,45.713158245047666],[-123.89436541601059,45.71314500773975],[-123.89395773975058,45.71230463189105],[-123.89318007958371,45.710701484987986],[-123.89305556008115,45.71070048213566],[-123.89293427188717,45.71069950440154],[-123.89221615065034,45.71069371186372],[-123.89197639559185,45.71069177907807],[-123.89147562219375,45.71068773266194],[-123.89146481981699,45.71078875356087],[-123.89146529460783,45.710805690023406],[-123.89146902250698,45.71083127796952],[-123.89147539240463,45.71085661833768],[-123.89148268353858,45.710872999968075],[-123.89150867293662,45.71091914886718],[-123.8915349342002,45.71096500355818],[-123.8915487888739,45.71098917996382],[-123.89156286624834,45.71101329679514],[-123.89158304292509,45.71104012822804],[-123.89159532892116,45.711052049556876],[-123.89162807368633,45.711078351382895],[-123.89166456352797,45.71111081520681],[-123.89168897893263,45.711136272313404],[-123.89171146658566,45.711162297570226],[-123.89172424070033,45.71118035634919],[-123.89173712782204,45.711205776303494],[-123.89174170365219,45.71122614972488],[-123.89174161345917,45.71124679692453],[-123.89173677431722,45.71128835768757],[-123.89173758207188,45.71131581569293],[-123.89174393053048,45.71135516703479],[-123.89175332468419,45.71139429421859],[-123.89176421554701,45.71141994845477],[-123.89181815176674,45.7115063691896],[-123.89181947376083,45.71150869088037],[-123.89184458669989,45.711553023746085],[-123.89185489341202,45.711571216089446],[-123.89186806606115,45.71159774786823],[-123.8918773280082,45.71162262989118],[-123.89188215416638,45.711648224731874],[-123.89188730651259,45.71170030286801],[-123.891888901327,45.71170794527948],[-123.89189448465973,45.71173467521804],[-123.89190566592653,45.71176058755082],[-123.89191396570844,45.71177314831987],[-123.89192189816319,45.711785147065335],[-123.8919353114052,45.71180079042266],[-123.89195617182659,45.71182077418777],[-123.89196623822386,45.7118262011752],[-123.89197837203204,45.71182769743234],[-123.89198737826118,45.71182696300513],[-123.89200024752525,45.71182436901256],[-123.89205524188468,45.711807886338356],[-123.8920699970908,45.71180525663014],[-123.8920851960201,45.71180559442458],[-123.89208691401562,45.7118056311108],[-123.89209233176634,45.711807706327505],[-123.89209904442872,45.711811752856306],[-123.89211507311822,45.71182684953678],[-123.89212618435671,45.71184316551556],[-123.89212988754197,45.71185480230848],[-123.89213167995669,45.71189338966261],[-123.89213389159896,45.71193189374257],[-123.89215791108423,45.7120608876693],[-123.89216198516407,45.712077415546524],[-123.89216846163016,45.71210366129677],[-123.89218729024273,45.71216021545544],[-123.89220131484613,45.71219218440397],[-123.89222483023939,45.71223232612723],[-123.89224902380964,45.71227191516283],[-123.892283592121,45.71233811875546],[-123.89228566988136,45.712342509302765],[-123.89231937480986,45.71241381349496],[-123.89232894543944,45.712439521218265],[-123.89234307705263,45.712468966804416],[-123.89234590707555,45.71248166164594],[-123.89235764139308,45.71253429826305],[-123.89236922489799,45.712568741079714],[-123.89238602316084,45.71260247100948],[-123.89239390375242,45.7126182916603],[-123.89241856254425,45.71266785001974],[-123.89244033112084,45.712719766514546],[-123.89244574907167,45.712733081515466],[-123.89246151678037,45.7127718232436],[-123.89249210545346,45.71285151400298],[-123.89249724767166,45.71286564465389],[-123.8925211678278,45.71293143174214],[-123.89252431716892,45.712944744914026],[-123.89252528723512,45.71295843814827],[-123.89252625674195,45.71298588604384],[-123.89253046227716,45.71300256946865],[-123.89253066814994,45.71300340088615],[-123.89253606585105,45.71301284381008],[-123.89256758833704,45.713053863753714],[-123.89259252306084,45.71308631351706],[-123.89262328408779,45.71312529716627],[-123.89265000016627,45.713159160287965],[-123.89267370176907,45.7131899880982],[-123.89269709567776,45.71322091575728],[-123.89270043561594,45.71322990054065],[-123.89269896604617,45.71323949644291],[-123.89269263893114,45.71325361533041],[-123.89269001211713,45.71325947924182],[-123.89268630233316,45.71327256068277],[-123.89268726941587,45.7132796693115],[-123.89269226929132,45.71328855559297],[-123.89269965873657,45.7132970314068],[-123.89271594817157,45.713313705174684],[-123.89271979634204,45.713319737202866],[-123.89272339513164,45.71332537667262],[-123.89272589153715,45.71333720776847],[-123.89272580298692,45.71334964497765],[-123.8927252882905,45.713374831711306],[-123.89273026132366,45.71338949128862],[-123.89273064823631,45.713390646111094],[-123.89274534211005,45.713409466743194],[-123.89276288178716,45.713427113649885],[-123.89278236099668,45.71344073177234],[-123.89279283106355,45.71344700329004],[-123.89280347163105,45.71345337611657],[-123.89281461032972,45.71346322359724],[-123.89281885780323,45.713469901354564],[-123.89282289390648,45.71348205701772],[-123.89282457582092,45.71349428627313],[-123.89282561509832,45.713511611547126],[-123.89282513092049,45.71351882613961],[-123.89282389486483,45.7135372780006],[-123.89282272039776,45.71355572807744],[-123.89282473843679,45.713567946695996],[-123.89283637872386,45.713601688196185],[-123.89284879525367,45.71363505785211],[-123.89286250953215,45.713672100500176],[-123.89287660424368,45.71370907720186],[-123.89288268322258,45.713721132269825],[-123.89289073007399,45.71373266572557],[-123.89290939325788,45.71375488565741],[-123.89292243750344,45.71376493995109],[-123.89293707635508,45.71377422412523],[-123.89294439910482,45.71378191669962],[-123.8929505305208,45.71379392342396],[-123.89295433096208,45.71380607060089],[-123.89295733682748,45.71383064752298],[-123.8929554747601,45.71385441101784],[-123.89295284613837,45.71387818771244],[-123.89295445322854,45.71389387399895],[-123.89296312870925,45.713927532986744],[-123.89297184344638,45.71396118183233],[-123.89298999484039,45.7140337196953],[-123.89299425131125,45.71405078339643],[-123.89300808569817,45.714106276414824],[-123.8930143337954,45.714124483568874],[-123.8930225869692,45.71414245075947],[-123.89303742518403,45.714177909421636],[-123.8930364046695,45.71418350620776],[-123.89303585883255,45.714185712712556],[-123.89303131746168,45.714188712062274],[-123.89301639910589,45.71419856066886],[-123.89300893391076,45.714205201324006],[-123.89300758970683,45.71420919035245],[-123.89301011878756,45.71422298878466],[-123.89301730652053,45.71423738610416],[-123.89302482327004,45.714246099519244],[-123.89303546772489,45.71425442970164],[-123.89304731662588,45.71426162919712],[-123.89307156494979,45.71427542517137],[-123.8930856600608,45.71428640434061],[-123.8931052943547,45.71430762997245],[-123.89310900714888,45.714313086946134],[-123.89312044222147,45.714329889571744],[-123.8931267570772,45.71434541607038],[-123.8931285005035,45.71435611644306],[-123.89312810480182,45.71436709397856],[-123.89312442333161,45.714381830455835],[-123.89312268285991,45.71438879600869],[-123.89311861886662,45.7143952012834],[-123.89311336398931,45.71440348959292],[-123.89310289622057,45.71441788150468],[-123.89309999917715,45.71442805179761],[-123.89309985277283,45.71444625779169],[-123.89309974414697,45.714460117320975],[-123.89310480211608,45.714475472234014],[-123.89311147745543,45.714496408747756],[-123.89311376029853,45.714517858775054],[-123.89311408069581,45.71454815363307],[-123.89311418953523,45.71457845732003],[-123.89311475550812,45.714601350010845],[-123.89311480620728,45.71460238311124],[-123.89311599403463,45.71462629505854],[-123.89311823586664,45.714635182877124],[-123.89312294080149,45.71464372922369],[-123.89313467070374,45.71466049539336],[-123.89314009645229,45.71467197689916],[-123.89314189657915,45.71468596751951],[-123.89314083145943,45.714700280647286],[-123.89313629858908,45.71472922771428],[-123.89313640978112,45.71474101893922],[-123.89313648170861,45.71474822552302],[-123.89313942802947,45.714758792003664],[-123.89314699558727,45.71477372125673],[-123.8931561502927,45.714788232665065],[-123.8931705260333,45.71480559659302],[-123.89318389040648,45.71482333377219],[-123.89318666353986,45.71483397099811],[-123.8931855369862,45.71484497870597],[-123.89318011319101,45.71486730296731],[-123.89318059402441,45.71487531797735],[-123.89318098220575,45.71488178516858],[-123.8931964716291,45.71491712229209],[-123.89321087991172,45.71495273924434],[-123.89321812555912,45.714980178181925],[-123.89322485931581,45.71500769857747],[-123.89322518451709,45.71500952779014],[-123.89323480503637,45.715063567114896],[-123.89324650653164,45.71511930465228],[-123.89325654739964,45.7151468886158],[-123.89325742016439,45.71514863083416],[-123.89327175287359,45.71517723938963],[-123.89330672216005,45.71523276659817],[-123.89334069377686,45.71528264922752],[-123.89336822437237,45.71532307867087],[-123.8933811272568,45.71534011517251],[-123.89339406784742,45.71535713707432],[-123.8934120983208,45.71538053677982],[-123.89343018907363,45.715403912226115],[-123.8934481685645,45.71543502629695],[-123.89346635136829,45.71546620920885],[-123.89349441081843,45.7155045334556],[-123.89352723952712,45.7155410384675],[-123.89353806942461,45.715550370790616],[-123.89355088957029,45.715558645101154],[-123.89357787116894,45.71557437780762],[-123.8935931421286,45.71558615122892],[-123.89359963526461,45.715593981248865],[-123.89362798119234,45.715639637290096],[-123.89364964425054,45.715677014098446],[-123.8936547045398,45.71568574191464],[-123.89367095122265,45.71571460741251],[-123.89368043058367,45.7157314126169],[-123.89368721840872,45.715743449803796],[-123.89370863690796,45.71577544204452],[-123.89373040397292,45.715808025655136],[-123.8937385526524,45.71582589137002],[-123.89374352313183,45.715844026543465],[-123.8937484249718,45.71588052752139],[-123.8937492135511,45.715890923292726],[-123.89374739241545,45.71590133344491],[-123.89374325230999,45.71590821365332],[-123.89373410948248,45.715917269219354],[-123.89372683056934,45.71592271327271],[-123.89372405099724,45.71592479270706],[-123.89370409882025,45.715939300063056],[-123.89368838742938,45.7159532262459],[-123.89367333285128,45.71596774027234],[-123.89365953982454,45.7159872069066],[-123.89365011049357,45.71600793464579],[-123.89364533231816,45.71602403730201],[-123.89364494231917,45.71604046573279],[-123.89364757059857,45.71605110714052],[-123.89365360991616,45.71606091589434],[-123.89365480837695,45.71606286207031],[-123.89366660923605,45.71607309367188],[-123.89367658710107,45.71607898679901],[-123.89368666820712,45.71608281860251],[-123.8936973472414,45.716084999742876],[-123.89371914980026,45.71608794270642],[-123.89373290225845,45.71609169335218],[-123.89374944573224,45.716099588748264],[-123.89376304569222,45.71610996540649],[-123.89376876856129,45.716119203460416],[-123.89376932276738,45.716129090987316],[-123.89376626097149,45.71613501163403],[-123.89375518381918,45.71614794547111],[-123.89374387914467,45.71616081386604],[-123.89373513353978,45.71617067639175],[-123.8937262627403,45.716180486718535],[-123.89371456775754,45.716191294580085],[-123.89370714602252,45.71619730282146],[-123.8937018881887,45.71620155830596],[-123.89367250560238,45.71622171159519],[-123.89364283526125,45.716242804234064],[-123.89363202265213,45.71625623552179],[-123.89362742584323,45.71627079502372],[-123.89362827317952,45.71628466826503],[-123.89363419162486,45.71629813347391],[-123.8936458049224,45.71631417903969],[-123.89364951890587,45.71631880398372],[-123.89367812320519,45.716348908784546],[-123.89369821838751,45.716367932073474],[-123.8937075992264,45.716382173965236],[-123.89371251958147,45.71639985137921],[-123.8937136734148,45.7164178270001],[-123.893715316726,45.716453781281295],[-123.89372370391933,45.71648763762073],[-123.89372963724257,45.716521601067804],[-123.89372867471802,45.71655454424545],[-123.89372675477179,45.71658753406884],[-123.89372663338887,45.716608490064196],[-123.89372657695007,45.71661865909884],[-123.89372707754987,45.71664977978031],[-123.89372927303381,45.71666306111058],[-123.89373408254718,45.71667620458031],[-123.89374458035184,45.716702331898766],[-123.89374665785795,45.71671984135745],[-123.89374214017833,45.71673571946441],[-123.8937340251428,45.716751343429586],[-123.89372228761599,45.71677109896362],[-123.89370812882616,45.71678981624166],[-123.89369852884603,45.7167988382188],[-123.89369562646004,45.71680095002118],[-123.89368738096513,45.71680694070322],[-123.89366387615476,45.716822479278356],[-123.8936501102574,45.71683402692853],[-123.89362730197801,45.71686081931432],[-123.893609014802,45.716889709224574],[-123.89360057720275,45.71690921067105],[-123.89359684048365,45.71692897751271],[-123.89359880835119,45.71693910050576],[-123.89359890994696,45.71693955857093],[-123.8936010452111,45.71694920760227],[-123.89359978712467,45.71697266093605],[-123.89359360491564,45.716996117358974],[-123.89358288740978,45.717018782251586],[-123.89357054106532,45.71704048497371],[-123.89354933307526,45.717077490214464],[-123.89348798134002,45.71714465329131],[-123.89347220249287,45.71716610877948],[-123.8934639479073,45.71718324674285],[-123.89345859106811,45.717201067907574],[-123.89345498787303,45.71721606501761],[-123.89344990939132,45.717237207822244],[-123.89344026336356,45.71726043142252],[-123.89341089482369,45.71730922524748],[-123.89337768106097,45.71735685547504],[-123.89334496814239,45.7173960307693],[-123.89334296424119,45.71739842627369],[-123.89330919364342,45.71744028389179],[-123.89328521677001,45.71747380816557],[-123.89327739927437,45.71748628915092],[-123.89324810580689,45.7175330710387],[-123.89321557670796,45.71758910287584],[-123.893191524889,45.71763150640268],[-123.89316102376635,45.71768050042444],[-123.89313978159059,45.71771453971282],[-123.89313900642901,45.71771586685499],[-123.89311876680445,45.71775042814702],[-123.89311036302107,45.717768155659485],[-123.893103923323,45.717786340412324],[-123.89310133001797,45.717801245221814],[-123.89310112894067,45.71782377291059],[-123.89310068234605,45.71784630050735],[-123.89310052533901,45.71788007029286],[-123.89309791072927,45.71789644338063],[-123.89309452258652,45.71790411123545],[-123.89308920041218,45.717911286762615],[-123.89307162892673,45.717929969525976],[-123.89306113077173,45.71794093981928],[-123.89303292570042,45.71797041130687],[-123.89301764385671,45.71798642196571],[-123.89300237387178,45.71800243768106],[-123.89298480207,45.71802346779689],[-123.89296905538802,45.71804532294219],[-123.8929481292677,45.718078427409026],[-123.89294288064536,45.71808780769285],[-123.89293199519965,45.71810722149281],[-123.89293034558786,45.71811230974546],[-123.89292619656794,45.71812507522059],[-123.89292365662232,45.71814491360154],[-123.89291806699835,45.71816415240205],[-123.89290750993617,45.71818035394257],[-123.89288343536442,45.71820683165365],[-123.89284268187598,45.71824499168244],[-123.89282437374311,45.71826476451704],[-123.89281000372748,45.71828585943699],[-123.8927816978147,45.718342351350174],[-123.89275353961898,45.718398864186106],[-123.8927255919234,45.71844753288235],[-123.89269785571364,45.71849627918179],[-123.89269440998021,45.71850552079605],[-123.89269290208259,45.71852239665307],[-123.89269425983981,45.71854829621978],[-123.89269316667655,45.7185609830826],[-123.892688791885,45.718573169818214],[-123.89266793598678,45.718606860145066],[-123.89265470511911,45.718625588194485],[-123.89264318808647,45.718639161306996],[-123.89261293482471,45.71867481834257],[-123.89258251180766,45.71871038754287],[-123.89254189895829,45.71875716835107],[-123.89252158398871,45.7187920333143],[-123.89250094296956,45.71880377719719],[-123.8924800805685,45.718823443852585],[-123.8924441510868,45.7188506357298],[-123.89242679000166,45.7188645284238],[-123.89241147644586,45.71887944230696],[-123.89240291646877,45.71889117576729],[-123.89239323411127,45.718913403540334],[-123.8923836632838,45.71894832379855],[-123.8923774449678,45.71896532164513],[-123.89236802154454,45.71898128679994],[-123.89236372725584,45.718986258038626],[-123.89233735385588,45.719016766662655],[-123.89228605186116,45.71906826708541],[-123.89226145841802,45.71909441480517],[-123.89223969971363,45.719121549212964],[-123.89222587071045,45.71913879354538],[-123.89221079764951,45.71916686705735],[-123.89217188212558,45.71923660300733],[-123.8921511647795,45.719271038337496],[-123.89212760566073,45.719304434045355],[-123.89208802876034,45.71935098656954],[-123.89202412133578,45.719419107765496],[-123.89199303981479,45.71945350730703],[-123.89196432869613,45.71948882324669],[-123.8919088756166,45.71956696958813],[-123.89185407166141,45.719645314097995],[-123.89180622015358,45.719704134592],[-123.89175858018018,45.71976305608509],[-123.89174947636317,45.71977821236049],[-123.8917392506713,45.71980622647993],[-123.8917290132268,45.71984963875704],[-123.8917221310139,45.71987094439947],[-123.89171157943518,45.71989134512427],[-123.89168242849321,45.719931674554616],[-123.89164791545781,45.71996983977674],[-123.89158129414051,45.72003161485661],[-123.8915425494387,45.7200675389924],[-123.89151517620668,45.72009347076161],[-123.89145391201632,45.720154281199754],[-123.89139608334611,45.72021669750833],[-123.89131292984638,45.720319550232844],[-123.8912306804366,45.72042269815562],[-123.89117881913455,45.72048408170165],[-123.8911747375996,45.7204889368779],[-123.89111898097367,45.7205552836276],[-123.8910692783797,45.720618138012576],[-123.89106599605928,45.720622813379194],[-123.89102405982051,45.72068259044987],[-123.89098334146531,45.720747193527956],[-123.89094292892639,45.720811883177426],[-123.89089860432861,45.720882930341816],[-123.89085228179937,45.720953429340945],[-123.89082835727109,45.72098322646991],[-123.89078640030858,45.721025359720116],[-123.89074285029807,45.72106679082576],[-123.89068786228837,45.721119817911706],[-123.89063298778454,45.72117298394575],[-123.89060529342314,45.72120155032781],[-123.8905674016194,45.7212459852127],[-123.8905512385766,45.721269158472445],[-123.89053763498434,45.72129311753931],[-123.89051162757009,45.721348910084764],[-123.89048621572067,45.72140477542498],[-123.89046371788476,45.7214535999072],[-123.89043905360617,45.72150193873574],[-123.89041552206811,45.721539473252584],[-123.89037603991602,45.721594327624075],[-123.89033503742368,45.7216486668264],[-123.89029342037571,45.72170450946006],[-123.89022949776039,45.72177620087709]]]}},{"type":"Feature","properties":{"name":"Wheeler","source":"Oregon Framework Admin_Bounds city limits"},"geometry":{"type":"Polygon","coordinates":[[[-123.8770584366325,45.69440084531412],[-123.87728879521579,45.694921495402426],[-123.87808857085433,45.69569144627032],[-123.87801854585227,45.69581505800214],[-123.87811230256176,45.69581641592764],[-123.87820645658856,45.695817778523256],[-123.87919660349802,45.69406924654407],[-123.87930807080501,45.69387260733374],[-123.87940601163683,45.69391344807193],[-123.88025677752101,45.692429232107614],[-123.88161822190816,45.69236783355766],[-123.88166610360717,45.69204541114088],[-123.88166223361458,45.69202856358246],[-123.88165836763066,45.692011718609315],[-123.88165694741542,45.6919888125341],[-123.88165868946109,45.69196578091319],[-123.88166032529092,45.691950032220156],[-123.88166159396836,45.691934288728234],[-123.88165911680976,45.69191774850261],[-123.88165657221539,45.691901197618506],[-123.88165642778579,45.69187695809705],[-123.88165628340921,45.69185271947411],[-123.88165617294482,45.691834279449154],[-123.88165605719148,45.69181583687544],[-123.88165698779757,45.691803542734306],[-123.88165937496888,45.691791328982205],[-123.8816629119558,45.691776382575334],[-123.88166646855038,45.69176144190475],[-123.88166949631834,45.69174891341393],[-123.88167248379476,45.69173637708242],[-123.88167387699089,45.691728694115696],[-123.8816749784087,45.6917209871609],[-123.88167633490265,45.69171064812702],[-123.88167784872307,45.69170031895592],[-123.88167945330622,45.691694985371555],[-123.88168130669169,45.69168968782128],[-123.88168294618659,45.69168317818589],[-123.88168462544272,45.691676667402],[-123.88168731737501,45.69166817256769],[-123.88169044492227,45.69165974438853],[-123.88169895651762,45.691639966739295],[-123.88170117919906,45.69163480979244],[-123.88170858391922,45.69162043959313],[-123.88171308747093,45.69161236065125],[-123.88171787003603,45.69160437269635],[-123.88172208471384,45.69159854773442],[-123.8817260493868,45.69159264445338],[-123.88173011901355,45.69158039831245],[-123.88173345587944,45.691568013961266],[-123.88173647602173,45.691560206567424],[-123.88174004195047,45.691552504065776],[-123.88174730883944,45.69154223563648],[-123.88175452479075,45.69153197498073],[-123.88176030469162,45.69152008192748],[-123.88176607908957,45.69150818272984],[-123.88177341033945,45.691493743513504],[-123.88178143743667,45.691479492194816],[-123.88179294940058,45.69146212473038],[-123.88180463644007,45.691444828743116],[-123.88181910848388,45.691422653098144],[-123.88183340382037,45.691400422226764],[-123.8818465316388,45.69137747682874],[-123.88186003506625,45.691354648438924],[-123.88187580794907,45.69133130428941],[-123.88189157932503,45.69130795657899],[-123.88189909476866,45.69130381639352],[-123.88190660999966,45.69129967261197],[-123.88191383461549,45.691293951591135],[-123.88192125142737,45.691283306044966],[-123.88192890132873,45.69127269158316],[-123.88194340404955,45.691257920954925],[-123.88195786910505,45.69124312169875],[-123.8819887403999,45.69121120526454],[-123.88201821463028,45.691178647559234],[-123.88203335012584,45.69115868935034],[-123.88204791846184,45.691138525118426],[-123.88207551132346,45.69110163581041],[-123.8821050246006,45.69106552750879],[-123.88212103728637,45.69104805520874],[-123.88213708719732,45.6910306043411],[-123.88214990725473,45.69101658551199],[-123.8821627298712,45.6910025666072],[-123.88217238840994,45.690992005755476],[-123.8821755499161,45.690988547775],[-123.88218837380265,45.690974528830075],[-123.88219224501567,45.69096872007056],[-123.88219587195196,45.69096282112209],[-123.88220389223544,45.690955600413226],[-123.88221208705582,45.69094846380324],[-123.88221571189274,45.69094233260718],[-123.88221955589503,45.69093627971922],[-123.88223060458164,45.69092663674834],[-123.8822416195603,45.69091696683701],[-123.88225888741063,45.69089879555],[-123.8822749326965,45.6908800878116],[-123.8822853824703,45.69086613833509],[-123.88229580145631,45.69085218974679],[-123.88230996886469,45.69083462665339],[-123.88232374549507,45.6908169073689],[-123.88233460406849,45.690800865214825],[-123.88234504240572,45.69078469023199],[-123.88235608211193,45.69076683480614],[-123.88236750352378,45.69074909080892],[-123.88237685932326,45.69073864853267],[-123.8823867558595,45.6907284220418],[-123.88239695905169,45.69071615715202],[-123.882407145407,45.6907038900463],[-123.88241159300337,45.690698488722965],[-123.88241606052523,45.69069309852921],[-123.88242353177392,45.69068532549994],[-123.88243153823237,45.69067780533295],[-123.88244059195266,45.69066939231224],[-123.88244965821835,45.690660996036236],[-123.8824554096033,45.69065366797191],[-123.88246107139031,45.69064630197685],[-123.88246946171915,45.690640022296584],[-123.8824780873958,45.690633833962124],[-123.88248225664945,45.69062979490332],[-123.88248578222542,45.69062547189946],[-123.88249250676084,45.69061275823981],[-123.88249296449929,45.690611890520664],[-123.88249986474311,45.69059825425959],[-123.88250485396885,45.69059037554517],[-123.88251125227491,45.69058308101258],[-123.88252220015343,45.690574041499005],[-123.88253340110738,45.690565198167285],[-123.8825523630712,45.690550538133685],[-123.8825712602215,45.690535846653646],[-123.88257818449077,45.690528364041775],[-123.8825854052343,45.690521072756916],[-123.88260340201222,45.69050854847387],[-123.8826120090056,45.690502610983714],[-123.8826214766102,45.69049608046662],[-123.88264148395149,45.69048233115124],[-123.88266149112458,45.69046857913571],[-123.8826758721852,45.69045670495268],[-123.88269082860546,45.69044522023312],[-123.88270159549324,45.69043946074593],[-123.8827127014025,45.690434048028166],[-123.88271881966145,45.6904316256257],[-123.88272366004136,45.69042971376153],[-123.88273329517096,45.69042434983695],[-123.88274293638227,45.69041391278633],[-123.88275183941096,45.690403223335025],[-123.88276628293418,45.69038655801654],[-123.88278057760229,45.69036983036575],[-123.88279247584424,45.69035331601626],[-123.88280386096332,45.69033659678844],[-123.88281251376331,45.6903254760578],[-123.88282166275123,45.690314534580175],[-123.88283491105189,45.690299960336134],[-123.8828493224424,45.69028596026763],[-123.88287783687775,45.69026114930656],[-123.88290646522688,45.69023641878495],[-123.88295965842016,45.69018997717002],[-123.88301080289311,45.690142409772974],[-123.88303413516087,45.69011734961445],[-123.88305626788446,45.6900917730546],[-123.88305971034187,45.69008778558588],[-123.88307047476867,45.69008126527899],[-123.88307287579134,45.69007982006566],[-123.8830890204398,45.690068684532335],[-123.8830956477753,45.690063516432716],[-123.88310775806612,45.69005087131304],[-123.88311898836743,45.6900387081304],[-123.88313022251182,45.69002654483546],[-123.8831397438916,45.690016257075726],[-123.88314929433122,45.69000598288208],[-123.8831676040226,45.68998928232668],[-123.88318776067867,45.6899735773858],[-123.88319634181529,45.68996748662241],[-123.88320492199824,45.689961379678415],[-123.88320909750779,45.6899577762105],[-123.88321291883834,45.689953961473904],[-123.88322047987903,45.689945927370005],[-123.88322578897095,45.689937242504996],[-123.88322921413511,45.68992699942927],[-123.88323260450939,45.68991675465729],[-123.88323621298457,45.68990563107838],[-123.88324012507485,45.68989455815365],[-123.88324490151393,45.689883130699776],[-123.88324981340297,45.68987173444797],[-123.88325223530563,45.68986599273492],[-123.88325465715495,45.689860250122905],[-123.88325644555042,45.68985583862382],[-123.88325814690154,45.68985141073115],[-123.88325775263904,45.68984776642844],[-123.88325730782668,45.6898441145822],[-123.88326026344699,45.68983938662387],[-123.88326317701912,45.68983464277249],[-123.8832648873815,45.68982938533468],[-123.88326656504415,45.68982411803669],[-123.88326895451843,45.68981585969251],[-123.88327161155033,45.68980762873314],[-123.88327785952524,45.68979651532071],[-123.88328558171685,45.689785805015255],[-123.88329252639751,45.68977605180982],[-123.88329928797039,45.68976624356699],[-123.88330613806808,45.68975466434537],[-123.88331277524075,45.689743025545475],[-123.88331615648859,45.689737889102275],[-123.88331939519728,45.689732688346076],[-123.88332118496099,45.689728038195184],[-123.88332244801826,45.68972330151704],[-123.88332307525258,45.68971898209694],[-123.88332435261172,45.68971479426025],[-123.88332906745767,45.68970784545729],[-123.88333398034901,45.68970098727589],[-123.88333883652685,45.68969423518151],[-123.88334362452828,45.68968745984529],[-123.88334774417629,45.68967978449557],[-123.88335154607324,45.68967201477962],[-123.88335949127804,45.68965882817746],[-123.8833608734336,45.68965653089021],[-123.88337019630653,45.68964103632451],[-123.88337648587004,45.68962975692635],[-123.88338251355955,45.689618415762965],[-123.88338445626326,45.6896132425504],[-123.88338672490114,45.689608149960975],[-123.88339169584201,45.68960245343859],[-123.88339690682275,45.689596862531666],[-123.88341632028691,45.68957219735066],[-123.88343576776903,45.689547542887986],[-123.88344080948403,45.68954119331572],[-123.88344586182878,45.689534849738955],[-123.88345167089884,45.689528047591544],[-123.88345751314276,45.68952126339395],[-123.8834584134666,45.689516213945495],[-123.88345959016624,45.68951127626593],[-123.88346984035245,45.68949739365256],[-123.88348009422276,45.68948350823034],[-123.88349043674685,45.689469273584194],[-123.88349993431119,45.68945471849458],[-123.88350421193104,45.68944437873758],[-123.8835062637058,45.68943363508612],[-123.88351032201926,45.68941209956702],[-123.88352313845024,45.689378311982516],[-123.88353792513013,45.68934479881192],[-123.8835454714369,45.68933038024233],[-123.88355639024036,45.68931705366327],[-123.8835834505704,45.6892961031876],[-123.88361293872612,45.68927711208474],[-123.88364758192847,45.689255249130994],[-123.88368371113125,45.68923473256587],[-123.8837236792109,45.68921742668669],[-123.88376357943551,45.68920014706533],[-123.88380192809092,45.689180385697895],[-123.88384027650841,45.689160620722085],[-123.88389392516115,45.689133302927694],[-123.88394770174278,45.689106085857915],[-123.88398966804701,45.689084532482205],[-123.88403366891178,45.68906537302501],[-123.88406546872747,45.68905628351573],[-123.8840876923368,45.689052636483325],[-123.88411000983785,45.689049427937796],[-123.88410888045993,45.68913927010929],[-123.88439992403815,45.68901459641318],[-123.88460353628481,45.68892737757998],[-123.88460617203917,45.68871732013406],[-123.88460698683551,45.688652686127256],[-123.88466237745524,45.68862895978563],[-123.88506676033754,45.688455730168876],[-123.88507006818392,45.68845432712342],[-123.88507336828201,45.688452923401435],[-123.88507667992288,45.68845151934566],[-123.88507999172228,45.68845011798641],[-123.8850832919786,45.68844871696083],[-123.88508659998296,45.688447316611565],[-123.88508990793422,45.68844591536334],[-123.88509321604413,45.688444516811614],[-123.88509652800147,45.6884431181486],[-123.88509983616397,45.68844172049559],[-123.88510314443204,45.6884403246403],[-123.8851064563889,45.68843892597697],[-123.88510976839858,45.68843752821247],[-123.8851130806726,45.68843613494231],[-123.88511639278774,45.688434738975374],[-123.8851197012667,45.68843334671516],[-123.88512301738787,45.68843195333349],[-123.88512633350896,45.68843055995168],[-123.88512964583506,45.68842916757994],[-123.88513296211457,45.68842777689461],[-123.88513627828803,45.68842638441144],[-123.8851395945672,45.688424993725924],[-123.88514291084613,45.68842360304034],[-123.88514622733658,45.68842221595021],[-123.88514954377402,45.68842082796107],[-123.88515286411179,45.6884194407595],[-123.88515618567911,45.688418052621884],[-123.88515950216897,45.68841666553135],[-123.88516281876443,45.688415280238495],[-123.88516614310798,45.688413895621984],[-123.88516946355084,45.688412510217724],[-123.88517278789408,45.688411125601],[-123.88517610849534,45.68840974289322],[-123.88517943043189,45.68840836104714],[-123.88518275488046,45.68840697822789],[-123.88518607553418,45.688405596418704],[-123.88518940404172,45.68840421708359],[-123.88519272880734,45.68840283965741],[-123.88519605330819,45.68840145773668],[-123.8851993753496,45.68840007768782],[-123.88520270786299,45.68839870093774],[-123.88520603252206,45.68839732171342],[-123.88520936113457,45.68839594417552],[-123.88521268995846,45.68839457023305],[-123.88521601605838,45.688393193668006],[-123.88521934867681,45.68839181871524],[-123.88522267750025,45.6883904447725],[-123.88522600616484,45.688389068133],[-123.88522934038275,45.688387698536204],[-123.8852326692057,45.688386324593175],[-123.88523600203496,45.68838495323547],[-123.88523933502272,45.68838358457436],[-123.8852426690813,45.68838221228048],[-123.88524600206881,45.68838084361917],[-123.88524933505612,45.68837947495775],[-123.88525267317348,45.688378106147894],[-123.88525600616053,45.688376737486294],[-123.88525934310081,45.688375370511125],[-123.8852626775288,45.688374004508894],[-123.88526601452179,45.688372638432455],[-123.88526935151452,45.68837127235588],[-123.88527268994845,45.688369908938775],[-123.88527603094731,45.68836854544742],[-123.88527936809838,45.688367182067275],[-123.88528270653177,45.688365818649864],[-123.88528604768892,45.688364457854895],[-123.88528938879298,45.688363096160955],[-123.88529273123235,45.68836173532871],[-123.88529607238897,45.68836037453343],[-123.88529941498675,45.68835901639768],[-123.88530275630185,45.688357658298905],[-123.8853061013057,45.68835629739208],[-123.88530944406175,45.68835494195272],[-123.885312789224,45.68835358374238],[-123.88531613197972,45.68835222830279],[-123.88531947730044,45.68835087278896],[-123.88532282390351,45.68834951723789],[-123.88532617323025,45.688348164309275],[-123.88532951999177,45.688346811454714],[-123.88533286167582,45.68834545964727],[-123.88533621484981,45.68834410660714],[-123.88533956161086,45.68834275375229],[-123.88534291109559,45.688341403519814],[-123.885346261704,45.68834005055355],[-123.8853496113471,45.68833870301757],[-123.88535296227262,45.68833735544446],[-123.88535631560438,45.68833600510033],[-123.88535966658256,45.68833465842589],[-123.88536302007277,45.688333310778276],[-123.88536637115644,45.68833196590141],[-123.88536972592887,45.68833061821649],[-123.88537307957732,45.68832927326525],[-123.88537643456108,45.688327929175735],[-123.88537978836793,45.68832658692099],[-123.88538314329848,45.688325241932375],[-123.88538650095273,45.68832389956616],[-123.8853898560946,45.688322558172935],[-123.88539321390729,45.68832121850317],[-123.88539657669125,45.68831987598837],[-123.8853999319914,45.688318537291444],[-123.8854032898036,45.68831719762146],[-123.8854066488982,45.68831585791421],[-123.88541000692175,45.68831452183954],[-123.88541337002243,45.688313184717565],[-123.8854167292753,45.68831184770672],[-123.88542009114603,45.688310511520505],[-123.885423454405,45.688309177094915],[-123.88542681750502,45.688307839972474],[-123.88543017953407,45.68830650648267],[-123.8854335429513,45.688305174753424],[-123.88543690626251,45.68830384122632],[-123.88544027224458,45.68830250942269],[-123.885443635873,45.68830118128872],[-123.8854470029785,45.68829984675117],[-123.88545036917174,45.68829851854284],[-123.8854537364357,45.688297186701746],[-123.88545710385822,45.6882958575572],[-123.88546046636208,45.688294532156505],[-123.8854638376849,45.68829320379942],[-123.88546720526568,45.68829187735128],[-123.88547057674701,45.688290551690685],[-123.88547394689256,45.688289225168184],[-123.8854773145259,45.68828789961864],[-123.8854806861125,45.688286575755484],[-123.88548405775185,45.688285252791175],[-123.88548742810856,45.68828392986382],[-123.88549080370106,45.68828260858582],[-123.88549417533999,45.688281285621194],[-123.8854975509322,45.68827996434299],[-123.88550091759936,45.68827864422319],[-123.88550429709191,45.6882773237324],[-123.88550767284242,45.688276005150584],[-123.88551104864568,45.68827468746754],[-123.88551442444881,45.688273369784405],[-123.88551780025179,45.68827205210115],[-123.88552117872554,45.68827073614143],[-123.885524554687,45.688269421154665],[-123.8855279344959,45.68826810605652],[-123.88553131425174,45.688266790059444],[-123.88553469037143,45.688265477769015],[-123.88553807418636,45.688264165256],[-123.88554145399465,45.68826285015749],[-123.8855448328377,45.68826154048932],[-123.88554821275153,45.688260227188344],[-123.88555159656578,45.68825891467498],[-123.88555497684966,45.688257607666074],[-123.88555836098115,45.68825630054578],[-123.88556174495368,45.68825499072875],[-123.88556512892605,45.68825368091166],[-123.88556851321582,45.68825237648773],[-123.8855718972937,45.688251068468176],[-123.88557528158309,45.6882497640441],[-123.88557867340897,45.68824845670068],[-123.88558205641547,45.68824715231349],[-123.88558544102197,45.688245853282446],[-123.88558882899966,45.688244546050015],[-123.88559221729471,45.688243244210824],[-123.88559560558966,45.68824194237158],[-123.88559899388439,45.68824064053219],[-123.8856023860266,45.68823933858143],[-123.88560577447986,45.688238039438566],[-123.88560916678054,45.688236740184266],[-123.88561255523341,45.68823544104116],[-123.88561594769259,45.68823414448338],[-123.8856193399928,45.68823284522879],[-123.88562273245164,45.68823154867077],[-123.88562612506911,45.688230254809376],[-123.88562951758054,45.68822895915003],[-123.88563291019766,45.68822766528842],[-123.88563630650359,45.68822636861874],[-123.88563970312678,45.68822507734231],[-123.88564310087368,45.68822378333205],[-123.8856464974966,45.68822249205543],[-123.88564989411941,45.688221200778734],[-123.88565329079492,45.68821991040074],[-123.88565668725866,45.6882186164272],[-123.8856600841985,45.68821733054347],[-123.88566348482706,45.688216041851796],[-123.88566688160786,45.688214753271204],[-123.88567028228901,45.688213465478185],[-123.8856736830759,45.688212179482875],[-123.88567708386266,45.688210893487394],[-123.88568048593177,45.68820960745478],[-123.88568388677109,45.688208322357994],[-123.88568728771612,45.688207039058945],[-123.88569069250866,45.68820575564848],[-123.88569409350627,45.6882044732481],[-123.8856974981398,45.68820318714081],[-123.88570090453189,45.68820190908629],[-123.88570430937673,45.688200626574336],[-123.88570771432724,45.688199345860085],[-123.88571111943638,45.68819806784234],[-123.88571452443952,45.68819678802678],[-123.88571793339602,45.688195509897604],[-123.88572133978718,45.68819423184249],[-123.88572474879635,45.688192954612],[-123.88572815406343,45.6881916792905],[-123.88573156323103,45.688190404756455],[-123.88573497234546,45.68818912932343],[-123.88573838279527,45.688187854752144],[-123.8857417959159,45.688186581904326],[-123.88574520524158,45.68818531006659],[-123.88574861451424,45.68818403732988],[-123.88575202896979,45.688182765343576],[-123.88575544593746,45.68818149238407],[-123.88575885157364,45.688180223353854],[-123.88576226613463,45.68817895316503],[-123.88576567962464,45.688177686608746],[-123.88576909290275,45.68817641645681],[-123.8857725102401,45.68817514978904],[-123.88577592501218,45.6881738831954],[-123.88577934229623,45.688172615628574],[-123.8857827557855,45.688171349071766],[-123.8857861745106,45.68817008416427],[-123.88578959200592,45.68816882019269],[-123.88579300950111,45.688167556221],[-123.88579642838455,45.68816629400991],[-123.88579984603814,45.688165032734695],[-123.88580326353289,45.68816376876268],[-123.88580668642223,45.68816250913672],[-123.88581010407543,45.688161247861174],[-123.88581352573493,45.688159989170984],[-123.88581694867676,45.688158730443554],[-123.88582037028299,45.688157470854215],[-123.88582379322456,45.68815621212664],[-123.88582721504217,45.68815495613265],[-123.8858306368596,45.68815370013859],[-123.88583406375422,45.688152443097174],[-123.88583748573016,45.68815118979958],[-123.8858409125186,45.68814993096018],[-123.88584433850062,45.688148680247764],[-123.88584776191742,45.68814742960948],[-123.88585119158807,45.68814617608895],[-123.88585461372199,45.68814492548751],[-123.88585804493947,45.68814367642412],[-123.88586147076201,45.68814242301454],[-123.88586489802573,45.688141172264416],[-123.8858683280131,45.68813992413674],[-123.88587175912414,45.68813867327515],[-123.88587518542239,45.68813742795518],[-123.88587861669193,45.68813617979009],[-123.88588204699629,45.6881349370553],[-123.8858854782655,45.68813368888997],[-123.8858889122584,45.68813244334706],[-123.8858923436861,45.688131197878235],[-123.88589577398987,45.68812995514305],[-123.88589920942367,45.688128712259356],[-123.8859026435748,45.68812746941272],[-123.88590607531935,45.6881262293368],[-123.88590950947018,45.68812498648992],[-123.88591294506213,45.68812374630257],[-123.88591638321908,45.68812250604087],[-123.88591981896953,45.68812126854997],[-123.88592325456105,45.688120028362256],[-123.88592669287632,45.68811879079691],[-123.88593012867925,45.688117554204595],[-123.8859335671529,45.688116319335734],[-123.88593700675027,45.688115081733066],[-123.88594044650624,45.6881138468269],[-123.88594388497954,45.68811261195778],[-123.88594732489398,45.68811137974807],[-123.88595076341988,45.688110145777614],[-123.88595420702292,45.688108910759766],[-123.88595764709568,45.68810768124647],[-123.88596108973343,45.688106451658854],[-123.88596453349476,45.68810521933743],[-123.88596797746767,45.68810399061143],[-123.88597142010491,45.688102761023494],[-123.88597486402456,45.68810153139844],[-123.88597830682032,45.688100304506946],[-123.88598175095142,45.68809907847722],[-123.88598519871829,45.68809784874055],[-123.88598864167237,45.68809662454544],[-123.88599208596177,45.68809540121206],[-123.8859955378934,45.68809417675715],[-123.88599898597722,45.68809295241337],[-123.8860024328313,45.68809172900549],[-123.88600588492126,45.68809050724695],[-123.8860093293687,45.68808928660968],[-123.88601277632819,45.68808806499929],[-123.88601622841769,45.688086843240455],[-123.88601967302347,45.68808562529957],[-123.8860231291191,45.68808440612586],[-123.88602658013734,45.68808318799934],[-123.88603003238502,45.688081968936736],[-123.88603348484433,45.68808075346955],[-123.88603693709172,45.688079534406704],[-123.88604038826809,45.68807831897642],[-123.88604384083278,45.68807710530675],[-123.88604729713909,45.68807588972791],[-123.88605074970349,45.68807467605801],[-123.88658169655531,45.68790502889935],[-123.886585303924,45.68790397911374],[-123.88658889985545,45.687902931459696],[-123.88659250204077,45.68790188092335],[-123.886596105879,45.687900836642065],[-123.88659970822278,45.687899788802184],[-123.88660331190191,45.68789874182399],[-123.88660691589853,45.68789770023902],[-123.88661051840077,45.687896655095486],[-123.88661412223833,45.68789561081362],[-123.88661773002926,45.68789456821807],[-123.88662133274279,45.687893526669754],[-123.88662494069224,45.68789248677072],[-123.88662854853571,45.687891445073774],[-123.8866321514077,45.68789040622177],[-123.88663575951557,45.687889369019054],[-123.88663936767624,45.68788833271511],[-123.88664297439547,45.68788729375148],[-123.8866465863506,45.68788625643717],[-123.88665019451085,45.68788522013285],[-123.88665380154723,45.68788418656222],[-123.88665741366074,45.6878831519442],[-123.88666102197946,45.68788211833626],[-123.88666463430445,45.68788108731359],[-123.88666824513506,45.6878800527323],[-123.88667186146621,45.6878790242948],[-123.8866754699432,45.68787799338306],[-123.88667908226766,45.68787696235993],[-123.88668269346829,45.68787593407041],[-123.886686309746,45.68787490473354],[-123.88668992238769,45.687873879103385],[-123.88669353887688,45.68787285336189],[-123.88669715023573,45.68787182776858],[-123.88670076672472,45.68787080202684],[-123.8867043793659,45.687869776396234],[-123.886707999861,45.68786875323963],[-123.88671161137813,45.68786773034257],[-123.88671523197885,45.68786670898349],[-123.88671885263238,45.6878656885232],[-123.8867224655905,45.6878646682854],[-123.8867260823962,45.687863647936155],[-123.88672970304934,45.68786262747551],[-123.88673332257855,45.68786160974856],[-123.88673694339025,45.687860591984354],[-123.88674056420182,45.687859574220035],[-123.88674418148327,45.68785856196027],[-123.88674780245334,45.68785754689239],[-123.88675142727097,45.68785653171313],[-123.88675504829374,45.6878555175439],[-123.8867586719874,45.68785450509819],[-123.8867622931158,45.68785349272654],[-123.88676591440284,45.68785248305146],[-123.88676953937863,45.687851470568255],[-123.88677316066543,45.687850460892946],[-123.88677678579975,45.68784945110621],[-123.88678041109272,45.687848444016026],[-123.88678403643853,45.68784743782463],[-123.88678766044876,45.68784643077135],[-123.886791289589,45.687845423569506],[-123.88679491504028,45.68784441917556],[-123.88679854049147,45.68784341478148],[-123.88680216984312,45.68784241117488],[-123.88680579545284,45.68784140947726],[-123.88680942491007,45.687840407668176],[-123.8868130542613,45.68783940406125],[-123.88681668387707,45.68783840494868],[-123.8868203133339,45.687837403139255],[-123.8868239429494,45.68783640402645],[-123.88682757261778,45.687835405812386],[-123.8868312022331,45.687834406699295],[-123.88683483606643,45.687833413767045],[-123.88683846584024,45.68783241735046],[-123.88684209946157,45.687831420822384],[-123.88684573329448,45.68783042788978],[-123.88684936322676,45.68782943416952],[-123.88685299705949,45.687828441236704],[-123.88685663083916,45.68782744740489],[-123.88686026483042,45.68782645716852],[-123.88686390261621,45.6878254659218],[-123.88686753660721,45.68782447568518],[-123.88687117070396,45.68782348724626],[-123.8868748087012,45.68782249959482],[-123.88687844279771,45.68782151115564],[-123.88688208095346,45.68782052620062],[-123.88688571873851,45.68781953495323],[-123.88688935320519,45.687818552806],[-123.88689299146648,45.68781756964835],[-123.88689663346936,45.68781658458156],[-123.88690027178332,45.68781560232266],[-123.88690391004417,45.68781461916472],[-123.88690754851666,45.68781363960222],[-123.8869111919075,45.68781265629566],[-123.88691483037974,45.687811676732935],[-123.88691847301716,45.68781070245217],[-123.88692211517801,45.68780972008125],[-123.88692575375575,45.68780874231592],[-123.88692939623392,45.687807765338135],[-123.8869330388708,45.68780679105688],[-123.88693668129588,45.68780581317995],[-123.88694032393248,45.68780483889847],[-123.886943971858,45.68780386716512],[-123.88694761449437,45.68780289288339],[-123.88695125728948,45.68780192129827],[-123.8869549038791,45.687800948702765],[-123.8869585506804,45.68779997970275],[-123.88696219347513,45.687799008117274],[-123.88696584155868,45.68779803907989],[-123.88696948835961,45.68779707007952],[-123.88697313131279,45.687796101190365],[-123.88697678612628,45.68779513736047],[-123.88698042902627,45.6877941675722],[-123.88698408383958,45.687793203742046],[-123.88698772839238,45.68779224020867],[-123.88699138320548,45.687791276378334],[-123.88699502647552,45.687790312881816],[-123.88699868144714,45.687789351747924],[-123.88700232487575,45.68778839094784],[-123.88700598112969,45.68778742977659],[-123.88700963225331,45.68778646875368],[-123.88701328353565,45.687785510427254],[-123.88701693481785,45.68778455210081],[-123.8870205873825,45.68778359373708],[-123.88702424272384,45.68778263889461],[-123.88702789400566,45.68778168056776],[-123.88703154945267,45.68778072752285],[-123.88703520217558,45.68777977185533],[-123.88703885762237,45.68777881881015],[-123.88704251306895,45.687777865764886],[-123.88704616979801,45.687776912682395],[-123.88704982524433,45.68777595963691],[-123.88705348090231,45.687775010186854],[-123.88705713650731,45.687774059837786],[-123.88706079355346,45.687773112148186],[-123.88706445300582,45.68777216168755],[-123.88706810882213,45.68777121493371],[-123.88707176987442,45.6877702698291],[-123.88707542563756,45.68776932217612],[-123.88707908925464,45.68776837699713],[-123.8870827465119,45.687767432902334],[-123.88708640628113,45.68776648783439],[-123.8870900662091,45.68776554546298],[-123.88709372747243,45.687764603953234],[-123.88709738740008,45.68776366158161],[-123.88710104748648,45.68776272190653],[-123.88710471275587,45.68776178298183],[-123.88710837284202,45.687760843306464],[-123.88711203677572,45.68775990351974],[-123.88711569835591,45.68775896740265],[-123.88711936260698,45.68775803300904],[-123.8871230278758,45.68775709408368],[-123.8871266919678,45.68775615699315],[-123.88713035627141,45.687755223498066],[-123.88713402180456,45.68775428906688],[-123.88713768626684,45.68775335826823],[-123.88714135179967,45.68775242383679],[-123.88714502010933,45.687751492926616],[-123.88714868451827,45.68775056122867],[-123.88715235426902,45.68774963297779],[-123.88715601883649,45.687748703976375],[-123.88715968473939,45.68774777583657],[-123.88716335705485,45.68774684751115],[-123.88716702691103,45.6877459210576],[-123.88717069553746,45.68774499553993],[-123.88717436411082,45.68774406912326],[-123.8871780341784,45.68774314626491],[-123.88718170280447,45.687742220746856],[-123.88718537682531,45.68774129957475],[-123.88718904560994,45.687740376753176],[-123.88719271968351,45.687739456479704],[-123.88719638862676,45.6877385363546],[-123.88720006264711,45.68773761518198],[-123.88720373159015,45.687736695056635],[-123.88720740982849,45.687735780064735],[-123.88721108261886,45.68773485982779],[-123.88721475695642,45.687733944048084],[-123.88721842990539,45.6877330265076],[-123.88722210429565,45.687732111626545],[-123.88722578125089,45.68773119667119],[-123.88722945579975,45.68773028448657],[-123.88723313286057,45.68772937132874],[-123.88723680740918,45.68772845914391],[-123.88724048452275,45.687727546884716],[-123.88724416307757,45.68772663728502],[-123.88724783778467,45.68772572779649],[-123.88725151505668,45.68772481823362],[-123.88725519376999,45.6877239113302],[-123.88725887488945,45.68772300165583],[-123.88726255376135,45.68772209744884],[-123.88726623119173,45.687721190582195],[-123.8872699100634,45.687720286375026],[-123.88727359278258,45.687719382056365],[-123.88727727037144,45.68771847788605],[-123.8872809530904,45.68771757356718],[-123.88728463468551,45.68771667198194],[-123.88728831756306,45.687715770359524],[-123.88729200059927,45.68771487143365],[-123.88729568219404,45.6877139698481],[-123.88729936523008,45.68771307092197],[-123.88730304714223,45.68771217472948],[-123.88730673017801,45.68771127580315],[-123.88731041342547,45.687710380472254],[-123.88731409918495,45.687709484168124],[-123.88731778269683,45.68770859333142],[-123.88732146957976,45.68770769429327],[-123.88732515549773,45.687706800685504],[-123.88732883900936,45.687705909848425],[-123.88733252626255,45.68770501710216],[-123.88733621233895,45.68770412619067],[-123.88733989969782,45.687703235241955],[-123.88734358705656,45.68770234429315],[-123.8873472771921,45.6877014568655],[-123.88735096470938,45.68770056861313],[-123.88735465222662,45.687699680360616],[-123.88735834252061,45.6876987956293],[-123.8873620301965,45.68769791007322],[-123.88736572171983,45.68769702440574],[-123.88736941201344,45.687696139674095],[-123.88737309984776,45.68769525681431],[-123.88737679152962,45.68769437384313],[-123.8873804832643,45.687693491770695],[-123.88738417382221,45.687692611533],[-123.88738786186788,45.68769173226833],[-123.88777594177179,45.68759918025031],[-123.88871938609756,45.68741197587368],[-123.88943437057024,45.68727009869565],[-123.88943811059518,45.68726944836773],[-123.88944185970365,45.68726879957748],[-123.88944560373497,45.68726815183454],[-123.88944935171972,45.687267505777896],[-123.88945310119881,45.687266863279525],[-123.88945684955421,45.68726622351485],[-123.88946059929798,45.687265585510694],[-123.88946434781217,45.68726494844239],[-123.88946810161526,45.687264313922164],[-123.88947184644066,45.68726367966174],[-123.88947560435604,45.6872630495243],[-123.88947936104191,45.68726242032277],[-123.88948311147385,45.687261794003426],[-123.88948686447087,45.6872611676097],[-123.88949061906811,45.68726054657208],[-123.889494380078,45.68725992534865],[-123.88949813098641,45.68725930711884],[-123.88950188445986,45.68725868881462],[-123.88950564722879,45.68725807564369],[-123.88950940492053,45.6872574635201],[-123.8895131640006,45.68725685315701],[-123.88951692564574,45.687256242719535],[-123.88952068504351,45.687255637749516],[-123.88952444818288,45.68725503087023],[-123.88952821046342,45.68725443121901],[-123.88953197001997,45.68725382894531],[-123.88953573251227,45.68725323288945],[-123.88953949623406,45.68725263589739],[-123.88954326385637,45.687252039692765],[-123.88954702661334,45.68725144813098],[-123.88955079070577,45.687250857430804],[-123.8895545589106,45.68725027111358],[-123.88955832572682,45.68724968303561],[-123.88956209414337,45.68724910031365],[-123.8895658625069,45.68724851669274],[-123.88956962979972,45.68724793670437],[-123.88957339853393,45.687247359375384],[-123.88957717111558,45.6872467819349],[-123.88958093888503,45.6872462100362],[-123.88958471173149,45.68724563708991],[-123.88958848478971,45.68724506773907],[-123.88959225784797,45.687244498388075],[-123.88959602978252,45.6872439317708],[-123.88959980315842,45.687243367812904],[-123.88960358054081,45.68724280644018],[-123.88960735423449,45.68724224787538],[-123.889611130705,45.687241692831776],[-123.88961490439854,45.687241134266706],[-123.88961868225745,45.687240580983485],[-123.88962246011627,45.68724002770014],[-123.88962623813399,45.68723947711335],[-123.88963001892851,45.687238930047656],[-123.88963379742289,45.68723838755063],[-123.88963757575823,45.68723784235679],[-123.88964135815301,45.68723730064699],[-123.88964513680607,45.68723676084617],[-123.88964892336612,45.68723622441807],[-123.8896527008955,45.687235687350885],[-123.88965648761442,45.68723515361917],[-123.88966027059155,45.68723462179653],[-123.8896640537806,45.687234093569295],[-123.88966783696956,45.687233565341934],[-123.88967162427095,45.68723304149753],[-123.88967541162526,45.687232518551866],[-123.88967919513192,45.687231995717454],[-123.88968298152137,45.68723147820201],[-123.88968676919336,45.687230960649366],[-123.88969055702418,45.68723044579317],[-123.88969434880849,45.68722993262329],[-123.88969813679813,45.68722942046354],[-123.88970192109909,45.687228911111774],[-123.88970571710158,45.6872284041223],[-123.88970950941543,45.68722789994077],[-123.8897132979346,45.68722739676944],[-123.88971709056622,45.68722689798102],[-123.88972088319771,45.68722639919245],[-123.88972467582917,45.68722590040376],[-123.88972846893742,45.68722540970498],[-123.88973226562825,45.68722491440021],[-123.88973605873632,45.68722442370114],[-123.88973985585086,45.68722393558725],[-123.8897436491707,45.68722344848349],[-123.88974744644408,45.68722296306604],[-123.8897512439293,45.68722248124397],[-123.88975504152042,45.687222001219524],[-123.88975883932338,45.68722152479054],[-123.8897626370733,45.68722104746258],[-123.88976643134649,45.68722057653807],[-123.88977023679143,45.68722009898706],[-123.88977403522993,45.687219633344235],[-123.88977783719808,45.68721916219656],[-123.88978163563645,45.68721869655349],[-123.88978543931083,45.68721823255953],[-123.8897892417556,45.68721776950147],[-123.88979304082959,45.687217314644734],[-123.88979684728075,45.68721685417169],[-123.88980065004324,45.687216396506585],[-123.88980445312355,45.68721594423474],[-123.8898082600514,45.68721549185132],[-123.88981206329052,45.68721504227581],[-123.88981587181864,45.6872145952484],[-123.88981967521659,45.68721414836935],[-123.88982348262104,45.687213704075454],[-123.88982729018434,45.68721326247804],[-123.88983109795953,45.68721282447609],[-123.88983490199305,45.68721238838321],[-123.88983871500423,45.68721195203026],[-123.88984252309714,45.687211519421275],[-123.88984633514355,45.68721108849857],[-123.88985013949473,45.68721065779848],[-123.88985395175293,45.68721023047106],[-123.88985776026945,45.68720980505271],[-123.88986157412796,45.68720938308121],[-123.88986538680987,45.68720896294446],[-123.88986919569713,45.68720854381797],[-123.88987300859081,45.687208127276584],[-123.88987682287295,45.687207712495656],[-123.88988063592556,45.68720729865071],[-123.88988444913697,45.68720688750228],[-123.88988826261328,45.68720648084814],[-123.88989208111371,45.68720607224756],[-123.88989589480185,45.68720566918876],[-123.88989762227214,45.68720548680945],[-123.88989971233752,45.687205266018374],[-123.8899035261845,45.68720486565599],[-123.88990734532047,45.68720446784159],[-123.88991115948524,45.68720407287222],[-123.88991497749754,45.68720367779139],[-123.88991879695129,45.687203285369925],[-123.8899226152814,45.687202895682134],[-123.88992643361145,45.68720250599425],[-123.88993024841176,45.68720212181097],[-123.88993407218967,45.68720173736762],[-123.88993789089045,45.68720135397156],[-123.88994171370372,45.68720097495835],[-123.88994553379288,45.687200593322714],[-123.88994935312931,45.687200220712946],[-123.88995317626025,45.68719984709273],[-123.88995700083272,45.68719947613195],[-123.88996082048689,45.68719910891511],[-123.88996464377666,45.68719873799119],[-123.88996846871977,45.68719837332222],[-123.88997229232737,45.68719800779141],[-123.88997611758838,45.68719764851553],[-123.88997994156675,45.68719728927666],[-123.88998376565102,45.687196931835445],[-123.88998759122975,45.68719657795252],[-123.88999141552587,45.687196224106664],[-123.88999523998092,45.68719587295729],[-123.88999906967203,45.687195523457014],[-123.89000289444489,45.68719517770071],[-123.8900067243478,45.68719483179572],[-123.8900105492796,45.68719448873584],[-123.89001437950027,45.68719414822399],[-123.89001820859741,45.68719381044574],[-123.89002203384689,45.6871934727788],[-123.89002586454443,45.687193140356555],[-123.8900296939593,45.68719280797128],[-123.8900335246567,45.68719247554878],[-123.89003735444238,45.687192149455505],[-123.89004118545762,45.687191822426016],[-123.89004501534923,45.687191498130275],[-123.89004884668225,45.687191176493876],[-123.8900526767857,45.687190855793425],[-123.89005651084267,45.68719053677921],[-123.89006034249346,45.68719022053578],[-123.89006417692123,45.68718990781351],[-123.89006800873096,45.687189594266535],[-123.89007183962896,45.68718928704876],[-123.89007567560405,45.68718897878338],[-123.89007951034962,45.68718867145399],[-123.89008334284794,45.687188369592],[-123.89008717785829,45.68718806675671],[-123.89009101436314,45.68718776747981],[-123.8900948497443,45.68718747093652],[-123.89009868635497,45.68718717345709],[-123.89010252205401,45.687186882306875],[-123.89010635502902,45.68718658853414],[-123.89011019104588,45.687186302777015],[-123.89011403203388,45.68718601417455],[-123.8901178696511,45.68718573377334],[-123.89012170566785,45.687185448015825],[-123.89012554312609,45.687185164917736],[-123.89012937961964,45.68718488724994],[-123.89013322124325,45.687184609433494],[-123.89013705789573,45.687184334462145],[-123.89014089983718,45.68718406203878],[-123.89014473686046,45.68718379335938],[-123.89014857511327,45.6871835237438],[-123.89015241609,45.687183256750565],[-123.89015625850821,45.68718299241667],[-123.89016009713183,45.68718272909293],[-123.89016393858536,45.68718247018928],[-123.89016778137443,45.687182212147235],[-123.89017161913925,45.68718195605141],[-123.8901754622461,45.68718170340244],[-123.89017930914757,45.68718144974301],[-123.89018314744216,45.687181202635685],[-123.89018699081393,45.68718095448075],[-123.89019083279709,45.68718070456507],[-123.89019467669856,45.6871804653988],[-123.89019852038813,45.68718022263684],[-123.89020236300708,45.687179983507455],[-123.89020620706746,45.68717974703749],[-123.89021004984531,45.68717951060448],[-123.89021389406456,45.687179276830896],[-123.89021773838984,45.68717904485494],[-123.89022158164443,45.68717881651156],[-123.89022543002919,45.68717858801954],[-123.89022927488419,45.687178365032075],[-123.89023311861558,45.68717814477831],[-123.89023696737114,45.6871779225781],[-123.89024081110252,45.68717770232408],[-123.89024465643435,45.68717748742614],[-123.89024850545468,45.68717726971996],[-123.89025234982184,45.687177060252225],[-123.89025619921313,45.68717684883806],[-123.89026004486267,45.6871766393329],[-123.89026389323634,45.687176432450045],[-123.89026773925684,45.68717622923689],[-123.89027158923086,45.68717602770994],[-123.8902754379223,45.687175826220034],[-123.89027928426061,45.6871756283998],[-123.89028313086389,45.68717543507391],[-123.89028698361481,45.687175237067734],[-123.89029083027103,45.68717504464045],[-123.8902946810397,45.68717485659605],[-123.89029853057882,45.68717466948762],[-123.89030238140046,45.68717448234185],[-123.89030622863946,45.68717429980186],[-123.89031007977896,45.68717411804917],[-123.89031392979487,45.68717393903016],[-123.8903177812523,45.68717376267057],[-123.89032162886207,45.68717358642224],[-123.8903254830435,45.687173412684814],[-123.89032933481877,45.68717324171815],[-123.89033318675298,45.68717307344804],[-123.8903370335571,45.68717290532637],[-123.89034088580924,45.68717274244932],[-123.89034473790231,45.687172576875476],[-123.89034859031337,45.687172416694864],[-123.89035244160083,45.68717225924791],[-123.89035629417079,45.68717210176371],[-123.89036014695272,45.68717194787491],[-123.89036399855803,45.68717179582088],[-123.89036785144592,45.687171643729634],[-123.89037170470465,45.68717149793045],[-123.89037556175799,45.6871713511208],[-123.89037941368122,45.68717120445963],[-123.89038326725787,45.687171064053395],[-123.89038712078147,45.68717092274814],[-123.89039097451709,45.687170785038276],[-123.89039482712907,45.68717065006217],[-123.8903986811296,45.6871705168465],[-123.89040253518307,45.68717038452961],[-123.89040638939552,45.68717025490925],[-123.89041024243134,45.68717012712371],[-123.89041409696166,45.68717000289644],[-123.89041795918715,45.68716987844624],[-123.8904218100289,45.687169757026744],[-123.8904256635946,45.68716963822958],[-123.89042951854874,45.687169521192914],[-123.89043337355598,45.687169405054966],[-123.89043722872208,45.687169291613614],[-123.8904410827647,45.6871691809059],[-123.89044493424217,45.68716907027233],[-123.89044879763337,45.6871689655966],[-123.89045265327633,45.687168860244746],[-123.8904565077958,45.68716875762651],[-123.8904603639157,45.6871686603643],[-123.89046421971763,45.687168557708716],[-123.89046807604947,45.68716846404183],[-123.89047193232831,45.687168369475934],[-123.8904757873246,45.6871682749471],[-123.8904796439744,45.68716818667319],[-123.89048350041212,45.68716809480357],[-123.89048735737984,45.6871680119227],[-123.89049121685959,45.68716792806858],[-123.89049507382727,45.68716784518749],[-123.89049893105984,45.6871677668007],[-123.89050278850445,45.687167692009325],[-123.89050664557804,45.68716761092563],[-123.89051050189902,45.6871675388678],[-123.89051435565501,45.687167466884134],[-123.8905182172651,45.687167397374154],[-123.89052207513353,45.687167329773246],[-123.89052593193142,45.68716726580491],[-123.89052979001188,45.68716720179929],[-123.89053364841021,45.68716714318692],[-123.89053750664962,45.6871670818777],[-123.89054136520699,45.6871670259617],[-123.8905452186342,45.68716697019412],[-123.89054907735046,45.687166916974576],[-123.89055293622576,45.68716686645151],[-123.89055679541896,45.687166821321675],[-123.89056065429425,45.68716677079835],[-123.89056451225791,45.68716672660429],[-123.89056836776253,45.687166684282126],[-123.89057222743263,45.68716664724176],[-123.89057608678483,45.68716660480791],[-123.89057994650794,45.687166568666186],[-123.89058380120699,45.68716653447068],[-123.89058766124803,45.68716650372201],[-123.89059152139512,45.68716647477097],[-123.89059537774757,45.68716644683015],[-123.89059923805365,45.68716642057556],[-123.89060309328256,45.687166395368266],[-123.89060695390657,45.68716637450674],[-123.89061081458354,45.68716635454396],[-123.89061467157192,45.68716633738914],[-123.89061853235488,45.68716631922388],[-123.89062238837867,45.6871663074993],[-123.89062624584406,45.68716629843406],[-123.89063010715691,45.68716628925729],[-123.89063396478127,45.68716628288847],[-123.89063782235259,45.68716627562067],[-123.89064168270095,45.687166271873984],[-123.8906455406432,45.687166270898175],[-123.89064939874449,45.68716627261881],[-123.89065326469985,45.687166276813166],[-123.89065711916551,45.68716628224059],[-123.89066097630224,45.68716628939138],[-123.8906648348805,45.687166299201536],[-123.89066869361767,45.68716631170821],[-123.89067255235489,45.68716632421479],[-123.89067641125106,45.687166339417885],[-123.8906802690767,45.68716635825359],[-123.89068412829089,45.68716637884977],[-123.89068798755802,45.68716640034471],[-123.89069184693122,45.687166423637265],[-123.89069569748567,45.68716644988642],[-123.89069956107744,45.68716647935952],[-123.89070342076853,45.68716650804504],[-123.8907072845193,45.68716654021456],[-123.89071113688622,45.687166575414906],[-123.89071499705437,45.687166612190055],[-123.89071885599296,45.68716664990107],[-123.89072271252547,45.687166690382945],[-123.8907265730116,45.687166732551034],[-123.8907304298621,45.68716677842599],[-123.89073428558913,45.6871668270346],[-123.89073814644621,45.68716687549452],[-123.89074200361478,45.6871669267624],[-123.89074585709467,45.687166980838235],[-123.89074971826979,45.687167034691136],[-123.89075357832135,45.68716709127766],[-123.89075743580787,45.68716714793834],[-123.89076129377138,45.687167212688905],[-123.89076515542348,45.68716727463124],[-123.89076900969845,45.68716734218961],[-123.89077286653841,45.687167409673606],[-123.8907767248199,45.687167479816985],[-123.89078057930688,45.687167550970564],[-123.89078443774737,45.687167623810325],[-123.89078829634695,45.68716769934665],[-123.89079215002837,45.687167778626986],[-123.89079600894586,45.687167859556354],[-123.89079986786344,45.687167940485644],[-123.89080372330436,45.687168027818416],[-123.89080758093947,45.68716810878458],[-123.89081143669839,45.68716820151045],[-123.89081529229836,45.68716829153952],[-123.89081914800437,45.68716838336619],[-123.8908230077699,45.687168478676895],[-123.89082686240545,45.687168574136095],[-123.89083071858842,45.68716867405237],[-123.8908345748245,45.687168774867445],[-123.89083843121948,45.68716887837909],[-123.89084228633197,45.687168981927734],[-123.89084614304505,45.68716909083241],[-123.8908499959105,45.68716919984839],[-123.89085385272955,45.68716931055061],[-123.89085770831915,45.687169422188745],[-123.89086156166162,45.68716953929434],[-123.89086541890471,45.68716965718729],[-123.89086927240623,45.68716977698927],[-123.89087312879083,45.687169902110185],[-123.89087698229238,45.68717002191195],[-123.89088083611198,45.687170147106904],[-123.89088469393812,45.687170274887],[-123.89088854668718,45.68717040371436],[-123.89089240098382,45.68717053699893],[-123.89089625528041,45.68717067028337],[-123.89090010978909,45.68717080716321],[-123.8909039631212,45.68717094587789],[-123.89090781394127,45.68717108556561],[-123.890911668874,45.68717122963616],[-123.89091552385965,45.68717137460552],[-123.89091937366227,45.687171518824414],[-123.89092322896606,45.68717166918682],[-123.89092708042222,45.68717181966055],[-123.89093093583197,45.6871719718205],[-123.89093478632365,45.68717212772442],[-123.89093863809791,45.687172283591096],[-123.89094249003115,45.6871724421543],[-123.89094634078789,45.6871726025523],[-123.89095018919164,45.68717276662],[-123.89095404544952,45.68717293316142],[-123.89095789785989,45.68717309981408],[-123.89096174914671,45.68717326920043],[-123.89096559802748,45.68717344135763],[-123.89096945075589,45.68717361340326],[-123.8909732985132,45.68717378829404],[-123.89097715155968,45.687173965732704],[-123.89098100097054,45.68717414687827],[-123.89098484920494,45.687174329858664],[-123.89098869872193,45.68717451280173],[-123.89099255208643,45.687174695633274],[-123.8909964021334,45.687174887564936],[-123.89100024683836,45.68717507604957],[-123.8910040969914,45.687175269778784],[-123.89100794719747,45.68717546440678],[-123.89101179622703,45.68717566086958],[-123.89101564258557,45.68717585560874],[-123.89101949321575,45.68717605742747],[-123.89102333492129,45.68717626040494],[-123.89102718571047,45.68717646492008],[-123.89103103671172,45.68717667303063],[-123.89103488258293,45.687176881289616],[-123.89103872599505,45.68717709142057],[-123.89104257731434,45.68717730492405],[-123.8910464236626,45.687177521272645],[-123.89105026744582,45.68717773769543],[-123.89105411523572,45.68717795670332],[-123.89105796190205,45.68717817844488],[-123.89106180595039,45.68717839936173],[-123.89106564908724,45.68717862660779],[-123.89106949735421,45.68717885370513],[-123.89107334198565,45.68717908450934],[-123.89107718143401,45.687179314563146],[-123.8910810300191,45.687179547053475],[-123.89108487491559,45.68717978235172],[-123.89189896849032,45.68722988062656],[-123.89194867576187,45.687281880639446],[-123.89195286564079,45.68729591570113],[-123.89195512955523,45.68732088276913],[-123.8919585825576,45.68733235676606],[-123.89196612564696,45.687341448603],[-123.8919907794791,45.68735894088844],[-123.89203081535993,45.68738301261731],[-123.89205314722551,45.68739335167148],[-123.89207758257294,45.68740210716304],[-123.89211502642947,45.68741239915467],[-123.89214310993778,45.68741844581234],[-123.89218545935422,45.687424541948225],[-123.89222834391069,45.687426729135],[-123.89228655494156,45.68742405475693],[-123.89234390735119,45.687417518102045],[-123.89236964642375,45.68741254662745],[-123.89240787108851,45.68740233758156],[-123.8924461770959,45.68739416112187],[-123.8924691095727,45.68739327152786],[-123.89248639218337,45.687395218996805],[-123.8925124001885,45.68740173269814],[-123.89253846428285,45.68741178883396],[-123.89254378037212,45.68741592530812],[-123.89254539284742,45.687420610307576],[-123.89254386414228,45.68743026031798],[-123.89253941852206,45.68744501831087],[-123.89254013519496,45.6874510258768],[-123.89254521369179,45.68745518544306],[-123.89258858678085,45.68746990033652],[-123.89263388347868,45.687481637600364],[-123.89268693719396,45.687490736932354],[-123.89271328278377,45.687495371529685],[-123.89273876560146,45.68750180135482],[-123.89276294395174,45.68751103237451],[-123.89279715311915,45.68752755337255],[-123.89283244524354,45.68754263561657],[-123.8929175522921,45.68757029923084],[-123.89300267445142,45.68759793443418],[-123.89309213012714,45.687631689322906],[-123.89313686601513,45.68764863719242],[-123.89318287214017,45.68766383652692],[-123.8932218248114,45.68767295531463],[-123.89328227562495,45.687682152445845],[-123.89334217662147,45.68769256934784],[-123.89343447818739,45.6877158488137],[-123.89352736190759,45.68773797590117],[-123.89363007047832,45.6877584557964],[-123.89373298390991,45.687778421826415],[-123.89381057153675,45.687792858549486],[-123.8938881529053,45.68780727559426],[-123.89392921256473,45.68781621692018],[-123.89398079193232,45.687824488608754],[-123.89399935812224,45.68783536056549],[-123.89410319727641,45.6878671544182],[-123.89415577400143,45.68788194049665],[-123.89420957777686,45.687894442621555],[-123.89425868010838,45.68790347302448],[-123.89433304139875,45.687914219363535],[-123.89440821399904,45.6879220157575],[-123.89452463372247,45.687931434548915],[-123.89458291841542,45.687934941016955],[-123.89464133665363,45.68793694437851],[-123.89473992265275,45.687938434056505],[-123.8948384890747,45.68793985308582],[-123.89492568575767,45.68794166654812],[-123.89508281702528,45.68794485110249],[-123.89524964565483,45.687933631978005],[-123.89541647170732,45.687922413589234],[-123.89550480171515,45.687915308367],[-123.89557075849129,45.687908101899446],[-123.89566860900709,45.687893348662755],[-123.8957168031897,45.6878838389518],[-123.89576436242064,45.687872692656626],[-123.8959631054651,45.68781868792807],[-123.89616068169127,45.68776385769105],[-123.89625236884432,45.687739856191236],[-123.8963440693492,45.68771595147566],[-123.89639328712879,45.68769969641688],[-123.8964417063183,45.68768271084787],[-123.89647639671861,45.68767470728119],[-123.89650427627681,45.6876718077034],[-123.8965254435054,45.68767191667459],[-123.89654112412744,45.687673512938495],[-123.8965638360488,45.68767867619583],[-123.89658494549955,45.68768759568832],[-123.89659880353418,45.68769735674682],[-123.89660742314476,45.68770706447989],[-123.89661707795527,45.68772585988134],[-123.89662658384897,45.68775562047309],[-123.8966329208831,45.687769924461854],[-123.89664265417555,45.687783044007716],[-123.89665973973943,45.687802902431606],[-123.89667011953291,45.687811088700826],[-123.89667637718424,45.68781380292185],[-123.89668357130832,45.68781523208045],[-123.89671071631487,45.687816861292525],[-123.89675807324544,45.687816497639965],[-123.89689977648918,45.68780885763597],[-123.89699288482495,45.687808006561404],[-123.89708608179713,45.68780943901997],[-123.89711263475799,45.687811376154826],[-123.89715832777968,45.68781788223896],[-123.89722556356965,45.68783250634076],[-123.89729204086031,45.68784890464121],[-123.89731776662454,45.68785678152548],[-123.8973548662977,45.68787116348907],[-123.8973738131544,45.68787759379233],[-123.89739368048504,45.68788233789917],[-123.89740976859429,45.687883958241635],[-123.89743441291117,45.687883118852795],[-123.89745854042377,45.68788042517314],[-123.8974788569507,45.6878760709416],[-123.89750910916895,45.68786688123807],[-123.89752434172911,45.68786363168082],[-123.89753978813602,45.687862849383684],[-123.89756914000306,45.68786542913626],[-123.89761338282915,45.68787156833614],[-123.89765763286903,45.68787759025491],[-123.89775238482892,45.68788650821774],[-123.89784691138073,45.6878917409029],[-123.89785009132596,45.687891353276],[-123.89785214858946,45.68788818530265],[-123.89785069287659,45.687883377859485],[-123.89783557834926,45.68786026948705],[-123.89783258170684,45.68785497461255],[-123.89783122748085,45.68784899277047],[-123.89783253993114,45.68784724387307],[-123.89783553274307,45.68784653752435],[-123.89785443351346,45.687846902923695],[-123.89786631141553,45.687848260009126],[-123.89788497218774,45.687850390899385],[-123.89791409420991,45.687856364636396],[-123.89793068609963,45.68786233644902],[-123.89795564642456,45.68787349945251],[-123.89796807203827,45.68787745096482],[-123.89798041351557,45.68787869553793],[-123.89799854886091,45.68787565160823],[-123.89802572226847,45.68786508343179],[-123.89805246699441,45.68785228293014],[-123.89806581735488,45.68784392308932],[-123.89808340796434,45.687829333494065],[-123.898092459575,45.6878236042995],[-123.89810253546516,45.687820446704606],[-123.89811427771593,45.68781981235933],[-123.8981361897375,45.68782252326392],[-123.89817048201995,45.68783254916043],[-123.8982036254963,45.68784478832102],[-123.89822612924767,45.68785462150775],[-123.89825797575324,45.6878711320985],[-123.89827460128039,45.68787862910833],[-123.89829265393104,45.687884665622434],[-123.89831828842905,45.68788923407586],[-123.89833805009559,45.687890383892025],[-123.89836781653177,45.68788969457367],[-123.89839679458873,45.6878876648873],[-123.89842302953082,45.68788267498047],[-123.8984616751022,45.68786951183314],[-123.89848057414316,45.68786367324989],[-123.89849912391507,45.687860359690404],[-123.89850710044881,45.6878609835574],[-123.89852079572306,45.68786678815053],[-123.89854100390578,45.687879537759905],[-123.89855110400828,45.68788429056245],[-123.89856129411591,45.68788584874282],[-123.89856861110418,45.6878845513337],[-123.89858132102862,45.68787909498652],[-123.89860055372672,45.687868445628915],[-123.89861041961285,45.687864452187924],[-123.89862056018038,45.68786284590466],[-123.89865732741701,45.68786424847548],[-123.89869461566835,45.687869771565374],[-123.89873141097029,45.687881170724644],[-123.89878413228111,45.687902315672495],[-123.89881136576265,45.68791128750501],[-123.89884040279377,45.68791708159653],[-123.89887959154113,45.68792074050187],[-123.89893818190325,45.68792267369803],[-123.89899662166349,45.68792158040408],[-123.89905490504836,45.68791821084221],[-123.89911300694402,45.68791207500959],[-123.89913492905924,45.687907151626355],[-123.89916625343159,45.68789626007037],[-123.89918197744842,45.6878914148789],[-123.89919821280425,45.68788830886892],[-123.89922487209765,45.68788639131934],[-123.89926583762337,45.68788709373565],[-123.89930668202163,45.68789118075386],[-123.89937351956476,45.687901772290715],[-123.89940616817793,45.68790882912919],[-123.89943822008995,45.68791765821435],[-123.89947701595757,45.68793244858919],[-123.89953178253744,45.68795828176979],[-123.89955970204815,45.687970249939724],[-123.89958925027277,45.6879799953818],[-123.89968565257402,45.68800510755941],[-123.8997827842926,45.688028930678925],[-123.89987026828676,45.688049851773805],[-123.89995848147304,45.68806928483529],[-123.90002027842576,45.68808051312056],[-123.90011384292342,45.68809449615857],[-123.9002076870663,45.688107471528554],[-123.90024907152201,45.68811238804008],[-123.9002905724193,45.68811716609153],[-123.90029970318548,45.688119405897076],[-123.9003075347056,45.68812244339514],[-123.90030823306043,45.68812271665204],[-123.90031987680538,45.6881301500657],[-123.90032749283378,45.688139038487776],[-123.90034634137771,45.688176044249374],[-123.90035174096073,45.68818403718753],[-123.900362400279,45.6881929425711],[-123.9003693429522,45.68819552685337],[-123.9003776461952,45.68819656880859],[-123.9004405270138,45.68819781208682],[-123.90050341193702,45.68819892915253],[-123.9005359327182,45.68819947301138],[-123.90056845514763,45.688200044726536],[-123.90058656905899,45.688201744464166],[-123.9006016567027,45.68820521409366],[-123.90062655806474,45.68821484663243],[-123.90066104100273,45.68823488532319],[-123.90069317074102,45.68825708224447],[-123.90070548169606,45.6882671939191],[-123.90071483399484,45.688277872357325],[-123.90072776626027,45.68830035945129],[-123.90073549989545,45.68832183779504],[-123.90074526361035,45.688360874013],[-123.9007531730826,45.6883890626272],[-123.90076151793046,45.688408318971696],[-123.90077002053839,45.68842116149884],[-123.90077802759599,45.68842966485822],[-123.90079322201649,45.688440261838956],[-123.90081292529347,45.68844785008785],[-123.90092044869581,45.68847557273743],[-123.90102845894434,45.68850220603961],[-123.9011844069978,45.68854028314558],[-123.90134057291884,45.688577999852136],[-123.90140460050863,45.68859212952995],[-123.90150180635356,45.6886106374954],[-123.90159915805445,45.68862804802643],[-123.90160630028178,45.68862918215587],[-123.90184790850033,45.68864021140738],[-123.90190622765131,45.688637956835066],[-123.90193254635206,45.688635728022],[-123.90195209451042,45.68863300170175],[-123.90198041935795,45.68862628808858],[-123.9020066630587,45.68861525526431],[-123.90203266463952,45.688597262867205],[-123.90205645725574,45.68857887183088],[-123.90208565737231,45.688561523028845],[-123.90213147671167,45.68853667607345],[-123.90215272036295,45.68852293325152],[-123.90217126613673,45.688507172627375],[-123.90219045826034,45.688483682862405],[-123.90221142251924,45.688446258815105],[-123.90223030055098,45.68840827409127],[-123.9022488246742,45.68836409030248],[-123.90225861037857,45.68834197868751],[-123.90227267965749,45.68832050075306],[-123.90228652748124,45.688306724301285],[-123.90230095816418,45.688296415562654],[-123.9023301719674,45.68828142991372],[-123.90242847551217,45.68824607317242],[-123.90246303649572,45.68823482464198],[-123.902466071782,45.68823383780725],[-123.90251802154773,45.688221542766435],[-123.90254458297031,45.68821482082684],[-123.90256907688561,45.68820700732031],[-123.90257448682613,45.68820396512822],[-123.9025799193413,45.68819522437618],[-123.90258066662845,45.68818511967425],[-123.90257632064684,45.688164430800434],[-123.9025712519131,45.688148593723064],[-123.90256805589922,45.688137765323155],[-123.90256668634619,45.68813075117775],[-123.90256730733458,45.688122789561234],[-123.90256921533984,45.68812025163292],[-123.90257244524982,45.688118862950965],[-123.90257741144725,45.68811874383537],[-123.9025871630923,45.688122507853144],[-123.90259621872927,45.6881291653611],[-123.90261341235059,45.68814551447128],[-123.90262760326736,45.6881592099443],[-123.90263906151544,45.688168887889844],[-123.90265770120882,45.688180363274554],[-123.9026677228433,45.68818393485174],[-123.90267825141568,45.68818556478063],[-123.90275103541794,45.68818894025376],[-123.90278735248273,45.68818917686165],[-123.90282346780921,45.68818735013958],[-123.90293909736278,45.688175384030544],[-123.90305493784454,45.688164573226494],[-123.90313692287182,45.68815980138061],[-123.90321906902875,45.688156688783394],[-123.90334259757438,45.68815575971822],[-123.90340441000528,45.68815761774059],[-123.90346627334675,45.68816152992689],[-123.90356289117616,45.68817214212075],[-123.90365835710114,45.68818621385077],[-123.90375258856608,45.68820317484808],[-123.90384666100407,45.688220117883674],[-123.9038816708801,45.68822459805503],[-123.90394388649374,45.68822909853479],[-123.90403776931146,45.68823376329535],[-123.90408417013462,45.68823796714696],[-123.90412973360993,45.6882451496304],[-123.90421950379036,45.68826530772912],[-123.90435237326133,45.68829928663092],[-123.904485819175,45.688331780025806],[-123.9046573443583,45.688366645200105],[-123.90474310261062,45.68838422008889],[-123.90482802312638,45.68840363724296],[-123.90501624952667,45.688452372638935],[-123.90520232313024,45.688504907130095],[-123.90553213456076,45.68860159730832],[-123.9055323784573,45.68856920180576],[-123.90553248916461,45.68855445227],[-123.9055331523983,45.688464788126986],[-123.90553381813932,45.68837536161907],[-123.90553653839781,45.68800886028449],[-123.90553948824588,45.68761154491334],[-123.90554074809536,45.68744243922404],[-123.9055424303742,45.687215987305834],[-123.9055493428706,45.68628546438837],[-123.90555037993501,45.686145379586996],[-123.90555489498193,45.68553842783206],[-123.90034326275777,45.685542262331865],[-123.89897879449182,45.68554322899138],[-123.89801607906598,45.685543900319935],[-123.89773799606384,45.6855440897356],[-123.8975602312767,45.68554421080015],[-123.89532802662598,45.685545707872],[-123.89513237279094,45.68554584972393],[-123.89513521077694,45.68540872718452],[-123.89520096683692,45.6822251224443],[-123.895203797438,45.68208801063294],[-123.89418880462321,45.68209151806551],[-123.89266620787103,45.6820967730365],[-123.89258766265404,45.68209704403341],[-123.89001240242841,45.68210587714538],[-123.88996760461715,45.68210605334958],[-123.88918377884438,45.682108705664014],[-123.88836212553805,45.68211150845951],[-123.88823377743614,45.68211194840135],[-123.88772059997812,45.68211369243757],[-123.88723409324679,45.682115345059614],[-123.88560555725626,45.68212086493142],[-123.88482302052002,45.68212350479975],[-123.8847959964224,45.68292126165284],[-123.88432569162337,45.683147457069566],[-123.88424502741711,45.683186248801476],[-123.88416437084963,45.68322504115341],[-123.88351910633047,45.68353537186626],[-123.88407253735137,45.68410072269859],[-123.88418323220347,45.6842137906947],[-123.88402191214881,45.6842913753191],[-123.88369927437022,45.68444654018363],[-123.88337663741682,45.68460170407055],[-123.88321531502856,45.684679284869],[-123.8825511913468,45.684000860858426],[-123.88222897852205,45.684155816665424],[-123.88233966103932,45.68426888935579],[-123.88245034532679,45.68438196279558],[-123.88256102887249,45.684495037957774],[-123.88267170997108,45.68460810768826],[-123.88234948525204,45.68476306672488],[-123.88257084732993,45.68498921546185],[-123.88240952271626,45.68506679423313],[-123.8820887492155,45.685221057682725],[-123.88177756738075,45.685370701306894],[-123.88176610101225,45.68537621713386],[-123.88175951081297,45.685369490473164],[-123.88165542005716,45.68526314390448],[-123.88110200508122,45.68469777565357],[-123.8809406793572,45.68477535331479],[-123.88029538386535,45.68508566496314],[-123.88013405596651,45.685163241494955],[-123.87995724446317,45.6852482655572],[-123.87955708220859,45.68544069093307],[-123.87948874680391,45.68547355147045],[-123.87940808382443,45.685512340492636],[-123.87932741688873,45.68555112956947],[-123.87900489163793,45.6857062145371],[-123.8793368241291,45.68604531539477],[-123.87901401373284,45.68620053545049],[-123.8788540379561,45.68627949366158],[-123.87877113841067,45.68619480134007],[-123.8785397349764,45.68595838366409],[-123.87781309254204,45.68659624250181],[-123.87769101953009,45.68670340504968],[-123.87756872817347,45.686810751131254],[-123.8774466489629,45.686917910861645],[-123.87720270178154,45.68713204370355],[-123.87708062612676,45.68723919928774],[-123.87683653088254,45.687453459774346],[-123.87635418122397,45.68787685015315],[-123.87628197134003,45.687940233699656],[-123.87625061562355,45.68799556532037],[-123.87610618161285,45.68825045630832],[-123.8759617460588,45.6885053425836],[-123.87592563794546,45.688569064315324],[-123.87588952595719,45.688632787043275],[-123.87579861203083,45.68860747390759],[-123.87570769551377,45.68858215897712],[-123.8754905612624,45.68896533186423],[-123.87534513978851,45.689221949144326],[-123.87552843070034,45.689270004632],[-123.87571023056742,45.689320624890435],[-123.87607383222719,45.689421859125844],[-123.87578507300638,45.68993134393901],[-123.87542148272745,45.68983013004289],[-123.87523968999155,45.689779522613826],[-123.87505690199505,45.689730580552045],[-123.87418603274939,45.69126727544986],[-123.87411962108315,45.691384462780405],[-123.8741816064442,45.6914017220602],[-123.87415766903527,45.692128691706976],[-123.87415764268067,45.69212924982156],[-123.87413888465915,45.692698920994374],[-123.87413820714605,45.692719432090804],[-123.87410987790804,45.69357955443827],[-123.87481929973603,45.69377741545138],[-123.8770584366325,45.69440084531412]]]}},{"type":"Feature","properties":{"name":"Vernonia","source":"Oregon Framework Admin_Bounds city limits"},"geometry":{"type":"Polygon","coordinates":[[[-123.17216402070174,45.870353093599086],[-123.17214546234915,45.870392260856704],[-123.17203942092277,45.87062753418643],[-123.17201790863156,45.870675255825944],[-123.17184490081411,45.871059022251906],[-123.17165024823736,45.871490799023285],[-123.17322525117787,45.87150281046115],[-123.17331370614117,45.871503484471305],[-123.17342289508966,45.87107105545415],[-123.17360846862589,45.870638384757896],[-123.17361253416826,45.870536584870024],[-123.17363759650328,45.87035993176212],[-123.17371902891027,45.87015504726611],[-123.17380247653962,45.86995017891239],[-123.17388658899645,45.86974518552394],[-123.173902219891,45.86970709259639],[-123.1739028259851,45.869539635243505],[-123.17394648124906,45.86941752247334],[-123.17398882817197,45.869334655397275],[-123.1741077411556,45.869129948813374],[-123.17422714049349,45.868918368288114],[-123.17422876685777,45.8689153944824],[-123.17431355282176,45.86878158546606],[-123.17455060885516,45.86846192414313],[-123.17476717723609,45.868204755830014],[-123.17478502510329,45.868185789131765],[-123.17485463598739,45.86810964693603],[-123.17500081667275,45.86794219779295],[-123.17520538315372,45.867681116630095],[-123.17551636374317,45.86741725886694],[-123.17576969520175,45.8671724518281],[-123.17584029413796,45.86706881037005],[-123.17591291167469,45.86696224368834],[-123.17591709438045,45.86695610472857],[-123.1759276160838,45.866940699597436],[-123.17597143950405,45.8669410793697],[-123.17644447166657,45.86694518419107],[-123.18011655433799,45.866971623728155],[-123.18031086684097,45.86697226066268],[-123.18041472292299,45.86697270021126],[-123.1804163121886,45.866971862025174],[-123.1804179028672,45.86697102650691],[-123.18041950151971,45.866970196206836],[-123.18042110034024,45.866969369503046],[-123.1804227056796,45.866968544450586],[-123.18042431641892,45.86696772467508],[-123.18042592878137,45.86696691206276],[-123.18042754762061,45.86696610020266],[-123.1804291666279,45.86696529193882],[-123.1804307922801,45.86696448802351],[-123.18043242080041,45.866963690342956],[-123.1804340558815,45.866962895212744],[-123.18043569237564,45.86696210275041],[-123.18043733555665,45.86696131553565],[-123.18043897886379,45.86696053101809],[-123.1804406301447,45.866959751718724],[-123.1804422829648,45.86695897778442],[-123.18044393981374,45.86695820735829],[-123.18044560060765,45.86695743864218],[-123.18044726426965,45.86695667616083],[-123.1804489319185,45.86695591628863],[-123.18045060492534,45.866955160794255],[-123.18045228208719,45.86695441150526],[-123.18045396319394,45.866953663926296],[-123.18045564845575,45.86695292255274],[-123.18045733384358,45.86695218387637],[-123.18045902579226,45.866951447750345],[-123.18046071940613,45.86695071968661],[-123.18046241688081,45.866949991534774],[-123.18046411988162,45.86694927135704],[-123.18046582562434,45.86694855471691],[-123.18046753531195,45.86694783978678],[-123.1804692503996,45.86694713013359],[-123.18047096308135,45.86694642413538],[-123.18047268128915,45.86694572611138],[-123.18047440846358,45.866945026982705],[-123.18047613464529,45.86694433417686],[-123.18047786622694,45.86694364664797],[-123.18047959673173,45.8669429636438],[-123.18048133641331,45.866942284030294],[-123.18048307622087,45.866941607114065],[-123.1804848176097,45.86694093646189],[-123.18048656564329,45.86694027015819],[-123.1804883176639,45.86693960646363],[-123.18049007379747,45.86693894807541],[-123.18049183022525,45.866938295980624],[-123.18049358931097,45.86693764562524],[-123.18049535379667,45.866937000546805],[-123.18049712235334,45.86693635987561],[-123.18049889112011,45.86693572369973],[-123.18050066383178,45.86693508923387],[-123.18050244211152,45.86693446364127],[-123.18050422296515,45.86693383798988],[-123.18050600291012,45.86693322045951],[-123.18050778812892,45.86693260550884],[-123.18050957733463,45.86693199316729],[-123.18051137069541,45.86693138703109],[-123.18051316555328,45.866930785360886],[-123.18051496323723,45.86693018902636],[-123.18051676495007,45.86692959619997],[-123.18051857202093,45.86692900775146],[-123.18052037797285,45.86692842292857],[-123.1805221892828,45.86692784248356],[-123.18052399959991,45.8669272683614],[-123.18052581523297,45.86692669771806],[-123.18052763360798,45.8669261306122],[-123.18052945742508,45.866925569682344],[-123.18053128008123,45.866925011479076],[-123.1805331081374,45.86692445855277],[-123.18053493648773,45.86692391191989],[-123.18053676749597,45.866923367026445],[-123.18053860394625,45.866922828308965],[-123.18054044434147,45.866922291301535],[-123.18054228503082,45.866921760587545],[-123.18054412593033,45.86692123436891],[-123.18054597227179,45.86692071432625],[-123.18052814966786,45.864020718869334],[-123.17907872674047,45.86391091718562],[-123.17873893574465,45.86388517367028],[-123.1776947459006,45.86385830254262],[-123.17716809315954,45.86407170806232],[-123.17605721913256,45.863965134920704],[-123.17562292252964,45.86319978230153],[-123.17517744926407,45.86241471168186],[-123.17520364731546,45.862017158185665],[-123.17525770950523,45.861196846204045],[-123.17528907442724,45.86119786536888],[-123.17532635231706,45.86063216088574],[-123.17801959158668,45.86070365228849],[-123.17986114241145,45.860833655416734],[-123.17984314898689,45.859775655761624],[-123.17992251785829,45.859782953419646],[-123.18004871050111,45.85979455325445],[-123.18017489925053,45.85980615124354],[-123.18095319230832,45.85987769251019],[-123.18167334691762,45.85994388484872],[-123.18272253156627,45.86004031095917],[-123.18297601883744,45.86006360536399],[-123.1829751803424,45.86021396457773],[-123.18297425748989,45.86037851745409],[-123.18297272980239,45.86065172822958],[-123.18297261646177,45.860672295712945],[-123.18297250187635,45.8606928641245],[-123.18297096791198,45.86096709742462],[-123.1829700461959,45.8611316474913],[-123.18296851786977,45.86140536846192],[-123.18296828607723,45.8614465044242],[-123.18296675511853,45.86172022449664],[-123.18296650831451,45.861884772565816],[-123.18296723125482,45.8621584824824],[-123.182967340852,45.862199618727175],[-123.18296806259761,45.86247333041348],[-123.18273255389627,45.86247419253266],[-123.1827366171558,45.86401517878023],[-123.18273143404183,45.86401519723882],[-123.1827408856808,45.865499610655405],[-123.18274981338426,45.866901526032585],[-123.18297975882648,45.86690261030761],[-123.18337232998903,45.86690446107031],[-123.18376489993202,45.86690631145015],[-123.18415747114516,45.866908159590245],[-123.18439300145465,45.866909266508856],[-123.1843915268153,45.86693453888649],[-123.18439308467492,45.866960741909004],[-123.1851783607556,45.8669601166926],[-123.18532715367564,45.86695999734469],[-123.18532819797677,45.86699593964623],[-123.18554321522407,45.86699694881337],[-123.19067803571295,45.866996445076076],[-123.19261832532916,45.8669961912311],[-123.19275798134677,45.86699617018237],[-123.19291034686452,45.86699615015788],[-123.19299374153653,45.86699613586454],[-123.19319000293754,45.86699610831405],[-123.19485441896067,45.86699585819854],[-123.19578075162516,45.8669957093378],[-123.19581192983024,45.86699580034992],[-123.19671489220332,45.86700016754444],[-123.19809210630109,45.867006818270646],[-123.19826671722981,45.86700765927485],[-123.19896189447557,45.8670110084358],[-123.19939259668524,45.867013080866656],[-123.20096786394237,45.86702064994441],[-123.20316585561203,45.867030321355585],[-123.20329821318346,45.86275972041521],[-123.20368773319248,45.86276063055516],[-123.20405592898084,45.86276148752808],[-123.20404055771145,45.863851001376354],[-123.20598413138259,45.86386578282521],[-123.2059789710512,45.86276595112258],[-123.20621453882289,45.86276649464273],[-123.20629453363692,45.86276667959688],[-123.20630270784906,45.86249250140194],[-123.20635759232859,45.860651455308],[-123.20640684925633,45.85899898686384],[-123.20515185505374,45.85900009809344],[-123.20475970004081,45.85900043942225],[-123.2043675400457,45.85900078315713],[-123.20397646061818,45.8590011214104],[-123.2034314946792,45.859001595223226],[-123.20298891274274,45.85900197512898],[-123.20279266653041,45.8590021435292],[-123.20240017281566,45.85900247937606],[-123.20213718318155,45.85900270427345],[-123.20219772873568,45.85690046725957],[-123.20222373327961,45.855997477465344],[-123.20222709113673,45.855880799444385],[-123.20224205914906,45.85531392641963],[-123.20202579998524,45.85531934698318],[-123.20203126213168,45.8558769097207],[-123.20201178121047,45.85656205666122],[-123.20164690186077,45.856556784205196],[-123.20167631487212,45.855328106079554],[-123.20167474044476,45.85516349620317],[-123.20127502330952,45.85516819555179],[-123.20077676107402,45.8551814372869],[-123.2008041985523,45.85427685273822],[-123.20008201076814,45.85429603790062],[-123.20006040062,45.85437733888766],[-123.20034974682193,45.85519278063233],[-123.19994883617626,45.85520343059175],[-123.19980126423317,45.85520735007647],[-123.19940913742325,45.855217765689964],[-123.19901701175772,45.8552281799652],[-123.19846128045097,45.85524293400385],[-123.19714815589879,45.85527772205022],[-123.19694662061522,45.85528313807572],[-123.1960214485022,45.85530768658891],[-123.19228907877792,45.855029591042324],[-123.19083996249147,45.854921585692765],[-123.19074766805986,45.85491470681395],[-123.19074639264608,45.8549751818859],[-123.19073072369395,45.85497573884009],[-123.1906997301979,45.854976835852185],[-123.19060414808206,45.85497848535705],[-123.19054165455888,45.85497655432078],[-123.19047931644857,45.85497030309529],[-123.19040273761573,45.85495611924931],[-123.1903774456418,45.85495143422516],[-123.19028229373093,45.85491944628881],[-123.19022238955361,45.85489110528141],[-123.19016588614484,45.8548602976474],[-123.19007523452454,45.854805342738494],[-123.18998363505456,45.85475132121035],[-123.18989134859882,45.854702339373546],[-123.18979698632624,45.854655287888264],[-123.18967730679316,45.854598966929174],[-123.18955617286304,45.85454417502232],[-123.18946917493935,45.85450687400059],[-123.18938064708315,45.85447122441978],[-123.1892763376693,45.85443402712021],[-123.18916852692175,45.85440146049914],[-123.1891101131553,45.85438716325468],[-123.18905039882166,45.85437619710628],[-123.18895402015269,45.85436649511328],[-123.18885740976911,45.8543573446711],[-123.18877905271894,45.85434468466348],[-123.18870546896585,45.85432352966009],[-123.18863201396931,45.85429267372632],[-123.18855886851584,45.85426157755188],[-123.18847057900342,45.85422351783703],[-123.18838181060637,45.85418601084284],[-123.18819347851966,45.854113321021586],[-123.18800388433884,45.85404221865928],[-123.18779619531064,45.853961944639664],[-123.18758866597848,45.85388146499873],[-123.1874473863965,45.853826415504514],[-123.18730614478135,45.85377131817382],[-123.18712487333423,45.85370012751369],[-123.18694335774603,45.85362924187933],[-123.18671505347109,45.85354246228035],[-123.18648606116511,45.85345657012468],[-123.18628538216844,45.85338127509377],[-123.1860846980233,45.85330599604677],[-123.18599198301683,45.85327081414782],[-123.18589928230065,45.8532356048495],[-123.18580580612998,45.85320176687253],[-123.18571143055205,45.8531691563428],[-123.18560404220712,45.85313464807932],[-123.18549708931339,45.85309953393702],[-123.18535662262939,45.85304786735584],[-123.1852164082026,45.852995860928836],[-123.18504991653926,45.85293577956301],[-123.18488301386861,45.85287621048449],[-123.18475520251161,45.85283325431374],[-123.18462532831659,45.85279341519393],[-123.18450647844334,45.85276711527794],[-123.18438687823095,45.852742503767026],[-123.18430414766469,45.852714263893134],[-123.18422121528995,45.85268633368789],[-123.18416066923604,45.852674763984],[-123.18409986584675,45.85266347464229],[-123.18403623455723,45.85264672004687],[-123.18397451266102,45.85262670144231],[-123.18392265907747,45.852604030798254],[-123.18387094978831,45.85258133253362],[-123.18378542435067,45.85255038674392],[-123.18369734319486,45.852523423463396],[-123.1836449334195,45.852510029519365],[-123.18359251410831,45.85249667897215],[-123.18352280044394,45.85247910993333],[-123.1834538181794,45.85246021458555],[-123.18339337921212,45.85244090440399],[-123.18333336043793,45.85242099416617],[-123.18321370141216,45.852381305359444],[-123.18309379660985,45.85234197576378],[-123.183029770775,45.85232302274988],[-123.182965468044,45.85230450984617],[-123.18288403376945,45.85227966673491],[-123.18280265591528,45.852254734075814],[-123.18270265243534,45.85222377260063],[-123.18260261995054,45.852192849506295],[-123.18249044609892,45.85215951340649],[-123.18237716138069,45.85212808905502],[-123.18234269246537,45.852118901110856],[-123.18230822729477,45.85210971037107],[-123.18220922382409,45.85208332034967],[-123.18211022422037,45.8520569283581],[-123.18201056288245,45.85202957665247],[-123.18191094027227,45.852002142075996],[-123.18177899358429,45.85196799944807],[-123.18164654086553,45.85193476556781],[-123.1815599480902,45.85191339468321],[-123.18147264577964,45.85189343049598],[-123.18140525544734,45.851885275598256],[-123.18133730682945,45.85187862297282],[-123.18128569341894,45.8518693995],[-123.18123464921372,45.85185868604612],[-123.18114938284539,45.851836946169406],[-123.18106404428514,45.85181542388936],[-123.18097226023754,45.8517955175387],[-123.18087926298699,45.851778807847985],[-123.18081452061374,45.851769459925606],[-123.18074977155678,45.85176021652506],[-123.18070310074458,45.851753122886855],[-123.18065639579359,45.851746042610046],[-123.18057876693454,45.85173737839015],[-123.1805006150985,45.85173116516132],[-123.18041882926994,45.851724553292954],[-123.18033823101568,45.85172891094593],[-123.18029049066676,45.85174073877607],[-123.18027484364524,45.851744613199045],[-123.18021292633456,45.85176333030329],[-123.1801325893376,45.85178725410224],[-123.18005324782834,45.851812554689715],[-123.180004306303,45.85183048777246],[-123.17995553631357,45.85184861942866],[-123.17988713721708,45.85187264777632],[-123.17981836940358,45.851896201174334],[-123.17974103594496,45.85192161953335],[-123.17966197307406,45.8519441800709],[-123.17957448056603,45.85196476287547],[-123.17948686134217,45.85198500558926],[-123.1794149963162,45.85200261894197],[-123.17934323080219,45.85202043338815],[-123.17925362932027,45.85204390457976],[-123.17916425347516,45.85206776837105],[-123.17911365457579,45.85207819025073],[-123.17906339097159,45.852089365892695],[-123.17899581718957,45.85211739984953],[-123.17893004050651,45.85214789668311],[-123.17885345271375,45.85217685798133],[-123.17877392017895,45.852201703910524],[-123.17874271429417,45.852208619591586],[-123.17871104260341,45.8522142489324],[-123.17866104066468,45.8522224546028],[-123.17861070998465,45.85222941309543],[-123.17856621222974,45.852233605031635],[-123.17852175386815,45.85223789595673],[-123.17846735711272,45.85224438909064],[-123.17841296854165,45.85225091981402],[-123.17835063518899,45.85225824190791],[-123.17828841659907,45.85226606357272],[-123.17823276476855,45.85227557964316],[-123.1781774605388,45.852286140805255],[-123.17811617844312,45.85229691744931],[-123.17805487907962,45.85230765575292],[-123.17800519996123,45.85231618589313],[-123.17795546537242,45.852324548969506],[-123.17795234755586,45.852324971971306],[-123.17788325144531,45.85233432188488],[-123.17781108264113,45.852344234132396],[-123.17774310914155,45.85235823586498],[-123.17767548936759,45.85237305572798],[-123.17758713477684,45.85238841574891],[-123.17749861084901,45.85240379126293],[-123.17736629494526,45.85243795870904],[-123.1772397167742,45.85248235914922],[-123.17720727281258,45.85249976017161],[-123.17717452731624,45.85251655153158],[-123.17710536722079,45.852535823551015],[-123.17703603749072,45.852554773581225],[-123.17696118749646,45.85258266795274],[-123.17688491921383,45.852608462409925],[-123.17680754627743,45.85262819683808],[-123.17672973899968,45.85264707077616],[-123.17663877415396,45.852668500001805],[-123.17654785451057,45.85268998842758],[-123.17645191534768,45.85271666377226],[-123.1763551303811,45.85274150063221],[-123.17627157186992,45.85275789070056],[-123.17618790372353,45.85277400239468],[-123.17610845409507,45.85278926548103],[-123.17602900313773,45.8528045285428],[-123.17592396257885,45.85282510514777],[-123.1758188229441,45.852845575009525],[-123.17575404899267,45.8528549358833],[-123.17568845488793,45.85286143258644],[-123.17560025159936,45.852868742202965],[-123.17551209322326,45.852876021028415],[-123.17538334462736,45.852892139285146],[-123.17525475237355,45.852908821761126],[-123.17522065958305,45.852910055505845],[-123.1751866814853,45.85291192565436],[-123.1750401491885,45.85293561106925],[-123.17489484975268,45.85296267305947],[-123.17476836610601,45.85298809133027],[-123.17464167415281,45.85301288417992],[-123.17454246115535,45.85303034230272],[-123.17444283703747,45.85304666395507],[-123.17434929307935,45.853061096510714],[-123.17425540540057,45.85307434606867],[-123.17408259680677,45.85309449466867],[-123.17390991253086,45.853115019096506],[-123.17380035212804,45.853130230745755],[-123.1736908852001,45.85314576327642],[-123.17358056364706,45.85316172467349],[-123.17347025105174,45.853177713662575],[-123.17339823354797,45.853188200231756],[-123.17332586459274,45.85319739240347],[-123.17326227223667,45.85320293853883],[-123.17319858544221,45.85320792336648],[-123.1731154115021,45.85321532454008],[-123.17303226304213,45.853222858279715],[-123.17295410919674,45.853230219794064],[-123.17287595183619,45.85323756153511],[-123.17278905902232,45.85324545392054],[-123.17270214510059,45.853253253117735],[-123.17265144372072,45.85325781705626],[-123.17260067145058,45.85326202077146],[-123.17253570178175,45.85326512815245],[-123.17247063979185,45.853267360063285],[-123.17239318610264,45.853271672151074],[-123.17231569575836,45.85327561240684],[-123.17228221928073,45.85327633985062],[-123.17224873651253,45.85327701522597],[-123.17220121352518,45.853278695845994],[-123.17215368937407,45.85328037917334],[-123.17208157073948,45.85328292441538],[-123.17200944798715,45.85328546430645],[-123.17197556259633,45.8532843540927],[-123.17194171111333,45.85328352930906],[-123.17185591324916,45.85328824866778],[-123.17177013104732,45.853293332121495],[-123.17171641521789,45.85329658807022],[-123.17166270974083,45.85329990046091],[-123.17158110288361,45.85330572223498],[-123.17149961039163,45.853312423385155],[-123.17139463973297,45.85332315870282],[-123.17129032079195,45.853337102129075],[-123.17120604641896,45.8533513042312],[-123.17112312642311,45.85336897840701],[-123.17103783278033,45.85339025263926],[-123.17095315021938,45.853412591153536],[-123.17086098735558,45.85345142633353],[-123.17077604811564,45.85349190445237],[-123.17071802247513,45.85353643092521],[-123.17066063136788,45.853600781501804],[-123.17060118873417,45.85364417458335],[-123.17053449195397,45.85368189944139],[-123.1704660693263,45.853718494352464],[-123.17040765674757,45.85375485893928],[-123.17035447276118,45.85379577220163],[-123.17030457189531,45.85383544075259],[-123.17024977324482,45.853877558014936],[-123.17016543530075,45.853930862775684],[-123.17005796546897,45.85398936989061],[-123.16997023788038,45.85404158510942],[-123.16992957139334,45.85406470075328],[-123.16989363723121,45.85408187029136],[-123.16983161374003,45.85411248352465],[-123.1698094288496,45.85412239404703],[-123.1697792682081,45.85413586908046],[-123.16973860543735,45.854158984569025],[-123.16969927807801,45.854175066525556],[-123.16966589798803,45.85419334348165],[-123.16964143785178,45.854205871680726],[-123.16960531731476,45.85422800634786],[-123.1695588686262,45.85425242421767],[-123.16953497589067,45.85426814991783],[-123.16949882554759,45.85429385206085],[-123.16946588644444,45.85432495431487],[-123.16942591031341,45.854361194573656],[-123.16938493332125,45.85439685364013],[-123.16933790610219,45.8544353025868],[-123.16929085569107,45.85447372503829],[-123.16925788279339,45.8545013106621],[-123.1692249838432,45.85452893599649],[-123.16919285119913,45.85455459533378],[-123.16916061414837,45.85458061344708],[-123.16913400209694,45.85461416211215],[-123.16912387776611,45.854651490657766],[-123.16912562562091,45.854676647375754],[-123.1691329210164,45.85470147012291],[-123.16914483266102,45.85472889166935],[-123.16915639651343,45.85475636791941],[-123.1691674868454,45.8547852103788],[-123.16917750776064,45.85481423914474],[-123.16918674992834,45.85484610181051],[-123.16919555908748,45.854878014816514],[-123.16920117501174,45.85489918648597],[-123.16920674727629,45.85492036094715],[-123.16921444307057,45.85494177426195],[-123.16921616269013,45.85497338035506],[-123.16921992353183,45.85500467455147],[-123.1692338843751,45.855034499408816],[-123.16924862539898,45.85506412202787],[-123.16926280133312,45.855092119426004],[-123.1692771605149,45.85512006855625],[-123.16929023338658,45.85514398686648],[-123.16891157801669,45.855405773275784],[-123.16871736382511,45.85550279491087],[-123.16749015257632,45.85551733882061],[-123.16741170786729,45.85551927326042],[-123.16684261398292,45.855533305223766],[-123.16627298716472,45.855547347421634],[-123.16631240952208,45.85632377391181],[-123.16635405590105,45.85714393873281],[-123.16633585813332,45.85714444901335],[-123.16603821016902,45.85715282147881],[-123.16521549242519,45.857175952136835],[-123.16523233669861,45.857507570475406],[-123.1652324755231,45.85751033581882],[-123.16469950878529,45.857521845147375],[-123.16458580081884,45.86083114412729],[-123.16679704980967,45.86076547368464],[-123.16675527207224,45.8600994348186],[-123.16724468208302,45.86008417246278],[-123.16757796428625,45.86007377665971],[-123.16785242904591,45.86006521704146],[-123.1681268922696,45.860056653215054],[-123.16840135686547,45.86004809231464],[-123.16867582125387,45.86003952807585],[-123.16895028556034,45.860030963195975],[-123.16893486801605,45.85978461610385],[-123.16927164082524,45.85977452945415],[-123.16960843020253,45.85976444056],[-123.16962385396357,45.86000994596294],[-123.16965477235944,45.860009028197354],[-123.16965959625975,45.86009122994704],[-123.16967564230707,45.86036473279456],[-123.16969169352916,45.86063823277555],[-123.16969360682971,45.860679357566966],[-123.16969434282113,45.86072203376414],[-123.17059013667715,45.860694139821184],[-123.17060484236313,45.860967612705615],[-123.17062400032437,45.861323847384114],[-123.17063872219168,45.86159763299868],[-123.17065125705604,45.86183068073979],[-123.17065567582895,45.86191283489243],[-123.17065788874723,45.86195396003836],[-123.17059967176388,45.86195564534647],[-123.1706039616734,45.86202986146169],[-123.17063310304074,45.8625342009613],[-123.17068900047741,45.86253245947996],[-123.17070762929434,45.8628532743801],[-123.17035471605071,45.8628642698281],[-123.16976832058457,45.86288253625796],[-123.16941441131902,45.86289355960974],[-123.16892891414422,45.86290867944423],[-123.16850938824648,45.8629217452043],[-123.16805751366678,45.86293581326366],[-123.16759877619654,45.86295009572231],[-123.16758193615881,45.86344798555784],[-123.1675765786732,45.86372244459844],[-123.16757194252868,45.86385955204098],[-123.16755874367601,45.86413374174252],[-123.16754946581445,45.86440795126007],[-123.16754146862908,45.86468235935161],[-123.16752744974016,45.86509685736077],[-123.16750890162791,45.86564517769338],[-123.16746944091565,45.86681186639192],[-123.16644003407953,45.866806362588385],[-123.16541103574222,45.86680084770516],[-123.16438083283164,45.86679531963418],[-123.16129962458342,45.86677959155091],[-123.16073451609846,45.86677669664984],[-123.16073456168802,45.86685860762202],[-123.15961443324383,45.86685275135655],[-123.15959305657964,45.8673190410546],[-123.15958011643855,45.86760128488247],[-123.15944596289276,45.8705274648965],[-123.15952340556716,45.870528150105535],[-123.15964683455813,45.87052924062309],[-123.15977026106316,45.87053033286742],[-123.16201297195785,45.87055013447514],[-123.16467641697335,45.87057359761935],[-123.16518379619852,45.87057722143834],[-123.1681658901383,45.87059846565128],[-123.16818855851345,45.86835184244869],[-123.16988892785254,45.86842492785648],[-123.16988524165968,45.868792239047174],[-123.16987643144239,45.86967037666345],[-123.16987379965887,45.86993281343208],[-123.16987163811537,45.87014810429294],[-123.1698693770351,45.8703735424571],[-123.1718994283601,45.87039028431264],[-123.172166407531,45.870347801168435],[-123.17216402070174,45.870353093599086]]]}}]}