{"type":"FeatureCollection","features":[{"type":"Feature","properties":{"kind":"home","county":"Clatsop","class":"101","situs":"81174 Bear Rd","city":"Seaside"},"geometry":{"type":"Point","coordinates":[-123.54345427696332,45.85489420527355]}},{"type":"Feature","properties":{"kind":"home","county":"Clatsop","class":"100","situs":"","city":""},"geometry":{"type":"Point","coordinates":[-123.54801849255743,45.85484174500796]}},{"type":"Feature","properties":{"kind":"home","county":"Clatsop","class":"100","situs":"","city":""},"geometry":{"type":"Point","coordinates":[-123.54565882567589,45.85475610206912]}},{"type":"Feature","properties":{"kind":"home","county":"Clatsop","class":"100","situs":"","city":""},"geometry":{"type":"Point","coordinates":[-123.54404610527713,45.85223318533008]}},{"type":"Feature","properties":{"kind":"home","county":"Clatsop","class":"100","situs":"","city":""},"geometry":{"type":"Point","coordinates":[-123.54237957202815,45.851426540266985]}},{"type":"Feature","properties":{"kind":"home","county":"Clatsop","class":"101","situs":"81181 Blackcap Rd","city":"Seaside"},"geometry":{"type":"Point","coordinates":[-123.54525187178291,45.85162471729408]}},{"type":"Feature","properties":{"kind":"home","county":"Clatsop","class":"400","situs":"81500 Mistletoe Rd","city":"Seaside"},"geometry":{"type":"Point","coordinates":[-123.54931975325985,45.86169808126836]}},{"type":"Feature","properties":{"kind":"home","county":"Clatsop","class":"401","situs":"81572 Christmas Tree Rd","city":"Seaside"},"geometry":{"type":"Point","coordinates":[-123.55253025049963,45.860410567247]}},{"type":"Feature","properties":{"kind":"home","county":"Clatsop","class":"100","situs":"42545 Elsie Deer Ln","city":"Seaside"},"geometry":{"type":"Point","coordinates":[-123.54884431472203,45.855400025848574]}},{"type":"Feature","properties":{"kind":"home","county":"Clatsop","class":"100","situs":"","city":""},"geometry":{"type":"Point","coordinates":[-123.54485368413368,45.8546365007126]}},{"type":"Feature","properties":{"kind":"home","county":"Clatsop","class":"101","situs":"42756 Elsie Deer Ln","city":"Seaside"},"geometry":{"type":"Point","coordinates":[-123.54794789535845,45.85554666971832]}},{"type":"Feature","properties":{"kind":"home","county":"Clatsop","class":"401","situs":"81520 Christmas Tree Rd","city":"Seaside"},"geometry":{"type":"Point","coordinates":[-123.54906138642562,45.859998067888085]}},{"type":"Feature","properties":{"kind":"home","county":"Clatsop","class":"101","situs":"42524 Elsie Deer Ln","city":"Seaside"},"geometry":{"type":"Point","coordinates":[-123.54731006938765,45.85542045961417]}},{"type":"Feature","properties":{"kind":"home","county":"Clatsop","class":"401","situs":"44984 Hwy 26","city":"Seaside"},"geometry":{"type":"Point","coordinates":[-123.53898005020335,45.850379906438334]}},{"type":"Feature","properties":{"kind":"home","county":"Clatsop","class":"100","situs":"","city":""},"geometry":{"type":"Point","coordinates":[-123.54898504172408,45.85569275466594]}},{"type":"Feature","properties":{"kind":"home","county":"Clatsop","class":"100","situs":"","city":""},"geometry":{"type":"Point","coordinates":[-123.54714592666151,45.856013324598486]}},{"type":"Feature","properties":{"kind":"home","county":"Clatsop","class":"401","situs":"42662 Loyd Ln","city":"Seaside"},"geometry":{"type":"Point","coordinates":[-123.54396014743521,45.85576600833711]}},{"type":"Feature","properties":{"kind":"home","county":"Clatsop","class":"100","situs":"","city":""},"geometry":{"type":"Point","coordinates":[-123.54641759831446,45.855315251247774]}},{"type":"Feature","properties":{"kind":"home","county":"Clatsop","class":"100","situs":"81192 Bear Rd","city":"Seaside"},"geometry":{"type":"Point","coordinates":[-123.54424933585022,45.854698543984355]}},{"type":"Feature","properties":{"kind":"home","county":"Clatsop","class":"101","situs":"81252 Bear Rd","city":"Seaside"},"geometry":{"type":"Point","coordinates":[-123.54638166857153,45.85554005211981]}},{"type":"Feature","properties":{"kind":"home","county":"Clatsop","class":"100","situs":"","city":""},"geometry":{"type":"Point","coordinates":[-123.54565647591627,45.855529734242154]}},{"type":"Feature","properties":{"kind":"home","county":"Clatsop","class":"100","situs":"","city":""},"geometry":{"type":"Point","coordinates":[-123.54257611457024,45.852554730022135]}},{"type":"Feature","properties":{"kind":"home","county":"Clatsop","class":"100","situs":"","city":""},"geometry":{"type":"Point","coordinates":[-123.54636501179665,45.85226825467822]}},{"type":"Feature","properties":{"kind":"home","county":"Clatsop","class":"401","situs":"44631 Hwy 26","city":"Seaside"},"geometry":{"type":"Point","coordinates":[-123.54371217749707,45.85813797512445]}},{"type":"Feature","properties":{"kind":"home","county":"Clatsop","class":"101","situs":"","city":""},"geometry":{"type":"Point","coordinates":[-123.54190957829394,45.851505893187046]}},{"type":"Feature","properties":{"kind":"home","county":"Clatsop","class":"100","situs":"42619 Morgan Lane","city":"Seaside"},"geometry":{"type":"Point","coordinates":[-123.54644282254414,45.85414094338448]}},{"type":"Feature","properties":{"kind":"home","county":"Clatsop","class":"100","situs":"","city":""},"geometry":{"type":"Point","coordinates":[-123.54237501536946,45.85102685711446]}},{"type":"Feature","properties":{"kind":"home","county":"Clatsop","class":"400","situs":"","city":""},"geometry":{"type":"Point","coordinates":[-123.55794143754188,45.86259960773368]}},{"type":"Feature","properties":{"kind":"home","county":"Clatsop","class":"400","situs":"","city":""},"geometry":{"type":"Point","coordinates":[-123.54771285771304,45.859431175516114]}},{"type":"Feature","properties":{"kind":"home","county":"Clatsop","class":"009","situs":"44601 Hwy 26","city":"Seaside"},"geometry":{"type":"Point","coordinates":[-123.5461453488479,45.85843464277156]}},{"type":"Feature","properties":{"kind":"home","county":"Clatsop","class":"100","situs":"","city":""},"geometry":{"type":"Point","coordinates":[-123.5414850594262,45.85150708198529]}},{"type":"Feature","properties":{"kind":"home","county":"Clatsop","class":"401","situs":"","city":""},"geometry":{"type":"Point","coordinates":[-123.55044742818167,45.86251235190493]}},{"type":"Feature","properties":{"kind":"home","county":"Clatsop","class":"401","situs":"81622 Christmas Tree Rd","city":"Seaside"},"geometry":{"type":"Point","coordinates":[-123.55510461474307,45.861682529599456]}},{"type":"Feature","properties":{"kind":"home","county":"Clatsop","class":"401","situs":"81570 Christmas Tree Rd","city":"Seaside"},"geometry":{"type":"Point","coordinates":[-123.54980933515249,45.85917133896959]}},{"type":"Feature","properties":{"kind":"home","county":"Clatsop","class":"401","situs":"81570 Christmas Tree Rd","city":"Seaside"},"geometry":{"type":"Point","coordinates":[-123.54980933515249,45.85917133896959]}},{"type":"Feature","properties":{"kind":"home","county":"Clatsop","class":"401","situs":"81410 Best Rd","city":"Seaside"},"geometry":{"type":"Point","coordinates":[-123.54728455305435,45.859978773223034]}},{"type":"Feature","properties":{"kind":"home","county":"Clatsop","class":"100","situs":"","city":""},"geometry":{"type":"Point","coordinates":[-123.54759579445826,45.854778079106985]}},{"type":"Feature","properties":{"kind":"home","county":"Clatsop","class":"109","situs":"42587 Elsie Deer Ln","city":"Seaside"},"geometry":{"type":"Point","coordinates":[-123.54747862207337,45.85603049984717]}},{"type":"Feature","properties":{"kind":"home","county":"Clatsop","class":"009","situs":"42587 Elsie Deer Ln","city":"Seaside"},"geometry":{"type":"Point","coordinates":[-123.54747862207337,45.85603049984717]}},{"type":"Feature","properties":{"kind":"home","county":"Clatsop","class":"101","situs":"81217 Bear Rd","city":"Seaside"},"geometry":{"type":"Point","coordinates":[-123.54536538866391,45.85521600044934]}},{"type":"Feature","properties":{"kind":"home","county":"Clatsop","class":"100","situs":"","city":""},"geometry":{"type":"Point","coordinates":[-123.54430373084581,45.85106942062979]}},{"type":"Feature","properties":{"kind":"home","county":"Clatsop","class":"100","situs":"","city":""},"geometry":{"type":"Point","coordinates":[-123.54979595485412,45.85292809988061]}},{"type":"Feature","properties":{"kind":"home","county":"Clatsop","class":"401","situs":"80984 Gronnel Rd","city":"Seaside"},"geometry":{"type":"Point","coordinates":[-123.55280565999881,45.84961752227257]}},{"type":"Feature","properties":{"kind":"home","county":"Clatsop","class":"019","situs":"80984 Gronnel Rd","city":"Seaside"},"geometry":{"type":"Point","coordinates":[-123.55280565999881,45.84961752227257]}},{"type":"Feature","properties":{"kind":"home","county":"Clatsop","class":"401","situs":"41324 Kampy Ln","city":"Seaside"},"geometry":{"type":"Point","coordinates":[-123.59627492735856,45.86464153021244]}},{"type":"Feature","properties":{"kind":"home","county":"Clatsop","class":"401","situs":"41214 Kampy Ln","city":"Seaside"},"geometry":{"type":"Point","coordinates":[-123.60168046667422,45.86538848709013]}},{"type":"Feature","properties":{"kind":"home","county":"Clatsop","class":"401","situs":"81166 Lower Nehalem Rd","city":"Seaside"},"geometry":{"type":"Point","coordinates":[-123.58371297006592,45.8554241483885]}},{"type":"Feature","properties":{"kind":"home","county":"Clatsop","class":"400","situs":"41396 Kampy Ln","city":"Seaside"},"geometry":{"type":"Point","coordinates":[-123.59246999002843,45.8655046490333]}},{"type":"Feature","properties":{"kind":"home","county":"Clatsop","class":"101","situs":"81230 Bear Rd","city":"Seaside"},"geometry":{"type":"Point","coordinates":[-123.54515541118658,45.854546059626905]}},{"type":"Feature","properties":{"kind":"home","county":"Clatsop","class":"109","situs":"42521 Elsie Deer Ln","city":"Seaside"},"geometry":{"type":"Point","coordinates":[-123.54679934400562,45.85473922048741]}},{"type":"Feature","properties":{"kind":"home","county":"Clatsop","class":"100","situs":"","city":""},"geometry":{"type":"Point","coordinates":[-123.54852170013633,45.85516292603942]}},{"type":"Feature","properties":{"kind":"home","county":"Clatsop","class":"100","situs":"","city":""},"geometry":{"type":"Point","coordinates":[-123.54857126604087,45.855982772106216]}},{"type":"Feature","properties":{"kind":"home","county":"Clatsop","class":"101","situs":"81276 Bear Rd","city":"Seaside"},"geometry":{"type":"Point","coordinates":[-123.54637616459274,45.855973583250865]}},{"type":"Feature","properties":{"kind":"home","county":"Clatsop","class":"401","situs":"44635 Hwy 26","city":"Seaside"},"geometry":{"type":"Point","coordinates":[-123.5419829105157,45.858122834676664]}},{"type":"Feature","properties":{"kind":"home","county":"Clatsop","class":"100","situs":"","city":""},"geometry":{"type":"Point","coordinates":[-123.54455177610468,45.854649795854606]}},{"type":"Feature","properties":{"kind":"home","county":"Clatsop","class":"100","situs":"","city":""},"geometry":{"type":"Point","coordinates":[-123.54833135539405,45.85496406043546]}},{"type":"Feature","properties":{"kind":"home","county":"Clatsop","class":"401","situs":"42650 Loyd Ln","city":"Seaside"},"geometry":{"type":"Point","coordinates":[-123.54476391298422,45.855691051222]}},{"type":"Feature","properties":{"kind":"home","county":"Clatsop","class":"100","situs":"","city":""},"geometry":{"type":"Point","coordinates":[-123.54537038933562,45.852231183196956]}},{"type":"Feature","properties":{"kind":"home","county":"Clatsop","class":"409","situs":"81673 Christmas Tree Rd","city":"Seaside"},"geometry":{"type":"Point","coordinates":[-123.55285232270339,45.8626018758177]}},{"type":"Feature","properties":{"kind":"home","county":"Clatsop","class":"009","situs":"81673 Christmas Tree Rd","city":"Seaside"},"geometry":{"type":"Point","coordinates":[-123.55285232270339,45.8626018758177]}},{"type":"Feature","properties":{"kind":"home","county":"Clatsop","class":"401","situs":"81546 Mistletoe Rd","city":"Seaside"},"geometry":{"type":"Point","coordinates":[-123.54772634771778,45.86438935634132]}},{"type":"Feature","properties":{"kind":"home","county":"Clatsop","class":"401","situs":"81546 Mistletoe Rd","city":"Seaside"},"geometry":{"type":"Point","coordinates":[-123.54772634771778,45.86438935634132]}},{"type":"Feature","properties":{"kind":"home","county":"Clatsop","class":"401","situs":"79546 Hwy 103","city":"Seaside"},"geometry":{"type":"Point","coordinates":[-123.55667255855502,45.86093653960442]}},{"type":"Feature","properties":{"kind":"home","county":"Clatsop","class":"100","situs":"","city":""},"geometry":{"type":"Point","coordinates":[-123.54338840789892,45.85103527471852]}},{"type":"Feature","properties":{"kind":"home","county":"Clatsop","class":"100","situs":"","city":""},"geometry":{"type":"Point","coordinates":[-123.54353602215002,45.852236277386446]}},{"type":"Feature","properties":{"kind":"home","county":"Clatsop","class":"400","situs":"81692 Christmas Tree Rd","city":"Seaside"},"geometry":{"type":"Point","coordinates":[-123.55512032231655,45.862576525473834]}},{"type":"Feature","properties":{"kind":"home","county":"Clatsop","class":"100","situs":"","city":""},"geometry":{"type":"Point","coordinates":[-123.54696371592343,45.8513074674838]}},{"type":"Feature","properties":{"kind":"home","county":"Clatsop","class":"101","situs":"81091 Gronnel Rd","city":"Seaside"},"geometry":{"type":"Point","coordinates":[-123.54936172034984,45.851554226072764]}},{"type":"Feature","properties":{"kind":"home","county":"Clatsop","class":"101","situs":"81152 Elderberry Rd","city":"Seaside"},"geometry":{"type":"Point","coordinates":[-123.54923759500996,45.85210194547575]}},{"type":"Feature","properties":{"kind":"home","county":"Clatsop","class":"401","situs":"81065 Hamlet Rd","city":"Seaside"},"geometry":{"type":"Point","coordinates":[-123.71983156414228,45.86169796878128]}},{"type":"Feature","properties":{"kind":"home","county":"Clatsop","class":"401","situs":"79814 Lower Nehalem Rd","city":"Seaside"},"geometry":{"type":"Point","coordinates":[-123.60171880782336,45.829285596688806]}},{"type":"Feature","properties":{"kind":"home","county":"Clatsop","class":"400","situs":"","city":""},"geometry":{"type":"Point","coordinates":[-123.60727714570528,45.835699619464386]}},{"type":"Feature","properties":{"kind":"home","county":"Clatsop","class":"401","situs":"81317 Lower Nehalem Rd","city":"Seaside"},"geometry":{"type":"Point","coordinates":[-123.58294835015805,45.85893931733228]}},{"type":"Feature","properties":{"kind":"home","county":"Clatsop","class":"401","situs":"81317 Lower Nehalem Rd","city":"Seaside"},"geometry":{"type":"Point","coordinates":[-123.58294835015805,45.85893931733228]}},{"type":"Feature","properties":{"kind":"home","county":"Clatsop","class":"100","situs":"","city":""},"geometry":{"type":"Point","coordinates":[-123.54685095160906,45.85539444666244]}},{"type":"Feature","properties":{"kind":"home","county":"Clatsop","class":"100","situs":"","city":""},"geometry":{"type":"Point","coordinates":[-123.5422834323416,45.85461576064632]}},{"type":"Feature","properties":{"kind":"home","county":"Clatsop","class":"019","situs":"81310 Bear Rd","city":"Seaside"},"geometry":{"type":"Point","coordinates":[-123.54672599464399,45.85715840716449]}},{"type":"Feature","properties":{"kind":"home","county":"Clatsop","class":"409","situs":"81310 Bear Rd","city":"Seaside"},"geometry":{"type":"Point","coordinates":[-123.54672599464399,45.85715840716449]}},{"type":"Feature","properties":{"kind":"home","county":"Clatsop","class":"109","situs":"81107 Blackcap Rd","city":"Seaside"},"geometry":{"type":"Point","coordinates":[-123.54716753369811,45.851541735768954]}},{"type":"Feature","properties":{"kind":"home","county":"Clatsop","class":"100","situs":"","city":""},"geometry":{"type":"Point","coordinates":[-123.54922423359695,45.85251211454928]}},{"type":"Feature","properties":{"kind":"home","county":"Clatsop","class":"100","situs":"","city":""},"geometry":{"type":"Point","coordinates":[-123.54571998194399,45.851666184251684]}},{"type":"Feature","properties":{"kind":"home","county":"Clatsop","class":"401","situs":"41682 Misty Mountain Ln","city":"Seaside"},"geometry":{"type":"Point","coordinates":[-123.58344963989896,45.85694007491413]}},{"type":"Feature","properties":{"kind":"home","county":"Clatsop","class":"101","situs":"81197 Bear Rd","city":"Seaside"},"geometry":{"type":"Point","coordinates":[-123.54488151394915,45.8552201425977]}},{"type":"Feature","properties":{"kind":"home","county":"Clatsop","class":"100","situs":"","city":""},"geometry":{"type":"Point","coordinates":[-123.54134979492926,45.85237088404998]}},{"type":"Feature","properties":{"kind":"home","county":"Clatsop","class":"400","situs":"","city":""},"geometry":{"type":"Point","coordinates":[-123.5509236470221,45.861829618421226]}},{"type":"Feature","properties":{"kind":"home","county":"Clatsop","class":"401","situs":"81462 Best Rd","city":"Seaside"},"geometry":{"type":"Point","coordinates":[-123.54510600836959,45.86295025862509]}},{"type":"Feature","properties":{"kind":"home","county":"Clatsop","class":"100","situs":"","city":""},"geometry":{"type":"Point","coordinates":[-123.54974858341586,45.85349855513424]}},{"type":"Feature","properties":{"kind":"home","county":"Clatsop","class":"101","situs":"81245 Bear Rd","city":"Seaside"},"geometry":{"type":"Point","coordinates":[-123.5456841319844,45.85522996870947]}},{"type":"Feature","properties":{"kind":"home","county":"Clatsop","class":"100","situs":"","city":""},"geometry":{"type":"Point","coordinates":[-123.54287044989813,45.85255432620269]}},{"type":"Feature","properties":{"kind":"home","county":"Clatsop","class":"100","situs":"","city":""},"geometry":{"type":"Point","coordinates":[-123.54475237607512,45.85223211532717]}},{"type":"Feature","properties":{"kind":"home","county":"Clatsop","class":"101","situs":"80927 Elderberry Rd","city":"Seaside"},"geometry":{"type":"Point","coordinates":[-123.54193485605688,45.85120766645524]}},{"type":"Feature","properties":{"kind":"home","county":"Clatsop","class":"400","situs":"","city":""},"geometry":{"type":"Point","coordinates":[-123.54337762035856,45.85150234425843]}},{"type":"Feature","properties":{"kind":"home","county":"Clatsop","class":"400","situs":"","city":""},"geometry":{"type":"Point","coordinates":[-123.55053591320076,45.86390486809827]}},{"type":"Feature","properties":{"kind":"home","county":"Clatsop","class":"401","situs":"","city":""},"geometry":{"type":"Point","coordinates":[-123.55097523284864,45.86269835476228]}},{"type":"Feature","properties":{"kind":"home","county":"Clatsop","class":"101","situs":"81174 Gronnel Rd","city":"Seaside"},"geometry":{"type":"Point","coordinates":[-123.5497315395696,45.85393115422506]}},{"type":"Feature","properties":{"kind":"home","county":"Clatsop","class":"401","situs":"41320 Kampy Ln","city":"Seaside"},"geometry":{"type":"Point","coordinates":[-123.60042934137562,45.86343228785959]}},{"type":"Feature","properties":{"kind":"home","county":"Clatsop","class":"401","situs":"41320 Kampy Ln","city":"Seaside"},"geometry":{"type":"Point","coordinates":[-123.60042934137562,45.86343228785959]}},{"type":"Feature","properties":{"kind":"home","county":"Clatsop","class":"019","situs":"80642 Lower Nehalem Rd","city":"Seaside"},"geometry":{"type":"Point","coordinates":[-123.59893693637598,45.845204163911255]}},{"type":"Feature","properties":{"kind":"home","county":"Clatsop","class":"019","situs":"80642 Lower Nehalem Rd","city":"Seaside"},"geometry":{"type":"Point","coordinates":[-123.59893693637598,45.845204163911255]}},{"type":"Feature","properties":{"kind":"home","county":"Clatsop","class":"401","situs":"80661 Sha-Ne-Mah Rd","city":"Seaside"},"geometry":{"type":"Point","coordinates":[-123.6033020441704,45.83391997185661]}},{"type":"Feature","properties":{"kind":"home","county":"Clatsop","class":"100","situs":"","city":""},"geometry":{"type":"Point","coordinates":[-123.54981052818842,45.85276408376642]}},{"type":"Feature","properties":{"kind":"home","county":"Clatsop","class":"401","situs":"81061 Gronnel Rd","city":"Seaside"},"geometry":{"type":"Point","coordinates":[-123.54947389678588,45.85103480495763]}},{"type":"Feature","properties":{"kind":"home","county":"Clatsop","class":"101","situs":"81121 Elderberry Rd","city":"Seaside"},"geometry":{"type":"Point","coordinates":[-123.54761743447729,45.85199151364098]}},{"type":"Feature","properties":{"kind":"home","county":"Clatsop","class":"101","situs":"","city":""},"geometry":{"type":"Point","coordinates":[-123.54747417969136,45.85104865891319]}},{"type":"Feature","properties":{"kind":"home","county":"Clatsop","class":"100","situs":"","city":""},"geometry":{"type":"Point","coordinates":[-123.54813050763455,45.85087515931723]}},{"type":"Feature","properties":{"kind":"home","county":"Clatsop","class":"101","situs":"","city":""},"geometry":{"type":"Point","coordinates":[-123.54712205157145,45.85185049148422]}},{"type":"Feature","properties":{"kind":"home","county":"Clatsop","class":"400","situs":"","city":""},"geometry":{"type":"Point","coordinates":[-123.58131555478607,45.85371021240312]}},{"type":"Feature","properties":{"kind":"home","county":"Clatsop","class":"401","situs":"41298 Kampy Ln","city":"Seaside"},"geometry":{"type":"Point","coordinates":[-123.59778467109449,45.865498108618354]}},{"type":"Feature","properties":{"kind":"home","county":"Clatsop","class":"100","situs":"","city":""},"geometry":{"type":"Point","coordinates":[-123.54513494048354,45.852231542551095]}},{"type":"Feature","properties":{"kind":"home","county":"Clatsop","class":"401","situs":"","city":""},"geometry":{"type":"Point","coordinates":[-123.55034746377474,45.850779378235416]}},{"type":"Feature","properties":{"kind":"home","county":"Clatsop","class":"101","situs":"81140 Elderberry Rd","city":"Seaside"},"geometry":{"type":"Point","coordinates":[-123.54812431088915,45.85158913304367]}},{"type":"Feature","properties":{"kind":"home","county":"Clatsop","class":"400","situs":"","city":""},"geometry":{"type":"Point","coordinates":[-123.58578667689744,45.859382843065035]}},{"type":"Feature","properties":{"kind":"home","county":"Clatsop","class":"401","situs":"41516 Mowick Ln","city":"Seaside"},"geometry":{"type":"Point","coordinates":[-123.58995280175434,45.85989039692232]}},{"type":"Feature","properties":{"kind":"home","county":"Clatsop","class":"100","situs":"","city":""},"geometry":{"type":"Point","coordinates":[-123.54431029661704,45.851521471865055]}},{"type":"Feature","properties":{"kind":"home","county":"Clatsop","class":"400","situs":"81739 Christmas Tree Road","city":"Seaside"},"geometry":{"type":"Point","coordinates":[-123.55251860408472,45.863481359942206]}},{"type":"Feature","properties":{"kind":"home","county":"Clatsop","class":"101","situs":"81162 Elderberry Rd","city":"Seaside"},"geometry":{"type":"Point","coordinates":[-123.54922171958779,45.852321133542766]}},{"type":"Feature","properties":{"kind":"home","county":"Clatsop","class":"109","situs":"81088 Elderberry Rd","city":"Seaside"},"geometry":{"type":"Point","coordinates":[-123.54700314703496,45.85083954140703]}},{"type":"Feature","properties":{"kind":"home","county":"Clatsop","class":"101","situs":"42605 Elsie Deer Ln","city":"Seaside"},"geometry":{"type":"Point","coordinates":[-123.5468132316563,45.85599614834868]}},{"type":"Feature","properties":{"kind":"home","county":"Clatsop","class":"100","situs":"81037 Elderberry Rd","city":"Seaside"},"geometry":{"type":"Point","coordinates":[-123.54524552447614,45.851094179546486]}},{"type":"Feature","properties":{"kind":"home","county":"Clatsop","class":"101","situs":"80969 Elderberry Rd","city":"Seaside"},"geometry":{"type":"Point","coordinates":[-123.54291958938654,45.85104110051795]}},{"type":"Feature","properties":{"kind":"home","county":"Clatsop","class":"100","situs":"","city":""},"geometry":{"type":"Point","coordinates":[-123.5420015924956,45.851004824537156]}},{"type":"Feature","properties":{"kind":"home","county":"Clatsop","class":"401","situs":"81239 Blackcap Rd","city":"Seaside"},"geometry":{"type":"Point","coordinates":[-123.54237806767239,45.85203002314519]}},{"type":"Feature","properties":{"kind":"home","county":"Clatsop","class":"401","situs":"81732 Christmas Tree Rd","city":"Seaside"},"geometry":{"type":"Point","coordinates":[-123.55511370404055,45.863479796720085]}},{"type":"Feature","properties":{"kind":"home","county":"Clatsop","class":"401","situs":"81776 Christmas Tree Rd","city":"Seaside"},"geometry":{"type":"Point","coordinates":[-123.55510368205684,45.865257187571075]}},{"type":"Feature","properties":{"kind":"home","county":"Clatsop","class":"019","situs":"42521 Elsie Deer Ln","city":"Seaside"},"geometry":{"type":"Point","coordinates":[-123.54679934400562,45.85473922048741]}},{"type":"Feature","properties":{"kind":"home","county":"Clatsop","class":"100","situs":"","city":""},"geometry":{"type":"Point","coordinates":[-123.54440564157733,45.85526173542107]}},{"type":"Feature","properties":{"kind":"home","county":"Clatsop","class":"101","situs":"81177 Elderberry Way","city":"Seaside"},"geometry":{"type":"Point","coordinates":[-123.54192516317909,45.85318326867544]}},{"type":"Feature","properties":{"kind":"home","county":"Clatsop","class":"101","situs":"","city":""},"geometry":{"type":"Point","coordinates":[-123.54190450397019,45.85091306052143]}},{"type":"Feature","properties":{"kind":"home","county":"Clatsop","class":"401","situs":"","city":""},"geometry":{"type":"Point","coordinates":[-123.54945303409595,45.855022683050215]}},{"type":"Feature","properties":{"kind":"home","county":"Clatsop","class":"109","situs":"81190 Elderberry Rd","city":"Seaside"},"geometry":{"type":"Point","coordinates":[-123.54930625074472,45.852973902999445]}},{"type":"Feature","properties":{"kind":"home","county":"Clatsop","class":"009","situs":"81190 Elderberry Rd","city":"Seaside"},"geometry":{"type":"Point","coordinates":[-123.54930625074472,45.852973902999445]}},{"type":"Feature","properties":{"kind":"home","county":"Clatsop","class":"101","situs":"80990 Gronnel Rd","city":"Seaside"},"geometry":{"type":"Point","coordinates":[-123.55237000219431,45.84982686922843]}},{"type":"Feature","properties":{"kind":"home","county":"Clatsop","class":"400","situs":"","city":""},"geometry":{"type":"Point","coordinates":[-123.59872406949194,45.83776626674601]}},{"type":"Feature","properties":{"kind":"home","county":"Clatsop","class":"101","situs":"81236 Bear Rd","city":"Seaside"},"geometry":{"type":"Point","coordinates":[-123.54609289442664,45.85479095391399]}},{"type":"Feature","properties":{"kind":"home","county":"Clatsop","class":"100","situs":"","city":""},"geometry":{"type":"Point","coordinates":[-123.54142162534913,45.85118927122319]}},{"type":"Feature","properties":{"kind":"home","county":"Clatsop","class":"401","situs":"79552 Hwy 103","city":"Seaside"},"geometry":{"type":"Point","coordinates":[-123.5593926587415,45.86087392447881]}},{"type":"Feature","properties":{"kind":"home","county":"Clatsop","class":"401","situs":"79552 Hwy 103","city":"Seaside"},"geometry":{"type":"Point","coordinates":[-123.5593926587415,45.86087392447881]}},{"type":"Feature","properties":{"kind":"home","county":"Clatsop","class":"100","situs":"","city":""},"geometry":{"type":"Point","coordinates":[-123.54493643124665,45.85411262476027]}},{"type":"Feature","properties":{"kind":"home","county":"Clatsop","class":"101","situs":"42647 Morgan Ln","city":"Seaside"},"geometry":{"type":"Point","coordinates":[-123.54567611900744,45.85429819375723]}},{"type":"Feature","properties":{"kind":"home","county":"Clatsop","class":"100","situs":"","city":""},"geometry":{"type":"Point","coordinates":[-123.5447811026855,45.851573106023075]}},{"type":"Feature","properties":{"kind":"home","county":"Clatsop","class":"409","situs":"81777 Christmas Tree Rd","city":"Seaside"},"geometry":{"type":"Point","coordinates":[-123.55249440183333,45.865261040334794]}},{"type":"Feature","properties":{"kind":"home","county":"Clatsop","class":"009","situs":"81777 Christmas Tree Rd","city":"Seaside"},"geometry":{"type":"Point","coordinates":[-123.55249440183333,45.865261040334794]}},{"type":"Feature","properties":{"kind":"home","county":"Clatsop","class":"401","situs":"81763 Christmas Tree Rd","city":"Seaside"},"geometry":{"type":"Point","coordinates":[-123.5525162985822,45.86437966140837]}},{"type":"Feature","properties":{"kind":"home","county":"Clatsop","class":"100","situs":"","city":""},"geometry":{"type":"Point","coordinates":[-123.5614700247524,45.86303787612556]}},{"type":"Feature","properties":{"kind":"home","county":"Clatsop","class":"100","situs":"","city":""},"geometry":{"type":"Point","coordinates":[-123.5446548550215,45.85422598776127]}},{"type":"Feature","properties":{"kind":"home","county":"Clatsop","class":"109","situs":"81154 Bear Rd","city":"Seaside"},"geometry":{"type":"Point","coordinates":[-123.54310559441154,45.85497286388817]}},{"type":"Feature","properties":{"kind":"home","county":"Clatsop","class":"009","situs":"81154 Bear Rd","city":"Seaside"},"geometry":{"type":"Point","coordinates":[-123.54310559441154,45.85497286388817]}},{"type":"Feature","properties":{"kind":"home","county":"Clatsop","class":"101","situs":"81183 Blackcap Rd","city":"Seaside"},"geometry":{"type":"Point","coordinates":[-123.54370441747533,45.85185361526739]}},{"type":"Feature","properties":{"kind":"home","county":"Clatsop","class":"401","situs":"81535 Christmas Tree Rd","city":"Seaside"},"geometry":{"type":"Point","coordinates":[-123.55022865553293,45.86179908698756]}},{"type":"Feature","properties":{"kind":"home","county":"Clatsop","class":"401","situs":"81752 Christmas Tree Rd","city":"Seaside"},"geometry":{"type":"Point","coordinates":[-123.55510929569324,45.864383273336855]}},{"type":"Feature","properties":{"kind":"home","county":"Clatsop","class":"100","situs":"","city":""},"geometry":{"type":"Point","coordinates":[-123.55077937212482,45.8579786481099]}},{"type":"Feature","properties":{"kind":"home","county":"Clatsop","class":"100","situs":"","city":""},"geometry":{"type":"Point","coordinates":[-123.54978311238804,45.853334689844594]}},{"type":"Feature","properties":{"kind":"home","county":"Clatsop","class":"401","situs":"81377 Lower Nehalem Rd","city":"Seaside"},"geometry":{"type":"Point","coordinates":[-123.58414291473854,45.860250144219094]}},{"type":"Feature","properties":{"kind":"home","county":"Clatsop","class":"401","situs":"81377 Lower Nehalem Rd","city":"Seaside"},"geometry":{"type":"Point","coordinates":[-123.58414291473854,45.860250144219094]}},{"type":"Feature","properties":{"kind":"home","county":"Clatsop","class":"101","situs":"42575 Elsie Deer Ln","city":"Seaside"},"geometry":{"type":"Point","coordinates":[-123.5479914507476,45.85606414725472]}},{"type":"Feature","properties":{"kind":"home","county":"Clatsop","class":"401","situs":"42683 Loyd Ln","city":"Seaside"},"geometry":{"type":"Point","coordinates":[-123.54381157726353,45.85660390871849]}},{"type":"Feature","properties":{"kind":"home","county":"Clatsop","class":"401","situs":"81582 Christmas Tree Rd","city":"Seaside"},"geometry":{"type":"Point","coordinates":[-123.55211794381292,45.86160677401334]}},{"type":"Feature","properties":{"kind":"home","county":"Clatsop","class":"401","situs":"81582 Christmas Tree Rd","city":"Seaside"},"geometry":{"type":"Point","coordinates":[-123.55211794381292,45.86160677401334]}},{"type":"Feature","properties":{"kind":"home","county":"Clatsop","class":"401","situs":"42704 Loyd Ln","city":"Seaside"},"geometry":{"type":"Point","coordinates":[-123.54237883630832,45.855485353860736]}},{"type":"Feature","properties":{"kind":"home","county":"Clatsop","class":"100","situs":"","city":""},"geometry":{"type":"Point","coordinates":[-123.54383282759142,45.85105702785207]}},{"type":"Feature","properties":{"kind":"home","county":"Clatsop","class":"401","situs":"81530 Mistletoe Rd","city":"Seaside"},"geometry":{"type":"Point","coordinates":[-123.54902077317378,45.86256560904798]}},{"type":"Feature","properties":{"kind":"home","county":"Clatsop","class":"401","situs":"81545 Layton Rd","city":"Seaside"},"geometry":{"type":"Point","coordinates":[-123.69588361928783,45.85702472670351]}},{"type":"Feature","properties":{"kind":"home","county":"Clatsop","class":"401","situs":"81545 Layton Rd","city":"Seaside"},"geometry":{"type":"Point","coordinates":[-123.69588361928783,45.85702472670351]}},{"type":"Feature","properties":{"kind":"home","county":"Clatsop","class":"409","situs":"81167 Lower Nehalem Rd","city":"Seaside"},"geometry":{"type":"Point","coordinates":[-123.58037654439278,45.85641591039122]}},{"type":"Feature","properties":{"kind":"home","county":"Clatsop","class":"019","situs":"81167 Lower Nehalem Rd","city":"Seaside"},"geometry":{"type":"Point","coordinates":[-123.58037654439278,45.85641591039122]}},{"type":"Feature","properties":{"kind":"home","county":"Clatsop","class":"019","situs":"81107 Blackcap Rd","city":"Seaside"},"geometry":{"type":"Point","coordinates":[-123.54716753369811,45.851541735768954]}},{"type":"Feature","properties":{"kind":"home","county":"Clatsop","class":"401","situs":"81252 Lower Nehalem Rd","city":"Seaside"},"geometry":{"type":"Point","coordinates":[-123.5861852524428,45.8561394113987]}},{"type":"Feature","properties":{"kind":"home","county":"Clatsop","class":"401","situs":"80505 Sha-Ne-Mah Rd","city":"Seaside"},"geometry":{"type":"Point","coordinates":[-123.6045709213153,45.832651569132665]}},{"type":"Feature","properties":{"kind":"home","county":"Clatsop","class":"401","situs":"80487 Sha-Ne-Mah Rd","city":"Seaside"},"geometry":{"type":"Point","coordinates":[-123.60645574586214,45.83200362537909]}},{"type":"Feature","properties":{"kind":"home","county":"Clatsop","class":"401","situs":"80487 Sha-Ne-Mah Rd","city":"Seaside"},"geometry":{"type":"Point","coordinates":[-123.60645574586214,45.83200362537909]}},{"type":"Feature","properties":{"kind":"home","county":"Clatsop","class":"100","situs":"","city":""},"geometry":{"type":"Point","coordinates":[-123.58445712273935,45.842410063570824]}},{"type":"Feature","properties":{"kind":"home","county":"Clatsop","class":"400","situs":"","city":""},"geometry":{"type":"Point","coordinates":[-123.59998690000876,45.82546668906902]}},{"type":"Feature","properties":{"kind":"home","county":"Clatsop","class":"401","situs":"41432 Mowick Ln","city":"Seaside"},"geometry":{"type":"Point","coordinates":[-123.59445062716856,45.86021027985506]}},{"type":"Feature","properties":{"kind":"home","county":"Clatsop","class":"400","situs":"","city":""},"geometry":{"type":"Point","coordinates":[-123.60271712073585,45.822345819386115]}},{"type":"Feature","properties":{"kind":"home","county":"Clatsop","class":"009","situs":"42707 Loyd Ln","city":"Seaside"},"geometry":{"type":"Point","coordinates":[-123.54227797504784,45.856016306647135]}},{"type":"Feature","properties":{"kind":"home","county":"Clatsop","class":"409","situs":"42707 Loyd Ln","city":"Seaside"},"geometry":{"type":"Point","coordinates":[-123.54227797504784,45.856016306647135]}},{"type":"Feature","properties":{"kind":"home","county":"Clatsop","class":"100","situs":"","city":""},"geometry":{"type":"Point","coordinates":[-123.54375182155168,45.85223362408055]}},{"type":"Feature","properties":{"kind":"home","county":"Clatsop","class":"109","situs":"","city":""},"geometry":{"type":"Point","coordinates":[-123.54164998957576,45.85096366393782]}},{"type":"Feature","properties":{"kind":"home","county":"Clatsop","class":"019","situs":"","city":""},"geometry":{"type":"Point","coordinates":[-123.54164998957576,45.85096366393782]}},{"type":"Feature","properties":{"kind":"home","county":"Clatsop","class":"019","situs":"43973 Hwy 26","city":"Seaside"},"geometry":{"type":"Point","coordinates":[-123.5661677571662,45.86604884253833]}},{"type":"Feature","properties":{"kind":"home","county":"Clatsop","class":"100","situs":"","city":""},"geometry":{"type":"Point","coordinates":[-123.5480880009463,45.85433288542027]}},{"type":"Feature","properties":{"kind":"home","county":"Clatsop","class":"100","situs":"","city":""},"geometry":{"type":"Point","coordinates":[-123.54513673530441,45.8525510543116]}},{"type":"Feature","properties":{"kind":"home","county":"Clatsop","class":"401","situs":"41757 Woodard Ln","city":"Seaside"},"geometry":{"type":"Point","coordinates":[-123.58208732740208,45.863812517462115]}},{"type":"Feature","properties":{"kind":"home","county":"Clatsop","class":"401","situs":"81089 Lower Nehalem Rd","city":"Seaside"},"geometry":{"type":"Point","coordinates":[-123.58407849438257,45.85293738827772]}},{"type":"Feature","properties":{"kind":"home","county":"Clatsop","class":"401","situs":"81089 Lower Nehalem Rd","city":"Seaside"},"geometry":{"type":"Point","coordinates":[-123.58407849438257,45.85293738827772]}},{"type":"Feature","properties":{"kind":"home","county":"Clatsop","class":"400","situs":"","city":""},"geometry":{"type":"Point","coordinates":[-123.55031649318133,45.86089670091179]}},{"type":"Feature","properties":{"kind":"home","county":"Clatsop","class":"401","situs":"81191 Gronnel Rd","city":"Seaside"},"geometry":{"type":"Point","coordinates":[-123.54917086436232,45.85470535150026]}},{"type":"Feature","properties":{"kind":"home","county":"Clatsop","class":"400","situs":"","city":""},"geometry":{"type":"Point","coordinates":[-123.58446863760076,45.85088737073563]}},{"type":"Feature","properties":{"kind":"home","county":"Clatsop","class":"401","situs":"81271 Gronnel Rd","city":"Seaside"},"geometry":{"type":"Point","coordinates":[-123.55013295195451,45.855569223809056]}},{"type":"Feature","properties":{"kind":"home","county":"Clatsop","class":"401","situs":"78506 Hwy 53","city":"Nehalem"},"geometry":{"type":"Point","coordinates":[-123.79027429407071,45.80284176234432]}},{"type":"Feature","properties":{"kind":"home","county":"Clatsop","class":"401","situs":"","city":""},"geometry":{"type":"Point","coordinates":[-123.82117971050205,45.78929398688038]}},{"type":"Feature","properties":{"kind":"home","county":"Clatsop","class":"100","situs":"","city":""},"geometry":{"type":"Point","coordinates":[-123.54615947833538,45.854100553079434]}},{"type":"Feature","properties":{"kind":"home","county":"Clatsop","class":"100","situs":"","city":""},"geometry":{"type":"Point","coordinates":[-123.54477464808855,45.851081812362956]}},{"type":"Feature","properties":{"kind":"home","county":"Clatsop","class":"401","situs":"","city":""},"geometry":{"type":"Point","coordinates":[-123.5519535263441,45.862486626283314]}},{"type":"Feature","properties":{"kind":"home","county":"Clatsop","class":"009","situs":"81088 Elderberry Rd","city":"Seaside"},"geometry":{"type":"Point","coordinates":[-123.54700314703496,45.85083954140703]}},{"type":"Feature","properties":{"kind":"home","county":"Clatsop","class":"100","situs":"","city":""},"geometry":{"type":"Point","coordinates":[-123.58197163853232,45.85636346915154]}},{"type":"Feature","properties":{"kind":"home","county":"Clatsop","class":"101","situs":"42549 Morgan Ln","city":"Seaside"},"geometry":{"type":"Point","coordinates":[-123.5489947759287,45.8542743427148]}},{"type":"Feature","properties":{"kind":"home","county":"Clatsop","class":"101","situs":"81174 Elderberry Rd","city":"Seaside"},"geometry":{"type":"Point","coordinates":[-123.54918079688953,45.85269881677523]}},{"type":"Feature","properties":{"kind":"home","county":"Clatsop","class":"100","situs":"","city":""},"geometry":{"type":"Point","coordinates":[-123.54857784669235,45.85288127911835]}},{"type":"Feature","properties":{"kind":"home","county":"Clatsop","class":"101","situs":"81169 Blackcap Rd","city":"Seaside"},"geometry":{"type":"Point","coordinates":[-123.54632098159195,45.85184440374869]}},{"type":"Feature","properties":{"kind":"home","county":"Clatsop","class":"101","situs":"81006 Gronnel Rd","city":"Seaside"},"geometry":{"type":"Point","coordinates":[-123.55213000092397,45.84994553540279]}},{"type":"Feature","properties":{"kind":"home","county":"Clatsop","class":"101","situs":"80968 Gronnel Rd","city":"Seaside"},"geometry":{"type":"Point","coordinates":[-123.55334944691785,45.84953166190412]}},{"type":"Feature","properties":{"kind":"home","county":"Clatsop","class":"400","situs":"","city":""},"geometry":{"type":"Point","coordinates":[-123.57786331795062,45.842079067298904]}},{"type":"Feature","properties":{"kind":"home","county":"Clatsop","class":"401","situs":"","city":""},"geometry":{"type":"Point","coordinates":[-123.60169944000918,45.82877689746683]}},{"type":"Feature","properties":{"kind":"home","county":"Clatsop","class":"400","situs":"","city":""},"geometry":{"type":"Point","coordinates":[-123.69717157498945,45.854271753872986]}},{"type":"Feature","properties":{"kind":"home","county":"Clatsop","class":"109","situs":"81158 Blackcap Rd","city":"Seaside"},"geometry":{"type":"Point","coordinates":[-123.54712433462585,45.852208670201136]}},{"type":"Feature","properties":{"kind":"home","county":"Clatsop","class":"009","situs":"81158 Blackcap Rd","city":"Seaside"},"geometry":{"type":"Point","coordinates":[-123.54712433462585,45.852208670201136]}},{"type":"Feature","properties":{"kind":"home","county":"Clatsop","class":"401","situs":"81315 Lower Nehalem Rd","city":"Seaside"},"geometry":{"type":"Point","coordinates":[-123.58413428743232,45.85816957880814]}},{"type":"Feature","properties":{"kind":"home","county":"Clatsop","class":"401","situs":"41396 Kampy Ln","city":"Seaside"},"geometry":{"type":"Point","coordinates":[-123.59423855032698,45.864905965240126]}},{"type":"Feature","properties":{"kind":"home","county":"Clatsop","class":"401","situs":"79779 Hwy 103","city":"Seaside"},"geometry":{"type":"Point","coordinates":[-123.56060949148664,45.86373304819705]}},{"type":"Feature","properties":{"kind":"home","county":"Clatsop","class":"401","situs":"43627 Hwy 26","city":"Seaside"},"geometry":{"type":"Point","coordinates":[-123.58076998901298,45.865268306599496]}},{"type":"Feature","properties":{"kind":"home","county":"Clatsop","class":"401","situs":"81165-81167 Lower NehalemRd","city":"Seaside"},"geometry":{"type":"Point","coordinates":[-123.5816699151632,45.85586548685589]}},{"type":"Feature","properties":{"kind":"home","county":"Clatsop","class":"401","situs":"80760 Olds Rd","city":"Seaside"},"geometry":{"type":"Point","coordinates":[-123.59773818522655,45.840113106215064]}},{"type":"Feature","properties":{"kind":"home","county":"Clatsop","class":"401","situs":"80760 Olds Rd","city":"Seaside"},"geometry":{"type":"Point","coordinates":[-123.59773818522655,45.840113106215064]}},{"type":"Feature","properties":{"kind":"home","county":"Clatsop","class":"401","situs":"79774 Lower Nehalem Rd","city":"Seaside"},"geometry":{"type":"Point","coordinates":[-123.60254293075144,45.827205904789544]}},{"type":"Feature","properties":{"kind":"home","county":"Clatsop","class":"401","situs":"80221 Sha-Ne-Mah Rd","city":"Seaside"},"geometry":{"type":"Point","coordinates":[-123.60603878679085,45.825814010163796]}},{"type":"Feature","properties":{"kind":"home","county":"Clatsop","class":"401","situs":"80221 Sha-Ne-Mah Rd","city":"Seaside"},"geometry":{"type":"Point","coordinates":[-123.60603878679085,45.825814010163796]}},{"type":"Feature","properties":{"kind":"home","county":"Clatsop","class":"400","situs":"","city":""},"geometry":{"type":"Point","coordinates":[-123.58412797488437,45.843980675421]}},{"type":"Feature","properties":{"kind":"home","county":"Clatsop","class":"400","situs":"","city":""},"geometry":{"type":"Point","coordinates":[-123.60083158938033,45.827764776569246]}},{"type":"Feature","properties":{"kind":"home","county":"Clatsop","class":"101","situs":"81942 Mattson Rd","city":"Seaside"},"geometry":{"type":"Point","coordinates":[-123.70102268067276,45.86516513287819]}},{"type":"Feature","properties":{"kind":"home","county":"Clatsop","class":"400","situs":"","city":""},"geometry":{"type":"Point","coordinates":[-123.70204406516343,45.84564599858261]}},{"type":"Feature","properties":{"kind":"home","county":"Clatsop","class":"401","situs":"80310 Hamlet Rd","city":"Seaside"},"geometry":{"type":"Point","coordinates":[-123.70247028518381,45.8491875215677]}},{"type":"Feature","properties":{"kind":"home","county":"Clatsop","class":"401","situs":"79402 Hamlet Rd","city":"Seaside"},"geometry":{"type":"Point","coordinates":[-123.68113566776617,45.83303193085531]}},{"type":"Feature","properties":{"kind":"home","county":"Clatsop","class":"100","situs":"","city":""},"geometry":{"type":"Point","coordinates":[-123.72066337136589,45.86184142588502]}},{"type":"Feature","properties":{"kind":"home","county":"Clatsop","class":"101","situs":"78488 Hwy 53","city":"Nehalem"},"geometry":{"type":"Point","coordinates":[-123.79145125804557,45.80276082963779]}},{"type":"Feature","properties":{"kind":"home","county":"Clatsop","class":"401","situs":"","city":""},"geometry":{"type":"Point","coordinates":[-123.82174343670113,45.792378925334475]}},{"type":"Feature","properties":{"kind":"home","county":"Clatsop","class":"400","situs":"","city":""},"geometry":{"type":"Point","coordinates":[-123.56055745987558,45.86424252838797]}},{"type":"Feature","properties":{"kind":"home","county":"Clatsop","class":"101","situs":"42585 Morgan Ln","city":"Seaside"},"geometry":{"type":"Point","coordinates":[-123.5476983269164,45.85430026620185]}},{"type":"Feature","properties":{"kind":"home","county":"Clatsop","class":"101","situs":"","city":""},"geometry":{"type":"Point","coordinates":[-123.54910325870974,45.85283361148602]}},{"type":"Feature","properties":{"kind":"home","county":"Clatsop","class":"100","situs":"","city":""},"geometry":{"type":"Point","coordinates":[-123.55047755238202,45.851218200870505]}},{"type":"Feature","properties":{"kind":"home","county":"Clatsop","class":"401","situs":"80673 Olds Rd","city":"Seaside"},"geometry":{"type":"Point","coordinates":[-123.59787243563957,45.83842533209865]}},{"type":"Feature","properties":{"kind":"home","county":"Clatsop","class":"401","situs":"","city":""},"geometry":{"type":"Point","coordinates":[-123.6048832774172,45.8353822941528]}},{"type":"Feature","properties":{"kind":"home","county":"Clatsop","class":"401","situs":"41396 Kampy Ln","city":"Seaside"},"geometry":{"type":"Point","coordinates":[-123.59423855032698,45.864905965240126]}},{"type":"Feature","properties":{"kind":"home","county":"Clatsop","class":"400","situs":"","city":""},"geometry":{"type":"Point","coordinates":[-123.60276993161989,45.86535230727531]}},{"type":"Feature","properties":{"kind":"home","county":"Clatsop","class":"401","situs":"41236 Kampy Ln","city":"Seaside"},"geometry":{"type":"Point","coordinates":[-123.60039240150631,45.86539194363097]}},{"type":"Feature","properties":{"kind":"home","county":"Clatsop","class":"400","situs":"","city":""},"geometry":{"type":"Point","coordinates":[-123.60242598463158,45.831469250869844]}},{"type":"Feature","properties":{"kind":"home","county":"Clatsop","class":"400","situs":"","city":""},"geometry":{"type":"Point","coordinates":[-123.58085326196544,45.843277623079764]}},{"type":"Feature","properties":{"kind":"home","county":"Clatsop","class":"401","situs":"80659 Sha-Ne-Mah Rd","city":"Seaside"},"geometry":{"type":"Point","coordinates":[-123.60829989016715,45.837914819155586]}},{"type":"Feature","properties":{"kind":"home","county":"Clatsop","class":"401","situs":"","city":""},"geometry":{"type":"Point","coordinates":[-123.60829989016715,45.837914819155586]}},{"type":"Feature","properties":{"kind":"home","county":"Clatsop","class":"400","situs":"81060 Layton Rd","city":"Seaside"},"geometry":{"type":"Point","coordinates":[-123.6961935162855,45.852905995117915]}},{"type":"Feature","properties":{"kind":"home","county":"Clatsop","class":"401","situs":"80422 Sha-Ne-Mah Rd","city":"Seaside"},"geometry":{"type":"Point","coordinates":[-123.60579052853562,45.83020214822197]}},{"type":"Feature","properties":{"kind":"home","county":"Clatsop","class":"401","situs":"80422 Sha-Ne-Mah Rd","city":"Seaside"},"geometry":{"type":"Point","coordinates":[-123.60579052853562,45.83020214822197]}},{"type":"Feature","properties":{"kind":"home","county":"Clatsop","class":"401","situs":"80494 Sha-Ne-Mah Rd","city":"Seaside"},"geometry":{"type":"Point","coordinates":[-123.60562532109152,45.83234524914403]}},{"type":"Feature","properties":{"kind":"home","county":"Clatsop","class":"401","situs":"80194 Sha-Ne-Mah Rd","city":"Seaside"},"geometry":{"type":"Point","coordinates":[-123.6061437705218,45.82519249685699]}},{"type":"Feature","properties":{"kind":"home","county":"Clatsop","class":"401","situs":"80194 Sha-Ne-Mah Rd","city":"Seaside"},"geometry":{"type":"Point","coordinates":[-123.6061437705218,45.82519249685699]}},{"type":"Feature","properties":{"kind":"home","county":"Clatsop","class":"401","situs":"80310 Hamlet Rd","city":"Seaside"},"geometry":{"type":"Point","coordinates":[-123.70247028518381,45.8491875215677]}},{"type":"Feature","properties":{"kind":"home","county":"Clatsop","class":"401","situs":"81247 Layton Rd","city":"Seaside"},"geometry":{"type":"Point","coordinates":[-123.695741535683,45.84876568850017]}},{"type":"Feature","properties":{"kind":"home","county":"Clatsop","class":"401","situs":"81247 Layton Rd","city":"Seaside"},"geometry":{"type":"Point","coordinates":[-123.695741535683,45.84876568850017]}},{"type":"Feature","properties":{"kind":"home","county":"Clatsop","class":"400","situs":"","city":""},"geometry":{"type":"Point","coordinates":[-123.55958926182335,45.86307700456115]}},{"type":"Feature","properties":{"kind":"home","county":"Clatsop","class":"401","situs":"81282 Bear Rd","city":"Seaside"},"geometry":{"type":"Point","coordinates":[-123.54707262417625,45.85646710420584]}},{"type":"Feature","properties":{"kind":"home","county":"Clatsop","class":"400","situs":"","city":""},"geometry":{"type":"Point","coordinates":[-123.55033369772747,45.86031801912377]}},{"type":"Feature","properties":{"kind":"home","county":"Clatsop","class":"100","situs":"","city":""},"geometry":{"type":"Point","coordinates":[-123.54843817113738,45.85117144079049]}},{"type":"Feature","properties":{"kind":"home","county":"Clatsop","class":"100","situs":"81073 Elderberry Rd","city":"Seaside"},"geometry":{"type":"Point","coordinates":[-123.54625318270206,45.85097509309795]}},{"type":"Feature","properties":{"kind":"home","county":"Clatsop","class":"009","situs":"80242 Hamlet Rd","city":"Seaside"},"geometry":{"type":"Point","coordinates":[-123.70187941564848,45.84727507140012]}},{"type":"Feature","properties":{"kind":"home","county":"Clatsop","class":"400","situs":"","city":""},"geometry":{"type":"Point","coordinates":[-123.69542964256725,45.85106216539546]}},{"type":"Feature","properties":{"kind":"home","county":"Clatsop","class":"401","situs":"79721 Hamlet Rd","city":"Seaside"},"geometry":{"type":"Point","coordinates":[-123.6849802453045,45.83759076809007]}},{"type":"Feature","properties":{"kind":"home","county":"Clatsop","class":"401","situs":"79721 Hamlet Rd","city":"Seaside"},"geometry":{"type":"Point","coordinates":[-123.6849802453045,45.83759076809007]}},{"type":"Feature","properties":{"kind":"home","county":"Clatsop","class":"401","situs":"80369 Sha-Ne-Mah Rd","city":"Seaside"},"geometry":{"type":"Point","coordinates":[-123.60527467688804,45.82857222388175]}},{"type":"Feature","properties":{"kind":"home","county":"Clatsop","class":"401","situs":"80369 Sha-Ne-Mah Rd","city":"Seaside"},"geometry":{"type":"Point","coordinates":[-123.60527467688804,45.82857222388175]}},{"type":"Feature","properties":{"kind":"home","county":"Clatsop","class":"101","situs":"79624 Lower Nehalem Rd","city":"Seaside"},"geometry":{"type":"Point","coordinates":[-123.60347160227836,45.8240329508326]}},{"type":"Feature","properties":{"kind":"home","county":"Clatsop","class":"401","situs":"41458 Mowick Ln","city":"Seaside"},"geometry":{"type":"Point","coordinates":[-123.5911428866279,45.860214287156055]}},{"type":"Feature","properties":{"kind":"home","county":"Clatsop","class":"401","situs":"80563 Sha-Ne-Mah Rd","city":"Seaside"},"geometry":{"type":"Point","coordinates":[-123.60627031774614,45.83466179154374]}},{"type":"Feature","properties":{"kind":"home","county":"Clatsop","class":"401","situs":"80563 Sha-Ne-Mah Rd","city":"Seaside"},"geometry":{"type":"Point","coordinates":[-123.60627031774614,45.83466179154374]}},{"type":"Feature","properties":{"kind":"home","county":"Clatsop","class":"401","situs":"41682 Misty Mountain Ln","city":"Seaside"},"geometry":{"type":"Point","coordinates":[-123.58344963989896,45.85694007491413]}},{"type":"Feature","properties":{"kind":"home","county":"Clatsop","class":"401","situs":"80465 Sha-Ne-Mah Rd","city":"Seaside"},"geometry":{"type":"Point","coordinates":[-123.605906370781,45.83079749510797]}},{"type":"Feature","properties":{"kind":"home","county":"Clatsop","class":"401","situs":"79571 Hwy 53","city":"Nehalem"},"geometry":{"type":"Point","coordinates":[-123.77263306944467,45.82392427750386]}},{"type":"Feature","properties":{"kind":"home","county":"Clatsop","class":"401","situs":"79017 Hwy 53","city":"Nehalem"},"geometry":{"type":"Point","coordinates":[-123.77425876350759,45.80914982933139]}},{"type":"Feature","properties":{"kind":"home","county":"Clatsop","class":"401","situs":"77391 Hwy 53","city":"Nehalem"},"geometry":{"type":"Point","coordinates":[-123.81849296119896,45.78568838343917]}},{"type":"Feature","properties":{"kind":"home","county":"Clatsop","class":"400","situs":"81521 Layton Rd","city":"Seaside"},"geometry":{"type":"Point","coordinates":[-123.69616418082902,45.855634842867964]}},{"type":"Feature","properties":{"kind":"home","county":"Clatsop","class":"401","situs":"81521 Layton Rd","city":"Seaside"},"geometry":{"type":"Point","coordinates":[-123.69616418082902,45.855634842867964]}},{"type":"Feature","properties":{"kind":"home","county":"Clatsop","class":"401","situs":"","city":""},"geometry":{"type":"Point","coordinates":[-123.70151027051712,45.844556059466186]}},{"type":"Feature","properties":{"kind":"home","county":"Clatsop","class":"401","situs":"81033 Ranch Road","city":"Seaside"},"geometry":{"type":"Point","coordinates":[-123.70151027051712,45.844556059466186]}},{"type":"Feature","properties":{"kind":"home","county":"Clatsop","class":"400","situs":"","city":""},"geometry":{"type":"Point","coordinates":[-123.71924025367882,45.86206769589247]}},{"type":"Feature","properties":{"kind":"home","county":"Clatsop","class":"401","situs":"81165 Lower Nehalem Rd","city":"Seaside"},"geometry":{"type":"Point","coordinates":[-123.5816699151632,45.85586548685589]}},{"type":"Feature","properties":{"kind":"home","county":"Clatsop","class":"401","situs":"41134 Kampy Ln","city":"Seaside"},"geometry":{"type":"Point","coordinates":[-123.6040717471327,45.86498521628558]}},{"type":"Feature","properties":{"kind":"home","county":"Clatsop","class":"400","situs":"79297 Estate Dr","city":"Nehalem"},"geometry":{"type":"Point","coordinates":[-123.82301041658759,45.79175096063248]}},{"type":"Feature","properties":{"kind":"home","county":"Clatsop","class":"400","situs":"79003 Estate Dr","city":"Nehalem"},"geometry":{"type":"Point","coordinates":[-123.82302845711031,45.78625066985852]}},{"type":"Feature","properties":{"kind":"home","county":"Clatsop","class":"401","situs":"","city":""},"geometry":{"type":"Point","coordinates":[-123.82291410552494,45.78463089542841]}},{"type":"Feature","properties":{"kind":"home","county":"Clatsop","class":"400","situs":"","city":""},"geometry":{"type":"Point","coordinates":[-123.60181925571423,45.82981719969311]}},{"type":"Feature","properties":{"kind":"home","county":"Clatsop","class":"400","situs":"","city":""},"geometry":{"type":"Point","coordinates":[-123.59996762631107,45.82472277653212]}},{"type":"Feature","properties":{"kind":"home","county":"Clatsop","class":"401","situs":"","city":""},"geometry":{"type":"Point","coordinates":[-123.69454540158777,45.857453567323226]}},{"type":"Feature","properties":{"kind":"home","county":"Clatsop","class":"401","situs":"79658 Lower Nehalem Rd","city":"Seaside"},"geometry":{"type":"Point","coordinates":[-123.6035732013382,45.825258697020466]}},{"type":"Feature","properties":{"kind":"home","county":"Clatsop","class":"400","situs":"","city":""},"geometry":{"type":"Point","coordinates":[-123.60227015161813,45.8233204374734]}},{"type":"Feature","properties":{"kind":"home","county":"Clatsop","class":"401","situs":"38711 Cox Ln","city":"Seaside"},"geometry":{"type":"Point","coordinates":[-123.69713252599908,45.86580995664647]}},{"type":"Feature","properties":{"kind":"home","county":"Clatsop","class":"401","situs":"38711 Cox Ln","city":"Seaside"},"geometry":{"type":"Point","coordinates":[-123.69713252599908,45.86580995664647]}},{"type":"Feature","properties":{"kind":"home","county":"Clatsop","class":"401","situs":"38772 Cox Ln","city":"Seaside"},"geometry":{"type":"Point","coordinates":[-123.69727028932454,45.86417293980333]}},{"type":"Feature","properties":{"kind":"home","county":"Clatsop","class":"401","situs":"81187 Layton Rd","city":"Seaside"},"geometry":{"type":"Point","coordinates":[-123.69990328551144,45.84933439606958]}},{"type":"Feature","properties":{"kind":"home","county":"Clatsop","class":"401","situs":"","city":""},"geometry":{"type":"Point","coordinates":[-123.69451405758547,45.85929587737425]}},{"type":"Feature","properties":{"kind":"home","county":"Clatsop","class":"400","situs":"","city":""},"geometry":{"type":"Point","coordinates":[-123.69854295664257,45.849413637623705]}},{"type":"Feature","properties":{"kind":"home","county":"Clatsop","class":"401","situs":"79400 Hamlet Rd","city":"Seaside"},"geometry":{"type":"Point","coordinates":[-123.68065827478702,45.83071235238778]}},{"type":"Feature","properties":{"kind":"home","county":"Clatsop","class":"400","situs":"","city":""},"geometry":{"type":"Point","coordinates":[-123.77774603997123,45.80807123711348]}},{"type":"Feature","properties":{"kind":"home","county":"Clatsop","class":"400","situs":"","city":""},"geometry":{"type":"Point","coordinates":[-123.7854798337143,45.8029468315059]}},{"type":"Feature","properties":{"kind":"home","county":"Clatsop","class":"401","situs":"41822 Nehalem Shores Ln","city":"Seaside"},"geometry":{"type":"Point","coordinates":[-123.57780151583567,45.84347953092066]}},{"type":"Feature","properties":{"kind":"home","county":"Clatsop","class":"401","situs":"41822 Nehalem Shores Ln","city":"Seaside"},"geometry":{"type":"Point","coordinates":[-123.57780151583567,45.84347953092066]}},{"type":"Feature","properties":{"kind":"home","county":"Clatsop","class":"401","situs":"80388 Sha-Ne-Mah Rd","city":"Seaside"},"geometry":{"type":"Point","coordinates":[-123.60539285996376,45.829087459790834]}},{"type":"Feature","properties":{"kind":"home","county":"Clatsop","class":"401","situs":"80388 Sha-Ne-Mah Rd","city":"Seaside"},"geometry":{"type":"Point","coordinates":[-123.60539285996376,45.829087459790834]}},{"type":"Feature","properties":{"kind":"home","county":"Clatsop","class":"409","situs":"80492 Sha-Ne-Mah Rd","city":"Seaside"},"geometry":{"type":"Point","coordinates":[-123.60750579920477,45.83274768745758]}},{"type":"Feature","properties":{"kind":"home","county":"Clatsop","class":"401","situs":"79858 Lower Nehalem Rd","city":"Seaside"},"geometry":{"type":"Point","coordinates":[-123.6020947572728,45.830409355530335]}},{"type":"Feature","properties":{"kind":"home","county":"Clatsop","class":"101","situs":"79778 Lower Nehalem Rd","city":"Seaside"},"geometry":{"type":"Point","coordinates":[-123.60195802677393,45.82830549509266]}},{"type":"Feature","properties":{"kind":"home","county":"Clatsop","class":"400","situs":"","city":""},"geometry":{"type":"Point","coordinates":[-123.79598179178305,45.80194708373844]}},{"type":"Feature","properties":{"kind":"home","county":"Clatsop","class":"401","situs":"81297 Layton Rd","city":"Seaside"},"geometry":{"type":"Point","coordinates":[-123.69549361341616,45.84957804549921]}},{"type":"Feature","properties":{"kind":"home","county":"Clatsop","class":"401","situs":"81297 Layton Rd","city":"Seaside"},"geometry":{"type":"Point","coordinates":[-123.69549361341616,45.84957804549921]}},{"type":"Feature","properties":{"kind":"home","county":"Clatsop","class":"400","situs":"","city":""},"geometry":{"type":"Point","coordinates":[-123.7198624871167,45.8624637670819]}},{"type":"Feature","properties":{"kind":"home","county":"Clatsop","class":"019","situs":"81060 Ranch Rd","city":"Seaside"},"geometry":{"type":"Point","coordinates":[-123.70188517221634,45.84648459625645]}},{"type":"Feature","properties":{"kind":"home","county":"Clatsop","class":"401","situs":"41553 Mowick Ln","city":"Seaside"},"geometry":{"type":"Point","coordinates":[-123.58785573864343,45.860277539779595]}},{"type":"Feature","properties":{"kind":"home","county":"Clatsop","class":"401","situs":"41553 Mowick Ln","city":"Seaside"},"geometry":{"type":"Point","coordinates":[-123.58785573864343,45.860277539779595]}},{"type":"Feature","properties":{"kind":"home","county":"Clatsop","class":"409","situs":"41587 Nehalem Shores Ln","city":"Seaside"},"geometry":{"type":"Point","coordinates":[-123.58692815493792,45.84066639360098]}},{"type":"Feature","properties":{"kind":"home","county":"Clatsop","class":"009","situs":"41587 Nehalem Shores Ln","city":"Seaside"},"geometry":{"type":"Point","coordinates":[-123.58692815493792,45.84066639360098]}},{"type":"Feature","properties":{"kind":"home","county":"Clatsop","class":"019","situs":"41724 Nehalem Shores Ln","city":"Seaside"},"geometry":{"type":"Point","coordinates":[-123.58352836649881,45.84171454970003]}},{"type":"Feature","properties":{"kind":"home","county":"Clatsop","class":"409","situs":"41724-41711 Nehalem ShoresLn","city":"Seaside"},"geometry":{"type":"Point","coordinates":[-123.58352836649881,45.84171454970003]}},{"type":"Feature","properties":{"kind":"home","county":"Clatsop","class":"409","situs":"41711-41724 Nehalem ShoresLn","city":"Seaside"},"geometry":{"type":"Point","coordinates":[-123.58352836649881,45.84171454970003]}},{"type":"Feature","properties":{"kind":"home","county":"Clatsop","class":"009","situs":"41711 Nehalem Shores Ln","city":"Seaside"},"geometry":{"type":"Point","coordinates":[-123.58352836649881,45.84171454970003]}},{"type":"Feature","properties":{"kind":"home","county":"Clatsop","class":"009","situs":"41697 Nehalem Shores Ln","city":"Seaside"},"geometry":{"type":"Point","coordinates":[-123.58344587155092,45.84255920657588]}},{"type":"Feature","properties":{"kind":"home","county":"Clatsop","class":"109","situs":"41697 Nehalem Shores Ln","city":"Seaside"},"geometry":{"type":"Point","coordinates":[-123.58344587155092,45.84255920657588]}},{"type":"Feature","properties":{"kind":"home","county":"Clatsop","class":"409","situs":"80307 Sha-Ne-Mah Rd","city":"Seaside"},"geometry":{"type":"Point","coordinates":[-123.60502646120649,45.82806119032418]}},{"type":"Feature","properties":{"kind":"home","county":"Clatsop","class":"401","situs":"80465 Sha-Ne-Mah Rd","city":"Seaside"},"geometry":{"type":"Point","coordinates":[-123.605906370781,45.83079749510797]}},{"type":"Feature","properties":{"kind":"home","county":"Clatsop","class":"401","situs":"81950 Walton Rd","city":"Seaside"},"geometry":{"type":"Point","coordinates":[-123.70240138847639,45.86594013375017]}},{"type":"Feature","properties":{"kind":"home","county":"Clatsop","class":"401","situs":"81950 Walton Rd","city":"Seaside"},"geometry":{"type":"Point","coordinates":[-123.70240138847639,45.86594013375017]}},{"type":"Feature","properties":{"kind":"home","county":"Clatsop","class":"400","situs":"","city":""},"geometry":{"type":"Point","coordinates":[-123.69567053169602,45.85933417404819]}},{"type":"Feature","properties":{"kind":"home","county":"Clatsop","class":"400","situs":"","city":""},"geometry":{"type":"Point","coordinates":[-123.69773205226888,45.859240275372905]}},{"type":"Feature","properties":{"kind":"home","county":"Clatsop","class":"400","situs":"","city":""},"geometry":{"type":"Point","coordinates":[-123.69836729551197,45.851353685918205]}},{"type":"Feature","properties":{"kind":"home","county":"Clatsop","class":"009","situs":"80492 Sha-Ne-Mah Rd","city":"Seaside"},"geometry":{"type":"Point","coordinates":[-123.60750579920477,45.83274768745758]}},{"type":"Feature","properties":{"kind":"home","county":"Clatsop","class":"400","situs":"","city":""},"geometry":{"type":"Point","coordinates":[-123.58020001416611,45.842264348429296]}},{"type":"Feature","properties":{"kind":"home","county":"Clatsop","class":"100","situs":"","city":""},"geometry":{"type":"Point","coordinates":[-123.60320997385575,45.82344638613727]}},{"type":"Feature","properties":{"kind":"home","county":"Clatsop","class":"100","situs":"","city":""},"geometry":{"type":"Point","coordinates":[-123.60239154075073,45.82104351357349]}},{"type":"Feature","properties":{"kind":"home","county":"Clatsop","class":"101","situs":"79462 Hwy 53","city":"Nehalem"},"geometry":{"type":"Point","coordinates":[-123.77067743907736,45.82070273019445]}},{"type":"Feature","properties":{"kind":"home","county":"Clatsop","class":"401","situs":"80330 Hamlet Rd","city":"Seaside"},"geometry":{"type":"Point","coordinates":[-123.70134489339009,45.85106075453908]}},{"type":"Feature","properties":{"kind":"home","county":"Clatsop","class":"401","situs":"77446 Hwy 53","city":"Nehalem"},"geometry":{"type":"Point","coordinates":[-123.8223859660303,45.78817033937343]}},{"type":"Feature","properties":{"kind":"home","county":"Clatsop","class":"401","situs":"80307 Sha-Ne-Mah Rd","city":"Seaside"},"geometry":{"type":"Point","coordinates":[-123.60502646120649,45.82806119032418]}},{"type":"Feature","properties":{"kind":"home","county":"Clatsop","class":"401","situs":"38818 Cox Ln","city":"Seaside"},"geometry":{"type":"Point","coordinates":[-123.6957854443418,45.86406202594512]}},{"type":"Feature","properties":{"kind":"home","county":"Clatsop","class":"401","situs":"81439 Layton Rd","city":"Seaside"},"geometry":{"type":"Point","coordinates":[-123.69460235813423,45.854286962103515]}},{"type":"Feature","properties":{"kind":"home","county":"Clatsop","class":"401","situs":"81314 Layton Rd","city":"Seaside"},"geometry":{"type":"Point","coordinates":[-123.69578889749523,45.8503333191583]}},{"type":"Feature","properties":{"kind":"home","county":"Clatsop","class":"401","situs":"78528 Hwy 53","city":"Nehalem"},"geometry":{"type":"Point","coordinates":[-123.78967183284422,45.80284894564879]}},{"type":"Feature","properties":{"kind":"home","county":"Clatsop","class":"401","situs":"","city":""},"geometry":{"type":"Point","coordinates":[-123.79083351802161,45.80288098453634]}},{"type":"Feature","properties":{"kind":"home","county":"Clatsop","class":"401","situs":"79191 Estate Dr","city":"Nehalem"},"geometry":{"type":"Point","coordinates":[-123.82679070134844,45.788518824603166]}},{"type":"Feature","properties":{"kind":"home","county":"Clatsop","class":"400","situs":"","city":""},"geometry":{"type":"Point","coordinates":[-123.69683417056994,45.85838527586778]}},{"type":"Feature","properties":{"kind":"home","county":"Clatsop","class":"401","situs":"80225 Hamlet Rd","city":"Seaside"},"geometry":{"type":"Point","coordinates":[-123.69936079720419,45.84733788917323]}},{"type":"Feature","properties":{"kind":"home","county":"Clatsop","class":"401","situs":"80225 Hamlet Rd","city":"Seaside"},"geometry":{"type":"Point","coordinates":[-123.69936079720419,45.84733788917323]}},{"type":"Feature","properties":{"kind":"home","county":"Clatsop","class":"401","situs":"79401 Hamlet Rd","city":"Seaside"},"geometry":{"type":"Point","coordinates":[-123.67960108666865,45.83243985844093]}},{"type":"Feature","properties":{"kind":"home","county":"Clatsop","class":"401","situs":"79401 Hamlet Rd","city":"Seaside"},"geometry":{"type":"Point","coordinates":[-123.67960108666865,45.83243985844093]}},{"type":"Feature","properties":{"kind":"home","county":"Clatsop","class":"400","situs":"","city":""},"geometry":{"type":"Point","coordinates":[-123.63599046697657,45.79840260088266]}},{"type":"Feature","properties":{"kind":"home","county":"Clatsop","class":"100","situs":"","city":""},"geometry":{"type":"Point","coordinates":[-123.54849876099492,45.854367269216475]}},{"type":"Feature","properties":{"kind":"home","county":"Clatsop","class":"101","situs":"81105 Gronnel Rd","city":"Seaside"},"geometry":{"type":"Point","coordinates":[-123.54925236862687,45.8518328503337]}},{"type":"Feature","properties":{"kind":"home","county":"Clatsop","class":"100","situs":"","city":""},"geometry":{"type":"Point","coordinates":[-123.54572522088188,45.852231999273286]}},{"type":"Feature","properties":{"kind":"home","county":"Clatsop","class":"100","situs":"81123 Blackcap Rd","city":"Seaside"},"geometry":{"type":"Point","coordinates":[-123.54628970455644,45.85125772426753]}},{"type":"Feature","properties":{"kind":"home","county":"Clatsop","class":"401","situs":"79490 Hwy 103","city":"Seaside"},"geometry":{"type":"Point","coordinates":[-123.55580434346061,45.86070987435557]}},{"type":"Feature","properties":{"kind":"home","county":"Clatsop","class":"100","situs":"","city":""},"geometry":{"type":"Point","coordinates":[-123.55020586822985,45.85141686325795]}},{"type":"Feature","properties":{"kind":"home","county":"Clatsop","class":"100","situs":"","city":""},"geometry":{"type":"Point","coordinates":[-123.5462925395842,45.851531954522855]}},{"type":"Feature","properties":{"kind":"home","county":"Clatsop","class":"100","situs":"81055 Elderberry Rd","city":"Seaside"},"geometry":{"type":"Point","coordinates":[-123.54571456603004,45.85110006000845]}},{"type":"Feature","properties":{"kind":"home","county":"Clatsop","class":"019","situs":"43922 Hwy 26","city":"Seaside"},"geometry":{"type":"Point","coordinates":[-123.57037174982817,45.86390003390957]}},{"type":"Feature","properties":{"kind":"home","county":"Clatsop","class":"401","situs":"80330 Hamlet Rd","city":"Seaside"},"geometry":{"type":"Point","coordinates":[-123.70134489339009,45.85106075453908]}},{"type":"Feature","properties":{"kind":"home","county":"Clatsop","class":"401","situs":"","city":""},"geometry":{"type":"Point","coordinates":[-123.68063267777028,45.83098735016941]}},{"type":"Feature","properties":{"kind":"home","county":"Clatsop","class":"401","situs":"79125 Hwy 53","city":"Nehalem"},"geometry":{"type":"Point","coordinates":[-123.7718865679536,45.810913940676066]}},{"type":"Feature","properties":{"kind":"home","county":"Clatsop","class":"401","situs":"79404 Hwy 53","city":"Nehalem"},"geometry":{"type":"Point","coordinates":[-123.77103660183462,45.820005386399565]}},{"type":"Feature","properties":{"kind":"home","county":"Clatsop","class":"401","situs":"41266 Kampy Ln","city":"Seaside"},"geometry":{"type":"Point","coordinates":[-123.59903814507213,45.86539113456458]}},{"type":"Feature","properties":{"kind":"home","county":"Clatsop","class":"400","situs":"80675 Olds Rd","city":"Seaside"},"geometry":{"type":"Point","coordinates":[-123.60049356385272,45.83798951262056]}},{"type":"Feature","properties":{"kind":"home","county":"Clatsop","class":"401","situs":"80675 Olds Rd","city":"Seaside"},"geometry":{"type":"Point","coordinates":[-123.60049356385272,45.83798951262056]}},{"type":"Feature","properties":{"kind":"home","county":"Clatsop","class":"401","situs":"80734 Olds Rd","city":"Seaside"},"geometry":{"type":"Point","coordinates":[-123.59909335289784,45.839039932553895]}},{"type":"Feature","properties":{"kind":"home","county":"Clatsop","class":"400","situs":"","city":""},"geometry":{"type":"Point","coordinates":[-123.6062720817083,45.83321310713716]}},{"type":"Feature","properties":{"kind":"home","county":"Clatsop","class":"401","situs":"81314 Layton Rd","city":"Seaside"},"geometry":{"type":"Point","coordinates":[-123.69578889749523,45.8503333191583]}},{"type":"Feature","properties":{"kind":"home","county":"Clatsop","class":"400","situs":"","city":""},"geometry":{"type":"Point","coordinates":[-123.71085896806495,45.85610894243455]}},{"type":"Feature","properties":{"kind":"home","county":"Clatsop","class":"401","situs":"80580 Sha-Ne-Mah Rd","city":"Seaside"},"geometry":{"type":"Point","coordinates":[-123.60748511146775,45.836757069498105]}},{"type":"Feature","properties":{"kind":"home","county":"Clatsop","class":"401","situs":"80580 Sha-Ne-Mah Rd","city":"Seaside"},"geometry":{"type":"Point","coordinates":[-123.60748511146775,45.836757069498105]}},{"type":"Feature","properties":{"kind":"home","county":"Clatsop","class":"401","situs":"79403 Hamlet Rd","city":"Seaside"},"geometry":{"type":"Point","coordinates":[-123.6799355402792,45.8338292228477]}},{"type":"Feature","properties":{"kind":"home","county":"Clatsop","class":"400","situs":"","city":""},"geometry":{"type":"Point","coordinates":[-123.79347758599897,45.802197108055765]}},{"type":"Feature","properties":{"kind":"home","county":"Clatsop","class":"400","situs":"80537 Sha-Ne-Mah Rd","city":"Seaside"},"geometry":{"type":"Point","coordinates":[-123.60641448240884,45.83391865414514]}},{"type":"Feature","properties":{"kind":"home","county":"Clatsop","class":"401","situs":"80171 Sha-Ne-Mah Rd","city":"Seaside"},"geometry":{"type":"Point","coordinates":[-123.6061422576937,45.824563028238636]}},{"type":"Feature","properties":{"kind":"home","county":"Clatsop","class":"401","situs":"81460 Layton Rd","city":"Seaside"},"geometry":{"type":"Point","coordinates":[-123.69620873149948,45.85496118829762]}},{"type":"Feature","properties":{"kind":"home","county":"Clatsop","class":"400","situs":"","city":""},"geometry":{"type":"Point","coordinates":[-123.79429411300214,45.802006104447926]}},{"type":"Feature","properties":{"kind":"home","county":"Clatsop","class":"401","situs":"77278 Hwy 53","city":"Nehalem"},"geometry":{"type":"Point","coordinates":[-123.82197379121742,45.7837530345105]}},{"type":"Feature","properties":{"kind":"home","county":"Clatsop","class":"401","situs":"77339 Hwy 53","city":"Nehalem"},"geometry":{"type":"Point","coordinates":[-123.81876072571244,45.78480481527107]}},{"type":"Feature","properties":{"kind":"home","county":"Clatsop","class":"009","situs":"43977 Hwy 26","city":"Seaside"},"geometry":{"type":"Point","coordinates":[-123.56292402533747,45.86322120876059]}},{"type":"Feature","properties":{"kind":"home","county":"Clatsop","class":"100","situs":"","city":""},"geometry":{"type":"Point","coordinates":[-123.54991769390526,45.854333313628445]}},{"type":"Feature","properties":{"kind":"home","county":"Clatsop","class":"100","situs":"","city":""},"geometry":{"type":"Point","coordinates":[-123.54663480012448,45.852554461227655]}},{"type":"Feature","properties":{"kind":"home","county":"Clatsop","class":"401","situs":"81188 Lower Nehalem Rd","city":"Seaside"},"geometry":{"type":"Point","coordinates":[-123.58484777225735,45.85575996767847]}},{"type":"Feature","properties":{"kind":"home","county":"Clatsop","class":"401","situs":"41534 Mowick Ln","city":"Seaside"},"geometry":{"type":"Point","coordinates":[-123.58917093481517,45.859525831713306]}},{"type":"Feature","properties":{"kind":"home","county":"Clatsop","class":"401","situs":"81460 Layton Rd","city":"Seaside"},"geometry":{"type":"Point","coordinates":[-123.69620873149948,45.85496118829762]}},{"type":"Feature","properties":{"kind":"home","county":"Clatsop","class":"401","situs":"79827 Hamlet Rd","city":"Seaside"},"geometry":{"type":"Point","coordinates":[-123.68801358623094,45.8414487446509]}},{"type":"Feature","properties":{"kind":"home","county":"Clatsop","class":"401","situs":"81080 Hamlet Rd","city":"Seaside"},"geometry":{"type":"Point","coordinates":[-123.72057217086645,45.857932620160206]}},{"type":"Feature","properties":{"kind":"home","county":"Clatsop","class":"401","situs":"","city":""},"geometry":{"type":"Point","coordinates":[-123.78032184809018,45.80710770528911]}},{"type":"Feature","properties":{"kind":"home","county":"Clatsop","class":"401","situs":"78440 Hwy 53","city":"Seaside"},"geometry":{"type":"Point","coordinates":[-123.79282950885693,45.80236922648576]}},{"type":"Feature","properties":{"kind":"home","county":"Clatsop","class":"400","situs":"79105 Estate Dr","city":"Nehalem"},"geometry":{"type":"Point","coordinates":[-123.82324518623514,45.78704655007949]}},{"type":"Feature","properties":{"kind":"home","county":"Clatsop","class":"400","situs":"","city":""},"geometry":{"type":"Point","coordinates":[-123.8229080676111,45.785441373787684]}},{"type":"Feature","properties":{"kind":"home","county":"Clatsop","class":"401","situs":"81187 Layton Rd","city":"Seaside"},"geometry":{"type":"Point","coordinates":[-123.69990328551144,45.84933439606958]}},{"type":"Feature","properties":{"kind":"home","county":"Clatsop","class":"401","situs":"77393 Hwy 53","city":"Nehalem"},"geometry":{"type":"Point","coordinates":[-123.81807384443903,45.78663756391826]}},{"type":"Feature","properties":{"kind":"home","county":"Clatsop","class":"400","situs":"79201 Estate Dr","city":"Nehalem"},"geometry":{"type":"Point","coordinates":[-123.82454225993133,45.789325326545146]}},{"type":"Feature","properties":{"kind":"home","county":"Clatsop","class":"401","situs":"81078 Hamlet Rd","city":"Seaside"},"geometry":{"type":"Point","coordinates":[-123.71961876146334,45.85887544981703]}},{"type":"Feature","properties":{"kind":"home","county":"Clatsop","class":"401","situs":"79423 Estate Dr","city":"Nehalem"},"geometry":{"type":"Point","coordinates":[-123.81979111843361,45.79381821713647]}},{"type":"Feature","properties":{"kind":"home","county":"Clatsop","class":"401","situs":"79423 Estate Dr","city":"Nehalem"},"geometry":{"type":"Point","coordinates":[-123.81979111843361,45.79381821713647]}},{"type":"Feature","properties":{"kind":"home","county":"Clatsop","class":"401","situs":"79240 Estate Dr","city":"Nehalem"},"geometry":{"type":"Point","coordinates":[-123.82683985633815,45.79288091084575]}},{"type":"Feature","properties":{"kind":"home","county":"Clatsop","class":"401","situs":"79240 Estate Dr","city":"Nehalem"},"geometry":{"type":"Point","coordinates":[-123.82683985633815,45.79288091084575]}},{"type":"Feature","properties":{"kind":"home","county":"Clatsop","class":"401","situs":"77282 Hwy 53","city":"Nehalem"},"geometry":{"type":"Point","coordinates":[-123.82113379241932,45.78454848103945]}},{"type":"Feature","properties":{"kind":"home","county":"Clatsop","class":"400","situs":"","city":""},"geometry":{"type":"Point","coordinates":[-123.70612657463678,45.85412348204158]}},{"type":"Feature","properties":{"kind":"home","county":"Clatsop","class":"401","situs":"81260 Lower Nehalem Rd","city":"Seaside"},"geometry":{"type":"Point","coordinates":[-123.58736539006166,45.857079150559294]}},{"type":"Feature","properties":{"kind":"home","county":"Clatsop","class":"401","situs":"41615 Nehalem Shores Ln","city":"Seaside"},"geometry":{"type":"Point","coordinates":[-123.58614937587222,45.842106055870026]}},{"type":"Feature","properties":{"kind":"home","county":"Clatsop","class":"401","situs":"77547 Hwy 53","city":"Nehalem"},"geometry":{"type":"Point","coordinates":[-123.81778726993858,45.79021759337769]}},{"type":"Feature","properties":{"kind":"home","county":"Clatsop","class":"401","situs":"80287 Sha-Ne-Mah Rd","city":"Seaside"},"geometry":{"type":"Point","coordinates":[-123.60554808525363,45.82748791459282]}},{"type":"Feature","properties":{"kind":"home","county":"Clatsop","class":"401","situs":"80287 Sha-Ne-Mah Rd","city":"Seaside"},"geometry":{"type":"Point","coordinates":[-123.60554808525363,45.82748791459282]}},{"type":"Feature","properties":{"kind":"home","county":"Clatsop","class":"400","situs":"","city":""},"geometry":{"type":"Point","coordinates":[-123.70239527027641,45.85039856703364]}},{"type":"Feature","properties":{"kind":"home","county":"Clatsop","class":"401","situs":"79733 Hamlet Rd","city":"Seaside"},"geometry":{"type":"Point","coordinates":[-123.68745186384534,45.84042419999249]}},{"type":"Feature","properties":{"kind":"home","county":"Clatsop","class":"400","situs":"","city":""},"geometry":{"type":"Point","coordinates":[-123.69535164326255,45.85854668032629]}},{"type":"Feature","properties":{"kind":"home","county":"Clatsop","class":"401","situs":"76320 Lower Nehalem Rd","city":"Seaside"},"geometry":{"type":"Point","coordinates":[-123.64516338662516,45.783400645000356]}},{"type":"Feature","properties":{"kind":"home","county":"Clatsop","class":"101","situs":"78619 Hwy 53","city":"Nehalem"},"geometry":{"type":"Point","coordinates":[-123.78599112203825,45.802309489326724]}},{"type":"Feature","properties":{"kind":"home","county":"Clatsop","class":"100","situs":"78605 Hwy 53","city":"Nehalem"},"geometry":{"type":"Point","coordinates":[-123.78657429778896,45.802235527492506]}},{"type":"Feature","properties":{"kind":"home","county":"Clatsop","class":"401","situs":"80233 Sha-Ne-Mah Rd","city":"Seaside"},"geometry":{"type":"Point","coordinates":[-123.60583653276406,45.826391363790506]}},{"type":"Feature","properties":{"kind":"home","county":"Clatsop","class":"401","situs":"80233 Sha-Ne-Mah Rd","city":"Seaside"},"geometry":{"type":"Point","coordinates":[-123.60583653276406,45.826391363790506]}},{"type":"Feature","properties":{"kind":"home","county":"Clatsop","class":"400","situs":"","city":""},"geometry":{"type":"Point","coordinates":[-123.69832520059263,45.8574151311884]}},{"type":"Feature","properties":{"kind":"home","county":"Clatsop","class":"401","situs":"79164 Hwy 53","city":"Nehalem"},"geometry":{"type":"Point","coordinates":[-123.77090359850008,45.81321230126057]}},{"type":"Feature","properties":{"kind":"home","county":"Clatsop","class":"009","situs":"81090 Hamlet Rd","city":"Seaside"},"geometry":{"type":"Point","coordinates":[-123.72445267947025,45.858142860008996]}},{"type":"Feature","properties":{"kind":"home","county":"Clatsop","class":"401","situs":"77444 Hwy 53","city":"Nehalem"},"geometry":{"type":"Point","coordinates":[-123.82050868578595,45.78685652225296]}},{"type":"Feature","properties":{"kind":"home","county":"Clatsop","class":"401","situs":"77444 Hwy 53","city":"Nehalem"},"geometry":{"type":"Point","coordinates":[-123.82050868578595,45.78685652225296]}},{"type":"Feature","properties":{"kind":"home","county":"Clatsop","class":"401","situs":"79191 Estate Dr","city":"Nehalem"},"geometry":{"type":"Point","coordinates":[-123.82679070134844,45.788518824603166]}},{"type":"Feature","properties":{"kind":"home","county":"Clatsop","class":"401","situs":"","city":""},"geometry":{"type":"Point","coordinates":[-123.81792648786193,45.78758847118044]}},{"type":"Feature","properties":{"kind":"home","county":"Clatsop","class":"401","situs":"79020 Estate Dr","city":"Nehalem"},"geometry":{"type":"Point","coordinates":[-123.82469004891878,45.78528869689938]}},{"type":"Feature","properties":{"kind":"home","county":"Clatsop","class":"100","situs":"","city":""},"geometry":{"type":"Point","coordinates":[-123.50429572831754,45.91005087975895]}},{"type":"Feature","properties":{"kind":"home","county":"Clatsop","class":"401","situs":"82499 Hwy 103","city":"Seaside"},"geometry":{"type":"Point","coordinates":[-123.50485892898135,45.89808409489805]}},{"type":"Feature","properties":{"kind":"home","county":"Clatsop","class":"101","situs":"80966 Hwy 103","city":"Seaside"},"geometry":{"type":"Point","coordinates":[-123.54611046211011,45.88590371433706]}},{"type":"Feature","properties":{"kind":"home","county":"Clatsop","class":"100","situs":"","city":""},"geometry":{"type":"Point","coordinates":[-123.55787861979546,45.88973257564786]}},{"type":"Feature","properties":{"kind":"home","county":"Clatsop","class":"401","situs":"78857 Hwy 53","city":"Nehalem"},"geometry":{"type":"Point","coordinates":[-123.7793427328597,45.8056092219546]}},{"type":"Feature","properties":{"kind":"home","county":"Clatsop","class":"101","situs":"79450 Hwy 53","city":"Nehalem"},"geometry":{"type":"Point","coordinates":[-123.77060313729919,45.819964620346134]}},{"type":"Feature","properties":{"kind":"home","county":"Clatsop","class":"401","situs":"79308 Estate Dr","city":"Nehalem"},"geometry":{"type":"Point","coordinates":[-123.82387518899564,45.79349796549791]}},{"type":"Feature","properties":{"kind":"home","county":"Clatsop","class":"401","situs":"82236 Bay Rd","city":"Seaside"},"geometry":{"type":"Point","coordinates":[-123.56691831084905,45.88109400137846]}},{"type":"Feature","properties":{"kind":"home","county":"Clatsop","class":"401","situs":"82236 Bay Rd","city":"Seaside"},"geometry":{"type":"Point","coordinates":[-123.56691831084905,45.88109400137846]}},{"type":"Feature","properties":{"kind":"home","county":"Clatsop","class":"401","situs":"82363 Red Bluff Rd","city":"Seaside"},"geometry":{"type":"Point","coordinates":[-123.57113975822269,45.88315144350329]}},{"type":"Feature","properties":{"kind":"home","county":"Clatsop","class":"100","situs":"","city":""},"geometry":{"type":"Point","coordinates":[-123.57000429758712,45.88235591018936]}},{"type":"Feature","properties":{"kind":"home","county":"Clatsop","class":"100","situs":"","city":""},"geometry":{"type":"Point","coordinates":[-123.57049248842779,45.881386682653755]}},{"type":"Feature","properties":{"kind":"home","county":"Clatsop","class":"100","situs":"","city":""},"geometry":{"type":"Point","coordinates":[-123.57142798584331,45.87369526811887]}},{"type":"Feature","properties":{"kind":"home","county":"Clatsop","class":"101","situs":"82174 Red Bluff Rd","city":"Seaside"},"geometry":{"type":"Point","coordinates":[-123.57239457398238,45.87589460749584]}},{"type":"Feature","properties":{"kind":"home","county":"Clatsop","class":"100","situs":"","city":""},"geometry":{"type":"Point","coordinates":[-123.56098507576773,45.865914907134176]}},{"type":"Feature","properties":{"kind":"home","county":"Clatsop","class":"401","situs":"42622 Hwy 26","city":"Seaside"},"geometry":{"type":"Point","coordinates":[-123.6094225708316,45.879942501884386]}},{"type":"Feature","properties":{"kind":"home","county":"Clatsop","class":"401","situs":"82442 Crowder Rd","city":"Seaside"},"geometry":{"type":"Point","coordinates":[-123.60904033509784,45.88689037260653]}},{"type":"Feature","properties":{"kind":"home","county":"Clatsop","class":"401","situs":"81111 Hamlet Rd","city":"Seaside"},"geometry":{"type":"Point","coordinates":[-123.72090298020089,45.86223268599736]}},{"type":"Feature","properties":{"kind":"home","county":"Clatsop","class":"401","situs":"","city":""},"geometry":{"type":"Point","coordinates":[-123.78167156969411,45.80449075775702]}},{"type":"Feature","properties":{"kind":"home","county":"Clatsop","class":"401","situs":"78882 Hwy 53","city":"Nehalem"},"geometry":{"type":"Point","coordinates":[-123.77902737902144,45.80765651986323]}},{"type":"Feature","properties":{"kind":"home","county":"Clatsop","class":"400","situs":"","city":""},"geometry":{"type":"Point","coordinates":[-123.82227523767664,45.79403781423009]}},{"type":"Feature","properties":{"kind":"home","county":"Clatsop","class":"401","situs":"","city":""},"geometry":{"type":"Point","coordinates":[-123.82349468442969,45.787865670883725]}},{"type":"Feature","properties":{"kind":"home","county":"Clatsop","class":"401","situs":"77514 Hwy 53","city":"Nehalem"},"geometry":{"type":"Point","coordinates":[-123.8196788336125,45.789420936778335]}},{"type":"Feature","properties":{"kind":"home","county":"Clatsop","class":"401","situs":"79602 Hwy 202","city":"Seaside"},"geometry":{"type":"Point","coordinates":[-123.52390870854309,45.93507778448605]}},{"type":"Feature","properties":{"kind":"home","county":"Clatsop","class":"401","situs":"79602 Hwy 202","city":"Seaside"},"geometry":{"type":"Point","coordinates":[-123.52390870854309,45.93507778448605]}},{"type":"Feature","properties":{"kind":"home","county":"Clatsop","class":"401","situs":"","city":""},"geometry":{"type":"Point","coordinates":[-123.50351244386711,45.908377113756046]}},{"type":"Feature","properties":{"kind":"home","county":"Clatsop","class":"100","situs":"","city":""},"geometry":{"type":"Point","coordinates":[-123.55143529763394,45.886522100143985]}},{"type":"Feature","properties":{"kind":"home","county":"Clatsop","class":"401","situs":"","city":""},"geometry":{"type":"Point","coordinates":[-123.82562425527891,45.7934773680707]}},{"type":"Feature","properties":{"kind":"home","county":"Clatsop","class":"401","situs":"","city":""},"geometry":{"type":"Point","coordinates":[-123.82562425527891,45.7934773680707]}},{"type":"Feature","properties":{"kind":"home","county":"Clatsop","class":"401","situs":"","city":""},"geometry":{"type":"Point","coordinates":[-123.46603138914855,45.95273386535652]}},{"type":"Feature","properties":{"kind":"home","county":"Clatsop","class":"401","situs":"82467 Crowder Rd","city":"Seaside"},"geometry":{"type":"Point","coordinates":[-123.60762950930304,45.88689275167447]}},{"type":"Feature","properties":{"kind":"home","county":"Clatsop","class":"401","situs":"79655 Hwy 202","city":"Seaside"},"geometry":{"type":"Point","coordinates":[-123.52369366362626,45.93637112899903]}},{"type":"Feature","properties":{"kind":"home","county":"Clatsop","class":"401","situs":"","city":""},"geometry":{"type":"Point","coordinates":[-123.46603138914855,45.95273386535652]}},{"type":"Feature","properties":{"kind":"home","county":"Clatsop","class":"401","situs":"79733 Hamlet Rd","city":"Seaside"},"geometry":{"type":"Point","coordinates":[-123.68745186384534,45.84042419999249]}},{"type":"Feature","properties":{"kind":"home","county":"Clatsop","class":"019","situs":"19350 Barber Rd","city":"Nehalem"},"geometry":{"type":"Point","coordinates":[-123.83298664840224,45.784017499632306]}},{"type":"Feature","properties":{"kind":"home","county":"Clatsop","class":"101","situs":"42031 Melody Ln","city":"Seaside"},"geometry":{"type":"Point","coordinates":[-123.57042423257008,45.88185800144986]}},{"type":"Feature","properties":{"kind":"home","county":"Clatsop","class":"100","situs":"","city":""},"geometry":{"type":"Point","coordinates":[-123.56792207309633,45.882363057724284]}},{"type":"Feature","properties":{"kind":"home","county":"Clatsop","class":"100","situs":"","city":""},"geometry":{"type":"Point","coordinates":[-123.56791240914346,45.88252486044896]}},{"type":"Feature","properties":{"kind":"home","county":"Clatsop","class":"100","situs":"","city":""},"geometry":{"type":"Point","coordinates":[-123.5690522211618,45.88354775754515]}},{"type":"Feature","properties":{"kind":"home","county":"Clatsop","class":"401","situs":"82049 Red Bluff Rd","city":"Seaside"},"geometry":{"type":"Point","coordinates":[-123.570054821982,45.87181871084417]}},{"type":"Feature","properties":{"kind":"home","county":"Clatsop","class":"401","situs":"82049 Red Bluff Rd","city":"Seaside"},"geometry":{"type":"Point","coordinates":[-123.570054821982,45.87181871084417]}},{"type":"Feature","properties":{"kind":"home","county":"Clatsop","class":"019","situs":"77848 Hwy 53","city":"Nehalem"},"geometry":{"type":"Point","coordinates":[-123.81487109378688,45.796037205123206]}},{"type":"Feature","properties":{"kind":"home","county":"Clatsop","class":"401","situs":"78761 Hwy 53","city":"Nehalem"},"geometry":{"type":"Point","coordinates":[-123.78071100402924,45.80466086508427]}},{"type":"Feature","properties":{"kind":"home","county":"Clatsop","class":"401","situs":"79345 Estate Dr","city":"Nehalem"},"geometry":{"type":"Point","coordinates":[-123.82081989598393,45.79312447432855]}},{"type":"Feature","properties":{"kind":"home","county":"Clatsop","class":"401","situs":"79345 Estate Dr","city":"Nehalem"},"geometry":{"type":"Point","coordinates":[-123.82081989598393,45.79312447432855]}},{"type":"Feature","properties":{"kind":"home","county":"Clatsop","class":"401","situs":"79167 Estate Dr","city":"Nehalem"},"geometry":{"type":"Point","coordinates":[-123.82447062798036,45.78862125435262]}},{"type":"Feature","properties":{"kind":"home","county":"Clatsop","class":"401","situs":"79167 Estate Dr","city":"Nehalem"},"geometry":{"type":"Point","coordinates":[-123.82447062798036,45.78862125435262]}},{"type":"Feature","properties":{"kind":"home","county":"Clatsop","class":"401","situs":"79380 Hwy 202","city":"Seaside"},"geometry":{"type":"Point","coordinates":[-123.51536821094712,45.93299619465228]}},{"type":"Feature","properties":{"kind":"home","county":"Clatsop","class":"401","situs":"78505 Hwy 202","city":"Clatskanie"},"geometry":{"type":"Point","coordinates":[-123.48439413160571,45.93940785450361]}},{"type":"Feature","properties":{"kind":"home","county":"Clatsop","class":"401","situs":"43795 Meadow Ln","city":"Seaside"},"geometry":{"type":"Point","coordinates":[-123.50317334072363,45.92871194598222]}},{"type":"Feature","properties":{"kind":"home","county":"Clatsop","class":"401","situs":"81020 Ranch Rd","city":"Seaside"},"geometry":{"type":"Point","coordinates":[-123.69999514289816,45.84264585560351]}},{"type":"Feature","properties":{"kind":"home","county":"Clatsop","class":"401","situs":"81020 Ranch Rd","city":"Seaside"},"geometry":{"type":"Point","coordinates":[-123.69999514289816,45.84264585560351]}},{"type":"Feature","properties":{"kind":"home","county":"Clatsop","class":"401","situs":"79104 Estate Dr","city":"Nehalem"},"geometry":{"type":"Point","coordinates":[-123.82531244486235,45.78682297909661]}},{"type":"Feature","properties":{"kind":"home","county":"Clatsop","class":"401","situs":"35513 Bridge Ln","city":"Nehalem"},"geometry":{"type":"Point","coordinates":[-123.82087082499523,45.78578533887633]}},{"type":"Feature","properties":{"kind":"home","county":"Clatsop","class":"400","situs":"","city":""},"geometry":{"type":"Point","coordinates":[-123.4975389938979,45.93020813497195]}},{"type":"Feature","properties":{"kind":"home","county":"Clatsop","class":"401","situs":"79368 Hwy 202","city":"Seaside"},"geometry":{"type":"Point","coordinates":[-123.51476698657164,45.93292906913461]}},{"type":"Feature","properties":{"kind":"home","county":"Clatsop","class":"401","situs":"84029 Wage Rd","city":"Seaside"},"geometry":{"type":"Point","coordinates":[-123.48876450387351,45.93274262863898]}},{"type":"Feature","properties":{"kind":"home","county":"Clatsop","class":"401","situs":"","city":""},"geometry":{"type":"Point","coordinates":[-123.4969571234366,45.928473924325274]}},{"type":"Feature","properties":{"kind":"home","county":"Clatsop","class":"409","situs":"77769 Hwy 202","city":"Birkenfeld"},"geometry":{"type":"Point","coordinates":[-123.46714690682204,45.951557956000585]}},{"type":"Feature","properties":{"kind":"home","county":"Clatsop","class":"401","situs":"","city":""},"geometry":{"type":"Point","coordinates":[-123.5281523444404,45.893941148837044]}},{"type":"Feature","properties":{"kind":"home","county":"Clatsop","class":"401","situs":"78572 Hwy 53","city":"Nehalem"},"geometry":{"type":"Point","coordinates":[-123.78820052934117,45.80267016148111]}},{"type":"Feature","properties":{"kind":"home","county":"Clatsop","class":"401","situs":"79267 Estate Dr","city":"Nehalem"},"geometry":{"type":"Point","coordinates":[-123.82451768727822,45.79121501317013]}},{"type":"Feature","properties":{"kind":"home","county":"Clatsop","class":"401","situs":"79267 Estate Dr","city":"Nehalem"},"geometry":{"type":"Point","coordinates":[-123.82451768727822,45.79121501317013]}},{"type":"Feature","properties":{"kind":"home","county":"Clatsop","class":"400","situs":"","city":""},"geometry":{"type":"Point","coordinates":[-123.82072296061882,45.78872503953664]}},{"type":"Feature","properties":{"kind":"home","county":"Clatsop","class":"009","situs":"82451 Maple Rd","city":"Seaside"},"geometry":{"type":"Point","coordinates":[-123.5533538029922,45.88789384196213]}},{"type":"Feature","properties":{"kind":"home","county":"Clatsop","class":"109","situs":"82451 Maple Rd","city":"Seaside"},"geometry":{"type":"Point","coordinates":[-123.5533538029922,45.88789384196213]}},{"type":"Feature","properties":{"kind":"home","county":"Clatsop","class":"400","situs":"","city":""},"geometry":{"type":"Point","coordinates":[-123.55464227577093,45.89019749221179]}},{"type":"Feature","properties":{"kind":"home","county":"Clatsop","class":"101","situs":"82551 Elm Dr","city":"Seaside"},"geometry":{"type":"Point","coordinates":[-123.55419750231435,45.891308641410134]}},{"type":"Feature","properties":{"kind":"home","county":"Clatsop","class":"101","situs":"82561 Elm Dr","city":"Seaside"},"geometry":{"type":"Point","coordinates":[-123.55462938132712,45.89120631509892]}},{"type":"Feature","properties":{"kind":"home","county":"Clatsop","class":"109","situs":"42394 Evergreen Acres Ln","city":"Seaside"},"geometry":{"type":"Point","coordinates":[-123.55664780561128,45.88769969833406]}},{"type":"Feature","properties":{"kind":"home","county":"Clatsop","class":"009","situs":"42394 Evergreen Acres Ln","city":"Seaside"},"geometry":{"type":"Point","coordinates":[-123.55664780561128,45.88769969833406]}},{"type":"Feature","properties":{"kind":"home","county":"Clatsop","class":"101","situs":"42325 Evergreen Acres Ln","city":"Seaside"},"geometry":{"type":"Point","coordinates":[-123.55941633136123,45.888203513288815]}},{"type":"Feature","properties":{"kind":"home","county":"Clatsop","class":"100","situs":"","city":""},"geometry":{"type":"Point","coordinates":[-123.56889649094369,45.88182905626767]}},{"type":"Feature","properties":{"kind":"home","county":"Clatsop","class":"101","situs":"","city":""},"geometry":{"type":"Point","coordinates":[-123.57040729899555,45.88210044331331]}},{"type":"Feature","properties":{"kind":"home","county":"Clatsop","class":"100","situs":"","city":""},"geometry":{"type":"Point","coordinates":[-123.57078568046626,45.88073913177864]}},{"type":"Feature","properties":{"kind":"home","county":"Clatsop","class":"100","situs":"","city":""},"geometry":{"type":"Point","coordinates":[-123.56828235760793,45.882900863392834]}},{"type":"Feature","properties":{"kind":"home","county":"Clatsop","class":"101","situs":"82350 Roberta Rd","city":"Seaside"},"geometry":{"type":"Point","coordinates":[-123.56904476932668,45.88384367400887]}},{"type":"Feature","properties":{"kind":"home","county":"Clatsop","class":"101","situs":"82203 Red Bluff Rd","city":"Seaside"},"geometry":{"type":"Point","coordinates":[-123.57150039165836,45.876523569764316]}},{"type":"Feature","properties":{"kind":"home","county":"Clatsop","class":"400","situs":"","city":""},"geometry":{"type":"Point","coordinates":[-123.49120432717633,45.92916458807407]}},{"type":"Feature","properties":{"kind":"home","county":"Clatsop","class":"401","situs":"82211 Hwy 103","city":"Seaside"},"geometry":{"type":"Point","coordinates":[-123.51253493954297,45.895763118638385]}},{"type":"Feature","properties":{"kind":"home","county":"Clatsop","class":"100","situs":"82207 Riverbend Road","city":"Seaside"},"geometry":{"type":"Point","coordinates":[-123.56912933658049,45.88040592036981]}},{"type":"Feature","properties":{"kind":"home","county":"Clatsop","class":"401","situs":"82084 Cow Creek Rd","city":"Seaside"},"geometry":{"type":"Point","coordinates":[-123.54613568810504,45.878040298804386]}},{"type":"Feature","properties":{"kind":"home","county":"Clatsop","class":"401","situs":"82084 Cow Creek Rd","city":"Seaside"},"geometry":{"type":"Point","coordinates":[-123.54613568810504,45.878040298804386]}},{"type":"Feature","properties":{"kind":"home","county":"Clatsop","class":"401","situs":"81833 Cow Creek Rd","city":"Seaside"},"geometry":{"type":"Point","coordinates":[-123.54101378734812,45.870521643018044]}},{"type":"Feature","properties":{"kind":"home","county":"Clatsop","class":"401","situs":"81833 Cow Creek Rd","city":"Seaside"},"geometry":{"type":"Point","coordinates":[-123.54101378734812,45.870521643018044]}},{"type":"Feature","properties":{"kind":"home","county":"Clatsop","class":"401","situs":"80415 Hwy 202","city":"Seaside"},"geometry":{"type":"Point","coordinates":[-123.54796354317317,45.94756147181413]}},{"type":"Feature","properties":{"kind":"home","county":"Clatsop","class":"400","situs":"","city":""},"geometry":{"type":"Point","coordinates":[-123.82368367531917,45.78386038988213]}},{"type":"Feature","properties":{"kind":"home","county":"Clatsop","class":"101","situs":"79450 Hwy 53","city":"Nehalem"},"geometry":{"type":"Point","coordinates":[-123.77060313729919,45.819964620346134]}},{"type":"Feature","properties":{"kind":"home","county":"Clatsop","class":"401","situs":"79308 Estate Dr","city":"Nehalem"},"geometry":{"type":"Point","coordinates":[-123.82387518899564,45.79349796549791]}},{"type":"Feature","properties":{"kind":"home","county":"Clatsop","class":"401","situs":"82236 Bay Rd","city":"Seaside"},"geometry":{"type":"Point","coordinates":[-123.56691831084905,45.88109400137846]}},{"type":"Feature","properties":{"kind":"home","county":"Clatsop","class":"401","situs":"82236 Bay Rd","city":"Seaside"},"geometry":{"type":"Point","coordinates":[-123.56691831084905,45.88109400137846]}},{"type":"Feature","properties":{"kind":"home","county":"Clatsop","class":"401","situs":"82363 Red Bluff Rd","city":"Seaside"},"geometry":{"type":"Point","coordinates":[-123.57113975822269,45.88315144350329]}},{"type":"Feature","properties":{"kind":"home","county":"Clatsop","class":"100","situs":"","city":""},"geometry":{"type":"Point","coordinates":[-123.57000429758712,45.88235591018936]}},{"type":"Feature","properties":{"kind":"home","county":"Clatsop","class":"100","situs":"","city":""},"geometry":{"type":"Point","coordinates":[-123.57049248842779,45.881386682653755]}},{"type":"Feature","properties":{"kind":"home","county":"Clatsop","class":"100","situs":"","city":""},"geometry":{"type":"Point","coordinates":[-123.57142798584331,45.87369526811887]}},{"type":"Feature","properties":{"kind":"home","county":"Clatsop","class":"101","situs":"82174 Red Bluff Rd","city":"Seaside"},"geometry":{"type":"Point","coordinates":[-123.57239457398238,45.87589460749584]}},{"type":"Feature","properties":{"kind":"home","county":"Clatsop","class":"100","situs":"","city":""},"geometry":{"type":"Point","coordinates":[-123.56098507576773,45.865914907134176]}},{"type":"Feature","properties":{"kind":"home","county":"Clatsop","class":"401","situs":"42622 Hwy 26","city":"Seaside"},"geometry":{"type":"Point","coordinates":[-123.6094225708316,45.879942501884386]}},{"type":"Feature","properties":{"kind":"home","county":"Clatsop","class":"401","situs":"82442 Crowder Rd","city":"Seaside"},"geometry":{"type":"Point","coordinates":[-123.60904033509784,45.88689037260653]}},{"type":"Feature","properties":{"kind":"home","county":"Clatsop","class":"401","situs":"81111 Hamlet Rd","city":"Seaside"},"geometry":{"type":"Point","coordinates":[-123.72090298020089,45.86223268599736]}},{"type":"Feature","properties":{"kind":"home","county":"Clatsop","class":"401","situs":"","city":""},"geometry":{"type":"Point","coordinates":[-123.78167156969411,45.80449075775702]}},{"type":"Feature","properties":{"kind":"home","county":"Clatsop","class":"401","situs":"78882 Hwy 53","city":"Nehalem"},"geometry":{"type":"Point","coordinates":[-123.77902737902144,45.80765651986323]}},{"type":"Feature","properties":{"kind":"home","county":"Clatsop","class":"400","situs":"","city":""},"geometry":{"type":"Point","coordinates":[-123.82227523767664,45.79403781423009]}},{"type":"Feature","properties":{"kind":"home","county":"Clatsop","class":"401","situs":"","city":""},"geometry":{"type":"Point","coordinates":[-123.82349468442969,45.787865670883725]}},{"type":"Feature","properties":{"kind":"home","county":"Clatsop","class":"401","situs":"77514 Hwy 53","city":"Nehalem"},"geometry":{"type":"Point","coordinates":[-123.8196788336125,45.789420936778335]}},{"type":"Feature","properties":{"kind":"home","county":"Clatsop","class":"401","situs":"79602 Hwy 202","city":"Seaside"},"geometry":{"type":"Point","coordinates":[-123.52390870854309,45.93507778448605]}},{"type":"Feature","properties":{"kind":"home","county":"Clatsop","class":"401","situs":"79602 Hwy 202","city":"Seaside"},"geometry":{"type":"Point","coordinates":[-123.52390870854309,45.93507778448605]}},{"type":"Feature","properties":{"kind":"home","county":"Clatsop","class":"401","situs":"","city":""},"geometry":{"type":"Point","coordinates":[-123.50351244386711,45.908377113756046]}},{"type":"Feature","properties":{"kind":"home","county":"Clatsop","class":"100","situs":"","city":""},"geometry":{"type":"Point","coordinates":[-123.55143529763394,45.886522100143985]}},{"type":"Feature","properties":{"kind":"home","county":"Clatsop","class":"401","situs":"","city":""},"geometry":{"type":"Point","coordinates":[-123.82562425527891,45.7934773680707]}},{"type":"Feature","properties":{"kind":"home","county":"Clatsop","class":"401","situs":"","city":""},"geometry":{"type":"Point","coordinates":[-123.82562425527891,45.7934773680707]}},{"type":"Feature","properties":{"kind":"home","county":"Clatsop","class":"401","situs":"","city":""},"geometry":{"type":"Point","coordinates":[-123.46603138914855,45.95273386535652]}},{"type":"Feature","properties":{"kind":"home","county":"Clatsop","class":"401","situs":"82467 Crowder Rd","city":"Seaside"},"geometry":{"type":"Point","coordinates":[-123.60762950930304,45.88689275167447]}},{"type":"Feature","properties":{"kind":"home","county":"Clatsop","class":"401","situs":"79655 Hwy 202","city":"Seaside"},"geometry":{"type":"Point","coordinates":[-123.52369366362626,45.93637112899903]}},{"type":"Feature","properties":{"kind":"home","county":"Clatsop","class":"401","situs":"","city":""},"geometry":{"type":"Point","coordinates":[-123.46603138914855,45.95273386535652]}},{"type":"Feature","properties":{"kind":"home","county":"Clatsop","class":"401","situs":"79733 Hamlet Rd","city":"Seaside"},"geometry":{"type":"Point","coordinates":[-123.68745186384534,45.84042419999249]}},{"type":"Feature","properties":{"kind":"home","county":"Clatsop","class":"019","situs":"19350 Barber Rd","city":"Nehalem"},"geometry":{"type":"Point","coordinates":[-123.83298664840224,45.784017499632306]}},{"type":"Feature","properties":{"kind":"home","county":"Clatsop","class":"101","situs":"42031 Melody Ln","city":"Seaside"},"geometry":{"type":"Point","coordinates":[-123.57042423257008,45.88185800144986]}},{"type":"Feature","properties":{"kind":"home","county":"Clatsop","class":"100","situs":"","city":""},"geometry":{"type":"Point","coordinates":[-123.56792207309633,45.882363057724284]}},{"type":"Feature","properties":{"kind":"home","county":"Clatsop","class":"100","situs":"","city":""},"geometry":{"type":"Point","coordinates":[-123.56791240914346,45.88252486044896]}},{"type":"Feature","properties":{"kind":"home","county":"Clatsop","class":"100","situs":"","city":""},"geometry":{"type":"Point","coordinates":[-123.5690522211618,45.88354775754515]}},{"type":"Feature","properties":{"kind":"home","county":"Clatsop","class":"401","situs":"82049 Red Bluff Rd","city":"Seaside"},"geometry":{"type":"Point","coordinates":[-123.570054821982,45.87181871084417]}},{"type":"Feature","properties":{"kind":"home","county":"Clatsop","class":"401","situs":"82049 Red Bluff Rd","city":"Seaside"},"geometry":{"type":"Point","coordinates":[-123.570054821982,45.87181871084417]}},{"type":"Feature","properties":{"kind":"home","county":"Clatsop","class":"019","situs":"77848 Hwy 53","city":"Nehalem"},"geometry":{"type":"Point","coordinates":[-123.81487109378688,45.796037205123206]}},{"type":"Feature","properties":{"kind":"home","county":"Clatsop","class":"401","situs":"78761 Hwy 53","city":"Nehalem"},"geometry":{"type":"Point","coordinates":[-123.78071100402924,45.80466086508427]}},{"type":"Feature","properties":{"kind":"home","county":"Clatsop","class":"401","situs":"79345 Estate Dr","city":"Nehalem"},"geometry":{"type":"Point","coordinates":[-123.82081989598393,45.79312447432855]}},{"type":"Feature","properties":{"kind":"home","county":"Clatsop","class":"401","situs":"79345 Estate Dr","city":"Nehalem"},"geometry":{"type":"Point","coordinates":[-123.82081989598393,45.79312447432855]}},{"type":"Feature","properties":{"kind":"home","county":"Clatsop","class":"401","situs":"79167 Estate Dr","city":"Nehalem"},"geometry":{"type":"Point","coordinates":[-123.82447062798036,45.78862125435262]}},{"type":"Feature","properties":{"kind":"home","county":"Clatsop","class":"401","situs":"79167 Estate Dr","city":"Nehalem"},"geometry":{"type":"Point","coordinates":[-123.82447062798036,45.78862125435262]}},{"type":"Feature","properties":{"kind":"home","county":"Clatsop","class":"401","situs":"79380 Hwy 202","city":"Seaside"},"geometry":{"type":"Point","coordinates":[-123.51536821094712,45.93299619465228]}},{"type":"Feature","properties":{"kind":"home","county":"Clatsop","class":"401","situs":"78505 Hwy 202","city":"Clatskanie"},"geometry":{"type":"Point","coordinates":[-123.48439413160571,45.93940785450361]}},{"type":"Feature","properties":{"kind":"home","county":"Clatsop","class":"401","situs":"43795 Meadow Ln","city":"Seaside"},"geometry":{"type":"Point","coordinates":[-123.50317334072363,45.92871194598222]}},{"type":"Feature","properties":{"kind":"home","county":"Clatsop","class":"401","situs":"81020 Ranch Rd","city":"Seaside"},"geometry":{"type":"Point","coordinates":[-123.69999514289816,45.84264585560351]}},{"type":"Feature","properties":{"kind":"home","county":"Clatsop","class":"401","situs":"81020 Ranch Rd","city":"Seaside"},"geometry":{"type":"Point","coordinates":[-123.69999514289816,45.84264585560351]}},{"type":"Feature","properties":{"kind":"home","county":"Clatsop","class":"401","situs":"79104 Estate Dr","city":"Nehalem"},"geometry":{"type":"Point","coordinates":[-123.82531244486235,45.78682297909661]}},{"type":"Feature","properties":{"kind":"home","county":"Clatsop","class":"401","situs":"35513 Bridge Ln","city":"Nehalem"},"geometry":{"type":"Point","coordinates":[-123.82087082499523,45.78578533887633]}},{"type":"Feature","properties":{"kind":"home","county":"Clatsop","class":"400","situs":"","city":""},"geometry":{"type":"Point","coordinates":[-123.4975389938979,45.93020813497195]}},{"type":"Feature","properties":{"kind":"home","county":"Clatsop","class":"401","situs":"79368 Hwy 202","city":"Seaside"},"geometry":{"type":"Point","coordinates":[-123.51476698657164,45.93292906913461]}},{"type":"Feature","properties":{"kind":"home","county":"Clatsop","class":"401","situs":"84029 Wage Rd","city":"Seaside"},"geometry":{"type":"Point","coordinates":[-123.48876450387351,45.93274262863898]}},{"type":"Feature","properties":{"kind":"home","county":"Clatsop","class":"401","situs":"","city":""},"geometry":{"type":"Point","coordinates":[-123.4969571234366,45.928473924325274]}},{"type":"Feature","properties":{"kind":"home","county":"Clatsop","class":"409","situs":"77769 Hwy 202","city":"Birkenfeld"},"geometry":{"type":"Point","coordinates":[-123.46714690682204,45.951557956000585]}},{"type":"Feature","properties":{"kind":"home","county":"Clatsop","class":"401","situs":"","city":""},"geometry":{"type":"Point","coordinates":[-123.5281523444404,45.893941148837044]}},{"type":"Feature","properties":{"kind":"home","county":"Clatsop","class":"401","situs":"78572 Hwy 53","city":"Nehalem"},"geometry":{"type":"Point","coordinates":[-123.78820052934117,45.80267016148111]}},{"type":"Feature","properties":{"kind":"home","county":"Clatsop","class":"401","situs":"79267 Estate Dr","city":"Nehalem"},"geometry":{"type":"Point","coordinates":[-123.82451768727822,45.79121501317013]}},{"type":"Feature","properties":{"kind":"home","county":"Clatsop","class":"401","situs":"79267 Estate Dr","city":"Nehalem"},"geometry":{"type":"Point","coordinates":[-123.82451768727822,45.79121501317013]}},{"type":"Feature","properties":{"kind":"home","county":"Clatsop","class":"400","situs":"","city":""},"geometry":{"type":"Point","coordinates":[-123.82072296061882,45.78872503953664]}},{"type":"Feature","properties":{"kind":"home","county":"Clatsop","class":"009","situs":"82451 Maple Rd","city":"Seaside"},"geometry":{"type":"Point","coordinates":[-123.5533538029922,45.88789384196213]}},{"type":"Feature","properties":{"kind":"home","county":"Clatsop","class":"109","situs":"82451 Maple Rd","city":"Seaside"},"geometry":{"type":"Point","coordinates":[-123.5533538029922,45.88789384196213]}},{"type":"Feature","properties":{"kind":"home","county":"Clatsop","class":"400","situs":"","city":""},"geometry":{"type":"Point","coordinates":[-123.55464227577093,45.89019749221179]}},{"type":"Feature","properties":{"kind":"home","county":"Clatsop","class":"101","situs":"82551 Elm Dr","city":"Seaside"},"geometry":{"type":"Point","coordinates":[-123.55419750231435,45.891308641410134]}},{"type":"Feature","properties":{"kind":"home","county":"Clatsop","class":"101","situs":"82561 Elm Dr","city":"Seaside"},"geometry":{"type":"Point","coordinates":[-123.55462938132712,45.89120631509892]}},{"type":"Feature","properties":{"kind":"home","county":"Clatsop","class":"109","situs":"42394 Evergreen Acres Ln","city":"Seaside"},"geometry":{"type":"Point","coordinates":[-123.55664780561128,45.88769969833406]}},{"type":"Feature","properties":{"kind":"home","county":"Clatsop","class":"009","situs":"42394 Evergreen Acres Ln","city":"Seaside"},"geometry":{"type":"Point","coordinates":[-123.55664780561128,45.88769969833406]}},{"type":"Feature","properties":{"kind":"home","county":"Clatsop","class":"101","situs":"42325 Evergreen Acres Ln","city":"Seaside"},"geometry":{"type":"Point","coordinates":[-123.55941633136123,45.888203513288815]}},{"type":"Feature","properties":{"kind":"home","county":"Clatsop","class":"100","situs":"","city":""},"geometry":{"type":"Point","coordinates":[-123.56889649094369,45.88182905626767]}},{"type":"Feature","properties":{"kind":"home","county":"Clatsop","class":"101","situs":"","city":""},"geometry":{"type":"Point","coordinates":[-123.57040729899555,45.88210044331331]}},{"type":"Feature","properties":{"kind":"home","county":"Clatsop","class":"100","situs":"","city":""},"geometry":{"type":"Point","coordinates":[-123.57078568046626,45.88073913177864]}},{"type":"Feature","properties":{"kind":"home","county":"Clatsop","class":"100","situs":"","city":""},"geometry":{"type":"Point","coordinates":[-123.56828235760793,45.882900863392834]}},{"type":"Feature","properties":{"kind":"home","county":"Clatsop","class":"101","situs":"82350 Roberta Rd","city":"Seaside"},"geometry":{"type":"Point","coordinates":[-123.56904476932668,45.88384367400887]}},{"type":"Feature","properties":{"kind":"home","county":"Clatsop","class":"101","situs":"82203 Red Bluff Rd","city":"Seaside"},"geometry":{"type":"Point","coordinates":[-123.57150039165836,45.876523569764316]}},{"type":"Feature","properties":{"kind":"home","county":"Clatsop","class":"400","situs":"","city":""},"geometry":{"type":"Point","coordinates":[-123.49120432717633,45.92916458807407]}},{"type":"Feature","properties":{"kind":"home","county":"Clatsop","class":"401","situs":"82211 Hwy 103","city":"Seaside"},"geometry":{"type":"Point","coordinates":[-123.51253493954297,45.895763118638385]}},{"type":"Feature","properties":{"kind":"home","county":"Clatsop","class":"100","situs":"82207 Riverbend Road","city":"Seaside"},"geometry":{"type":"Point","coordinates":[-123.56912933658049,45.88040592036981]}},{"type":"Feature","properties":{"kind":"home","county":"Clatsop","class":"401","situs":"82084 Cow Creek Rd","city":"Seaside"},"geometry":{"type":"Point","coordinates":[-123.54613568810504,45.878040298804386]}},{"type":"Feature","properties":{"kind":"home","county":"Clatsop","class":"401","situs":"82084 Cow Creek Rd","city":"Seaside"},"geometry":{"type":"Point","coordinates":[-123.54613568810504,45.878040298804386]}},{"type":"Feature","properties":{"kind":"home","county":"Clatsop","class":"401","situs":"81833 Cow Creek Rd","city":"Seaside"},"geometry":{"type":"Point","coordinates":[-123.54101378734812,45.870521643018044]}},{"type":"Feature","properties":{"kind":"home","county":"Clatsop","class":"401","situs":"81833 Cow Creek Rd","city":"Seaside"},"geometry":{"type":"Point","coordinates":[-123.54101378734812,45.870521643018044]}},{"type":"Feature","properties":{"kind":"home","county":"Clatsop","class":"401","situs":"80415 Hwy 202","city":"Seaside"},"geometry":{"type":"Point","coordinates":[-123.54796354317317,45.94756147181413]}},{"type":"Feature","properties":{"kind":"home","county":"Clatsop","class":"400","situs":"","city":""},"geometry":{"type":"Point","coordinates":[-123.82368367531917,45.78386038988213]}},{"type":"Feature","properties":{"kind":"home","county":"Clatsop","class":"400","situs":"42622 Hwy 26","city":"Seaside"},"geometry":{"type":"Point","coordinates":[-123.60924324615378,45.88120002346653]}},{"type":"Feature","properties":{"kind":"home","county":"Clatsop","class":"401","situs":"78489 Hwy 202","city":"Clatskanie"},"geometry":{"type":"Point","coordinates":[-123.48389949198774,45.93956518370404]}},{"type":"Feature","properties":{"kind":"home","county":"Clatsop","class":"401","situs":"43795 Meadow Ln","city":"Seaside"},"geometry":{"type":"Point","coordinates":[-123.50315522531166,45.92845010074998]}},{"type":"Feature","properties":{"kind":"home","county":"Clatsop","class":"401","situs":"","city":""},"geometry":{"type":"Point","coordinates":[-123.50287933568772,45.90849282653542]}},{"type":"Feature","properties":{"kind":"home","county":"Clatsop","class":"109","situs":"82477 Maple Rd","city":"Seaside"},"geometry":{"type":"Point","coordinates":[-123.55367970775178,45.888678421276424]}},{"type":"Feature","properties":{"kind":"home","county":"Clatsop","class":"009","situs":"82477 Maple Rd","city":"Seaside"},"geometry":{"type":"Point","coordinates":[-123.55367970775178,45.888678421276424]}},{"type":"Feature","properties":{"kind":"home","county":"Clatsop","class":"101","situs":"82489 Maple Rd","city":"Seaside"},"geometry":{"type":"Point","coordinates":[-123.55391536975313,45.8891895813122]}},{"type":"Feature","properties":{"kind":"home","county":"Clatsop","class":"101","situs":"42356 Evergreen Acres Ln","city":"Seaside"},"geometry":{"type":"Point","coordinates":[-123.55821852590111,45.88770867451765]}},{"type":"Feature","properties":{"kind":"home","county":"Clatsop","class":"101","situs":"42360 Evergreen Acres Ln","city":"Seaside"},"geometry":{"type":"Point","coordinates":[-123.55782584576752,45.88770643248218]}},{"type":"Feature","properties":{"kind":"home","county":"Clatsop","class":"101","situs":"","city":""},"geometry":{"type":"Point","coordinates":[-123.55704048561842,45.887701944862236]}},{"type":"Feature","properties":{"kind":"home","county":"Clatsop","class":"100","situs":"","city":""},"geometry":{"type":"Point","coordinates":[-123.51727046374783,45.933573242974646]}},{"type":"Feature","properties":{"kind":"home","county":"Clatsop","class":"401","situs":"43838 Meadow Ln","city":"Seaside"},"geometry":{"type":"Point","coordinates":[-123.49850843032804,45.929633993156365]}},{"type":"Feature","properties":{"kind":"home","county":"Clatsop","class":"101","situs":"82080 Red Bluff Rd","city":"Seaside"},"geometry":{"type":"Point","coordinates":[-123.57173667039987,45.873140619223825]}},{"type":"Feature","properties":{"kind":"home","county":"Clatsop","class":"109","situs":"41948 Alder Ln","city":"Seaside"},"geometry":{"type":"Point","coordinates":[-123.57245225992517,45.87348741832789]}},{"type":"Feature","properties":{"kind":"home","county":"Clatsop","class":"019","situs":"41948 Alder Ln","city":"Seaside"},"geometry":{"type":"Point","coordinates":[-123.57245225992517,45.87348741832789]}},{"type":"Feature","properties":{"kind":"home","county":"Clatsop","class":"100","situs":"41922 Alder Ln","city":"Seaside"},"geometry":{"type":"Point","coordinates":[-123.57429703401353,45.87391989900281]}},{"type":"Feature","properties":{"kind":"home","county":"Clatsop","class":"100","situs":"","city":""},"geometry":{"type":"Point","coordinates":[-123.57139003188804,45.870288699798365]}},{"type":"Feature","properties":{"kind":"home","county":"Clatsop","class":"401","situs":"","city":""},"geometry":{"type":"Point","coordinates":[-123.5040651463428,45.90922018756456]}},{"type":"Feature","properties":{"kind":"home","county":"Clatsop","class":"101","situs":"81172 Hwy 103","city":"Seaside"},"geometry":{"type":"Point","coordinates":[-123.54500015807177,45.89220442343604]}},{"type":"Feature","properties":{"kind":"home","county":"Clatsop","class":"401","situs":"79308 Estate Dr","city":"Nehalem"},"geometry":{"type":"Point","coordinates":[-123.82387518899564,45.79349796549791]}},{"type":"Feature","properties":{"kind":"home","county":"Clatsop","class":"401","situs":"79221 Estate Dr","city":"Nehalem"},"geometry":{"type":"Point","coordinates":[-123.82509817955042,45.790196132211726]}},{"type":"Feature","properties":{"kind":"home","county":"Clatsop","class":"401","situs":"78507 Hwy 202","city":"Seaside"},"geometry":{"type":"Point","coordinates":[-123.48487467861568,45.93922519378779]}},{"type":"Feature","properties":{"kind":"home","county":"Clatsop","class":"400","situs":"","city":""},"geometry":{"type":"Point","coordinates":[-123.48512431811791,45.92308092945752]}},{"type":"Feature","properties":{"kind":"home","county":"Clatsop","class":"101","situs":"82548 Vinemaple Rd","city":"Seaside"},"geometry":{"type":"Point","coordinates":[-123.55238710652122,45.89056536717491]}},{"type":"Feature","properties":{"kind":"home","county":"Clatsop","class":"109","situs":"82492 Vinemaple Rd","city":"Seaside"},"geometry":{"type":"Point","coordinates":[-123.55293737579778,45.88902926287502]}},{"type":"Feature","properties":{"kind":"home","county":"Clatsop","class":"019","situs":"82492 Vinemaple Rd","city":"Seaside"},"geometry":{"type":"Point","coordinates":[-123.55293737579778,45.88902926287502]}},{"type":"Feature","properties":{"kind":"home","county":"Clatsop","class":"101","situs":"42452 Evergreen Acres Ln","city":"Seaside"},"geometry":{"type":"Point","coordinates":[-123.55410207157783,45.88760192879467]}},{"type":"Feature","properties":{"kind":"home","county":"Clatsop","class":"009","situs":"42580-42585 TweedleLn","city":"Seaside"},"geometry":{"type":"Point","coordinates":[-123.54762816734888,45.896863555884934]}},{"type":"Feature","properties":{"kind":"home","county":"Clatsop","class":"101","situs":"42385 Evergreen Acres Ln","city":"Seaside"},"geometry":{"type":"Point","coordinates":[-123.55703446803518,45.888140725283456]}},{"type":"Feature","properties":{"kind":"home","county":"Clatsop","class":"101","situs":"82332 Vinemaple Rd","city":"Seaside"},"geometry":{"type":"Point","coordinates":[-123.55077850237232,45.885329402255046]}},{"type":"Feature","properties":{"kind":"home","county":"Clatsop","class":"109","situs":"82420 Vinemaple Rd","city":"Seaside"},"geometry":{"type":"Point","coordinates":[-123.55164713839598,45.887286353189346]}},{"type":"Feature","properties":{"kind":"home","county":"Clatsop","class":"009","situs":"82420 Vinemaple Rd","city":"Seaside"},"geometry":{"type":"Point","coordinates":[-123.55164713839598,45.887286353189346]}},{"type":"Feature","properties":{"kind":"home","county":"Clatsop","class":"101","situs":"82249-82277 BayRd","city":"Seaside"},"geometry":{"type":"Point","coordinates":[-123.56732981472673,45.88301798022382]}},{"type":"Feature","properties":{"kind":"home","county":"Clatsop","class":"019","situs":"82249-82277 BayRd","city":"Seaside"},"geometry":{"type":"Point","coordinates":[-123.56732981472673,45.88301798022382]}},{"type":"Feature","properties":{"kind":"home","county":"Clatsop","class":"009","situs":"82392 Maple Rd","city":"Seaside"},"geometry":{"type":"Point","coordinates":[-123.55386112621491,45.88620603167973]}},{"type":"Feature","properties":{"kind":"home","county":"Clatsop","class":"401","situs":"79221 Estate Dr","city":"Nehalem"},"geometry":{"type":"Point","coordinates":[-123.82509817955042,45.790196132211726]}},{"type":"Feature","properties":{"kind":"home","county":"Clatsop","class":"401","situs":"77446 Hwy 53","city":"Nehalem"},"geometry":{"type":"Point","coordinates":[-123.8205652787536,45.78790853503523]}},{"type":"Feature","properties":{"kind":"home","county":"Clatsop","class":"401","situs":"82415 Hwy 103","city":"Seaside"},"geometry":{"type":"Point","coordinates":[-123.50503813355309,45.89596566735438]}},{"type":"Feature","properties":{"kind":"home","county":"Clatsop","class":"019","situs":"42962 Mullenbach Ln","city":"Seaside"},"geometry":{"type":"Point","coordinates":[-123.53683780475595,45.89326170547312]}},{"type":"Feature","properties":{"kind":"home","county":"Clatsop","class":"401","situs":"80771 Hwy 103","city":"Seaside"},"geometry":{"type":"Point","coordinates":[-123.55144218807078,45.88341316793203]}},{"type":"Feature","properties":{"kind":"home","county":"Clatsop","class":"101","situs":"","city":""},"geometry":{"type":"Point","coordinates":[-123.57265001290271,45.8743174480014]}},{"type":"Feature","properties":{"kind":"home","county":"Clatsop","class":"400","situs":"","city":""},"geometry":{"type":"Point","coordinates":[-123.57288434568318,45.87206569713438]}},{"type":"Feature","properties":{"kind":"home","county":"Clatsop","class":"100","situs":"","city":""},"geometry":{"type":"Point","coordinates":[-123.57079843932405,45.8780634687154]}},{"type":"Feature","properties":{"kind":"home","county":"Clatsop","class":"101","situs":"","city":""},"geometry":{"type":"Point","coordinates":[-123.57274655944042,45.87356799718648]}},{"type":"Feature","properties":{"kind":"home","county":"Clatsop","class":"101","situs":"82112 Red Bluff Rd","city":"Seaside"},"geometry":{"type":"Point","coordinates":[-123.57212040281516,45.874225312410246]}},{"type":"Feature","properties":{"kind":"home","county":"Clatsop","class":"010","situs":"","city":""},"geometry":{"type":"Point","coordinates":[-123.57329515643879,45.87403800747315]}},{"type":"Feature","properties":{"kind":"home","county":"Clatsop","class":"401","situs":"82079 Cow Creek Rd","city":"Seaside"},"geometry":{"type":"Point","coordinates":[-123.54377646755545,45.879212690473]}},{"type":"Feature","properties":{"kind":"home","county":"Clatsop","class":"401","situs":"76747 Hwy 202","city":"Birkenfeld"},"geometry":{"type":"Point","coordinates":[-123.43619863655249,45.95403532222307]}},{"type":"Feature","properties":{"kind":"home","county":"Clatsop","class":"401","situs":"76747 Hwy 202","city":"Birkenfeld"},"geometry":{"type":"Point","coordinates":[-123.43619863655249,45.95403532222307]}},{"type":"Feature","properties":{"kind":"home","county":"Clatsop","class":"101","situs":"82360 Vinemaple Rd","city":"Seaside"},"geometry":{"type":"Point","coordinates":[-123.55091268138297,45.8858652427576]}},{"type":"Feature","properties":{"kind":"home","county":"Clatsop","class":"009","situs":"82360 Vine Maple Rd","city":"Seaside"},"geometry":{"type":"Point","coordinates":[-123.55091268138297,45.8858652427576]}},{"type":"Feature","properties":{"kind":"home","county":"Clatsop","class":"019","situs":"82395 Maple Rd","city":"Seaside"},"geometry":{"type":"Point","coordinates":[-123.55242966893407,45.88691981255744]}},{"type":"Feature","properties":{"kind":"home","county":"Clatsop","class":"109","situs":"82395 Maple Rd","city":"Seaside"},"geometry":{"type":"Point","coordinates":[-123.55242966893407,45.88691981255744]}},{"type":"Feature","properties":{"kind":"home","county":"Clatsop","class":"401","situs":"82453 Red Bluff Rd","city":"Seaside"},"geometry":{"type":"Point","coordinates":[-123.57513937490083,45.881006150029116]}},{"type":"Feature","properties":{"kind":"home","county":"Clatsop","class":"401","situs":"82453 Red Bluff Rd","city":"Seaside"},"geometry":{"type":"Point","coordinates":[-123.57513937490083,45.881006150029116]}},{"type":"Feature","properties":{"kind":"home","county":"Clatsop","class":"401","situs":"78748 Hwy 202","city":"Seaside"},"geometry":{"type":"Point","coordinates":[-123.49095910558611,45.93402172674949]}},{"type":"Feature","properties":{"kind":"home","county":"Clatsop","class":"401","situs":"79398 Hwy 202","city":"Seaside"},"geometry":{"type":"Point","coordinates":[-123.51624518491849,45.933193321933096]}},{"type":"Feature","properties":{"kind":"home","county":"Clatsop","class":"101","situs":"82575 Maple Rd","city":"Seaside"},"geometry":{"type":"Point","coordinates":[-123.55722677771563,45.89000024138234]}},{"type":"Feature","properties":{"kind":"home","county":"Clatsop","class":"101","situs":"82613 Maple Rd","city":"Seaside"},"geometry":{"type":"Point","coordinates":[-123.55863466590807,45.889515651730676]}},{"type":"Feature","properties":{"kind":"home","county":"Clatsop","class":"401","situs":"","city":""},"geometry":{"type":"Point","coordinates":[-123.56305433675759,45.89549684988807]}},{"type":"Feature","properties":{"kind":"home","county":"Clatsop","class":"101","situs":"82533 Hwy 103","city":"Seaside"},"geometry":{"type":"Point","coordinates":[-123.50466205992574,45.899206148584334]}},{"type":"Feature","properties":{"kind":"home","county":"Clatsop","class":"101","situs":"82520 Vinemaple Rd","city":"Seaside"},"geometry":{"type":"Point","coordinates":[-123.55274900425088,45.88976799689522]}},{"type":"Feature","properties":{"kind":"home","county":"Clatsop","class":"101","situs":"82611 Maple Rd","city":"Seaside"},"geometry":{"type":"Point","coordinates":[-123.55823946483672,45.88963201740222]}},{"type":"Feature","properties":{"kind":"home","county":"Clatsop","class":"101","situs":"82317 Maple Rd","city":"Seaside"},"geometry":{"type":"Point","coordinates":[-123.5517101361341,45.88477394237545]}},{"type":"Feature","properties":{"kind":"home","county":"Clatsop","class":"101","situs":"","city":""},"geometry":{"type":"Point","coordinates":[-123.56980938534464,45.88313023537745]}},{"type":"Feature","properties":{"kind":"home","county":"Clatsop","class":"100","situs":"","city":""},"geometry":{"type":"Point","coordinates":[-123.56884942008621,45.881521096287486]}},{"type":"Feature","properties":{"kind":"home","county":"Clatsop","class":"400","situs":"","city":""},"geometry":{"type":"Point","coordinates":[-123.51693834760242,45.95053585025303]}},{"type":"Feature","properties":{"kind":"home","county":"Clatsop","class":"009","situs":"76847 Hwy 202","city":"Birkenfeld"},"geometry":{"type":"Point","coordinates":[-123.43884823973157,45.95064804897459]}},{"type":"Feature","properties":{"kind":"home","county":"Clatsop","class":"401","situs":"84029 Wage Rd","city":"Seaside"},"geometry":{"type":"Point","coordinates":[-123.48867169189509,45.93316575705818]}},{"type":"Feature","properties":{"kind":"home","county":"Clatsop","class":"401","situs":"82083 Bay Rd","city":"Seaside"},"geometry":{"type":"Point","coordinates":[-123.56154470595229,45.88345671940998]}},{"type":"Feature","properties":{"kind":"home","county":"Clatsop","class":"101","situs":"82461 Maple Rd","city":"Seaside"},"geometry":{"type":"Point","coordinates":[-123.55365006854893,45.88840799856557]}},{"type":"Feature","properties":{"kind":"home","county":"Clatsop","class":"109","situs":"82483 Maple Rd","city":"Seaside"},"geometry":{"type":"Point","coordinates":[-123.55382189299735,45.888934154448044]}},{"type":"Feature","properties":{"kind":"home","county":"Clatsop","class":"009","situs":"82483 Maple Rd","city":"Seaside"},"geometry":{"type":"Point","coordinates":[-123.55382189299735,45.888934154448044]}},{"type":"Feature","properties":{"kind":"home","county":"Clatsop","class":"109","situs":"","city":""},"geometry":{"type":"Point","coordinates":[-123.55990949891506,45.88773432282513]}},{"type":"Feature","properties":{"kind":"home","county":"Clatsop","class":"109","situs":"42424 Evergreen Acres Ln","city":"Seaside"},"geometry":{"type":"Point","coordinates":[-123.55546976366605,45.88769294796566]}},{"type":"Feature","properties":{"kind":"home","county":"Clatsop","class":"009","situs":"42424 Evergreen Acres Ln","city":"Seaside"},"geometry":{"type":"Point","coordinates":[-123.55546976366605,45.88769294796566]}},{"type":"Feature","properties":{"kind":"home","county":"Clatsop","class":"101","situs":"82223 Riverbend Rd","city":"Seaside"},"geometry":{"type":"Point","coordinates":[-123.56894834794495,45.880678897651144]}},{"type":"Feature","properties":{"kind":"home","county":"Clatsop","class":"100","situs":"42048 Melody Ln","city":"Seaside"},"geometry":{"type":"Point","coordinates":[-123.56963052151525,45.8814778836503]}},{"type":"Feature","properties":{"kind":"home","county":"Clatsop","class":"100","situs":"","city":""},"geometry":{"type":"Point","coordinates":[-123.57053922645099,45.88097409130349]}},{"type":"Feature","properties":{"kind":"home","county":"Clatsop","class":"101","situs":"82240 Bay Rd","city":"Seaside"},"geometry":{"type":"Point","coordinates":[-123.56793973034365,45.88209688399006]}},{"type":"Feature","properties":{"kind":"home","county":"Clatsop","class":"109","situs":"","city":""},"geometry":{"type":"Point","coordinates":[-123.56903660692672,45.88054208279405]}},{"type":"Feature","properties":{"kind":"home","county":"Clatsop","class":"019","situs":"82207 Riverbend Rd","city":"Seaside"},"geometry":{"type":"Point","coordinates":[-123.56903660692672,45.88054208279405]}},{"type":"Feature","properties":{"kind":"home","county":"Clatsop","class":"101","situs":"","city":""},"geometry":{"type":"Point","coordinates":[-123.57235122460206,45.87630162447798]}},{"type":"Feature","properties":{"kind":"home","county":"Clatsop","class":"401","situs":"81950 Cow Creek Rd","city":"Seaside"},"geometry":{"type":"Point","coordinates":[-123.5436899986712,45.87601840894371]}},{"type":"Feature","properties":{"kind":"home","county":"Clatsop","class":"401","situs":"78483 Hwy 202","city":"Birkenfeld"},"geometry":{"type":"Point","coordinates":[-123.48307440906461,45.93989105588158]}},{"type":"Feature","properties":{"kind":"home","county":"Clatsop","class":"009","situs":"42395 Evergreen Acres Ln","city":"Seaside"},"geometry":{"type":"Point","coordinates":[-123.55664178318088,45.88813848102181]}},{"type":"Feature","properties":{"kind":"home","county":"Clatsop","class":"109","situs":"42395 Evergreen Acres Ln","city":"Seaside"},"geometry":{"type":"Point","coordinates":[-123.55664178318088,45.88813848102181]}},{"type":"Feature","properties":{"kind":"home","county":"Clatsop","class":"400","situs":"","city":""},"geometry":{"type":"Point","coordinates":[-123.57483029672646,45.875546501434506]}},{"type":"Feature","properties":{"kind":"home","county":"Clatsop","class":"100","situs":"","city":""},"geometry":{"type":"Point","coordinates":[-123.56932978388164,45.880128855063596]}},{"type":"Feature","properties":{"kind":"home","county":"Clatsop","class":"101","situs":"82191 Riverbend Rd","city":"Seaside"},"geometry":{"type":"Point","coordinates":[-123.56952814672255,45.879850939118064]}},{"type":"Feature","properties":{"kind":"home","county":"Clatsop","class":"101","situs":"42046 Dorothy Ln","city":"Seaside"},"geometry":{"type":"Point","coordinates":[-123.57013623565119,45.88045800943626]}},{"type":"Feature","properties":{"kind":"home","county":"Clatsop","class":"101","situs":"82151 Red Bluff Rd","city":"Seaside"},"geometry":{"type":"Point","coordinates":[-123.5715711933991,45.87478049190723]}},{"type":"Feature","properties":{"kind":"home","county":"Clatsop","class":"100","situs":"","city":""},"geometry":{"type":"Point","coordinates":[-123.57215247356389,45.876064987461596]}},{"type":"Feature","properties":{"kind":"home","county":"Clatsop","class":"101","situs":"82237 Riverbend Rd","city":"Seaside"},"geometry":{"type":"Point","coordinates":[-123.56886892776554,45.88092021351108]}},{"type":"Feature","properties":{"kind":"home","county":"Clatsop","class":"101","situs":"42034-42032 MelodyLn","city":"Seaside"},"geometry":{"type":"Point","coordinates":[-123.5699204532305,45.881603034726275]}},{"type":"Feature","properties":{"kind":"home","county":"Clatsop","class":"109","situs":"82234 Bay Rd","city":"Seaside"},"geometry":{"type":"Point","coordinates":[-123.56738493145686,45.88205656507544]}},{"type":"Feature","properties":{"kind":"home","county":"Clatsop","class":"009","situs":"82234 Bay Rd","city":"Seaside"},"geometry":{"type":"Point","coordinates":[-123.56738493145686,45.88205656507544]}},{"type":"Feature","properties":{"kind":"home","county":"Clatsop","class":"400","situs":"","city":""},"geometry":{"type":"Point","coordinates":[-123.59301135974768,45.86607662283657]}},{"type":"Feature","properties":{"kind":"home","county":"Clatsop","class":"101","situs":"82206 Riverbend Rd","city":"Seaside"},"geometry":{"type":"Point","coordinates":[-123.56981321390278,45.8803353882828]}},{"type":"Feature","properties":{"kind":"home","county":"Clatsop","class":"100","situs":"82101 Floden Rd","city":"Seaside"},"geometry":{"type":"Point","coordinates":[-123.57072962100645,45.87824183027574]}},{"type":"Feature","properties":{"kind":"home","county":"Clatsop","class":"100","situs":"41935 Alder Lane","city":"Seaside"},"geometry":{"type":"Point","coordinates":[-123.57319685312663,45.87423982091522]}},{"type":"Feature","properties":{"kind":"home","county":"Clatsop","class":"400","situs":"","city":""},"geometry":{"type":"Point","coordinates":[-123.54692143624253,45.876974732002786]}},{"type":"Feature","properties":{"kind":"home","county":"Clatsop","class":"003","situs":"79919 Hwy 103","city":"Seaside"},"geometry":{"type":"Point","coordinates":[-123.56021468327651,45.86791537864368]}},{"type":"Feature","properties":{"kind":"home","county":"Clatsop","class":"401","situs":"82513 Crowder Rd","city":"Seaside"},"geometry":{"type":"Point","coordinates":[-123.60637747516401,45.88866393980537]}},{"type":"Feature","properties":{"kind":"home","county":"Clatsop","class":"401","situs":"82513 Crowder Rd","city":"Seaside"},"geometry":{"type":"Point","coordinates":[-123.60637747516401,45.88866393980537]}},{"type":"Feature","properties":{"kind":"home","county":"Clatsop","class":"401","situs":"80409 Hwy 202","city":"Seaside"},"geometry":{"type":"Point","coordinates":[-123.54573839569737,45.947375072882096]}},{"type":"Feature","properties":{"kind":"home","county":"Clatsop","class":"401","situs":"","city":""},"geometry":{"type":"Point","coordinates":[-123.48627271674964,45.923640068849465]}},{"type":"Feature","properties":{"kind":"home","county":"Clatsop","class":"401","situs":"82287 WUNSCH Rd","city":"Seaside"},"geometry":{"type":"Point","coordinates":[-123.61129960354266,45.88226559995188]}},{"type":"Feature","properties":{"kind":"home","county":"Clatsop","class":"401","situs":"82287 WUNSCH Rd","city":"Seaside"},"geometry":{"type":"Point","coordinates":[-123.61129960354266,45.88226559995188]}},{"type":"Feature","properties":{"kind":"home","county":"Clatsop","class":"401","situs":"82396 Crowder Rd","city":"Seaside"},"geometry":{"type":"Point","coordinates":[-123.60910734586274,45.88547206334813]}},{"type":"Feature","properties":{"kind":"home","county":"Clatsop","class":"400","situs":"81921 Red Bluff Rd","city":"Seaside"},"geometry":{"type":"Point","coordinates":[-123.56941216856744,45.86871387979247]}},{"type":"Feature","properties":{"kind":"home","county":"Clatsop","class":"100","situs":"","city":""},"geometry":{"type":"Point","coordinates":[-123.54238566951757,45.87374679313896]}},{"type":"Feature","properties":{"kind":"home","county":"Clatsop","class":"401","situs":"81037 Hwy 103","city":"Seaside"},"geometry":{"type":"Point","coordinates":[-123.54159478591359,45.888667550036814]}},{"type":"Feature","properties":{"kind":"home","county":"Clatsop","class":"401","situs":"81037 Hwy 103","city":"Seaside"},"geometry":{"type":"Point","coordinates":[-123.54159478591359,45.888667550036814]}},{"type":"Feature","properties":{"kind":"home","county":"Clatsop","class":"401","situs":"","city":""},"geometry":{"type":"Point","coordinates":[-123.50390258734134,45.935218795685294]}},{"type":"Feature","properties":{"kind":"home","county":"Clatsop","class":"401","situs":"81079-81081 Hwy 103","city":"Seaside"},"geometry":{"type":"Point","coordinates":[-123.54325342045061,45.88942991617462]}},{"type":"Feature","properties":{"kind":"home","county":"Clatsop","class":"401","situs":"81046 Hwy 103","city":"Seaside"},"geometry":{"type":"Point","coordinates":[-123.545530347661,45.88851842194753]}},{"type":"Feature","properties":{"kind":"home","county":"Clatsop","class":"401","situs":"82185 Bay Rd","city":"Seaside"},"geometry":{"type":"Point","coordinates":[-123.5642688321006,45.88555788891888]}},{"type":"Feature","properties":{"kind":"home","county":"Clatsop","class":"401","situs":"82185 Bay Rd","city":"Seaside"},"geometry":{"type":"Point","coordinates":[-123.5642688321006,45.88555788891888]}},{"type":"Feature","properties":{"kind":"home","county":"Clatsop","class":"101","situs":"82458 Vinemaple Rd","city":"Seaside"},"geometry":{"type":"Point","coordinates":[-123.55266775251097,45.88784461875634]}},{"type":"Feature","properties":{"kind":"home","county":"Clatsop","class":"109","situs":"82553 Maple Rd","city":"Seaside"},"geometry":{"type":"Point","coordinates":[-123.55645259387029,45.890232204469356]}},{"type":"Feature","properties":{"kind":"home","county":"Clatsop","class":"009","situs":"82553 Maple Rd","city":"Seaside"},"geometry":{"type":"Point","coordinates":[-123.55645259387029,45.890232204469356]}},{"type":"Feature","properties":{"kind":"home","county":"Clatsop","class":"019","situs":"42403 Evergreen Acres Ln","city":"Seaside"},"geometry":{"type":"Point","coordinates":[-123.55624910076749,45.88813623451767]}},{"type":"Feature","properties":{"kind":"home","county":"Clatsop","class":"109","situs":"42403 Evergreen Acres Ln","city":"Seaside"},"geometry":{"type":"Point","coordinates":[-123.55624910076749,45.88813623451767]}},{"type":"Feature","properties":{"kind":"home","county":"Clatsop","class":"101","situs":"82527 Hwy 103","city":"Seaside"},"geometry":{"type":"Point","coordinates":[-123.50475022454316,45.89882866581663]}},{"type":"Feature","properties":{"kind":"home","county":"Clatsop","class":"101","situs":"82457 Maple Rd","city":"Seaside"},"geometry":{"type":"Point","coordinates":[-123.55350958983847,45.88812466507832]}},{"type":"Feature","properties":{"kind":"home","county":"Clatsop","class":"401","situs":"82238 Bay Rd","city":"Seaside"},"geometry":{"type":"Point","coordinates":[-123.56732713926893,45.88153668778242]}},{"type":"Feature","properties":{"kind":"home","county":"Clatsop","class":"019","situs":"43922 Hwy 26","city":"Seaside"},"geometry":{"type":"Point","coordinates":[-123.57037174982817,45.86390003390957]}},{"type":"Feature","properties":{"kind":"home","county":"Clatsop","class":"409","situs":"81301 Lower Nehalem Rd","city":"Seaside"},"geometry":{"type":"Point","coordinates":[-123.58578377009023,45.85766446550264]}},{"type":"Feature","properties":{"kind":"home","county":"Clatsop","class":"019","situs":"81301 Lower Nehalem Rd","city":"Seaside"},"geometry":{"type":"Point","coordinates":[-123.58578377009023,45.85766446550264]}},{"type":"Feature","properties":{"kind":"home","county":"Clatsop","class":"401","situs":"79958 Lower Nehalem Rd","city":"Seaside"},"geometry":{"type":"Point","coordinates":[-123.6027688993079,45.83284344466291]}},{"type":"Feature","properties":{"kind":"home","county":"Clatsop","class":"401","situs":"79958 Lower Nehalem Rd","city":"Seaside"},"geometry":{"type":"Point","coordinates":[-123.6027688993079,45.83284344466291]}},{"type":"Feature","properties":{"kind":"home","county":"Clatsop","class":"100","situs":"","city":""},"geometry":{"type":"Point","coordinates":[-123.50393622328552,45.91037106672155]}},{"type":"Feature","properties":{"kind":"home","county":"Clatsop","class":"401","situs":"","city":""},"geometry":{"type":"Point","coordinates":[-123.5036224268027,45.90944237528181]}},{"type":"Feature","properties":{"kind":"home","county":"Clatsop","class":"401","situs":"81070 Hwy 103","city":"Seaside"},"geometry":{"type":"Point","coordinates":[-123.54536818940112,45.88960174579452]}},{"type":"Feature","properties":{"kind":"home","county":"Clatsop","class":"109","situs":"42330 Evergreen Acres Ln","city":"Seaside"},"geometry":{"type":"Point","coordinates":[-123.55900388815769,45.88771315425409]}},{"type":"Feature","properties":{"kind":"home","county":"Clatsop","class":"009","situs":"42330 Evergreen Acres Ln","city":"Seaside"},"geometry":{"type":"Point","coordinates":[-123.55900388815769,45.88771315425409]}},{"type":"Feature","properties":{"kind":"home","county":"Clatsop","class":"101","situs":"42376 Evergreen Acres Ln","city":"Seaside"},"geometry":{"type":"Point","coordinates":[-123.5574331657748,45.88770418934298]}},{"type":"Feature","properties":{"kind":"home","county":"Clatsop","class":"409","situs":"42373 Hwy 26","city":"Seaside"},"geometry":{"type":"Point","coordinates":[-123.61404706234067,45.88716903257483]}},{"type":"Feature","properties":{"kind":"home","county":"Clatsop","class":"019","situs":"42373 Hwy 26","city":"Seaside"},"geometry":{"type":"Point","coordinates":[-123.61404706234067,45.88716903257483]}},{"type":"Feature","properties":{"kind":"home","county":"Clatsop","class":"101","situs":"42341 Evergreen Acres Ln","city":"Seaside"},"geometry":{"type":"Point","coordinates":[-123.55859651843048,45.888294850340515]}},{"type":"Feature","properties":{"kind":"home","county":"Clatsop","class":"101","situs":"82432 Vinemaple Rd","city":"Seaside"},"geometry":{"type":"Point","coordinates":[-123.5519663619355,45.887440335083674]}},{"type":"Feature","properties":{"kind":"home","county":"Clatsop","class":"101","situs":"82427 Maple Rd","city":"Seaside"},"geometry":{"type":"Point","coordinates":[-123.55326627322864,45.88736367619656]}},{"type":"Feature","properties":{"kind":"home","county":"Clatsop","class":"109","situs":"82417 Maple Rd","city":"Seaside"},"geometry":{"type":"Point","coordinates":[-123.55310547601987,45.88717509168132]}},{"type":"Feature","properties":{"kind":"home","county":"Clatsop","class":"009","situs":"82417 Maple Rd","city":"Seaside"},"geometry":{"type":"Point","coordinates":[-123.55310547601987,45.88717509168132]}},{"type":"Feature","properties":{"kind":"home","county":"Clatsop","class":"101","situs":"82444 Vinemaple Rd","city":"Seaside"},"geometry":{"type":"Point","coordinates":[-123.55241050824164,45.88758429854272]}},{"type":"Feature","properties":{"kind":"home","county":"Clatsop","class":"101","situs":"42427 Evergreen Acres Ln","city":"Seaside"},"geometry":{"type":"Point","coordinates":[-123.55507105122533,45.88812948517292]}},{"type":"Feature","properties":{"kind":"home","county":"Clatsop","class":"101","situs":"82378 Vinemaple Rd","city":"Seaside"},"geometry":{"type":"Point","coordinates":[-123.55075027133589,45.88641550329605]}},{"type":"Feature","properties":{"kind":"home","county":"Clatsop","class":"003","situs":"","city":""},"geometry":{"type":"Point","coordinates":[-123.55164037519184,45.88428492988686]}},{"type":"Feature","properties":{"kind":"home","county":"Clatsop","class":"021","situs":"","city":""},"geometry":{"type":"Point","coordinates":[-123.55164037519184,45.88428492988686]}},{"type":"Feature","properties":{"kind":"home","county":"Clatsop","class":"401","situs":"82447 Red Bluff Rd","city":"Seaside"},"geometry":{"type":"Point","coordinates":[-123.57489343146253,45.88190470965518]}},{"type":"Feature","properties":{"kind":"home","county":"Clatsop","class":"401","situs":"82447 Red Bluff Rd","city":"Seaside"},"geometry":{"type":"Point","coordinates":[-123.57489343146253,45.88190470965518]}},{"type":"Feature","properties":{"kind":"home","county":"Clatsop","class":"400","situs":"","city":""},"geometry":{"type":"Point","coordinates":[-123.5756611988399,45.8789690440809]}},{"type":"Feature","properties":{"kind":"home","county":"Clatsop","class":"101","situs":"82220 Riverbend Rd","city":"Seaside"},"geometry":{"type":"Point","coordinates":[-123.56968236052596,45.88076493339796]}},{"type":"Feature","properties":{"kind":"home","county":"Clatsop","class":"101","situs":"42028 Melody Ln","city":"Seaside"},"geometry":{"type":"Point","coordinates":[-123.57047644241946,45.88161672745721]}},{"type":"Feature","properties":{"kind":"home","county":"Clatsop","class":"100","situs":"","city":""},"geometry":{"type":"Point","coordinates":[-123.57059616627309,45.8785134632218]}},{"type":"Feature","properties":{"kind":"home","county":"Clatsop","class":"100","situs":"","city":""},"geometry":{"type":"Point","coordinates":[-123.57066992872174,45.87838671165693]}},{"type":"Feature","properties":{"kind":"home","county":"Clatsop","class":"400","situs":"","city":""},"geometry":{"type":"Point","coordinates":[-123.61188934654753,45.886771665675134]}},{"type":"Feature","properties":{"kind":"home","county":"Clatsop","class":"101","situs":"42506 Meadow Lark Ln","city":"Seaside"},"geometry":{"type":"Point","coordinates":[-123.55191668973306,45.886408278123646]}},{"type":"Feature","properties":{"kind":"home","county":"Clatsop","class":"101","situs":"82345 Maple Rd","city":"Seaside"},"geometry":{"type":"Point","coordinates":[-123.55185299052712,45.88559124589284]}},{"type":"Feature","properties":{"kind":"home","county":"Clatsop","class":"400","situs":"","city":""},"geometry":{"type":"Point","coordinates":[-123.57500652488305,45.87995815200707]}},{"type":"Feature","properties":{"kind":"home","county":"Clatsop","class":"109","situs":"82238 Riverbend Rd","city":"Seaside"},"geometry":{"type":"Point","coordinates":[-123.5696655678327,45.881093446518314]}},{"type":"Feature","properties":{"kind":"home","county":"Clatsop","class":"009","situs":"82238 Riverbend Rd","city":"Seaside"},"geometry":{"type":"Point","coordinates":[-123.5696655678327,45.881093446518314]}},{"type":"Feature","properties":{"kind":"home","county":"Clatsop","class":"100","situs":"","city":""},"geometry":{"type":"Point","coordinates":[-123.56816256983888,45.88279078521161]}},{"type":"Feature","properties":{"kind":"home","county":"Clatsop","class":"101","situs":"81836 Cow Creek Rd","city":"Seaside"},"geometry":{"type":"Point","coordinates":[-123.54238604746851,45.87340410828072]}},{"type":"Feature","properties":{"kind":"home","county":"Clatsop","class":"101","situs":"42037 Melody Ln","city":"Seaside"},"geometry":{"type":"Point","coordinates":[-123.56988281881868,45.88199824947531]}},{"type":"Feature","properties":{"kind":"home","county":"Clatsop","class":"401","situs":"43837 Meadow Ln","city":"Seaside"},"geometry":{"type":"Point","coordinates":[-123.4985114351723,45.9297120155015]}},{"type":"Feature","properties":{"kind":"home","county":"Clatsop","class":"401","situs":"42179 Tweedle Ln","city":"Seaside"},"geometry":{"type":"Point","coordinates":[-123.56305736932262,45.89507179226622]}},{"type":"Feature","properties":{"kind":"home","county":"Clatsop","class":"400","situs":"","city":""},"geometry":{"type":"Point","coordinates":[-123.59414383313784,45.86792529002695]}},{"type":"Feature","properties":{"kind":"home","county":"Clatsop","class":"101","situs":"82089 Red Bluff Rd","city":"Seaside"},"geometry":{"type":"Point","coordinates":[-123.57134714833943,45.87350698515976]}},{"type":"Feature","properties":{"kind":"home","county":"Clatsop","class":"101","situs":"","city":""},"geometry":{"type":"Point","coordinates":[-123.56841338936407,45.88301653766579]}},{"type":"Feature","properties":{"kind":"home","county":"Clatsop","class":"101","situs":"82190 Riverbend Rd","city":"Seaside"},"geometry":{"type":"Point","coordinates":[-123.57006548449479,45.879936079315705]}},{"type":"Feature","properties":{"kind":"home","county":"Clatsop","class":"109","situs":"42317 Evergreen Acres Ln","city":"Seaside"},"geometry":{"type":"Point","coordinates":[-123.55989849572515,45.888182831516964]}},{"type":"Feature","properties":{"kind":"home","county":"Clatsop","class":"009","situs":"42317 Evergreen Acres Ln","city":"Seaside"},"geometry":{"type":"Point","coordinates":[-123.55989849572515,45.888182831516964]}},{"type":"Feature","properties":{"kind":"home","county":"Clatsop","class":"019","situs":"42515 Meadow Lark Ln","city":"Seaside"},"geometry":{"type":"Point","coordinates":[-123.55188225162917,45.88690777138395]}},{"type":"Feature","properties":{"kind":"home","county":"Clatsop","class":"109","situs":"42515 Meadow Lark Ln","city":"Seaside"},"geometry":{"type":"Point","coordinates":[-123.55188225162917,45.88690777138395]}},{"type":"Feature","properties":{"kind":"home","county":"Clatsop","class":"401","situs":"78748 Hwy 202","city":"Seaside"},"geometry":{"type":"Point","coordinates":[-123.49095910558611,45.93402172674949]}},{"type":"Feature","properties":{"kind":"home","county":"Clatsop","class":"401","situs":"42223 Tweedle Ln","city":"Seaside"},"geometry":{"type":"Point","coordinates":[-123.56069102579777,45.89520583042483]}},{"type":"Feature","properties":{"kind":"home","county":"Clatsop","class":"401","situs":"43791 OLD 77 JEWELL Ln","city":"Seaside"},"geometry":{"type":"Point","coordinates":[-123.50333746752463,45.93608823016998]}},{"type":"Feature","properties":{"kind":"home","county":"Clatsop","class":"401","situs":"81107 Hwy 103","city":"Seaside"},"geometry":{"type":"Point","coordinates":[-123.54122881317221,45.89006058277587]}},{"type":"Feature","properties":{"kind":"home","county":"Clatsop","class":"401","situs":"81107 Hwy 103","city":"Seaside"},"geometry":{"type":"Point","coordinates":[-123.54122881317221,45.89006058277587]}},{"type":"Feature","properties":{"kind":"home","county":"Clatsop","class":"021","situs":"43168 Hwy 26","city":"Seaside"},"geometry":{"type":"Point","coordinates":[-123.59602025763778,45.866395149945255]}},{"type":"Feature","properties":{"kind":"home","county":"Clatsop","class":"109","situs":"82303 Riverbend Rd","city":"Seaside"},"geometry":{"type":"Point","coordinates":[-123.5693993266528,45.88262924632124]}},{"type":"Feature","properties":{"kind":"home","county":"Clatsop","class":"009","situs":"82303 Riverbend Rd","city":"Seaside"},"geometry":{"type":"Point","coordinates":[-123.5693993266528,45.88262924632124]}},{"type":"Feature","properties":{"kind":"home","county":"Clatsop","class":"100","situs":"","city":""},"geometry":{"type":"Point","coordinates":[-123.57051294151232,45.881180151679125]}},{"type":"Feature","properties":{"kind":"home","county":"Clatsop","class":"010","situs":"","city":""},"geometry":{"type":"Point","coordinates":[-123.56780860328304,45.883849078224706]}},{"type":"Feature","properties":{"kind":"home","county":"Clatsop","class":"100","situs":"","city":""},"geometry":{"type":"Point","coordinates":[-123.57151432549848,45.87611733903374]}},{"type":"Feature","properties":{"kind":"home","county":"Clatsop","class":"101","situs":"82144 Red Bluff Rd","city":"Seaside"},"geometry":{"type":"Point","coordinates":[-123.57171223461778,45.875456601769855]}},{"type":"Feature","properties":{"kind":"home","county":"Clatsop","class":"100","situs":"","city":""},"geometry":{"type":"Point","coordinates":[-123.55251036319399,45.89033441563871]}},{"type":"Feature","properties":{"kind":"home","county":"Clatsop","class":"101","situs":"82472 Vinemaple Rd","city":"Seaside"},"geometry":{"type":"Point","coordinates":[-123.55286743080511,45.8885795524861]}},{"type":"Feature","properties":{"kind":"home","county":"Clatsop","class":"101","situs":"82375 Maple Rd","city":"Seaside"},"geometry":{"type":"Point","coordinates":[-123.55176479631812,45.88618136056341]}},{"type":"Feature","properties":{"kind":"home","county":"Clatsop","class":"400","situs":"","city":""},"geometry":{"type":"Point","coordinates":[-123.57304462253309,45.87845144542985]}},{"type":"Feature","properties":{"kind":"home","county":"Clatsop","class":"100","situs":"","city":""},"geometry":{"type":"Point","coordinates":[-123.56995038712274,45.8832925668306]}},{"type":"Feature","properties":{"kind":"home","county":"Clatsop","class":"101","situs":"","city":""},"geometry":{"type":"Point","coordinates":[-123.56917045264473,45.88233460103279]}},{"type":"Feature","properties":{"kind":"home","county":"Clatsop","class":"100","situs":"","city":""},"geometry":{"type":"Point","coordinates":[-123.56923314352758,45.88026703043533]}},{"type":"Feature","properties":{"kind":"home","county":"Clatsop","class":"100","situs":"","city":""},"geometry":{"type":"Point","coordinates":[-123.5705166029652,45.87863875700991]}},{"type":"Feature","properties":{"kind":"home","county":"Clatsop","class":"400","situs":"","city":""},"geometry":{"type":"Point","coordinates":[-123.57414331252451,45.87164923501584]}},{"type":"Feature","properties":{"kind":"home","county":"Clatsop","class":"400","situs":"81938 Red Bluff Rd","city":"Seaside"},"geometry":{"type":"Point","coordinates":[-123.573466983174,45.87023159296923]}},{"type":"Feature","properties":{"kind":"home","county":"Clatsop","class":"100","situs":"","city":""},"geometry":{"type":"Point","coordinates":[-123.57220364786303,45.8764992344707]}},{"type":"Feature","properties":{"kind":"home","county":"Clatsop","class":"101","situs":"","city":""},"geometry":{"type":"Point","coordinates":[-123.57094859571055,45.877666099032915]}},{"type":"Feature","properties":{"kind":"home","county":"Clatsop","class":"100","situs":"","city":""},"geometry":{"type":"Point","coordinates":[-123.57401955498204,45.87389744751958]}},{"type":"Feature","properties":{"kind":"home","county":"Clatsop","class":"101","situs":"82178 Red Bluff Rd","city":"Seaside"},"geometry":{"type":"Point","coordinates":[-123.57241068535096,45.876121450100136]}},{"type":"Feature","properties":{"kind":"home","county":"Clatsop","class":"100","situs":"71978 Northshore Dr","city":"Birkenfeld"},"geometry":{"type":"Point","coordinates":[-123.36236837654656,46.036857385933516]}},{"type":"Feature","properties":{"kind":"home","county":"Clatsop","class":"101","situs":"9919 Beach Dr","city":"Birkenfeld"},"geometry":{"type":"Point","coordinates":[-123.36147594873691,46.034618601782384]}},{"type":"Feature","properties":{"kind":"home","county":"Clatsop","class":"100","situs":"","city":""},"geometry":{"type":"Point","coordinates":[-123.36973892226851,46.03092619941353]}},{"type":"Feature","properties":{"kind":"home","county":"Clatsop","class":"401","situs":"82148 Walton Rd","city":"Seaside"},"geometry":{"type":"Point","coordinates":[-123.7055122628389,45.870675282917716]}},{"type":"Feature","properties":{"kind":"home","county":"Clatsop","class":"401","situs":"82148 Walton Rd","city":"Seaside"},"geometry":{"type":"Point","coordinates":[-123.7055122628389,45.870675282917716]}},{"type":"Feature","properties":{"kind":"home","county":"Clatsop","class":"401","situs":"82382 Red Bluff Rd","city":"Seaside"},"geometry":{"type":"Point","coordinates":[-123.57225641546414,45.883069851647235]}},{"type":"Feature","properties":{"kind":"home","county":"Clatsop","class":"101","situs":"82271 Riverbend Rd","city":"Seaside"},"geometry":{"type":"Point","coordinates":[-123.56897106521227,45.882011715832796]}},{"type":"Feature","properties":{"kind":"home","county":"Clatsop","class":"101","situs":"82263 Riverbend Rd","city":"Seaside"},"geometry":{"type":"Point","coordinates":[-123.56887527473195,45.88169224565828]}},{"type":"Feature","properties":{"kind":"home","county":"Clatsop","class":"101","situs":"82326 Roberta Rd","city":"Seaside"},"geometry":{"type":"Point","coordinates":[-123.56885219493657,45.883345429085686]}},{"type":"Feature","properties":{"kind":"home","county":"Clatsop","class":"101","situs":"82296 Bay Rd","city":"Seaside"},"geometry":{"type":"Point","coordinates":[-123.56785804170313,45.88328726190378]}},{"type":"Feature","properties":{"kind":"home","county":"Clatsop","class":"401","situs":"41920 Alder Ln","city":"Seaside"},"geometry":{"type":"Point","coordinates":[-123.57545402824577,45.87388148175283]}},{"type":"Feature","properties":{"kind":"home","county":"Clatsop","class":"401","situs":"41920 Alder Ln","city":"Seaside"},"geometry":{"type":"Point","coordinates":[-123.57545402824577,45.87388148175283]}},{"type":"Feature","properties":{"kind":"home","county":"Clatsop","class":"101","situs":"82107 Floden Rd","city":"Seaside"},"geometry":{"type":"Point","coordinates":[-123.57023774856548,45.87893826163939]}},{"type":"Feature","properties":{"kind":"home","county":"Clatsop","class":"009","situs":"80967 Hwy 103","city":"Seaside"},"geometry":{"type":"Point","coordinates":[-123.54490432802893,45.885623127044205]}},{"type":"Feature","properties":{"kind":"home","county":"Clatsop","class":"409","situs":"80967 Hwy 103","city":"Seaside"},"geometry":{"type":"Point","coordinates":[-123.54490432802893,45.885623127044205]}},{"type":"Feature","properties":{"kind":"home","county":"Clatsop","class":"101","situs":"82533 Maple Rd","city":"Seaside"},"geometry":{"type":"Point","coordinates":[-123.55609868109313,45.89035679218264]}},{"type":"Feature","properties":{"kind":"home","county":"Clatsop","class":"109","situs":"42505 Meadow Lark Ln","city":"Seaside"},"geometry":{"type":"Point","coordinates":[-123.55227372781292,45.88664570208186]}},{"type":"Feature","properties":{"kind":"home","county":"Clatsop","class":"019","situs":"42505 Meadow Lark Ln","city":"Seaside"},"geometry":{"type":"Point","coordinates":[-123.55227372781292,45.88664570208186]}},{"type":"Feature","properties":{"kind":"home","county":"Clatsop","class":"101","situs":"82339 Maple Rd","city":"Seaside"},"geometry":{"type":"Point","coordinates":[-123.55173500275424,45.88530659091992]}},{"type":"Feature","properties":{"kind":"home","county":"Clatsop","class":"109","situs":"82329 Maple Rd","city":"Seaside"},"geometry":{"type":"Point","coordinates":[-123.55166629720128,45.8850475344004]}},{"type":"Feature","properties":{"kind":"home","county":"Clatsop","class":"009","situs":"82329 Maple Rd","city":"Seaside"},"geometry":{"type":"Point","coordinates":[-123.55166629720128,45.8850475344004]}},{"type":"Feature","properties":{"kind":"home","county":"Clatsop","class":"021","situs":"","city":""},"geometry":{"type":"Point","coordinates":[-123.55358046633519,45.89116703593386]}},{"type":"Feature","properties":{"kind":"home","county":"Clatsop","class":"409","situs":"82535 Elm Dr","city":"Seaside"},"geometry":{"type":"Point","coordinates":[-123.55358046633519,45.89116703593386]}},{"type":"Feature","properties":{"kind":"home","county":"Clatsop","class":"019","situs":"82535 Elm Dr","city":"Seaside"},"geometry":{"type":"Point","coordinates":[-123.55358046633519,45.89116703593386]}},{"type":"Feature","properties":{"kind":"home","county":"Clatsop","class":"109","situs":"82563 Maple Rd","city":"Seaside"},"geometry":{"type":"Point","coordinates":[-123.55683364307332,45.89012931279466]}},{"type":"Feature","properties":{"kind":"home","county":"Clatsop","class":"101","situs":"82513 Elm Dr","city":"Seaside"},"geometry":{"type":"Point","coordinates":[-123.55363912773493,45.88977795604036]}},{"type":"Feature","properties":{"kind":"home","county":"Clatsop","class":"109","situs":"82525 Elm Dr","city":"Seaside"},"geometry":{"type":"Point","coordinates":[-123.55334882535826,45.890662904476386]}},{"type":"Feature","properties":{"kind":"home","county":"Clatsop","class":"009","situs":"82525 Elm Dr","city":"Seaside"},"geometry":{"type":"Point","coordinates":[-123.55334882535826,45.890662904476386]}},{"type":"Feature","properties":{"kind":"home","county":"Clatsop","class":"100","situs":"","city":""},"geometry":{"type":"Point","coordinates":[-123.57349626253776,45.87376050871633]}},{"type":"Feature","properties":{"kind":"home","county":"Clatsop","class":"019","situs":"82563 Maple Rd","city":"Seaside"},"geometry":{"type":"Point","coordinates":[-123.55683364307332,45.89012931279466]}},{"type":"Feature","properties":{"kind":"home","county":"Clatsop","class":"101","situs":"","city":""},"geometry":{"type":"Point","coordinates":[-123.55507708149341,45.887690686014906]}},{"type":"Feature","properties":{"kind":"home","county":"Clatsop","class":"101","situs":"82348 Vinemaple Rd","city":"Seaside"},"geometry":{"type":"Point","coordinates":[-123.55090401591616,45.8855910072526]}},{"type":"Feature","properties":{"kind":"home","county":"Clatsop","class":"101","situs":"","city":""},"geometry":{"type":"Point","coordinates":[-123.5695577567486,45.881948597746025]}},{"type":"Feature","properties":{"kind":"home","county":"Clatsop","class":"101","situs":"","city":""},"geometry":{"type":"Point","coordinates":[-123.57032804997918,45.88074993268971]}},{"type":"Feature","properties":{"kind":"home","county":"Clatsop","class":"101","situs":"82093 Floden Rd","city":"Seaside"},"geometry":{"type":"Point","coordinates":[-123.57086973882089,45.87786272346892]}},{"type":"Feature","properties":{"kind":"home","county":"Clatsop","class":"101","situs":"82179 Red Bluff Rd","city":"Seaside"},"geometry":{"type":"Point","coordinates":[-123.5715933195281,45.875909781745705]}},{"type":"Feature","properties":{"kind":"home","county":"Clatsop","class":"003","situs":"79288 Hwy 202","city":"Seaside"},"geometry":{"type":"Point","coordinates":[-123.51179472360464,45.93377867829318]}},{"type":"Feature","properties":{"kind":"home","county":"Clatsop","class":"100","situs":"","city":""},"geometry":{"type":"Point","coordinates":[-123.55909085803016,45.88939635946752]}},{"type":"Feature","properties":{"kind":"home","county":"Clatsop","class":"101","situs":"42326 Evergreen Acres Ln","city":"Seaside"},"geometry":{"type":"Point","coordinates":[-123.55941976514347,45.887707733976214]}},{"type":"Feature","properties":{"kind":"home","county":"Clatsop","class":"109","situs":"42416 Evergreen Acres Ln","city":"Seaside"},"geometry":{"type":"Point","coordinates":[-123.55586244505348,45.88769520097931]}},{"type":"Feature","properties":{"kind":"home","county":"Clatsop","class":"009","situs":"42416 Evergreen Acres Ln","city":"Seaside"},"geometry":{"type":"Point","coordinates":[-123.55586244505348,45.88769520097931]}},{"type":"Feature","properties":{"kind":"home","county":"Clatsop","class":"101","situs":"82456 Maple Rd","city":"Seaside"},"geometry":{"type":"Point","coordinates":[-123.55425513666157,45.888120940832046]}},{"type":"Feature","properties":{"kind":"home","county":"Clatsop","class":"101","situs":"82388 Vinemaple Rd","city":"Seaside"},"geometry":{"type":"Point","coordinates":[-123.55072000581093,45.88667404280084]}},{"type":"Feature","properties":{"kind":"home","county":"Clatsop","class":"100","situs":"","city":""},"geometry":{"type":"Point","coordinates":[-123.55127224896809,45.887166854134485]}},{"type":"Feature","properties":{"kind":"home","county":"Clatsop","class":"401","situs":"81006 Hwy 103","city":"Seaside"},"geometry":{"type":"Point","coordinates":[-123.5455157047921,45.88774017438023]}},{"type":"Feature","properties":{"kind":"home","county":"Clatsop","class":"009","situs":"80803 Hwy 103","city":"Seaside"},"geometry":{"type":"Point","coordinates":[-123.54956875240262,45.8835046432859]}},{"type":"Feature","properties":{"kind":"home","county":"Clatsop","class":"009","situs":"80803 Hwy 103","city":"Seaside"},"geometry":{"type":"Point","coordinates":[-123.54956875240262,45.8835046432859]}},{"type":"Feature","properties":{"kind":"home","county":"Clatsop","class":"401","situs":"80957 Highway 103","city":"Seaside"},"geometry":{"type":"Point","coordinates":[-123.54579477962784,45.884858668399715]}},{"type":"Feature","properties":{"kind":"home","county":"Clatsop","class":"101","situs":"","city":""},"geometry":{"type":"Point","coordinates":[-123.55260695623282,45.89005538274195]}},{"type":"Feature","properties":{"kind":"home","county":"Clatsop","class":"109","situs":"82517 Elm Dr","city":"Seaside"},"geometry":{"type":"Point","coordinates":[-123.55337172598918,45.89024233569655]}},{"type":"Feature","properties":{"kind":"home","county":"Clatsop","class":"400","situs":"","city":""},"geometry":{"type":"Point","coordinates":[-123.42959560068186,45.99004213662904]}},{"type":"Feature","properties":{"kind":"home","county":"Clatsop","class":"409","situs":"74444 Hwy 202","city":"Birkenfeld"},"geometry":{"type":"Point","coordinates":[-123.38032516340084,45.98082434298081]}},{"type":"Feature","properties":{"kind":"home","county":"Clatsop","class":"409","situs":"74444 Hwy 202","city":"Birkenfeld"},"geometry":{"type":"Point","coordinates":[-123.38032516340084,45.98082434298081]}},{"type":"Feature","properties":{"kind":"home","county":"Clatsop","class":"019","situs":"74444 Hwy 202","city":"Birkenfeld"},"geometry":{"type":"Point","coordinates":[-123.38032516340084,45.98082434298081]}},{"type":"Feature","properties":{"kind":"home","county":"Clatsop","class":"401","situs":"","city":""},"geometry":{"type":"Point","coordinates":[-123.4209745041411,45.96866565965044]}},{"type":"Feature","properties":{"kind":"home","county":"Clatsop","class":"101","situs":"","city":""},"geometry":{"type":"Point","coordinates":[-123.57148538139445,45.8739491956827]}},{"type":"Feature","properties":{"kind":"home","county":"Clatsop","class":"101","situs":"","city":""},"geometry":{"type":"Point","coordinates":[-123.57204638421327,45.87391723138188]}},{"type":"Feature","properties":{"kind":"home","county":"Clatsop","class":"101","situs":"82162 Red Bluff Rd","city":"Seaside"},"geometry":{"type":"Point","coordinates":[-123.57252447159584,45.87530316284817]}},{"type":"Feature","properties":{"kind":"home","county":"Clatsop","class":"019","situs":"82517 Elm Dr","city":"Seaside"},"geometry":{"type":"Point","coordinates":[-123.55337172598918,45.89024233569655]}},{"type":"Feature","properties":{"kind":"home","county":"Clatsop","class":"101","situs":"82584 Elm Dr","city":"Seaside"},"geometry":{"type":"Point","coordinates":[-123.55575883814717,45.89051289484097]}},{"type":"Feature","properties":{"kind":"home","county":"Clatsop","class":"109","situs":"42402 Evergreen Acres Ln","city":"Seaside"},"geometry":{"type":"Point","coordinates":[-123.55625512560268,45.887697450967174]}},{"type":"Feature","properties":{"kind":"home","county":"Clatsop","class":"401","situs":"42030 Dorothy Ln","city":"Seaside"},"geometry":{"type":"Point","coordinates":[-123.57067993836094,45.87990242365272]}},{"type":"Feature","properties":{"kind":"home","county":"Clatsop","class":"409","situs":"81927 Red Bluff Rd","city":"Seaside"},"geometry":{"type":"Point","coordinates":[-123.56915871947622,45.870237789432466]}},{"type":"Feature","properties":{"kind":"home","county":"Clatsop","class":"019","situs":"81927 Red Bluff Rd","city":"Seaside"},"geometry":{"type":"Point","coordinates":[-123.56915871947622,45.870237789432466]}},{"type":"Feature","properties":{"kind":"home","county":"Clatsop","class":"409","situs":"81927 Red Bluff Rd","city":"Seaside"},"geometry":{"type":"Point","coordinates":[-123.56915871947622,45.870237789432466]}},{"type":"Feature","properties":{"kind":"home","county":"Clatsop","class":"400","situs":"","city":""},"geometry":{"type":"Point","coordinates":[-123.54048301380797,45.875347594400075]}},{"type":"Feature","properties":{"kind":"home","county":"Clatsop","class":"100","situs":"","city":""},"geometry":{"type":"Point","coordinates":[-123.5424495946248,45.874110151971756]}},{"type":"Feature","properties":{"kind":"home","county":"Clatsop","class":"100","situs":"","city":""},"geometry":{"type":"Point","coordinates":[-123.57202387290971,45.87354071818001]}},{"type":"Feature","properties":{"kind":"home","county":"Clatsop","class":"100","situs":"","city":""},"geometry":{"type":"Point","coordinates":[-123.57132546352226,45.87054794117456]}},{"type":"Feature","properties":{"kind":"home","county":"Clatsop","class":"401","situs":"81891 Cow Creek Rd","city":"Seaside"},"geometry":{"type":"Point","coordinates":[-123.54055271762012,45.873944629695366]}},{"type":"Feature","properties":{"kind":"home","county":"Clatsop","class":"401","situs":"81891 Cow Creek Rd","city":"Seaside"},"geometry":{"type":"Point","coordinates":[-123.54055271762012,45.873944629695366]}},{"type":"Feature","properties":{"kind":"home","county":"Clatsop","class":"400","situs":"","city":""},"geometry":{"type":"Point","coordinates":[-123.55341055677458,45.861491470213636]}},{"type":"Feature","properties":{"kind":"home","county":"Clatsop","class":"100","situs":"","city":""},"geometry":{"type":"Point","coordinates":[-123.57198146235514,45.869759406360565]}},{"type":"Feature","properties":{"kind":"home","county":"Clatsop","class":"401","situs":"","city":""},"geometry":{"type":"Point","coordinates":[-123.55961494174032,45.86619913642024]}},{"type":"Feature","properties":{"kind":"home","county":"Clatsop","class":"401","situs":"82044 Cow Creek Rd","city":"Seaside"},"geometry":{"type":"Point","coordinates":[-123.54390582575729,45.877426293994866]}},{"type":"Feature","properties":{"kind":"home","county":"Clatsop","class":"401","situs":"42710 Hidden Springs Dr","city":"Seaside"},"geometry":{"type":"Point","coordinates":[-123.54381368935516,45.873420049630084]}},{"type":"Feature","properties":{"kind":"home","county":"Clatsop","class":"401","situs":"82046 Walton Rd","city":"Seaside"},"geometry":{"type":"Point","coordinates":[-123.70255749027326,45.86738828003609]}},{"type":"Feature","properties":{"kind":"home","county":"Clatsop","class":"401","situs":"82405 Hwy 103","city":"Seaside"},"geometry":{"type":"Point","coordinates":[-123.50601792316178,45.89511222942283]}},{"type":"Feature","properties":{"kind":"home","county":"Clatsop","class":"401","situs":"82551 Hwy 103","city":"Seaside"},"geometry":{"type":"Point","coordinates":[-123.50459420646727,45.899698622835096]}},{"type":"Feature","properties":{"kind":"home","county":"Clatsop","class":"101","situs":"82107 Floden Rd","city":"Seaside"},"geometry":{"type":"Point","coordinates":[-123.57044924752225,45.87876741880541]}},{"type":"Feature","properties":{"kind":"home","county":"Clatsop","class":"100","situs":"","city":""},"geometry":{"type":"Point","coordinates":[-123.57134565441376,45.8729301270215]}},{"type":"Feature","properties":{"kind":"home","county":"Clatsop","class":"100","situs":"","city":""},"geometry":{"type":"Point","coordinates":[-123.572913858068,45.873711900820105]}},{"type":"Feature","properties":{"kind":"home","county":"Clatsop","class":"400","situs":"","city":""},"geometry":{"type":"Point","coordinates":[-123.57172172513643,45.871888035191645]}},{"type":"Feature","properties":{"kind":"home","county":"Clatsop","class":"109","situs":"82363 Maple Rd","city":"Seaside"},"geometry":{"type":"Point","coordinates":[-123.55185888019759,45.88586325349318]}},{"type":"Feature","properties":{"kind":"home","county":"Clatsop","class":"019","situs":"82363 Maple Rd","city":"Seaside"},"geometry":{"type":"Point","coordinates":[-123.55185888019759,45.88586325349318]}},{"type":"Feature","properties":{"kind":"home","county":"Clatsop","class":"100","situs":"","city":""},"geometry":{"type":"Point","coordinates":[-123.56960580496573,45.88295579666602]}},{"type":"Feature","properties":{"kind":"home","county":"Clatsop","class":"100","situs":"","city":""},"geometry":{"type":"Point","coordinates":[-123.5688345854967,45.88138528465327]}},{"type":"Feature","properties":{"kind":"home","county":"Clatsop","class":"101","situs":"82490 Riverbend Rd","city":"Seaside"},"geometry":{"type":"Point","coordinates":[-123.57047838179747,45.88244314601213]}},{"type":"Feature","properties":{"kind":"home","county":"Clatsop","class":"101","situs":"82167 Riverbend Rd","city":"Seaside"},"geometry":{"type":"Point","coordinates":[-123.56979358961394,45.87941313849954]}},{"type":"Feature","properties":{"kind":"home","county":"Clatsop","class":"101","situs":"82193 Red Bluff Rd","city":"Seaside"},"geometry":{"type":"Point","coordinates":[-123.57148406400137,45.87632301693592]}},{"type":"Feature","properties":{"kind":"home","county":"Clatsop","class":"101","situs":"","city":""},"geometry":{"type":"Point","coordinates":[-123.57265001290271,45.8743174480014]}},{"type":"Feature","properties":{"kind":"home","county":"Clatsop","class":"400","situs":"","city":""},"geometry":{"type":"Point","coordinates":[-123.57288434568318,45.87206569713438]}},{"type":"Feature","properties":{"kind":"home","county":"Clatsop","class":"100","situs":"","city":""},"geometry":{"type":"Point","coordinates":[-123.57079843932405,45.8780634687154]}},{"type":"Feature","properties":{"kind":"home","county":"Clatsop","class":"101","situs":"","city":""},"geometry":{"type":"Point","coordinates":[-123.57274655944042,45.87356799718648]}},{"type":"Feature","properties":{"kind":"home","county":"Clatsop","class":"101","situs":"82112 Red Bluff Rd","city":"Seaside"},"geometry":{"type":"Point","coordinates":[-123.57212040281516,45.874225312410246]}},{"type":"Feature","properties":{"kind":"home","county":"Clatsop","class":"010","situs":"","city":""},"geometry":{"type":"Point","coordinates":[-123.57329515643879,45.87403800747315]}},{"type":"Feature","properties":{"kind":"home","county":"Clatsop","class":"401","situs":"82079 Cow Creek Rd","city":"Seaside"},"geometry":{"type":"Point","coordinates":[-123.54377646755545,45.879212690473]}},{"type":"Feature","properties":{"kind":"home","county":"Clatsop","class":"401","situs":"76747 Hwy 202","city":"Birkenfeld"},"geometry":{"type":"Point","coordinates":[-123.43619863655249,45.95403532222307]}},{"type":"Feature","properties":{"kind":"home","county":"Clatsop","class":"401","situs":"76747 Hwy 202","city":"Birkenfeld"},"geometry":{"type":"Point","coordinates":[-123.43619863655249,45.95403532222307]}},{"type":"Feature","properties":{"kind":"home","county":"Clatsop","class":"101","situs":"82360 Vinemaple Rd","city":"Seaside"},"geometry":{"type":"Point","coordinates":[-123.55091268138297,45.8858652427576]}},{"type":"Feature","properties":{"kind":"home","county":"Clatsop","class":"009","situs":"82360 Vine Maple Rd","city":"Seaside"},"geometry":{"type":"Point","coordinates":[-123.55091268138297,45.8858652427576]}},{"type":"Feature","properties":{"kind":"home","county":"Clatsop","class":"019","situs":"82395 Maple Rd","city":"Seaside"},"geometry":{"type":"Point","coordinates":[-123.55242966893407,45.88691981255744]}},{"type":"Feature","properties":{"kind":"home","county":"Clatsop","class":"109","situs":"82395 Maple Rd","city":"Seaside"},"geometry":{"type":"Point","coordinates":[-123.55242966893407,45.88691981255744]}},{"type":"Feature","properties":{"kind":"home","county":"Clatsop","class":"401","situs":"82453 Red Bluff Rd","city":"Seaside"},"geometry":{"type":"Point","coordinates":[-123.57513937490083,45.881006150029116]}},{"type":"Feature","properties":{"kind":"home","county":"Clatsop","class":"401","situs":"82453 Red Bluff Rd","city":"Seaside"},"geometry":{"type":"Point","coordinates":[-123.57513937490083,45.881006150029116]}},{"type":"Feature","properties":{"kind":"home","county":"Clatsop","class":"401","situs":"78748 Hwy 202","city":"Seaside"},"geometry":{"type":"Point","coordinates":[-123.49095910558611,45.93402172674949]}},{"type":"Feature","properties":{"kind":"home","county":"Clatsop","class":"401","situs":"79398 Hwy 202","city":"Seaside"},"geometry":{"type":"Point","coordinates":[-123.51624518491849,45.933193321933096]}},{"type":"Feature","properties":{"kind":"home","county":"Clatsop","class":"101","situs":"82575 Maple Rd","city":"Seaside"},"geometry":{"type":"Point","coordinates":[-123.55722677771563,45.89000024138234]}},{"type":"Feature","properties":{"kind":"home","county":"Clatsop","class":"101","situs":"82613 Maple Rd","city":"Seaside"},"geometry":{"type":"Point","coordinates":[-123.55863466590807,45.889515651730676]}},{"type":"Feature","properties":{"kind":"home","county":"Clatsop","class":"401","situs":"","city":""},"geometry":{"type":"Point","coordinates":[-123.56305433675759,45.89549684988807]}},{"type":"Feature","properties":{"kind":"home","county":"Clatsop","class":"101","situs":"82533 Hwy 103","city":"Seaside"},"geometry":{"type":"Point","coordinates":[-123.50466205992574,45.899206148584334]}},{"type":"Feature","properties":{"kind":"home","county":"Clatsop","class":"101","situs":"82520 Vinemaple Rd","city":"Seaside"},"geometry":{"type":"Point","coordinates":[-123.55274900425088,45.88976799689522]}},{"type":"Feature","properties":{"kind":"home","county":"Clatsop","class":"101","situs":"82611 Maple Rd","city":"Seaside"},"geometry":{"type":"Point","coordinates":[-123.55823946483672,45.88963201740222]}},{"type":"Feature","properties":{"kind":"home","county":"Clatsop","class":"101","situs":"82317 Maple Rd","city":"Seaside"},"geometry":{"type":"Point","coordinates":[-123.5517101361341,45.88477394237545]}},{"type":"Feature","properties":{"kind":"home","county":"Clatsop","class":"101","situs":"","city":""},"geometry":{"type":"Point","coordinates":[-123.56980938534464,45.88313023537745]}},{"type":"Feature","properties":{"kind":"home","county":"Clatsop","class":"100","situs":"","city":""},"geometry":{"type":"Point","coordinates":[-123.56884942008621,45.881521096287486]}},{"type":"Feature","properties":{"kind":"home","county":"Clatsop","class":"400","situs":"","city":""},"geometry":{"type":"Point","coordinates":[-123.51693834760242,45.95053585025303]}},{"type":"Feature","properties":{"kind":"home","county":"Clatsop","class":"009","situs":"76847 Hwy 202","city":"Birkenfeld"},"geometry":{"type":"Point","coordinates":[-123.43884823973157,45.95064804897459]}},{"type":"Feature","properties":{"kind":"home","county":"Clatsop","class":"401","situs":"84029 Wage Rd","city":"Seaside"},"geometry":{"type":"Point","coordinates":[-123.48867169189509,45.93316575705818]}},{"type":"Feature","properties":{"kind":"home","county":"Clatsop","class":"401","situs":"82083 Bay Rd","city":"Seaside"},"geometry":{"type":"Point","coordinates":[-123.56154470595229,45.88345671940998]}},{"type":"Feature","properties":{"kind":"home","county":"Clatsop","class":"101","situs":"82461 Maple Rd","city":"Seaside"},"geometry":{"type":"Point","coordinates":[-123.55365006854893,45.88840799856557]}},{"type":"Feature","properties":{"kind":"home","county":"Clatsop","class":"109","situs":"82483 Maple Rd","city":"Seaside"},"geometry":{"type":"Point","coordinates":[-123.55382189299735,45.888934154448044]}},{"type":"Feature","properties":{"kind":"home","county":"Clatsop","class":"009","situs":"82483 Maple Rd","city":"Seaside"},"geometry":{"type":"Point","coordinates":[-123.55382189299735,45.888934154448044]}},{"type":"Feature","properties":{"kind":"home","county":"Clatsop","class":"109","situs":"","city":""},"geometry":{"type":"Point","coordinates":[-123.55990949891506,45.88773432282513]}},{"type":"Feature","properties":{"kind":"home","county":"Clatsop","class":"109","situs":"42424 Evergreen Acres Ln","city":"Seaside"},"geometry":{"type":"Point","coordinates":[-123.55546976366605,45.88769294796566]}},{"type":"Feature","properties":{"kind":"home","county":"Clatsop","class":"009","situs":"42424 Evergreen Acres Ln","city":"Seaside"},"geometry":{"type":"Point","coordinates":[-123.55546976366605,45.88769294796566]}},{"type":"Feature","properties":{"kind":"home","county":"Clatsop","class":"101","situs":"82223 Riverbend Rd","city":"Seaside"},"geometry":{"type":"Point","coordinates":[-123.56894834794495,45.880678897651144]}},{"type":"Feature","properties":{"kind":"home","county":"Clatsop","class":"100","situs":"42048 Melody Ln","city":"Seaside"},"geometry":{"type":"Point","coordinates":[-123.56963052151525,45.8814778836503]}},{"type":"Feature","properties":{"kind":"home","county":"Clatsop","class":"100","situs":"","city":""},"geometry":{"type":"Point","coordinates":[-123.57053922645099,45.88097409130349]}},{"type":"Feature","properties":{"kind":"home","county":"Clatsop","class":"101","situs":"82240 Bay Rd","city":"Seaside"},"geometry":{"type":"Point","coordinates":[-123.56793973034365,45.88209688399006]}},{"type":"Feature","properties":{"kind":"home","county":"Clatsop","class":"109","situs":"","city":""},"geometry":{"type":"Point","coordinates":[-123.56903660692672,45.88054208279405]}},{"type":"Feature","properties":{"kind":"home","county":"Clatsop","class":"019","situs":"82207 Riverbend Rd","city":"Seaside"},"geometry":{"type":"Point","coordinates":[-123.56903660692672,45.88054208279405]}},{"type":"Feature","properties":{"kind":"home","county":"Clatsop","class":"101","situs":"","city":""},"geometry":{"type":"Point","coordinates":[-123.57235122460206,45.87630162447798]}},{"type":"Feature","properties":{"kind":"home","county":"Clatsop","class":"401","situs":"81950 Cow Creek Rd","city":"Seaside"},"geometry":{"type":"Point","coordinates":[-123.5436899986712,45.87601840894371]}},{"type":"Feature","properties":{"kind":"home","county":"Clatsop","class":"401","situs":"78483 Hwy 202","city":"Birkenfeld"},"geometry":{"type":"Point","coordinates":[-123.48307440906461,45.93989105588158]}},{"type":"Feature","properties":{"kind":"home","county":"Clatsop","class":"009","situs":"42395 Evergreen Acres Ln","city":"Seaside"},"geometry":{"type":"Point","coordinates":[-123.55664178318088,45.88813848102181]}},{"type":"Feature","properties":{"kind":"home","county":"Clatsop","class":"109","situs":"42395 Evergreen Acres Ln","city":"Seaside"},"geometry":{"type":"Point","coordinates":[-123.55664178318088,45.88813848102181]}},{"type":"Feature","properties":{"kind":"home","county":"Clatsop","class":"400","situs":"","city":""},"geometry":{"type":"Point","coordinates":[-123.57483029672646,45.875546501434506]}},{"type":"Feature","properties":{"kind":"home","county":"Clatsop","class":"100","situs":"","city":""},"geometry":{"type":"Point","coordinates":[-123.56932978388164,45.880128855063596]}},{"type":"Feature","properties":{"kind":"home","county":"Clatsop","class":"101","situs":"82191 Riverbend Rd","city":"Seaside"},"geometry":{"type":"Point","coordinates":[-123.56952814672255,45.879850939118064]}},{"type":"Feature","properties":{"kind":"home","county":"Clatsop","class":"101","situs":"42046 Dorothy Ln","city":"Seaside"},"geometry":{"type":"Point","coordinates":[-123.57013623565119,45.88045800943626]}},{"type":"Feature","properties":{"kind":"home","county":"Clatsop","class":"101","situs":"82151 Red Bluff Rd","city":"Seaside"},"geometry":{"type":"Point","coordinates":[-123.5715711933991,45.87478049190723]}},{"type":"Feature","properties":{"kind":"home","county":"Clatsop","class":"100","situs":"","city":""},"geometry":{"type":"Point","coordinates":[-123.57215247356389,45.876064987461596]}},{"type":"Feature","properties":{"kind":"home","county":"Clatsop","class":"101","situs":"82237 Riverbend Rd","city":"Seaside"},"geometry":{"type":"Point","coordinates":[-123.56886892776554,45.88092021351108]}},{"type":"Feature","properties":{"kind":"home","county":"Clatsop","class":"101","situs":"42034-42032 MelodyLn","city":"Seaside"},"geometry":{"type":"Point","coordinates":[-123.5699204532305,45.881603034726275]}},{"type":"Feature","properties":{"kind":"home","county":"Clatsop","class":"109","situs":"82234 Bay Rd","city":"Seaside"},"geometry":{"type":"Point","coordinates":[-123.56738493145686,45.88205656507544]}},{"type":"Feature","properties":{"kind":"home","county":"Clatsop","class":"009","situs":"82234 Bay Rd","city":"Seaside"},"geometry":{"type":"Point","coordinates":[-123.56738493145686,45.88205656507544]}},{"type":"Feature","properties":{"kind":"home","county":"Clatsop","class":"400","situs":"","city":""},"geometry":{"type":"Point","coordinates":[-123.59301135974768,45.86607662283657]}},{"type":"Feature","properties":{"kind":"home","county":"Clatsop","class":"101","situs":"82206 Riverbend Rd","city":"Seaside"},"geometry":{"type":"Point","coordinates":[-123.56981321390278,45.8803353882828]}},{"type":"Feature","properties":{"kind":"home","county":"Clatsop","class":"100","situs":"82101 Floden Rd","city":"Seaside"},"geometry":{"type":"Point","coordinates":[-123.57072962100645,45.87824183027574]}},{"type":"Feature","properties":{"kind":"home","county":"Clatsop","class":"100","situs":"41935 Alder Lane","city":"Seaside"},"geometry":{"type":"Point","coordinates":[-123.57319685312663,45.87423982091522]}},{"type":"Feature","properties":{"kind":"home","county":"Clatsop","class":"400","situs":"","city":""},"geometry":{"type":"Point","coordinates":[-123.54692143624253,45.876974732002786]}},{"type":"Feature","properties":{"kind":"home","county":"Clatsop","class":"003","situs":"79919 Hwy 103","city":"Seaside"},"geometry":{"type":"Point","coordinates":[-123.56021468327651,45.86791537864368]}},{"type":"Feature","properties":{"kind":"home","county":"Clatsop","class":"401","situs":"82513 Crowder Rd","city":"Seaside"},"geometry":{"type":"Point","coordinates":[-123.60637747516401,45.88866393980537]}},{"type":"Feature","properties":{"kind":"home","county":"Clatsop","class":"401","situs":"82513 Crowder Rd","city":"Seaside"},"geometry":{"type":"Point","coordinates":[-123.60637747516401,45.88866393980537]}},{"type":"Feature","properties":{"kind":"home","county":"Clatsop","class":"401","situs":"80409 Hwy 202","city":"Seaside"},"geometry":{"type":"Point","coordinates":[-123.54573839569737,45.947375072882096]}},{"type":"Feature","properties":{"kind":"home","county":"Clatsop","class":"401","situs":"","city":""},"geometry":{"type":"Point","coordinates":[-123.48627271674964,45.923640068849465]}},{"type":"Feature","properties":{"kind":"home","county":"Clatsop","class":"401","situs":"82287 WUNSCH Rd","city":"Seaside"},"geometry":{"type":"Point","coordinates":[-123.61129960354266,45.88226559995188]}},{"type":"Feature","properties":{"kind":"home","county":"Clatsop","class":"401","situs":"82287 WUNSCH Rd","city":"Seaside"},"geometry":{"type":"Point","coordinates":[-123.61129960354266,45.88226559995188]}},{"type":"Feature","properties":{"kind":"home","county":"Clatsop","class":"401","situs":"82396 Crowder Rd","city":"Seaside"},"geometry":{"type":"Point","coordinates":[-123.60910734586274,45.88547206334813]}},{"type":"Feature","properties":{"kind":"home","county":"Clatsop","class":"400","situs":"81921 Red Bluff Rd","city":"Seaside"},"geometry":{"type":"Point","coordinates":[-123.56941216856744,45.86871387979247]}},{"type":"Feature","properties":{"kind":"home","county":"Clatsop","class":"100","situs":"","city":""},"geometry":{"type":"Point","coordinates":[-123.54238566951757,45.87374679313896]}},{"type":"Feature","properties":{"kind":"home","county":"Clatsop","class":"401","situs":"81037 Hwy 103","city":"Seaside"},"geometry":{"type":"Point","coordinates":[-123.54159478591359,45.888667550036814]}},{"type":"Feature","properties":{"kind":"home","county":"Clatsop","class":"401","situs":"81037 Hwy 103","city":"Seaside"},"geometry":{"type":"Point","coordinates":[-123.54159478591359,45.888667550036814]}},{"type":"Feature","properties":{"kind":"home","county":"Clatsop","class":"401","situs":"","city":""},"geometry":{"type":"Point","coordinates":[-123.50390258734134,45.935218795685294]}},{"type":"Feature","properties":{"kind":"home","county":"Clatsop","class":"401","situs":"81079-81081 Hwy 103","city":"Seaside"},"geometry":{"type":"Point","coordinates":[-123.54325342045061,45.88942991617462]}},{"type":"Feature","properties":{"kind":"home","county":"Clatsop","class":"401","situs":"81046 Hwy 103","city":"Seaside"},"geometry":{"type":"Point","coordinates":[-123.545530347661,45.88851842194753]}},{"type":"Feature","properties":{"kind":"home","county":"Clatsop","class":"401","situs":"82185 Bay Rd","city":"Seaside"},"geometry":{"type":"Point","coordinates":[-123.5642688321006,45.88555788891888]}},{"type":"Feature","properties":{"kind":"home","county":"Clatsop","class":"401","situs":"82185 Bay Rd","city":"Seaside"},"geometry":{"type":"Point","coordinates":[-123.5642688321006,45.88555788891888]}},{"type":"Feature","properties":{"kind":"home","county":"Clatsop","class":"101","situs":"82458 Vinemaple Rd","city":"Seaside"},"geometry":{"type":"Point","coordinates":[-123.55266775251097,45.88784461875634]}},{"type":"Feature","properties":{"kind":"home","county":"Clatsop","class":"109","situs":"82553 Maple Rd","city":"Seaside"},"geometry":{"type":"Point","coordinates":[-123.55645259387029,45.890232204469356]}},{"type":"Feature","properties":{"kind":"home","county":"Clatsop","class":"009","situs":"82553 Maple Rd","city":"Seaside"},"geometry":{"type":"Point","coordinates":[-123.55645259387029,45.890232204469356]}},{"type":"Feature","properties":{"kind":"home","county":"Clatsop","class":"019","situs":"42403 Evergreen Acres Ln","city":"Seaside"},"geometry":{"type":"Point","coordinates":[-123.55624910076749,45.88813623451767]}},{"type":"Feature","properties":{"kind":"home","county":"Clatsop","class":"109","situs":"42403 Evergreen Acres Ln","city":"Seaside"},"geometry":{"type":"Point","coordinates":[-123.55624910076749,45.88813623451767]}},{"type":"Feature","properties":{"kind":"home","county":"Clatsop","class":"101","situs":"82527 Hwy 103","city":"Seaside"},"geometry":{"type":"Point","coordinates":[-123.50475022454316,45.89882866581663]}},{"type":"Feature","properties":{"kind":"home","county":"Clatsop","class":"101","situs":"82457 Maple Rd","city":"Seaside"},"geometry":{"type":"Point","coordinates":[-123.55350958983847,45.88812466507832]}},{"type":"Feature","properties":{"kind":"home","county":"Clatsop","class":"401","situs":"82238 Bay Rd","city":"Seaside"},"geometry":{"type":"Point","coordinates":[-123.56732713926893,45.88153668778242]}},{"type":"Feature","properties":{"kind":"home","county":"Clatsop","class":"019","situs":"43922 Hwy 26","city":"Seaside"},"geometry":{"type":"Point","coordinates":[-123.57037174982817,45.86390003390957]}},{"type":"Feature","properties":{"kind":"home","county":"Clatsop","class":"409","situs":"81301 Lower Nehalem Rd","city":"Seaside"},"geometry":{"type":"Point","coordinates":[-123.58578377009023,45.85766446550264]}},{"type":"Feature","properties":{"kind":"home","county":"Clatsop","class":"019","situs":"81301 Lower Nehalem Rd","city":"Seaside"},"geometry":{"type":"Point","coordinates":[-123.58578377009023,45.85766446550264]}},{"type":"Feature","properties":{"kind":"home","county":"Clatsop","class":"401","situs":"79958 Lower Nehalem Rd","city":"Seaside"},"geometry":{"type":"Point","coordinates":[-123.6027688993079,45.83284344466291]}},{"type":"Feature","properties":{"kind":"home","county":"Clatsop","class":"401","situs":"79958 Lower Nehalem Rd","city":"Seaside"},"geometry":{"type":"Point","coordinates":[-123.6027688993079,45.83284344466291]}},{"type":"Feature","properties":{"kind":"home","county":"Clatsop","class":"100","situs":"","city":""},"geometry":{"type":"Point","coordinates":[-123.50393622328552,45.91037106672155]}},{"type":"Feature","properties":{"kind":"home","county":"Clatsop","class":"401","situs":"","city":""},"geometry":{"type":"Point","coordinates":[-123.5036224268027,45.90944237528181]}},{"type":"Feature","properties":{"kind":"home","county":"Clatsop","class":"401","situs":"81070 Hwy 103","city":"Seaside"},"geometry":{"type":"Point","coordinates":[-123.54536818940112,45.88960174579452]}},{"type":"Feature","properties":{"kind":"home","county":"Clatsop","class":"109","situs":"42330 Evergreen Acres Ln","city":"Seaside"},"geometry":{"type":"Point","coordinates":[-123.55900388815769,45.88771315425409]}},{"type":"Feature","properties":{"kind":"home","county":"Clatsop","class":"009","situs":"42330 Evergreen Acres Ln","city":"Seaside"},"geometry":{"type":"Point","coordinates":[-123.55900388815769,45.88771315425409]}},{"type":"Feature","properties":{"kind":"home","county":"Clatsop","class":"101","situs":"42376 Evergreen Acres Ln","city":"Seaside"},"geometry":{"type":"Point","coordinates":[-123.5574331657748,45.88770418934298]}},{"type":"Feature","properties":{"kind":"home","county":"Clatsop","class":"409","situs":"42373 Hwy 26","city":"Seaside"},"geometry":{"type":"Point","coordinates":[-123.61404706234067,45.88716903257483]}},{"type":"Feature","properties":{"kind":"home","county":"Clatsop","class":"019","situs":"42373 Hwy 26","city":"Seaside"},"geometry":{"type":"Point","coordinates":[-123.61404706234067,45.88716903257483]}},{"type":"Feature","properties":{"kind":"home","county":"Clatsop","class":"101","situs":"42341 Evergreen Acres Ln","city":"Seaside"},"geometry":{"type":"Point","coordinates":[-123.55859651843048,45.888294850340515]}},{"type":"Feature","properties":{"kind":"home","county":"Clatsop","class":"101","situs":"82432 Vinemaple Rd","city":"Seaside"},"geometry":{"type":"Point","coordinates":[-123.5519663619355,45.887440335083674]}},{"type":"Feature","properties":{"kind":"home","county":"Clatsop","class":"101","situs":"82427 Maple Rd","city":"Seaside"},"geometry":{"type":"Point","coordinates":[-123.55326627322864,45.88736367619656]}},{"type":"Feature","properties":{"kind":"home","county":"Clatsop","class":"109","situs":"82417 Maple Rd","city":"Seaside"},"geometry":{"type":"Point","coordinates":[-123.55310547601987,45.88717509168132]}},{"type":"Feature","properties":{"kind":"home","county":"Clatsop","class":"009","situs":"82417 Maple Rd","city":"Seaside"},"geometry":{"type":"Point","coordinates":[-123.55310547601987,45.88717509168132]}},{"type":"Feature","properties":{"kind":"home","county":"Clatsop","class":"101","situs":"82444 Vinemaple Rd","city":"Seaside"},"geometry":{"type":"Point","coordinates":[-123.55241050824164,45.88758429854272]}},{"type":"Feature","properties":{"kind":"home","county":"Clatsop","class":"101","situs":"42427 Evergreen Acres Ln","city":"Seaside"},"geometry":{"type":"Point","coordinates":[-123.55507105122533,45.88812948517292]}},{"type":"Feature","properties":{"kind":"home","county":"Clatsop","class":"101","situs":"82378 Vinemaple Rd","city":"Seaside"},"geometry":{"type":"Point","coordinates":[-123.55075027133589,45.88641550329605]}},{"type":"Feature","properties":{"kind":"home","county":"Clatsop","class":"003","situs":"","city":""},"geometry":{"type":"Point","coordinates":[-123.55164037519184,45.88428492988686]}},{"type":"Feature","properties":{"kind":"home","county":"Clatsop","class":"021","situs":"","city":""},"geometry":{"type":"Point","coordinates":[-123.55164037519184,45.88428492988686]}},{"type":"Feature","properties":{"kind":"home","county":"Clatsop","class":"401","situs":"82447 Red Bluff Rd","city":"Seaside"},"geometry":{"type":"Point","coordinates":[-123.57489343146253,45.88190470965518]}},{"type":"Feature","properties":{"kind":"home","county":"Clatsop","class":"401","situs":"82447 Red Bluff Rd","city":"Seaside"},"geometry":{"type":"Point","coordinates":[-123.57489343146253,45.88190470965518]}},{"type":"Feature","properties":{"kind":"home","county":"Clatsop","class":"400","situs":"","city":""},"geometry":{"type":"Point","coordinates":[-123.5756611988399,45.8789690440809]}},{"type":"Feature","properties":{"kind":"home","county":"Clatsop","class":"101","situs":"82220 Riverbend Rd","city":"Seaside"},"geometry":{"type":"Point","coordinates":[-123.56968236052596,45.88076493339796]}},{"type":"Feature","properties":{"kind":"home","county":"Clatsop","class":"101","situs":"42028 Melody Ln","city":"Seaside"},"geometry":{"type":"Point","coordinates":[-123.57047644241946,45.88161672745721]}},{"type":"Feature","properties":{"kind":"home","county":"Clatsop","class":"100","situs":"","city":""},"geometry":{"type":"Point","coordinates":[-123.57059616627309,45.8785134632218]}},{"type":"Feature","properties":{"kind":"home","county":"Clatsop","class":"100","situs":"","city":""},"geometry":{"type":"Point","coordinates":[-123.57066992872174,45.87838671165693]}},{"type":"Feature","properties":{"kind":"home","county":"Clatsop","class":"400","situs":"","city":""},"geometry":{"type":"Point","coordinates":[-123.61188934654753,45.886771665675134]}},{"type":"Feature","properties":{"kind":"home","county":"Clatsop","class":"101","situs":"42506 Meadow Lark Ln","city":"Seaside"},"geometry":{"type":"Point","coordinates":[-123.55191668973306,45.886408278123646]}},{"type":"Feature","properties":{"kind":"home","county":"Clatsop","class":"101","situs":"82345 Maple Rd","city":"Seaside"},"geometry":{"type":"Point","coordinates":[-123.55185299052712,45.88559124589284]}},{"type":"Feature","properties":{"kind":"home","county":"Clatsop","class":"400","situs":"","city":""},"geometry":{"type":"Point","coordinates":[-123.57500652488305,45.87995815200707]}},{"type":"Feature","properties":{"kind":"home","county":"Clatsop","class":"109","situs":"82238 Riverbend Rd","city":"Seaside"},"geometry":{"type":"Point","coordinates":[-123.5696655678327,45.881093446518314]}},{"type":"Feature","properties":{"kind":"home","county":"Clatsop","class":"009","situs":"82238 Riverbend Rd","city":"Seaside"},"geometry":{"type":"Point","coordinates":[-123.5696655678327,45.881093446518314]}},{"type":"Feature","properties":{"kind":"home","county":"Clatsop","class":"100","situs":"","city":""},"geometry":{"type":"Point","coordinates":[-123.56816256983888,45.88279078521161]}},{"type":"Feature","properties":{"kind":"home","county":"Clatsop","class":"101","situs":"81836 Cow Creek Rd","city":"Seaside"},"geometry":{"type":"Point","coordinates":[-123.54238604746851,45.87340410828072]}},{"type":"Feature","properties":{"kind":"home","county":"Clatsop","class":"101","situs":"42037 Melody Ln","city":"Seaside"},"geometry":{"type":"Point","coordinates":[-123.56988281881868,45.88199824947531]}},{"type":"Feature","properties":{"kind":"home","county":"Clatsop","class":"401","situs":"43837 Meadow Ln","city":"Seaside"},"geometry":{"type":"Point","coordinates":[-123.4985114351723,45.9297120155015]}},{"type":"Feature","properties":{"kind":"home","county":"Clatsop","class":"401","situs":"42179 Tweedle Ln","city":"Seaside"},"geometry":{"type":"Point","coordinates":[-123.56305736932262,45.89507179226622]}},{"type":"Feature","properties":{"kind":"home","county":"Clatsop","class":"400","situs":"","city":""},"geometry":{"type":"Point","coordinates":[-123.59414383313784,45.86792529002695]}},{"type":"Feature","properties":{"kind":"home","county":"Clatsop","class":"101","situs":"82089 Red Bluff Rd","city":"Seaside"},"geometry":{"type":"Point","coordinates":[-123.57134714833943,45.87350698515976]}},{"type":"Feature","properties":{"kind":"home","county":"Clatsop","class":"101","situs":"","city":""},"geometry":{"type":"Point","coordinates":[-123.56841338936407,45.88301653766579]}},{"type":"Feature","properties":{"kind":"home","county":"Clatsop","class":"101","situs":"82190 Riverbend Rd","city":"Seaside"},"geometry":{"type":"Point","coordinates":[-123.57006548449479,45.879936079315705]}},{"type":"Feature","properties":{"kind":"home","county":"Clatsop","class":"109","situs":"42317 Evergreen Acres Ln","city":"Seaside"},"geometry":{"type":"Point","coordinates":[-123.55989849572515,45.888182831516964]}},{"type":"Feature","properties":{"kind":"home","county":"Clatsop","class":"009","situs":"42317 Evergreen Acres Ln","city":"Seaside"},"geometry":{"type":"Point","coordinates":[-123.55989849572515,45.888182831516964]}},{"type":"Feature","properties":{"kind":"home","county":"Clatsop","class":"019","situs":"42515 Meadow Lark Ln","city":"Seaside"},"geometry":{"type":"Point","coordinates":[-123.55188225162917,45.88690777138395]}},{"type":"Feature","properties":{"kind":"home","county":"Clatsop","class":"109","situs":"42515 Meadow Lark Ln","city":"Seaside"},"geometry":{"type":"Point","coordinates":[-123.55188225162917,45.88690777138395]}},{"type":"Feature","properties":{"kind":"home","county":"Clatsop","class":"401","situs":"78748 Hwy 202","city":"Seaside"},"geometry":{"type":"Point","coordinates":[-123.49095910558611,45.93402172674949]}},{"type":"Feature","properties":{"kind":"home","county":"Clatsop","class":"401","situs":"42223 Tweedle Ln","city":"Seaside"},"geometry":{"type":"Point","coordinates":[-123.56069102579777,45.89520583042483]}},{"type":"Feature","properties":{"kind":"home","county":"Clatsop","class":"401","situs":"43791 OLD 77 JEWELL Ln","city":"Seaside"},"geometry":{"type":"Point","coordinates":[-123.50333746752463,45.93608823016998]}},{"type":"Feature","properties":{"kind":"home","county":"Clatsop","class":"401","situs":"81107 Hwy 103","city":"Seaside"},"geometry":{"type":"Point","coordinates":[-123.54122881317221,45.89006058277587]}},{"type":"Feature","properties":{"kind":"home","county":"Clatsop","class":"401","situs":"81107 Hwy 103","city":"Seaside"},"geometry":{"type":"Point","coordinates":[-123.54122881317221,45.89006058277587]}},{"type":"Feature","properties":{"kind":"home","county":"Clatsop","class":"021","situs":"43168 Hwy 26","city":"Seaside"},"geometry":{"type":"Point","coordinates":[-123.59602025763778,45.866395149945255]}},{"type":"Feature","properties":{"kind":"home","county":"Clatsop","class":"109","situs":"82303 Riverbend Rd","city":"Seaside"},"geometry":{"type":"Point","coordinates":[-123.5693993266528,45.88262924632124]}},{"type":"Feature","properties":{"kind":"home","county":"Clatsop","class":"009","situs":"82303 Riverbend Rd","city":"Seaside"},"geometry":{"type":"Point","coordinates":[-123.5693993266528,45.88262924632124]}},{"type":"Feature","properties":{"kind":"home","county":"Clatsop","class":"100","situs":"","city":""},"geometry":{"type":"Point","coordinates":[-123.57051294151232,45.881180151679125]}},{"type":"Feature","properties":{"kind":"home","county":"Clatsop","class":"010","situs":"","city":""},"geometry":{"type":"Point","coordinates":[-123.56780860328304,45.883849078224706]}},{"type":"Feature","properties":{"kind":"home","county":"Clatsop","class":"100","situs":"","city":""},"geometry":{"type":"Point","coordinates":[-123.57151432549848,45.87611733903374]}},{"type":"Feature","properties":{"kind":"home","county":"Clatsop","class":"101","situs":"82144 Red Bluff Rd","city":"Seaside"},"geometry":{"type":"Point","coordinates":[-123.57171223461778,45.875456601769855]}},{"type":"Feature","properties":{"kind":"home","county":"Clatsop","class":"100","situs":"","city":""},"geometry":{"type":"Point","coordinates":[-123.55251036319399,45.89033441563871]}},{"type":"Feature","properties":{"kind":"home","county":"Clatsop","class":"101","situs":"82472 Vinemaple Rd","city":"Seaside"},"geometry":{"type":"Point","coordinates":[-123.55286743080511,45.8885795524861]}},{"type":"Feature","properties":{"kind":"home","county":"Clatsop","class":"101","situs":"82375 Maple Rd","city":"Seaside"},"geometry":{"type":"Point","coordinates":[-123.55176479631812,45.88618136056341]}},{"type":"Feature","properties":{"kind":"home","county":"Clatsop","class":"400","situs":"","city":""},"geometry":{"type":"Point","coordinates":[-123.57304462253309,45.87845144542985]}},{"type":"Feature","properties":{"kind":"home","county":"Clatsop","class":"100","situs":"","city":""},"geometry":{"type":"Point","coordinates":[-123.56995038712274,45.8832925668306]}},{"type":"Feature","properties":{"kind":"home","county":"Clatsop","class":"101","situs":"","city":""},"geometry":{"type":"Point","coordinates":[-123.56917045264473,45.88233460103279]}},{"type":"Feature","properties":{"kind":"home","county":"Clatsop","class":"100","situs":"","city":""},"geometry":{"type":"Point","coordinates":[-123.56923314352758,45.88026703043533]}},{"type":"Feature","properties":{"kind":"home","county":"Clatsop","class":"100","situs":"","city":""},"geometry":{"type":"Point","coordinates":[-123.5705166029652,45.87863875700991]}},{"type":"Feature","properties":{"kind":"home","county":"Clatsop","class":"400","situs":"","city":""},"geometry":{"type":"Point","coordinates":[-123.57414331252451,45.87164923501584]}},{"type":"Feature","properties":{"kind":"home","county":"Clatsop","class":"400","situs":"81938 Red Bluff Rd","city":"Seaside"},"geometry":{"type":"Point","coordinates":[-123.573466983174,45.87023159296923]}},{"type":"Feature","properties":{"kind":"home","county":"Clatsop","class":"100","situs":"","city":""},"geometry":{"type":"Point","coordinates":[-123.57220364786303,45.8764992344707]}},{"type":"Feature","properties":{"kind":"home","county":"Clatsop","class":"101","situs":"","city":""},"geometry":{"type":"Point","coordinates":[-123.57094859571055,45.877666099032915]}},{"type":"Feature","properties":{"kind":"home","county":"Clatsop","class":"100","situs":"","city":""},"geometry":{"type":"Point","coordinates":[-123.57401955498204,45.87389744751958]}},{"type":"Feature","properties":{"kind":"home","county":"Clatsop","class":"101","situs":"82178 Red Bluff Rd","city":"Seaside"},"geometry":{"type":"Point","coordinates":[-123.57241068535096,45.876121450100136]}},{"type":"Feature","properties":{"kind":"home","county":"Clatsop","class":"100","situs":"71978 Northshore Dr","city":"Birkenfeld"},"geometry":{"type":"Point","coordinates":[-123.36236837654656,46.036857385933516]}},{"type":"Feature","properties":{"kind":"home","county":"Clatsop","class":"101","situs":"9919 Beach Dr","city":"Birkenfeld"},"geometry":{"type":"Point","coordinates":[-123.36147594873691,46.034618601782384]}},{"type":"Feature","properties":{"kind":"home","county":"Clatsop","class":"100","situs":"","city":""},"geometry":{"type":"Point","coordinates":[-123.36973892226851,46.03092619941353]}},{"type":"Feature","properties":{"kind":"home","county":"Clatsop","class":"401","situs":"82148 Walton Rd","city":"Seaside"},"geometry":{"type":"Point","coordinates":[-123.7055122628389,45.870675282917716]}},{"type":"Feature","properties":{"kind":"home","county":"Clatsop","class":"401","situs":"82148 Walton Rd","city":"Seaside"},"geometry":{"type":"Point","coordinates":[-123.7055122628389,45.870675282917716]}},{"type":"Feature","properties":{"kind":"home","county":"Clatsop","class":"401","situs":"82382 Red Bluff Rd","city":"Seaside"},"geometry":{"type":"Point","coordinates":[-123.57225641546414,45.883069851647235]}},{"type":"Feature","properties":{"kind":"home","county":"Clatsop","class":"101","situs":"82271 Riverbend Rd","city":"Seaside"},"geometry":{"type":"Point","coordinates":[-123.56897106521227,45.882011715832796]}},{"type":"Feature","properties":{"kind":"home","county":"Clatsop","class":"101","situs":"82263 Riverbend Rd","city":"Seaside"},"geometry":{"type":"Point","coordinates":[-123.56887527473195,45.88169224565828]}},{"type":"Feature","properties":{"kind":"home","county":"Clatsop","class":"101","situs":"82326 Roberta Rd","city":"Seaside"},"geometry":{"type":"Point","coordinates":[-123.56885219493657,45.883345429085686]}},{"type":"Feature","properties":{"kind":"home","county":"Clatsop","class":"101","situs":"82296 Bay Rd","city":"Seaside"},"geometry":{"type":"Point","coordinates":[-123.56785804170313,45.88328726190378]}},{"type":"Feature","properties":{"kind":"home","county":"Clatsop","class":"401","situs":"41920 Alder Ln","city":"Seaside"},"geometry":{"type":"Point","coordinates":[-123.57545402824577,45.87388148175283]}},{"type":"Feature","properties":{"kind":"home","county":"Clatsop","class":"401","situs":"41920 Alder Ln","city":"Seaside"},"geometry":{"type":"Point","coordinates":[-123.57545402824577,45.87388148175283]}},{"type":"Feature","properties":{"kind":"home","county":"Clatsop","class":"101","situs":"82107 Floden Rd","city":"Seaside"},"geometry":{"type":"Point","coordinates":[-123.57023774856548,45.87893826163939]}},{"type":"Feature","properties":{"kind":"home","county":"Clatsop","class":"009","situs":"80967 Hwy 103","city":"Seaside"},"geometry":{"type":"Point","coordinates":[-123.54490432802893,45.885623127044205]}},{"type":"Feature","properties":{"kind":"home","county":"Clatsop","class":"409","situs":"80967 Hwy 103","city":"Seaside"},"geometry":{"type":"Point","coordinates":[-123.54490432802893,45.885623127044205]}},{"type":"Feature","properties":{"kind":"home","county":"Clatsop","class":"101","situs":"82533 Maple Rd","city":"Seaside"},"geometry":{"type":"Point","coordinates":[-123.55609868109313,45.89035679218264]}},{"type":"Feature","properties":{"kind":"home","county":"Clatsop","class":"109","situs":"42505 Meadow Lark Ln","city":"Seaside"},"geometry":{"type":"Point","coordinates":[-123.55227372781292,45.88664570208186]}},{"type":"Feature","properties":{"kind":"home","county":"Clatsop","class":"019","situs":"42505 Meadow Lark Ln","city":"Seaside"},"geometry":{"type":"Point","coordinates":[-123.55227372781292,45.88664570208186]}},{"type":"Feature","properties":{"kind":"home","county":"Clatsop","class":"101","situs":"82339 Maple Rd","city":"Seaside"},"geometry":{"type":"Point","coordinates":[-123.55173500275424,45.88530659091992]}},{"type":"Feature","properties":{"kind":"home","county":"Clatsop","class":"109","situs":"82329 Maple Rd","city":"Seaside"},"geometry":{"type":"Point","coordinates":[-123.55166629720128,45.8850475344004]}},{"type":"Feature","properties":{"kind":"home","county":"Clatsop","class":"009","situs":"82329 Maple Rd","city":"Seaside"},"geometry":{"type":"Point","coordinates":[-123.55166629720128,45.8850475344004]}},{"type":"Feature","properties":{"kind":"home","county":"Clatsop","class":"021","situs":"","city":""},"geometry":{"type":"Point","coordinates":[-123.55358046633519,45.89116703593386]}},{"type":"Feature","properties":{"kind":"home","county":"Clatsop","class":"409","situs":"82535 Elm Dr","city":"Seaside"},"geometry":{"type":"Point","coordinates":[-123.55358046633519,45.89116703593386]}},{"type":"Feature","properties":{"kind":"home","county":"Clatsop","class":"019","situs":"82535 Elm Dr","city":"Seaside"},"geometry":{"type":"Point","coordinates":[-123.55358046633519,45.89116703593386]}},{"type":"Feature","properties":{"kind":"home","county":"Clatsop","class":"109","situs":"82563 Maple Rd","city":"Seaside"},"geometry":{"type":"Point","coordinates":[-123.55683364307332,45.89012931279466]}},{"type":"Feature","properties":{"kind":"home","county":"Clatsop","class":"101","situs":"82513 Elm Dr","city":"Seaside"},"geometry":{"type":"Point","coordinates":[-123.55363912773493,45.88977795604036]}},{"type":"Feature","properties":{"kind":"home","county":"Clatsop","class":"109","situs":"82525 Elm Dr","city":"Seaside"},"geometry":{"type":"Point","coordinates":[-123.55334882535826,45.890662904476386]}},{"type":"Feature","properties":{"kind":"home","county":"Clatsop","class":"009","situs":"82525 Elm Dr","city":"Seaside"},"geometry":{"type":"Point","coordinates":[-123.55334882535826,45.890662904476386]}},{"type":"Feature","properties":{"kind":"home","county":"Clatsop","class":"100","situs":"","city":""},"geometry":{"type":"Point","coordinates":[-123.57349626253776,45.87376050871633]}},{"type":"Feature","properties":{"kind":"home","county":"Clatsop","class":"019","situs":"82563 Maple Rd","city":"Seaside"},"geometry":{"type":"Point","coordinates":[-123.55683364307332,45.89012931279466]}},{"type":"Feature","properties":{"kind":"home","county":"Clatsop","class":"101","situs":"","city":""},"geometry":{"type":"Point","coordinates":[-123.55507708149341,45.887690686014906]}},{"type":"Feature","properties":{"kind":"home","county":"Clatsop","class":"101","situs":"82348 Vinemaple Rd","city":"Seaside"},"geometry":{"type":"Point","coordinates":[-123.55090401591616,45.8855910072526]}},{"type":"Feature","properties":{"kind":"home","county":"Clatsop","class":"101","situs":"","city":""},"geometry":{"type":"Point","coordinates":[-123.5695577567486,45.881948597746025]}},{"type":"Feature","properties":{"kind":"home","county":"Clatsop","class":"101","situs":"","city":""},"geometry":{"type":"Point","coordinates":[-123.57032804997918,45.88074993268971]}},{"type":"Feature","properties":{"kind":"home","county":"Clatsop","class":"101","situs":"82093 Floden Rd","city":"Seaside"},"geometry":{"type":"Point","coordinates":[-123.57086973882089,45.87786272346892]}},{"type":"Feature","properties":{"kind":"home","county":"Clatsop","class":"101","situs":"82179 Red Bluff Rd","city":"Seaside"},"geometry":{"type":"Point","coordinates":[-123.5715933195281,45.875909781745705]}},{"type":"Feature","properties":{"kind":"home","county":"Clatsop","class":"003","situs":"79288 Hwy 202","city":"Seaside"},"geometry":{"type":"Point","coordinates":[-123.51179472360464,45.93377867829318]}},{"type":"Feature","properties":{"kind":"home","county":"Clatsop","class":"100","situs":"","city":""},"geometry":{"type":"Point","coordinates":[-123.55909085803016,45.88939635946752]}},{"type":"Feature","properties":{"kind":"home","county":"Clatsop","class":"101","situs":"42326 Evergreen Acres Ln","city":"Seaside"},"geometry":{"type":"Point","coordinates":[-123.55941976514347,45.887707733976214]}},{"type":"Feature","properties":{"kind":"home","county":"Clatsop","class":"109","situs":"42416 Evergreen Acres Ln","city":"Seaside"},"geometry":{"type":"Point","coordinates":[-123.55586244505348,45.88769520097931]}},{"type":"Feature","properties":{"kind":"home","county":"Clatsop","class":"009","situs":"42416 Evergreen Acres Ln","city":"Seaside"},"geometry":{"type":"Point","coordinates":[-123.55586244505348,45.88769520097931]}},{"type":"Feature","properties":{"kind":"home","county":"Clatsop","class":"101","situs":"82456 Maple Rd","city":"Seaside"},"geometry":{"type":"Point","coordinates":[-123.55425513666157,45.888120940832046]}},{"type":"Feature","properties":{"kind":"home","county":"Clatsop","class":"101","situs":"82388 Vinemaple Rd","city":"Seaside"},"geometry":{"type":"Point","coordinates":[-123.55072000581093,45.88667404280084]}},{"type":"Feature","properties":{"kind":"home","county":"Clatsop","class":"100","situs":"","city":""},"geometry":{"type":"Point","coordinates":[-123.55127224896809,45.887166854134485]}},{"type":"Feature","properties":{"kind":"home","county":"Clatsop","class":"401","situs":"81006 Hwy 103","city":"Seaside"},"geometry":{"type":"Point","coordinates":[-123.5455157047921,45.88774017438023]}},{"type":"Feature","properties":{"kind":"home","county":"Clatsop","class":"009","situs":"80803 Hwy 103","city":"Seaside"},"geometry":{"type":"Point","coordinates":[-123.54956875240262,45.8835046432859]}},{"type":"Feature","properties":{"kind":"home","county":"Clatsop","class":"009","situs":"80803 Hwy 103","city":"Seaside"},"geometry":{"type":"Point","coordinates":[-123.54956875240262,45.8835046432859]}},{"type":"Feature","properties":{"kind":"home","county":"Clatsop","class":"401","situs":"80957 Highway 103","city":"Seaside"},"geometry":{"type":"Point","coordinates":[-123.54579477962784,45.884858668399715]}},{"type":"Feature","properties":{"kind":"home","county":"Clatsop","class":"101","situs":"","city":""},"geometry":{"type":"Point","coordinates":[-123.55260695623282,45.89005538274195]}},{"type":"Feature","properties":{"kind":"home","county":"Clatsop","class":"109","situs":"82517 Elm Dr","city":"Seaside"},"geometry":{"type":"Point","coordinates":[-123.55337172598918,45.89024233569655]}},{"type":"Feature","properties":{"kind":"home","county":"Clatsop","class":"400","situs":"","city":""},"geometry":{"type":"Point","coordinates":[-123.42959560068186,45.99004213662904]}},{"type":"Feature","properties":{"kind":"home","county":"Clatsop","class":"409","situs":"74444 Hwy 202","city":"Birkenfeld"},"geometry":{"type":"Point","coordinates":[-123.38032516340084,45.98082434298081]}},{"type":"Feature","properties":{"kind":"home","county":"Clatsop","class":"409","situs":"74444 Hwy 202","city":"Birkenfeld"},"geometry":{"type":"Point","coordinates":[-123.38032516340084,45.98082434298081]}},{"type":"Feature","properties":{"kind":"home","county":"Clatsop","class":"019","situs":"74444 Hwy 202","city":"Birkenfeld"},"geometry":{"type":"Point","coordinates":[-123.38032516340084,45.98082434298081]}},{"type":"Feature","properties":{"kind":"home","county":"Clatsop","class":"401","situs":"","city":""},"geometry":{"type":"Point","coordinates":[-123.4209745041411,45.96866565965044]}},{"type":"Feature","properties":{"kind":"home","county":"Clatsop","class":"101","situs":"","city":""},"geometry":{"type":"Point","coordinates":[-123.57148538139445,45.8739491956827]}},{"type":"Feature","properties":{"kind":"home","county":"Clatsop","class":"101","situs":"","city":""},"geometry":{"type":"Point","coordinates":[-123.57204638421327,45.87391723138188]}},{"type":"Feature","properties":{"kind":"home","county":"Clatsop","class":"101","situs":"82162 Red Bluff Rd","city":"Seaside"},"geometry":{"type":"Point","coordinates":[-123.57252447159584,45.87530316284817]}},{"type":"Feature","properties":{"kind":"home","county":"Clatsop","class":"019","situs":"82517 Elm Dr","city":"Seaside"},"geometry":{"type":"Point","coordinates":[-123.55337172598918,45.89024233569655]}},{"type":"Feature","properties":{"kind":"home","county":"Clatsop","class":"101","situs":"82584 Elm Dr","city":"Seaside"},"geometry":{"type":"Point","coordinates":[-123.55575883814717,45.89051289484097]}},{"type":"Feature","properties":{"kind":"home","county":"Clatsop","class":"109","situs":"42402 Evergreen Acres Ln","city":"Seaside"},"geometry":{"type":"Point","coordinates":[-123.55625512560268,45.887697450967174]}},{"type":"Feature","properties":{"kind":"home","county":"Clatsop","class":"401","situs":"42030 Dorothy Ln","city":"Seaside"},"geometry":{"type":"Point","coordinates":[-123.57067993836094,45.87990242365272]}},{"type":"Feature","properties":{"kind":"home","county":"Clatsop","class":"409","situs":"81927 Red Bluff Rd","city":"Seaside"},"geometry":{"type":"Point","coordinates":[-123.56915871947622,45.870237789432466]}},{"type":"Feature","properties":{"kind":"home","county":"Clatsop","class":"019","situs":"81927 Red Bluff Rd","city":"Seaside"},"geometry":{"type":"Point","coordinates":[-123.56915871947622,45.870237789432466]}},{"type":"Feature","properties":{"kind":"home","county":"Clatsop","class":"409","situs":"81927 Red Bluff Rd","city":"Seaside"},"geometry":{"type":"Point","coordinates":[-123.56915871947622,45.870237789432466]}},{"type":"Feature","properties":{"kind":"home","county":"Clatsop","class":"400","situs":"","city":""},"geometry":{"type":"Point","coordinates":[-123.54048301380797,45.875347594400075]}},{"type":"Feature","properties":{"kind":"home","county":"Clatsop","class":"100","situs":"","city":""},"geometry":{"type":"Point","coordinates":[-123.5424495946248,45.874110151971756]}},{"type":"Feature","properties":{"kind":"home","county":"Clatsop","class":"100","situs":"","city":""},"geometry":{"type":"Point","coordinates":[-123.57202387290971,45.87354071818001]}},{"type":"Feature","properties":{"kind":"home","county":"Clatsop","class":"100","situs":"","city":""},"geometry":{"type":"Point","coordinates":[-123.57132546352226,45.87054794117456]}},{"type":"Feature","properties":{"kind":"home","county":"Clatsop","class":"401","situs":"81891 Cow Creek Rd","city":"Seaside"},"geometry":{"type":"Point","coordinates":[-123.54055271762012,45.873944629695366]}},{"type":"Feature","properties":{"kind":"home","county":"Clatsop","class":"401","situs":"81891 Cow Creek Rd","city":"Seaside"},"geometry":{"type":"Point","coordinates":[-123.54055271762012,45.873944629695366]}},{"type":"Feature","properties":{"kind":"home","county":"Clatsop","class":"400","situs":"","city":""},"geometry":{"type":"Point","coordinates":[-123.55341055677458,45.861491470213636]}},{"type":"Feature","properties":{"kind":"home","county":"Clatsop","class":"100","situs":"","city":""},"geometry":{"type":"Point","coordinates":[-123.57198146235514,45.869759406360565]}},{"type":"Feature","properties":{"kind":"home","county":"Clatsop","class":"401","situs":"","city":""},"geometry":{"type":"Point","coordinates":[-123.55961494174032,45.86619913642024]}},{"type":"Feature","properties":{"kind":"home","county":"Clatsop","class":"401","situs":"82044 Cow Creek Rd","city":"Seaside"},"geometry":{"type":"Point","coordinates":[-123.54390582575729,45.877426293994866]}},{"type":"Feature","properties":{"kind":"home","county":"Clatsop","class":"401","situs":"42710 Hidden Springs Dr","city":"Seaside"},"geometry":{"type":"Point","coordinates":[-123.54381368935516,45.873420049630084]}},{"type":"Feature","properties":{"kind":"home","county":"Clatsop","class":"401","situs":"82046 Walton Rd","city":"Seaside"},"geometry":{"type":"Point","coordinates":[-123.70255749027326,45.86738828003609]}},{"type":"Feature","properties":{"kind":"home","county":"Clatsop","class":"401","situs":"82405 Hwy 103","city":"Seaside"},"geometry":{"type":"Point","coordinates":[-123.50601792316178,45.89511222942283]}},{"type":"Feature","properties":{"kind":"home","county":"Clatsop","class":"401","situs":"82551 Hwy 103","city":"Seaside"},"geometry":{"type":"Point","coordinates":[-123.50459420646727,45.899698622835096]}},{"type":"Feature","properties":{"kind":"home","county":"Clatsop","class":"101","situs":"82107 Floden Rd","city":"Seaside"},"geometry":{"type":"Point","coordinates":[-123.57044924752225,45.87876741880541]}},{"type":"Feature","properties":{"kind":"home","county":"Clatsop","class":"100","situs":"","city":""},"geometry":{"type":"Point","coordinates":[-123.57134565441376,45.8729301270215]}},{"type":"Feature","properties":{"kind":"home","county":"Clatsop","class":"100","situs":"","city":""},"geometry":{"type":"Point","coordinates":[-123.572913858068,45.873711900820105]}},{"type":"Feature","properties":{"kind":"home","county":"Clatsop","class":"400","situs":"","city":""},"geometry":{"type":"Point","coordinates":[-123.57172172513643,45.871888035191645]}},{"type":"Feature","properties":{"kind":"home","county":"Clatsop","class":"109","situs":"82363 Maple Rd","city":"Seaside"},"geometry":{"type":"Point","coordinates":[-123.55185888019759,45.88586325349318]}},{"type":"Feature","properties":{"kind":"home","county":"Clatsop","class":"019","situs":"82363 Maple Rd","city":"Seaside"},"geometry":{"type":"Point","coordinates":[-123.55185888019759,45.88586325349318]}},{"type":"Feature","properties":{"kind":"home","county":"Clatsop","class":"100","situs":"","city":""},"geometry":{"type":"Point","coordinates":[-123.56960580496573,45.88295579666602]}},{"type":"Feature","properties":{"kind":"home","county":"Clatsop","class":"100","situs":"","city":""},"geometry":{"type":"Point","coordinates":[-123.5688345854967,45.88138528465327]}},{"type":"Feature","properties":{"kind":"home","county":"Clatsop","class":"101","situs":"82490 Riverbend Rd","city":"Seaside"},"geometry":{"type":"Point","coordinates":[-123.57047838179747,45.88244314601213]}},{"type":"Feature","properties":{"kind":"home","county":"Clatsop","class":"101","situs":"82167 Riverbend Rd","city":"Seaside"},"geometry":{"type":"Point","coordinates":[-123.56979358961394,45.87941313849954]}},{"type":"Feature","properties":{"kind":"home","county":"Clatsop","class":"101","situs":"82193 Red Bluff Rd","city":"Seaside"},"geometry":{"type":"Point","coordinates":[-123.57148406400137,45.87632301693592]}},{"type":"Feature","properties":{"kind":"home","county":"Clatsop","class":"101","situs":"82105 Red Bluff Rd","city":"Seaside"},"geometry":{"type":"Point","coordinates":[-123.57118031263207,45.87399446136887]}},{"type":"Feature","properties":{"kind":"home","county":"Clatsop","class":"101","situs":"","city":""},"geometry":{"type":"Point","coordinates":[-123.57369678114912,45.87395003243861]}},{"type":"Feature","properties":{"kind":"home","county":"Clatsop","class":"101","situs":"81891 Red Bluff Rd","city":"Seaside"},"geometry":{"type":"Point","coordinates":[-123.57183842538556,45.86996208557978]}},{"type":"Feature","properties":{"kind":"home","county":"Clatsop","class":"401","situs":"82082 Cow Creek Rd","city":"Seaside"},"geometry":{"type":"Point","coordinates":[-123.54495249265423,45.87907099932493]}},{"type":"Feature","properties":{"kind":"home","county":"Clatsop","class":"401","situs":"79857 Hwy 103","city":"Seaside"},"geometry":{"type":"Point","coordinates":[-123.56099996911325,45.86641081384327]}},{"type":"Feature","properties":{"kind":"home","county":"Clatsop","class":"019","situs":"83381 Hwy 103","city":"Seaside"},"geometry":{"type":"Point","coordinates":[-123.49629160624677,45.91690404111647]}},{"type":"Feature","properties":{"kind":"home","county":"Clatsop","class":"401","situs":"82209 Hwy 103","city":"Seaside"},"geometry":{"type":"Point","coordinates":[-123.51371575073904,45.8961443974327]}},{"type":"Feature","properties":{"kind":"home","county":"Clatsop","class":"019","situs":"82430 Maple Rd","city":"Seaside"},"geometry":{"type":"Point","coordinates":[-123.55458311140545,45.88740029206698]}},{"type":"Feature","properties":{"kind":"home","county":"Clatsop","class":"409","situs":"82430 Maple Rd","city":"Seaside"},"geometry":{"type":"Point","coordinates":[-123.55458311140545,45.88740029206698]}},{"type":"Feature","properties":{"kind":"home","county":"Clatsop","class":"109","situs":"","city":""},"geometry":{"type":"Point","coordinates":[-123.5524429019276,45.890945887064]}},{"type":"Feature","properties":{"kind":"home","county":"Clatsop","class":"401","situs":"80719 Hwy 103","city":"Seaside"},"geometry":{"type":"Point","coordinates":[-123.55400011188954,45.88387033566947]}},{"type":"Feature","properties":{"kind":"home","county":"Clatsop","class":"401","situs":"80885 Hwy 103","city":"Seaside"},"geometry":{"type":"Point","coordinates":[-123.54754232291455,45.88433722794692]}},{"type":"Feature","properties":{"kind":"home","county":"Clatsop","class":"109","situs":"82512 Vinemaple Rd","city":"Seaside"},"geometry":{"type":"Point","coordinates":[-123.55284476908894,45.8894844599397]}},{"type":"Feature","properties":{"kind":"home","county":"Clatsop","class":"019","situs":"82512 Vinemaple Rd","city":"Seaside"},"geometry":{"type":"Point","coordinates":[-123.55284476908894,45.8894844599397]}},{"type":"Feature","properties":{"kind":"home","county":"Clatsop","class":"009","situs":"82437 Maple Rd","city":"Seaside"},"geometry":{"type":"Point","coordinates":[-123.5533488040466,45.887604147404375]}},{"type":"Feature","properties":{"kind":"home","county":"Clatsop","class":"109","situs":"82437 Maple Rd","city":"Seaside"},"geometry":{"type":"Point","coordinates":[-123.5533488040466,45.887604147404375]}},{"type":"Feature","properties":{"kind":"home","county":"Clatsop","class":"101","situs":"42442 Evergreen Acres Ln","city":"Seaside"},"geometry":{"type":"Point","coordinates":[-123.55465990437855,45.88769661266967]}},{"type":"Feature","properties":{"kind":"home","county":"Clatsop","class":"101","situs":"82082 Red Bluff Rd","city":"Seaside"},"geometry":{"type":"Point","coordinates":[-123.57196708493481,45.87335760520257]}},{"type":"Feature","properties":{"kind":"home","county":"Clatsop","class":"101","situs":"82176 Red Bluff Rd","city":"Seaside"},"geometry":{"type":"Point","coordinates":[-123.57208344163546,45.87628206128113]}},{"type":"Feature","properties":{"kind":"home","county":"Clatsop","class":"400","situs":"","city":""},"geometry":{"type":"Point","coordinates":[-123.55755492050609,45.87492153383131]}},{"type":"Feature","properties":{"kind":"home","county":"Clatsop","class":"400","situs":"","city":""},"geometry":{"type":"Point","coordinates":[-123.56090882290167,45.8670852428242]}},{"type":"Feature","properties":{"kind":"home","county":"Clatsop","class":"401","situs":"81950 Cow Creek Rd","city":"Seaside"},"geometry":{"type":"Point","coordinates":[-123.54249376451186,45.87622988370928]}},{"type":"Feature","properties":{"kind":"home","county":"Clatsop","class":"401","situs":"42720 Hidden Springs Dr","city":"Seaside"},"geometry":{"type":"Point","coordinates":[-123.54308772950272,45.87337691989238]}},{"type":"Feature","properties":{"kind":"home","county":"Clatsop","class":"401","situs":"81911 Hwy 103","city":"Seaside"},"geometry":{"type":"Point","coordinates":[-123.52118857011975,45.89623526751341]}},{"type":"Feature","properties":{"kind":"home","county":"Clatsop","class":"401","situs":"81911 Hwy 103","city":"Seaside"},"geometry":{"type":"Point","coordinates":[-123.52118857011975,45.89623526751341]}},{"type":"Feature","properties":{"kind":"home","county":"Clatsop","class":"401","situs":"82403 Vinemaple Rd","city":"Seaside"},"geometry":{"type":"Point","coordinates":[-123.55022190037508,45.887293435619]}},{"type":"Feature","properties":{"kind":"home","county":"Clatsop","class":"401","situs":"82362 Maple Rd","city":"Seaside"},"geometry":{"type":"Point","coordinates":[-123.55293010576894,45.885747468878805]}},{"type":"Feature","properties":{"kind":"home","county":"Clatsop","class":"100","situs":"","city":""},"geometry":{"type":"Point","coordinates":[-123.56885646137948,45.88121007415812]}},{"type":"Feature","properties":{"kind":"home","county":"Clatsop","class":"101","situs":"","city":""},"geometry":{"type":"Point","coordinates":[-123.55089490487748,45.88613382457864]}},{"type":"Feature","properties":{"kind":"home","county":"Clatsop","class":"401","situs":"41901 Tweedle Ln","city":"Seaside"},"geometry":{"type":"Point","coordinates":[-123.57431723324346,45.89225060942084]}},{"type":"Feature","properties":{"kind":"home","county":"Clatsop","class":"401","situs":"41901 Tweedle Ln","city":"Seaside"},"geometry":{"type":"Point","coordinates":[-123.57431723324346,45.89225060942084]}},{"type":"Feature","properties":{"kind":"home","county":"Clatsop","class":"400","situs":"","city":""},"geometry":{"type":"Point","coordinates":[-123.57331001674643,45.8795811570731]}},{"type":"Feature","properties":{"kind":"home","county":"Clatsop","class":"101","situs":"82279 Riverbend Rd","city":"Seaside"},"geometry":{"type":"Point","coordinates":[-123.56908229636699,45.882210985729856]}},{"type":"Feature","properties":{"kind":"home","county":"Clatsop","class":"101","situs":"","city":""},"geometry":{"type":"Point","coordinates":[-123.57011804406183,45.88267560433812]}},{"type":"Feature","properties":{"kind":"home","county":"Clatsop","class":"100","situs":"","city":""},"geometry":{"type":"Point","coordinates":[-123.56827068244804,45.883691844271645]}},{"type":"Feature","properties":{"kind":"home","county":"Clatsop","class":"101","situs":"82079 Red Bluff Rd","city":"Seaside"},"geometry":{"type":"Point","coordinates":[-123.57112676195669,45.87334019061633]}},{"type":"Feature","properties":{"kind":"home","county":"Clatsop","class":"009","situs":"42404 Hwy 26","city":"Seaside"},"geometry":{"type":"Point","coordinates":[-123.6137868559118,45.88515831840077]}},{"type":"Feature","properties":{"kind":"home","county":"Clatsop","class":"401","situs":"81908 Cow Creek Rd","city":"Seaside"},"geometry":{"type":"Point","coordinates":[-123.5430484901365,45.87498374932511]}},{"type":"Feature","properties":{"kind":"home","county":"Clatsop","class":"401","situs":"81908 Cow Creek Rd","city":"Seaside"},"geometry":{"type":"Point","coordinates":[-123.5430484901365,45.87498374932511]}},{"type":"Feature","properties":{"kind":"home","county":"Clatsop","class":"401","situs":"42713 Hidden Springs Dr","city":"Seaside"},"geometry":{"type":"Point","coordinates":[-123.54376238700621,45.87399504070236]}},{"type":"Feature","properties":{"kind":"home","county":"Clatsop","class":"019","situs":"42713 Hidden Springs Dr","city":"Seaside"},"geometry":{"type":"Point","coordinates":[-123.54376238700621,45.87399504070236]}},{"type":"Feature","properties":{"kind":"home","county":"Clatsop","class":"101","situs":"71901 Northshore Dr","city":"Birkenfeld"},"geometry":{"type":"Point","coordinates":[-123.35984863219163,46.03880808075796]}},{"type":"Feature","properties":{"kind":"home","county":"Clatsop","class":"101","situs":"9871 Beach Dr","city":"Birkenfeld"},"geometry":{"type":"Point","coordinates":[-123.36210762294512,46.034854376233355]}},{"type":"Feature","properties":{"kind":"home","county":"Clatsop","class":"101","situs":"9800 Beach Dr","city":"Birkenfeld"},"geometry":{"type":"Point","coordinates":[-123.36341851486584,46.03479878753799]}},{"type":"Feature","properties":{"kind":"home","county":"Clatsop","class":"101","situs":"71403 Fishhawk Rd","city":"Birkenfeld"},"geometry":{"type":"Point","coordinates":[-123.36618918718715,46.03396899732681]}},{"type":"Feature","properties":{"kind":"home","county":"Clatsop","class":"100","situs":"","city":""},"geometry":{"type":"Point","coordinates":[-123.47967198898708,45.939957337572615]}},{"type":"Feature","properties":{"kind":"home","county":"Clatsop","class":"401","situs":"42483 Hwy 26","city":"Seaside"},"geometry":{"type":"Point","coordinates":[-123.61034935938572,45.88648304138153]}},{"type":"Feature","properties":{"kind":"home","county":"Clatsop","class":"401","situs":"42483 Hwy 26","city":"Seaside"},"geometry":{"type":"Point","coordinates":[-123.61034935938572,45.88648304138153]}},{"type":"Feature","properties":{"kind":"home","county":"Clatsop","class":"021","situs":"","city":""},"geometry":{"type":"Point","coordinates":[-123.59685751201516,45.86733984735704]}},{"type":"Feature","properties":{"kind":"home","county":"Clatsop","class":"021","situs":"","city":""},"geometry":{"type":"Point","coordinates":[-123.59685751201516,45.86733984735704]}},{"type":"Feature","properties":{"kind":"home","county":"Clatsop","class":"401","situs":"82801 Hwy 103","city":"Seaside"},"geometry":{"type":"Point","coordinates":[-123.50324163060208,45.903936425194836]}},{"type":"Feature","properties":{"kind":"home","county":"Clatsop","class":"401","situs":"82801 Hwy 103","city":"Seaside"},"geometry":{"type":"Point","coordinates":[-123.50324163060208,45.903936425194836]}},{"type":"Feature","properties":{"kind":"home","county":"Clatsop","class":"401","situs":"","city":""},"geometry":{"type":"Point","coordinates":[-123.51464136993579,45.896272351853455]}},{"type":"Feature","properties":{"kind":"home","county":"Clatsop","class":"401","situs":"81007 Hwy 103","city":"Seaside"},"geometry":{"type":"Point","coordinates":[-123.54187781779144,45.887651383400694]}},{"type":"Feature","properties":{"kind":"home","county":"Clatsop","class":"401","situs":"81007 Hwy 103","city":"Seaside"},"geometry":{"type":"Point","coordinates":[-123.54187781779144,45.887651383400694]}},{"type":"Feature","properties":{"kind":"home","county":"Clatsop","class":"009","situs":"81220 Hwy 103","city":"Seaside"},"geometry":{"type":"Point","coordinates":[-123.54737068129874,45.89135231570482]}},{"type":"Feature","properties":{"kind":"home","county":"Clatsop","class":"401","situs":"82428 Maple Rd","city":"Seaside"},"geometry":{"type":"Point","coordinates":[-123.55416524618393,45.88703550690412]}},{"type":"Feature","properties":{"kind":"home","county":"Clatsop","class":"101","situs":"71291 Northshore Dr","city":"Birkenfeld"},"geometry":{"type":"Point","coordinates":[-123.37014016463907,46.031805825236525]}},{"type":"Feature","properties":{"kind":"home","county":"Clatsop","class":"101","situs":"71350 Northshore Dr","city":"Birkenfeld"},"geometry":{"type":"Point","coordinates":[-123.36923493393056,46.03290680992139]}},{"type":"Feature","properties":{"kind":"home","county":"Clatsop","class":"101","situs":"71436 North Shore Dr","city":"Birkenfeld"},"geometry":{"type":"Point","coordinates":[-123.3691824298371,46.0343293896262]}},{"type":"Feature","properties":{"kind":"home","county":"Clatsop","class":"040","situs":"","city":""},"geometry":{"type":"Point","coordinates":[-123.36823933270766,46.031628708988]}},{"type":"Feature","properties":{"kind":"home","county":"Clatsop","class":"400","situs":"86150 Northrup Creek Rd","city":"Clatskanie"},"geometry":{"type":"Point","coordinates":[-123.42640143911045,45.988567396724825]}},{"type":"Feature","properties":{"kind":"home","county":"Clatsop","class":"409","situs":"82344 Maple Rd","city":"Seaside"},"geometry":{"type":"Point","coordinates":[-123.55291920818568,45.885336394201886]}},{"type":"Feature","properties":{"kind":"home","county":"Clatsop","class":"009","situs":"82344 Maple Rd","city":"Seaside"},"geometry":{"type":"Point","coordinates":[-123.55291920818568,45.885336394201886]}},{"type":"Feature","properties":{"kind":"home","county":"Clatsop","class":"400","situs":"80955 Highway 103","city":"Seaside"},"geometry":{"type":"Point","coordinates":[-123.54635978750274,45.88453265889413]}},{"type":"Feature","properties":{"kind":"home","county":"Clatsop","class":"101","situs":"82509 Elm Dr","city":"Seaside"},"geometry":{"type":"Point","coordinates":[-123.55387722256962,45.88943454829616]}},{"type":"Feature","properties":{"kind":"home","county":"Clatsop","class":"101","situs":"82563 Elm Dr","city":"Seaside"},"geometry":{"type":"Point","coordinates":[-123.55512525234266,45.89105152892785]}},{"type":"Feature","properties":{"kind":"home","county":"Clatsop","class":"400","situs":"","city":""},"geometry":{"type":"Point","coordinates":[-123.57223295507711,45.87137448124248]}},{"type":"Feature","properties":{"kind":"home","county":"Clatsop","class":"401","situs":"","city":""},"geometry":{"type":"Point","coordinates":[-123.57309560847564,45.87561569845938]}},{"type":"Feature","properties":{"kind":"home","county":"Clatsop","class":"401","situs":"","city":""},"geometry":{"type":"Point","coordinates":[-123.57309560847564,45.87561569845938]}},{"type":"Feature","properties":{"kind":"home","county":"Clatsop","class":"109","situs":"42346 Evergreen Acres Ln","city":"Seaside"},"geometry":{"type":"Point","coordinates":[-123.55861120661088,45.88771091480938]}},{"type":"Feature","properties":{"kind":"home","county":"Clatsop","class":"019","situs":"42346 Evergreen Acres Ln","city":"Seaside"},"geometry":{"type":"Point","coordinates":[-123.55861120661088,45.88771091480938]}},{"type":"Feature","properties":{"kind":"home","county":"Clatsop","class":"109","situs":"42443 Evergreen Acres Ln","city":"Seaside"},"geometry":{"type":"Point","coordinates":[-123.5546783668886,45.88812723233099]}},{"type":"Feature","properties":{"kind":"home","county":"Clatsop","class":"401","situs":"82214 Bay Rd","city":"Seaside"},"geometry":{"type":"Point","coordinates":[-123.5664334875647,45.88203741291658]}},{"type":"Feature","properties":{"kind":"home","county":"Clatsop","class":"010","situs":"","city":""},"geometry":{"type":"Point","coordinates":[-123.5735462227796,45.879173512579484]}},{"type":"Feature","properties":{"kind":"home","county":"Clatsop","class":"401","situs":"82454 Red Bluff Rd","city":"Seaside"},"geometry":{"type":"Point","coordinates":[-123.5730611226412,45.88036298952505]}},{"type":"Feature","properties":{"kind":"home","county":"Clatsop","class":"101","situs":"82304 Roberta Rd","city":"Seaside"},"geometry":{"type":"Point","coordinates":[-123.56803388862755,45.8826576698938]}},{"type":"Feature","properties":{"kind":"home","county":"Clatsop","class":"019","situs":"42142 Pope Meeker Rd","city":"Seaside"},"geometry":{"type":"Point","coordinates":[-123.56594281527785,45.873048789553536]}},{"type":"Feature","properties":{"kind":"home","county":"Clatsop","class":"101","situs":"82091 Floden Rd","city":"Seaside"},"geometry":{"type":"Point","coordinates":[-123.57112245906542,45.8770695619444]}},{"type":"Feature","properties":{"kind":"home","county":"Clatsop","class":"400","situs":"","city":""},"geometry":{"type":"Point","coordinates":[-123.5744607130543,45.872930642391474]}},{"type":"Feature","properties":{"kind":"home","county":"Clatsop","class":"101","situs":"","city":""},"geometry":{"type":"Point","coordinates":[-123.5714885074514,45.87458236363174]}},{"type":"Feature","properties":{"kind":"home","county":"Clatsop","class":"100","situs":"","city":""},"geometry":{"type":"Point","coordinates":[-123.57144365851532,45.8738052793058]}},{"type":"Feature","properties":{"kind":"home","county":"Clatsop","class":"101","situs":"","city":""},"geometry":{"type":"Point","coordinates":[-123.57240959437767,45.875403717086584]}},{"type":"Feature","properties":{"kind":"home","county":"Clatsop","class":"401","situs":"42850 Hwy 26","city":"Seaside"},"geometry":{"type":"Point","coordinates":[-123.60408611272656,45.872657468827995]}},{"type":"Feature","properties":{"kind":"home","county":"Clatsop","class":"101","situs":"","city":""},"geometry":{"type":"Point","coordinates":[-123.5726815698651,45.874073252243065]}},{"type":"Feature","properties":{"kind":"home","county":"Clatsop","class":"401","situs":"43957 Hwy 26","city":"Seaside"},"geometry":{"type":"Point","coordinates":[-123.56792443461657,45.867304313701396]}},{"type":"Feature","properties":{"kind":"home","county":"Clatsop","class":"401","situs":"43957 Hwy 26","city":"Seaside"},"geometry":{"type":"Point","coordinates":[-123.56792443461657,45.867304313701396]}},{"type":"Feature","properties":{"kind":"home","county":"Clatsop","class":"100","situs":"","city":""},"geometry":{"type":"Point","coordinates":[-123.5712114473311,45.871223247463156]}},{"type":"Feature","properties":{"kind":"home","county":"Clatsop","class":"100","situs":"","city":""},"geometry":{"type":"Point","coordinates":[-123.57230260780706,45.86965943331123]}},{"type":"Feature","properties":{"kind":"home","county":"Clatsop","class":"100","situs":"","city":""},"geometry":{"type":"Point","coordinates":[-123.36112349192742,46.03848942311096]}},{"type":"Feature","properties":{"kind":"home","county":"Clatsop","class":"100","situs":"","city":""},"geometry":{"type":"Point","coordinates":[-123.57315682198919,45.873785813094074]}},{"type":"Feature","properties":{"kind":"home","county":"Clatsop","class":"400","situs":"","city":""},"geometry":{"type":"Point","coordinates":[-123.36008426492253,46.03825922858335]}},{"type":"Feature","properties":{"kind":"home","county":"Clatsop","class":"101","situs":"71608 North Shore Dr","city":"Birkenfeld"},"geometry":{"type":"Point","coordinates":[-123.3683791887112,46.03688490470281]}},{"type":"Feature","properties":{"kind":"home","county":"Clatsop","class":"101","situs":"71702 Northshore Dr","city":"Birkenfeld"},"geometry":{"type":"Point","coordinates":[-123.36618011536012,46.03782575322952]}},{"type":"Feature","properties":{"kind":"home","county":"Clatsop","class":"101","situs":"9956 Beach Dr","city":"Birkenfeld"},"geometry":{"type":"Point","coordinates":[-123.36058030897037,46.03406891385095]}},{"type":"Feature","properties":{"kind":"home","county":"Clatsop","class":"101","situs":"9948 Beach Dr","city":"Birkenfeld"},"geometry":{"type":"Point","coordinates":[-123.36084208645839,46.03404769831555]}},{"type":"Feature","properties":{"kind":"home","county":"Clatsop","class":"101","situs":"9717 Beach Dr","city":"Birkenfeld"},"geometry":{"type":"Point","coordinates":[-123.36517272809873,46.0348459117838]}},{"type":"Feature","properties":{"kind":"home","county":"Clatsop","class":"101","situs":"71440 North Shore Dr","city":"Birkenfeld"},"geometry":{"type":"Point","coordinates":[-123.36917436638257,46.03467376402799]}},{"type":"Feature","properties":{"kind":"home","county":"Clatsop","class":"101","situs":"71381 Fishhawk Rd","city":"Birkenfeld"},"geometry":{"type":"Point","coordinates":[-123.36657371370467,46.03283975374925]}},{"type":"Feature","properties":{"kind":"home","county":"Clatsop","class":"401","situs":"69931 Fishhawk Rd","city":"Birkenfeld"},"geometry":{"type":"Point","coordinates":[-123.3624102828385,46.01181390669757]}},{"type":"Feature","properties":{"kind":"home","county":"Clatsop","class":"401","situs":"69931 Fishhawk Rd","city":"Birkenfeld"},"geometry":{"type":"Point","coordinates":[-123.3624102828385,46.01181390669757]}},{"type":"Feature","properties":{"kind":"home","county":"Clatsop","class":"009","situs":"84408 Beneke Creek Rd","city":"Seaside"},"geometry":{"type":"Point","coordinates":[-123.51331966789576,45.94156045487365]}},{"type":"Feature","properties":{"kind":"home","county":"Clatsop","class":"401","situs":"81097 Hwy 103","city":"Seaside"},"geometry":{"type":"Point","coordinates":[-123.54362902670874,45.89008007230692]}},{"type":"Feature","properties":{"kind":"home","county":"Clatsop","class":"400","situs":"","city":""},"geometry":{"type":"Point","coordinates":[-123.54552377003789,45.888168724069146]}},{"type":"Feature","properties":{"kind":"home","county":"Clatsop","class":"401","situs":"80972 Hwy 103","city":"Seaside"},"geometry":{"type":"Point","coordinates":[-123.54555169438889,45.88680198785303]}},{"type":"Feature","properties":{"kind":"home","county":"Clatsop","class":"401","situs":"80972 Hwy 103","city":"Seaside"},"geometry":{"type":"Point","coordinates":[-123.54555169438889,45.88680198785303]}},{"type":"Feature","properties":{"kind":"home","county":"Clatsop","class":"401","situs":"82375 Vinemaple Rd","city":"Seaside"},"geometry":{"type":"Point","coordinates":[-123.5497723994652,45.88612942632793]}},{"type":"Feature","properties":{"kind":"home","county":"Clatsop","class":"100","situs":"","city":""},"geometry":{"type":"Point","coordinates":[-123.5596920090147,45.889224590548196]}},{"type":"Feature","properties":{"kind":"home","county":"Clatsop","class":"109","situs":"42369 Evergreen Acres Ln","city":"Seaside"},"geometry":{"type":"Point","coordinates":[-123.55742715177678,45.88814296750693]}},{"type":"Feature","properties":{"kind":"home","county":"Clatsop","class":"009","situs":"42369 Evergreen Acres Ln","city":"Seaside"},"geometry":{"type":"Point","coordinates":[-123.55742715177678,45.88814296750693]}},{"type":"Feature","properties":{"kind":"home","county":"Clatsop","class":"100","situs":"","city":""},"geometry":{"type":"Point","coordinates":[-123.55898802173205,45.88822902117155]}},{"type":"Feature","properties":{"kind":"home","county":"Clatsop","class":"101","situs":"86435 Northrup Creek Rd","city":"Birkenfeld"},"geometry":{"type":"Point","coordinates":[-123.42568974169244,45.99677129955687]}},{"type":"Feature","properties":{"kind":"home","county":"Clatsop","class":"401","situs":"47085 Old 77 Vesper Ln","city":"Birkenfeld"},"geometry":{"type":"Point","coordinates":[-123.38448511929658,45.998491036960374]}},{"type":"Feature","properties":{"kind":"home","county":"Clatsop","class":"021","situs":"","city":""},"geometry":{"type":"Point","coordinates":[-123.59685751201516,45.86733984735704]}},{"type":"Feature","properties":{"kind":"home","county":"Clatsop","class":"021","situs":"","city":""},"geometry":{"type":"Point","coordinates":[-123.59685751201516,45.86733984735704]}},{"type":"Feature","properties":{"kind":"home","county":"Clatsop","class":"401","situs":"82801 Hwy 103","city":"Seaside"},"geometry":{"type":"Point","coordinates":[-123.50324163060208,45.903936425194836]}},{"type":"Feature","properties":{"kind":"home","county":"Clatsop","class":"401","situs":"82801 Hwy 103","city":"Seaside"},"geometry":{"type":"Point","coordinates":[-123.50324163060208,45.903936425194836]}},{"type":"Feature","properties":{"kind":"home","county":"Clatsop","class":"401","situs":"","city":""},"geometry":{"type":"Point","coordinates":[-123.51464136993579,45.896272351853455]}},{"type":"Feature","properties":{"kind":"home","county":"Clatsop","class":"401","situs":"81007 Hwy 103","city":"Seaside"},"geometry":{"type":"Point","coordinates":[-123.54187781779144,45.887651383400694]}},{"type":"Feature","properties":{"kind":"home","county":"Clatsop","class":"401","situs":"81007 Hwy 103","city":"Seaside"},"geometry":{"type":"Point","coordinates":[-123.54187781779144,45.887651383400694]}},{"type":"Feature","properties":{"kind":"home","county":"Clatsop","class":"009","situs":"81220 Hwy 103","city":"Seaside"},"geometry":{"type":"Point","coordinates":[-123.54737068129874,45.89135231570482]}},{"type":"Feature","properties":{"kind":"home","county":"Clatsop","class":"401","situs":"82428 Maple Rd","city":"Seaside"},"geometry":{"type":"Point","coordinates":[-123.55416524618393,45.88703550690412]}},{"type":"Feature","properties":{"kind":"home","county":"Clatsop","class":"101","situs":"71291 Northshore Dr","city":"Birkenfeld"},"geometry":{"type":"Point","coordinates":[-123.37014016463907,46.031805825236525]}},{"type":"Feature","properties":{"kind":"home","county":"Clatsop","class":"101","situs":"71350 Northshore Dr","city":"Birkenfeld"},"geometry":{"type":"Point","coordinates":[-123.36923493393056,46.03290680992139]}},{"type":"Feature","properties":{"kind":"home","county":"Clatsop","class":"101","situs":"71436 North Shore Dr","city":"Birkenfeld"},"geometry":{"type":"Point","coordinates":[-123.3691824298371,46.0343293896262]}},{"type":"Feature","properties":{"kind":"home","county":"Clatsop","class":"040","situs":"","city":""},"geometry":{"type":"Point","coordinates":[-123.36823933270766,46.031628708988]}},{"type":"Feature","properties":{"kind":"home","county":"Clatsop","class":"400","situs":"86150 Northrup Creek Rd","city":"Clatskanie"},"geometry":{"type":"Point","coordinates":[-123.42640143911045,45.988567396724825]}},{"type":"Feature","properties":{"kind":"home","county":"Clatsop","class":"409","situs":"82344 Maple Rd","city":"Seaside"},"geometry":{"type":"Point","coordinates":[-123.55291920818568,45.885336394201886]}},{"type":"Feature","properties":{"kind":"home","county":"Clatsop","class":"009","situs":"82344 Maple Rd","city":"Seaside"},"geometry":{"type":"Point","coordinates":[-123.55291920818568,45.885336394201886]}},{"type":"Feature","properties":{"kind":"home","county":"Clatsop","class":"400","situs":"80955 Highway 103","city":"Seaside"},"geometry":{"type":"Point","coordinates":[-123.54635978750274,45.88453265889413]}},{"type":"Feature","properties":{"kind":"home","county":"Clatsop","class":"101","situs":"82509 Elm Dr","city":"Seaside"},"geometry":{"type":"Point","coordinates":[-123.55387722256962,45.88943454829616]}},{"type":"Feature","properties":{"kind":"home","county":"Clatsop","class":"101","situs":"82563 Elm Dr","city":"Seaside"},"geometry":{"type":"Point","coordinates":[-123.55512525234266,45.89105152892785]}},{"type":"Feature","properties":{"kind":"home","county":"Clatsop","class":"400","situs":"","city":""},"geometry":{"type":"Point","coordinates":[-123.57223295507711,45.87137448124248]}},{"type":"Feature","properties":{"kind":"home","county":"Clatsop","class":"401","situs":"","city":""},"geometry":{"type":"Point","coordinates":[-123.57309560847564,45.87561569845938]}},{"type":"Feature","properties":{"kind":"home","county":"Clatsop","class":"401","situs":"","city":""},"geometry":{"type":"Point","coordinates":[-123.57309560847564,45.87561569845938]}},{"type":"Feature","properties":{"kind":"home","county":"Clatsop","class":"109","situs":"42346 Evergreen Acres Ln","city":"Seaside"},"geometry":{"type":"Point","coordinates":[-123.55861120661088,45.88771091480938]}},{"type":"Feature","properties":{"kind":"home","county":"Clatsop","class":"019","situs":"42346 Evergreen Acres Ln","city":"Seaside"},"geometry":{"type":"Point","coordinates":[-123.55861120661088,45.88771091480938]}},{"type":"Feature","properties":{"kind":"home","county":"Clatsop","class":"109","situs":"42443 Evergreen Acres Ln","city":"Seaside"},"geometry":{"type":"Point","coordinates":[-123.5546783668886,45.88812723233099]}},{"type":"Feature","properties":{"kind":"home","county":"Clatsop","class":"401","situs":"82214 Bay Rd","city":"Seaside"},"geometry":{"type":"Point","coordinates":[-123.5664334875647,45.88203741291658]}},{"type":"Feature","properties":{"kind":"home","county":"Clatsop","class":"010","situs":"","city":""},"geometry":{"type":"Point","coordinates":[-123.5735462227796,45.879173512579484]}},{"type":"Feature","properties":{"kind":"home","county":"Clatsop","class":"401","situs":"82454 Red Bluff Rd","city":"Seaside"},"geometry":{"type":"Point","coordinates":[-123.5730611226412,45.88036298952505]}},{"type":"Feature","properties":{"kind":"home","county":"Clatsop","class":"101","situs":"82304 Roberta Rd","city":"Seaside"},"geometry":{"type":"Point","coordinates":[-123.56803388862755,45.8826576698938]}},{"type":"Feature","properties":{"kind":"home","county":"Clatsop","class":"019","situs":"42142 Pope Meeker Rd","city":"Seaside"},"geometry":{"type":"Point","coordinates":[-123.56594281527785,45.873048789553536]}},{"type":"Feature","properties":{"kind":"home","county":"Clatsop","class":"101","situs":"82091 Floden Rd","city":"Seaside"},"geometry":{"type":"Point","coordinates":[-123.57112245906542,45.8770695619444]}},{"type":"Feature","properties":{"kind":"home","county":"Clatsop","class":"400","situs":"","city":""},"geometry":{"type":"Point","coordinates":[-123.5744607130543,45.872930642391474]}},{"type":"Feature","properties":{"kind":"home","county":"Clatsop","class":"101","situs":"","city":""},"geometry":{"type":"Point","coordinates":[-123.5714885074514,45.87458236363174]}},{"type":"Feature","properties":{"kind":"home","county":"Clatsop","class":"100","situs":"","city":""},"geometry":{"type":"Point","coordinates":[-123.57144365851532,45.8738052793058]}},{"type":"Feature","properties":{"kind":"home","county":"Clatsop","class":"101","situs":"","city":""},"geometry":{"type":"Point","coordinates":[-123.57240959437767,45.875403717086584]}},{"type":"Feature","properties":{"kind":"home","county":"Clatsop","class":"401","situs":"42850 Hwy 26","city":"Seaside"},"geometry":{"type":"Point","coordinates":[-123.60408611272656,45.872657468827995]}},{"type":"Feature","properties":{"kind":"home","county":"Clatsop","class":"101","situs":"","city":""},"geometry":{"type":"Point","coordinates":[-123.5726815698651,45.874073252243065]}},{"type":"Feature","properties":{"kind":"home","county":"Clatsop","class":"401","situs":"43957 Hwy 26","city":"Seaside"},"geometry":{"type":"Point","coordinates":[-123.56792443461657,45.867304313701396]}},{"type":"Feature","properties":{"kind":"home","county":"Clatsop","class":"401","situs":"43957 Hwy 26","city":"Seaside"},"geometry":{"type":"Point","coordinates":[-123.56792443461657,45.867304313701396]}},{"type":"Feature","properties":{"kind":"home","county":"Clatsop","class":"100","situs":"","city":""},"geometry":{"type":"Point","coordinates":[-123.5712114473311,45.871223247463156]}},{"type":"Feature","properties":{"kind":"home","county":"Clatsop","class":"100","situs":"","city":""},"geometry":{"type":"Point","coordinates":[-123.57230260780706,45.86965943331123]}},{"type":"Feature","properties":{"kind":"home","county":"Clatsop","class":"100","situs":"","city":""},"geometry":{"type":"Point","coordinates":[-123.36112349192742,46.03848942311096]}},{"type":"Feature","properties":{"kind":"home","county":"Clatsop","class":"100","situs":"","city":""},"geometry":{"type":"Point","coordinates":[-123.57315682198919,45.873785813094074]}},{"type":"Feature","properties":{"kind":"home","county":"Clatsop","class":"400","situs":"","city":""},"geometry":{"type":"Point","coordinates":[-123.36008426492253,46.03825922858335]}},{"type":"Feature","properties":{"kind":"home","county":"Clatsop","class":"101","situs":"71608 North Shore Dr","city":"Birkenfeld"},"geometry":{"type":"Point","coordinates":[-123.3683791887112,46.03688490470281]}},{"type":"Feature","properties":{"kind":"home","county":"Clatsop","class":"101","situs":"71702 Northshore Dr","city":"Birkenfeld"},"geometry":{"type":"Point","coordinates":[-123.36618011536012,46.03782575322952]}},{"type":"Feature","properties":{"kind":"home","county":"Clatsop","class":"101","situs":"9956 Beach Dr","city":"Birkenfeld"},"geometry":{"type":"Point","coordinates":[-123.36058030897037,46.03406891385095]}},{"type":"Feature","properties":{"kind":"home","county":"Clatsop","class":"101","situs":"9948 Beach Dr","city":"Birkenfeld"},"geometry":{"type":"Point","coordinates":[-123.36084208645839,46.03404769831555]}},{"type":"Feature","properties":{"kind":"home","county":"Clatsop","class":"101","situs":"9717 Beach Dr","city":"Birkenfeld"},"geometry":{"type":"Point","coordinates":[-123.36517272809873,46.0348459117838]}},{"type":"Feature","properties":{"kind":"home","county":"Clatsop","class":"101","situs":"71440 North Shore Dr","city":"Birkenfeld"},"geometry":{"type":"Point","coordinates":[-123.36917436638257,46.03467376402799]}},{"type":"Feature","properties":{"kind":"home","county":"Clatsop","class":"101","situs":"71381 Fishhawk Rd","city":"Birkenfeld"},"geometry":{"type":"Point","coordinates":[-123.36657371370467,46.03283975374925]}},{"type":"Feature","properties":{"kind":"home","county":"Clatsop","class":"401","situs":"69931 Fishhawk Rd","city":"Birkenfeld"},"geometry":{"type":"Point","coordinates":[-123.3624102828385,46.01181390669757]}},{"type":"Feature","properties":{"kind":"home","county":"Clatsop","class":"401","situs":"69931 Fishhawk Rd","city":"Birkenfeld"},"geometry":{"type":"Point","coordinates":[-123.3624102828385,46.01181390669757]}},{"type":"Feature","properties":{"kind":"home","county":"Clatsop","class":"009","situs":"84408 Beneke Creek Rd","city":"Seaside"},"geometry":{"type":"Point","coordinates":[-123.51331966789576,45.94156045487365]}},{"type":"Feature","properties":{"kind":"home","county":"Clatsop","class":"401","situs":"81097 Hwy 103","city":"Seaside"},"geometry":{"type":"Point","coordinates":[-123.54362902670874,45.89008007230692]}},{"type":"Feature","properties":{"kind":"home","county":"Clatsop","class":"400","situs":"","city":""},"geometry":{"type":"Point","coordinates":[-123.54552377003789,45.888168724069146]}},{"type":"Feature","properties":{"kind":"home","county":"Clatsop","class":"401","situs":"80972 Hwy 103","city":"Seaside"},"geometry":{"type":"Point","coordinates":[-123.54555169438889,45.88680198785303]}},{"type":"Feature","properties":{"kind":"home","county":"Clatsop","class":"401","situs":"80972 Hwy 103","city":"Seaside"},"geometry":{"type":"Point","coordinates":[-123.54555169438889,45.88680198785303]}},{"type":"Feature","properties":{"kind":"home","county":"Clatsop","class":"401","situs":"82375 Vinemaple Rd","city":"Seaside"},"geometry":{"type":"Point","coordinates":[-123.5497723994652,45.88612942632793]}},{"type":"Feature","properties":{"kind":"home","county":"Clatsop","class":"100","situs":"","city":""},"geometry":{"type":"Point","coordinates":[-123.5596920090147,45.889224590548196]}},{"type":"Feature","properties":{"kind":"home","county":"Clatsop","class":"109","situs":"42369 Evergreen Acres Ln","city":"Seaside"},"geometry":{"type":"Point","coordinates":[-123.55742715177678,45.88814296750693]}},{"type":"Feature","properties":{"kind":"home","county":"Clatsop","class":"009","situs":"42369 Evergreen Acres Ln","city":"Seaside"},"geometry":{"type":"Point","coordinates":[-123.55742715177678,45.88814296750693]}},{"type":"Feature","properties":{"kind":"home","county":"Clatsop","class":"100","situs":"","city":""},"geometry":{"type":"Point","coordinates":[-123.55898802173205,45.88822902117155]}},{"type":"Feature","properties":{"kind":"home","county":"Clatsop","class":"101","situs":"86435 Northrup Creek Rd","city":"Birkenfeld"},"geometry":{"type":"Point","coordinates":[-123.42568974169244,45.99677129955687]}},{"type":"Feature","properties":{"kind":"home","county":"Clatsop","class":"401","situs":"47085 Old 77 Vesper Ln","city":"Birkenfeld"},"geometry":{"type":"Point","coordinates":[-123.38448511929658,45.998491036960374]}},{"type":"Feature","properties":{"kind":"home","county":"Clatsop","class":"101","situs":"71758 Northshore Dr","city":"Birkenfeld"},"geometry":{"type":"Point","coordinates":[-123.36473684450662,46.03815666645838]}},{"type":"Feature","properties":{"kind":"home","county":"Clatsop","class":"101","situs":"71736 Northshore Dr","city":"Birkenfeld"},"geometry":{"type":"Point","coordinates":[-123.36549705453054,46.038141445665815]}},{"type":"Feature","properties":{"kind":"home","county":"Clatsop","class":"101","situs":"9986 Beach Dr","city":"Birkenfeld"},"geometry":{"type":"Point","coordinates":[-123.35974522750958,46.034314764340806]}},{"type":"Feature","properties":{"kind":"home","county":"Clatsop","class":"101","situs":"9904 Beach Dr","city":"Birkenfeld"},"geometry":{"type":"Point","coordinates":[-123.36172888870082,46.03411369632625]}},{"type":"Feature","properties":{"kind":"home","county":"Clatsop","class":"101","situs":"","city":""},"geometry":{"type":"Point","coordinates":[-123.36541741019157,46.03475737684044]}},{"type":"Feature","properties":{"kind":"home","county":"Clatsop","class":"409","situs":"47072 Old 77 Vesper Ln","city":"Birkenfeld"},"geometry":{"type":"Point","coordinates":[-123.38361695416027,45.99766870249259]}},{"type":"Feature","properties":{"kind":"home","county":"Clatsop","class":"019","situs":"47072 Old 77 Vesper Ln","city":"Birkenfeld"},"geometry":{"type":"Point","coordinates":[-123.38361695416027,45.99766870249259]}},{"type":"Feature","properties":{"kind":"home","county":"Clatsop","class":"400","situs":"","city":""},"geometry":{"type":"Point","coordinates":[-123.57473898639421,45.878150889738095]}},{"type":"Feature","properties":{"kind":"home","county":"Clatsop","class":"400","situs":"","city":""},"geometry":{"type":"Point","coordinates":[-123.57405387393486,45.87714433883023]}},{"type":"Feature","properties":{"kind":"home","county":"Clatsop","class":"010","situs":"","city":""},"geometry":{"type":"Point","coordinates":[-123.60265087961666,45.87305469663989]}},{"type":"Feature","properties":{"kind":"home","county":"Clatsop","class":"401","situs":"42785 Hwy 26","city":"Seaside"},"geometry":{"type":"Point","coordinates":[-123.59972772915644,45.8756696261694]}},{"type":"Feature","properties":{"kind":"home","county":"Clatsop","class":"101","situs":"71810 North Shore Dr","city":"Birkenfeld"},"geometry":{"type":"Point","coordinates":[-123.36365301431458,46.03825423296255]}},{"type":"Feature","properties":{"kind":"home","county":"Clatsop","class":"101","situs":"71616 North Shore Dr","city":"Birkenfeld"},"geometry":{"type":"Point","coordinates":[-123.3681799280492,46.03698313018374]}},{"type":"Feature","properties":{"kind":"home","county":"Clatsop","class":"100","situs":"","city":""},"geometry":{"type":"Point","coordinates":[-123.36975492802063,46.03575972350043]}},{"type":"Feature","properties":{"kind":"home","county":"Clatsop","class":"400","situs":"","city":""},"geometry":{"type":"Point","coordinates":[-123.40768708535393,45.9932410118247]}},{"type":"Feature","properties":{"kind":"home","county":"Clatsop","class":"401","situs":"42785 Hwy 26","city":"Seaside"},"geometry":{"type":"Point","coordinates":[-123.59972772915644,45.8756696261694]}},{"type":"Feature","properties":{"kind":"home","county":"Clatsop","class":"021","situs":"","city":""},"geometry":{"type":"Point","coordinates":[-123.59972772915644,45.8756696261694]}},{"type":"Feature","properties":{"kind":"home","county":"Clatsop","class":"100","situs":"","city":""},"geometry":{"type":"Point","coordinates":[-123.57167675676516,45.87499577759079]}},{"type":"Feature","properties":{"kind":"home","county":"Clatsop","class":"101","situs":"","city":""},"geometry":{"type":"Point","coordinates":[-123.57135605080553,45.87418205924636]}},{"type":"Feature","properties":{"kind":"home","county":"Clatsop","class":"101","situs":"79829 Hwy 103","city":"Seaside"},"geometry":{"type":"Point","coordinates":[-123.56001497925433,45.865907016054955]}},{"type":"Feature","properties":{"kind":"home","county":"Clatsop","class":"100","situs":"","city":""},"geometry":{"type":"Point","coordinates":[-123.37258130721568,45.98638863427928]}},{"type":"Feature","properties":{"kind":"home","county":"Clatsop","class":"101","situs":"74091 Hwy 202","city":"Birkenfeld"},"geometry":{"type":"Point","coordinates":[-123.36604804186905,45.9800549882078]}},{"type":"Feature","properties":{"kind":"home","county":"Clatsop","class":"101","situs":"71897 Northshore Dr","city":"Birkenfeld"},"geometry":{"type":"Point","coordinates":[-123.36029481716781,46.03902007654716]}},{"type":"Feature","properties":{"kind":"home","county":"Clatsop","class":"101","situs":"71578 North Shore Dr","city":"Birkenfeld"},"geometry":{"type":"Point","coordinates":[-123.36853486556416,46.03643491433883]}},{"type":"Feature","properties":{"kind":"home","county":"Clatsop","class":"101","situs":"71664 North Shore Dr","city":"Birkenfeld"},"geometry":{"type":"Point","coordinates":[-123.36692419638038,46.03759354490474]}},{"type":"Feature","properties":{"kind":"home","county":"Clatsop","class":"101","situs":"9823 Beach Dr","city":"Birkenfeld"},"geometry":{"type":"Point","coordinates":[-123.36299073510033,46.03535601941586]}},{"type":"Feature","properties":{"kind":"home","county":"Clatsop","class":"401","situs":"80469 Sha-Ne-Mah Rd","city":"Seaside"},"geometry":{"type":"Point","coordinates":[-123.60599393354072,45.831393213255986]}},{"type":"Feature","properties":{"kind":"home","county":"Clatsop","class":"401","situs":"80469 Sha-Ne-Mah Rd","city":"Seaside"},"geometry":{"type":"Point","coordinates":[-123.60599393354072,45.831393213255986]}},{"type":"Feature","properties":{"kind":"home","county":"Clatsop","class":"400","situs":"","city":""},"geometry":{"type":"Point","coordinates":[-123.60578709658604,45.8295963810106]}},{"type":"Feature","properties":{"kind":"home","county":"Clatsop","class":"401","situs":"","city":""},"geometry":{"type":"Point","coordinates":[-123.6962171737829,45.85359068642012]}},{"type":"Feature","properties":{"kind":"home","county":"Clatsop","class":"100","situs":"","city":""},"geometry":{"type":"Point","coordinates":[-123.36164567197726,46.03779612984011]}},{"type":"Feature","properties":{"kind":"home","county":"Clatsop","class":"101","situs":"9884 Beach Dr","city":"Birkenfeld"},"geometry":{"type":"Point","coordinates":[-123.36248397702931,46.03438591354035]}},{"type":"Feature","properties":{"kind":"home","county":"Clatsop","class":"101","situs":"71439 North Shore Dr","city":"Birkenfeld"},"geometry":{"type":"Point","coordinates":[-123.3701174585048,46.034493103593846]}},{"type":"Feature","properties":{"kind":"home","county":"Clatsop","class":"101","situs":"71560 North Shore Dr","city":"Birkenfeld"},"geometry":{"type":"Point","coordinates":[-123.36902597795672,46.03579032575673]}},{"type":"Feature","properties":{"kind":"home","county":"Clatsop","class":"101","situs":"71848 North Shore Dr","city":"Birkenfeld"},"geometry":{"type":"Point","coordinates":[-123.36242345621976,46.038143102226165]}},{"type":"Feature","properties":{"kind":"home","county":"Clatsop","class":"400","situs":"","city":""},"geometry":{"type":"Point","coordinates":[-123.36297649303589,46.03893551773753]}},{"type":"Feature","properties":{"kind":"home","county":"Clatsop","class":"101","situs":"9955 Beach Dr","city":"Birkenfeld"},"geometry":{"type":"Point","coordinates":[-123.36046464407006,46.034726934714854]}},{"type":"Feature","properties":{"kind":"home","county":"Clatsop","class":"100","situs":"","city":""},"geometry":{"type":"Point","coordinates":[-123.36342471034163,46.034365034245184]}},{"type":"Feature","properties":{"kind":"home","county":"Clatsop","class":"100","situs":"","city":""},"geometry":{"type":"Point","coordinates":[-123.36576701341362,46.03358612896104]}},{"type":"Feature","properties":{"kind":"home","county":"Clatsop","class":"100","situs":"","city":""},"geometry":{"type":"Point","coordinates":[-123.36351340106913,46.03377487355163]}},{"type":"Feature","properties":{"kind":"home","county":"Clatsop","class":"100","situs":"71443 Parkview Ln","city":"Birkenfeld"},"geometry":{"type":"Point","coordinates":[-123.36487653425884,46.03434879462606]}},{"type":"Feature","properties":{"kind":"home","county":"Clatsop","class":"100","situs":"","city":""},"geometry":{"type":"Point","coordinates":[-123.37012070191369,46.03410920671082]}},{"type":"Feature","properties":{"kind":"home","county":"Clatsop","class":"101","situs":"71364 Northshore Dr","city":"Birkenfeld"},"geometry":{"type":"Point","coordinates":[-123.36923039515199,46.03308503658446]}},{"type":"Feature","properties":{"kind":"home","county":"Clatsop","class":"401","situs":"86254 Northrup Creek Rd","city":"Birkenfeld"},"geometry":{"type":"Point","coordinates":[-123.42830472456285,45.99180456378095]}},{"type":"Feature","properties":{"kind":"home","county":"Clatsop","class":"101","situs":"71437 North Shore Dr","city":"Birkenfeld"},"geometry":{"type":"Point","coordinates":[-123.37011908049766,46.03430115508992]}},{"type":"Feature","properties":{"kind":"home","county":"Clatsop","class":"100","situs":"","city":""},"geometry":{"type":"Point","coordinates":[-123.36929410330231,46.03075998851956]}},{"type":"Feature","properties":{"kind":"home","county":"Clatsop","class":"409","situs":"85836 Nash Cudy Rd","city":"Birkenfeld"},"geometry":{"type":"Point","coordinates":[-123.426379770568,45.986038617887615]}},{"type":"Feature","properties":{"kind":"home","county":"Clatsop","class":"009","situs":"85836 Nash Cudy Rd","city":"Birkenfeld"},"geometry":{"type":"Point","coordinates":[-123.426379770568,45.986038617887615]}},{"type":"Feature","properties":{"kind":"home","county":"Clatsop","class":"400","situs":"","city":""},"geometry":{"type":"Point","coordinates":[-123.57473898639421,45.878150889738095]}},{"type":"Feature","properties":{"kind":"home","county":"Clatsop","class":"400","situs":"","city":""},"geometry":{"type":"Point","coordinates":[-123.57405387393486,45.87714433883023]}},{"type":"Feature","properties":{"kind":"home","county":"Clatsop","class":"010","situs":"","city":""},"geometry":{"type":"Point","coordinates":[-123.60265087961666,45.87305469663989]}},{"type":"Feature","properties":{"kind":"home","county":"Clatsop","class":"401","situs":"42785 Hwy 26","city":"Seaside"},"geometry":{"type":"Point","coordinates":[-123.59972772915644,45.8756696261694]}},{"type":"Feature","properties":{"kind":"home","county":"Clatsop","class":"101","situs":"71810 North Shore Dr","city":"Birkenfeld"},"geometry":{"type":"Point","coordinates":[-123.36365301431458,46.03825423296255]}},{"type":"Feature","properties":{"kind":"home","county":"Clatsop","class":"101","situs":"71616 North Shore Dr","city":"Birkenfeld"},"geometry":{"type":"Point","coordinates":[-123.3681799280492,46.03698313018374]}},{"type":"Feature","properties":{"kind":"home","county":"Clatsop","class":"100","situs":"","city":""},"geometry":{"type":"Point","coordinates":[-123.36975492802063,46.03575972350043]}},{"type":"Feature","properties":{"kind":"home","county":"Clatsop","class":"400","situs":"","city":""},"geometry":{"type":"Point","coordinates":[-123.40768708535393,45.9932410118247]}},{"type":"Feature","properties":{"kind":"home","county":"Clatsop","class":"401","situs":"42785 Hwy 26","city":"Seaside"},"geometry":{"type":"Point","coordinates":[-123.59972772915644,45.8756696261694]}},{"type":"Feature","properties":{"kind":"home","county":"Clatsop","class":"021","situs":"","city":""},"geometry":{"type":"Point","coordinates":[-123.59972772915644,45.8756696261694]}},{"type":"Feature","properties":{"kind":"home","county":"Clatsop","class":"100","situs":"","city":""},"geometry":{"type":"Point","coordinates":[-123.57167675676516,45.87499577759079]}},{"type":"Feature","properties":{"kind":"home","county":"Clatsop","class":"101","situs":"","city":""},"geometry":{"type":"Point","coordinates":[-123.57135605080553,45.87418205924636]}},{"type":"Feature","properties":{"kind":"home","county":"Clatsop","class":"101","situs":"79829 Hwy 103","city":"Seaside"},"geometry":{"type":"Point","coordinates":[-123.56001497925433,45.865907016054955]}},{"type":"Feature","properties":{"kind":"home","county":"Clatsop","class":"100","situs":"","city":""},"geometry":{"type":"Point","coordinates":[-123.37258130721568,45.98638863427928]}},{"type":"Feature","properties":{"kind":"home","county":"Clatsop","class":"101","situs":"74091 Hwy 202","city":"Birkenfeld"},"geometry":{"type":"Point","coordinates":[-123.36604804186905,45.9800549882078]}},{"type":"Feature","properties":{"kind":"home","county":"Clatsop","class":"101","situs":"71897 Northshore Dr","city":"Birkenfeld"},"geometry":{"type":"Point","coordinates":[-123.36029481716781,46.03902007654716]}},{"type":"Feature","properties":{"kind":"home","county":"Clatsop","class":"101","situs":"71578 North Shore Dr","city":"Birkenfeld"},"geometry":{"type":"Point","coordinates":[-123.36853486556416,46.03643491433883]}},{"type":"Feature","properties":{"kind":"home","county":"Clatsop","class":"101","situs":"71664 North Shore Dr","city":"Birkenfeld"},"geometry":{"type":"Point","coordinates":[-123.36692419638038,46.03759354490474]}},{"type":"Feature","properties":{"kind":"home","county":"Clatsop","class":"101","situs":"9823 Beach Dr","city":"Birkenfeld"},"geometry":{"type":"Point","coordinates":[-123.36299073510033,46.03535601941586]}},{"type":"Feature","properties":{"kind":"home","county":"Clatsop","class":"401","situs":"80469 Sha-Ne-Mah Rd","city":"Seaside"},"geometry":{"type":"Point","coordinates":[-123.60599393354072,45.831393213255986]}},{"type":"Feature","properties":{"kind":"home","county":"Clatsop","class":"401","situs":"80469 Sha-Ne-Mah Rd","city":"Seaside"},"geometry":{"type":"Point","coordinates":[-123.60599393354072,45.831393213255986]}},{"type":"Feature","properties":{"kind":"home","county":"Clatsop","class":"400","situs":"","city":""},"geometry":{"type":"Point","coordinates":[-123.60578709658604,45.8295963810106]}},{"type":"Feature","properties":{"kind":"home","county":"Clatsop","class":"401","situs":"","city":""},"geometry":{"type":"Point","coordinates":[-123.6962171737829,45.85359068642012]}},{"type":"Feature","properties":{"kind":"home","county":"Clatsop","class":"100","situs":"","city":""},"geometry":{"type":"Point","coordinates":[-123.36164567197726,46.03779612984011]}},{"type":"Feature","properties":{"kind":"home","county":"Clatsop","class":"101","situs":"9884 Beach Dr","city":"Birkenfeld"},"geometry":{"type":"Point","coordinates":[-123.36248397702931,46.03438591354035]}},{"type":"Feature","properties":{"kind":"home","county":"Clatsop","class":"101","situs":"71439 North Shore Dr","city":"Birkenfeld"},"geometry":{"type":"Point","coordinates":[-123.3701174585048,46.034493103593846]}},{"type":"Feature","properties":{"kind":"home","county":"Clatsop","class":"101","situs":"71560 North Shore Dr","city":"Birkenfeld"},"geometry":{"type":"Point","coordinates":[-123.36902597795672,46.03579032575673]}},{"type":"Feature","properties":{"kind":"home","county":"Clatsop","class":"101","situs":"71848 North Shore Dr","city":"Birkenfeld"},"geometry":{"type":"Point","coordinates":[-123.36242345621976,46.038143102226165]}},{"type":"Feature","properties":{"kind":"home","county":"Clatsop","class":"400","situs":"","city":""},"geometry":{"type":"Point","coordinates":[-123.36297649303589,46.03893551773753]}},{"type":"Feature","properties":{"kind":"home","county":"Clatsop","class":"101","situs":"9955 Beach Dr","city":"Birkenfeld"},"geometry":{"type":"Point","coordinates":[-123.36046464407006,46.034726934714854]}},{"type":"Feature","properties":{"kind":"home","county":"Clatsop","class":"100","situs":"","city":""},"geometry":{"type":"Point","coordinates":[-123.36342471034163,46.034365034245184]}},{"type":"Feature","properties":{"kind":"home","county":"Clatsop","class":"100","situs":"","city":""},"geometry":{"type":"Point","coordinates":[-123.36576701341362,46.03358612896104]}},{"type":"Feature","properties":{"kind":"home","county":"Clatsop","class":"100","situs":"","city":""},"geometry":{"type":"Point","coordinates":[-123.36351340106913,46.03377487355163]}},{"type":"Feature","properties":{"kind":"home","county":"Clatsop","class":"100","situs":"71443 Parkview Ln","city":"Birkenfeld"},"geometry":{"type":"Point","coordinates":[-123.36487653425884,46.03434879462606]}},{"type":"Feature","properties":{"kind":"home","county":"Clatsop","class":"100","situs":"","city":""},"geometry":{"type":"Point","coordinates":[-123.37012070191369,46.03410920671082]}},{"type":"Feature","properties":{"kind":"home","county":"Clatsop","class":"101","situs":"71364 Northshore Dr","city":"Birkenfeld"},"geometry":{"type":"Point","coordinates":[-123.36923039515199,46.03308503658446]}},{"type":"Feature","properties":{"kind":"home","county":"Clatsop","class":"401","situs":"86254 Northrup Creek Rd","city":"Birkenfeld"},"geometry":{"type":"Point","coordinates":[-123.42830472456285,45.99180456378095]}},{"type":"Feature","properties":{"kind":"home","county":"Clatsop","class":"101","situs":"71437 North Shore Dr","city":"Birkenfeld"},"geometry":{"type":"Point","coordinates":[-123.37011908049766,46.03430115508992]}},{"type":"Feature","properties":{"kind":"home","county":"Clatsop","class":"100","situs":"","city":""},"geometry":{"type":"Point","coordinates":[-123.36929410330231,46.03075998851956]}},{"type":"Feature","properties":{"kind":"home","county":"Clatsop","class":"409","situs":"85836 Nash Cudy Rd","city":"Birkenfeld"},"geometry":{"type":"Point","coordinates":[-123.426379770568,45.986038617887615]}},{"type":"Feature","properties":{"kind":"home","county":"Clatsop","class":"009","situs":"85836 Nash Cudy Rd","city":"Birkenfeld"},"geometry":{"type":"Point","coordinates":[-123.426379770568,45.986038617887615]}},{"type":"Feature","properties":{"kind":"home","county":"Clatsop","class":"401","situs":"85957 Nash Cudy Rd","city":"Birkenfeld"},"geometry":{"type":"Point","coordinates":[-123.4281279524736,45.98724491604926]}},{"type":"Feature","properties":{"kind":"home","county":"Clatsop","class":"401","situs":"85957 Nash Cudy Rd","city":"Birkenfeld"},"geometry":{"type":"Point","coordinates":[-123.4281279524736,45.98724491604926]}},{"type":"Feature","properties":{"kind":"home","county":"Clatsop","class":"401","situs":"45857 Old 77 Vesper Ln","city":"Birkenfeld"},"geometry":{"type":"Point","coordinates":[-123.42304563505215,45.988584845120606]}},{"type":"Feature","properties":{"kind":"home","county":"Clatsop","class":"409","situs":"45857 Old 77 Vesper Ln","city":"Birkenfeld"},"geometry":{"type":"Point","coordinates":[-123.42304563505215,45.988584845120606]}},{"type":"Feature","properties":{"kind":"home","county":"Clatsop","class":"400","situs":"","city":""},"geometry":{"type":"Point","coordinates":[-123.42025197229391,45.98750170946551]}},{"type":"Feature","properties":{"kind":"home","county":"Clatsop","class":"101","situs":"71570 North Shore Dr","city":"Birkenfeld"},"geometry":{"type":"Point","coordinates":[-123.36864133236628,46.03626695903963]}},{"type":"Feature","properties":{"kind":"home","county":"Clatsop","class":"101","situs":"71590 Northshore Dr","city":"Birkenfeld"},"geometry":{"type":"Point","coordinates":[-123.36857591756892,46.03659654552364]}},{"type":"Feature","properties":{"kind":"home","county":"Clatsop","class":"101","situs":"9803 Beach Dr","city":"Birkenfeld"},"geometry":{"type":"Point","coordinates":[-123.36359775550035,46.03538197547205]}},{"type":"Feature","properties":{"kind":"home","county":"Clatsop","class":"100","situs":"9965 Beach Dr","city":"Birkenfeld"},"geometry":{"type":"Point","coordinates":[-123.3599337940657,46.0347783604298]}},{"type":"Feature","properties":{"kind":"home","county":"Clatsop","class":"101","situs":"71499 Fishhawk Rd","city":"Birkenfeld"},"geometry":{"type":"Point","coordinates":[-123.35974191912524,46.03404077243433]}},{"type":"Feature","properties":{"kind":"home","county":"Clatsop","class":"101","situs":"71461 Fishhawk Rd","city":"Clatskanie"},"geometry":{"type":"Point","coordinates":[-123.36220010551561,46.03394813068332]}},{"type":"Feature","properties":{"kind":"home","county":"Clatsop","class":"101","situs":"","city":""},"geometry":{"type":"Point","coordinates":[-123.37019694024956,46.034970502611955]}},{"type":"Feature","properties":{"kind":"home","county":"Clatsop","class":"101","situs":"71472 Northshore Dr","city":"Birkenfeld"},"geometry":{"type":"Point","coordinates":[-123.36921701693761,46.034838456268446]}},{"type":"Feature","properties":{"kind":"home","county":"Clatsop","class":"009","situs":"47022 Old 77 Vesper Ln","city":"Birkenfeld"},"geometry":{"type":"Point","coordinates":[-123.38433977737726,45.99841966998585]}},{"type":"Feature","properties":{"kind":"home","county":"Clatsop","class":"101","situs":"9929 Beach Dr","city":"Birkenfeld"},"geometry":{"type":"Point","coordinates":[-123.36121742468168,46.03463496915047]}},{"type":"Feature","properties":{"kind":"home","county":"Clatsop","class":"101","situs":"71552 Parkview Ln","city":"Birkenfeld"},"geometry":{"type":"Point","coordinates":[-123.36408752033076,46.034274573924364]}},{"type":"Feature","properties":{"kind":"home","county":"Clatsop","class":"100","situs":"","city":""},"geometry":{"type":"Point","coordinates":[-123.3628494271242,46.0342062220078]}},{"type":"Feature","properties":{"kind":"home","county":"Clatsop","class":"100","situs":"","city":""},"geometry":{"type":"Point","coordinates":[-123.36598186106288,46.03412569566484]}},{"type":"Feature","properties":{"kind":"home","county":"Clatsop","class":"101","situs":"71379 Fishhawk Rd","city":"Birkenfeld"},"geometry":{"type":"Point","coordinates":[-123.36677273058145,46.032611660921525]}},{"type":"Feature","properties":{"kind":"home","county":"Clatsop","class":"100","situs":"","city":""},"geometry":{"type":"Point","coordinates":[-123.3662423879009,46.03243851462885]}},{"type":"Feature","properties":{"kind":"home","county":"Clatsop","class":"101","situs":"71556 North Shore Dr","city":"Birkenfeld"},"geometry":{"type":"Point","coordinates":[-123.36920481664586,46.03562050058371]}},{"type":"Feature","properties":{"kind":"home","county":"Clatsop","class":"101","situs":"71257 Northshore Dr","city":"Birkenfeld"},"geometry":{"type":"Point","coordinates":[-123.36842341867616,46.03094219848919]}},{"type":"Feature","properties":{"kind":"home","county":"Clatsop","class":"101","situs":"71371 North Shore Dr","city":"Birkenfeld"},"geometry":{"type":"Point","coordinates":[-123.37012637681967,46.033437387141596]}},{"type":"Feature","properties":{"kind":"home","county":"Clatsop","class":"100","situs":"","city":""},"geometry":{"type":"Point","coordinates":[-123.36921677522935,46.03361971698775]}},{"type":"Feature","properties":{"kind":"home","county":"Clatsop","class":"400","situs":"75213 Hwy 202","city":"Birkenfeld"},"geometry":{"type":"Point","coordinates":[-123.40529305284164,45.98757000664649]}},{"type":"Feature","properties":{"kind":"home","county":"Clatsop","class":"100","situs":"","city":""},"geometry":{"type":"Point","coordinates":[-123.3596144460248,45.975544234801966]}},{"type":"Feature","properties":{"kind":"home","county":"Clatsop","class":"400","situs":"","city":""},"geometry":{"type":"Point","coordinates":[-123.3684238420604,46.0376975763481]}},{"type":"Feature","properties":{"kind":"home","county":"Clatsop","class":"101","situs":"71594 Parkview Ln","city":"Birkenfeld"},"geometry":{"type":"Point","coordinates":[-123.363678420444,46.03466147922465]}},{"type":"Feature","properties":{"kind":"home","county":"Clatsop","class":"101","situs":"9681 Beach Dr","city":"Birkenfeld"},"geometry":{"type":"Point","coordinates":[-123.36612449393259,46.03442032928894]}},{"type":"Feature","properties":{"kind":"home","county":"Clatsop","class":"100","situs":"","city":""},"geometry":{"type":"Point","coordinates":[-123.37014340654184,46.03142192888162]}},{"type":"Feature","properties":{"kind":"home","county":"Clatsop","class":"101","situs":"71778 North Shore Dr","city":"Birkenfeld"},"geometry":{"type":"Point","coordinates":[-123.36446698649094,46.03816784379783]}},{"type":"Feature","properties":{"kind":"home","county":"Clatsop","class":"101","situs":"71826 Northshore Dr","city":"Birkenfeld"},"geometry":{"type":"Point","coordinates":[-123.3631622289053,46.03819505239307]}},{"type":"Feature","properties":{"kind":"home","county":"Clatsop","class":"040","situs":"","city":""},"geometry":{"type":"Point","coordinates":[-123.36073266460032,46.03690698056948]}},{"type":"Feature","properties":{"kind":"home","county":"Clatsop","class":"101","situs":"71267 North Shore Dr","city":"Birkenfeld"},"geometry":{"type":"Point","coordinates":[-123.37010648582401,46.03097033678307]}},{"type":"Feature","properties":{"kind":"home","county":"Clatsop","class":"101","situs":"71407 Northshore Dr","city":"Birkenfeld"},"geometry":{"type":"Point","coordinates":[-123.3701223224336,46.03391725800268]}},{"type":"Feature","properties":{"kind":"home","county":"Clatsop","class":"101","situs":"71334 North Shore Dr","city":"Birkenfeld"},"geometry":{"type":"Point","coordinates":[-123.36923947466025,46.03272858222851]}},{"type":"Feature","properties":{"kind":"home","county":"Clatsop","class":"401","situs":"","city":""},"geometry":{"type":"Point","coordinates":[-123.36414336231319,46.01302023014071]}},{"type":"Feature","properties":{"kind":"home","county":"Clatsop","class":"401","situs":"46572 Old 77 Vesper Ln","city":"Birkenfeld"},"geometry":{"type":"Point","coordinates":[-123.40067218266466,45.99180021260186]}},{"type":"Feature","properties":{"kind":"home","county":"Clatsop","class":"401","situs":"46572 Old 77 Vesper Ln","city":"Birkenfeld"},"geometry":{"type":"Point","coordinates":[-123.40067218266466,45.99180021260186]}},{"type":"Feature","properties":{"kind":"home","county":"Clatsop","class":"401","situs":"75078 Hwy 202","city":"Birkenfeld"},"geometry":{"type":"Point","coordinates":[-123.40010999163205,45.98510961814147]}},{"type":"Feature","properties":{"kind":"home","county":"Clatsop","class":"401","situs":"86340 Northrup Creek Rd","city":"Birkenfeld"},"geometry":{"type":"Point","coordinates":[-123.42660659423899,45.99349973175531]}},{"type":"Feature","properties":{"kind":"home","county":"Clatsop","class":"401","situs":"85978 Nash Cudy Rd","city":"Birkenfeld"},"geometry":{"type":"Point","coordinates":[-123.42715748680865,45.98764623984096]}},{"type":"Feature","properties":{"kind":"home","county":"Clatsop","class":"401","situs":"85978 Nash Cudy Rd","city":"Birkenfeld"},"geometry":{"type":"Point","coordinates":[-123.42715748680865,45.98764623984096]}},{"type":"Feature","properties":{"kind":"home","county":"Clatsop","class":"101","situs":"71455 Fishhawk Rd","city":"Birkenfeld"},"geometry":{"type":"Point","coordinates":[-123.36315156681742,46.034317697532416]}},{"type":"Feature","properties":{"kind":"home","county":"Clatsop","class":"100","situs":"","city":""},"geometry":{"type":"Point","coordinates":[-123.36512019225135,46.03370253404276]}},{"type":"Feature","properties":{"kind":"home","county":"Clatsop","class":"100","situs":"","city":""},"geometry":{"type":"Point","coordinates":[-123.36434750745508,46.03561616096762]}},{"type":"Feature","properties":{"kind":"home","county":"Clatsop","class":"101","situs":"71516 Northshore Dr","city":"Birkenfeld"},"geometry":{"type":"Point","coordinates":[-123.36996862921471,46.03566481194485]}},{"type":"Feature","properties":{"kind":"home","county":"Clatsop","class":"101","situs":"71858 North Shore Dr","city":"Birkenfeld"},"geometry":{"type":"Point","coordinates":[-123.36215859420867,46.03824462213787]}},{"type":"Feature","properties":{"kind":"home","county":"Clatsop","class":"100","situs":"","city":""},"geometry":{"type":"Point","coordinates":[-123.36214094241403,46.03742934202605]}},{"type":"Feature","properties":{"kind":"home","county":"Clatsop","class":"101","situs":"71690 Northshore Dr","city":"Birkenfeld"},"geometry":{"type":"Point","coordinates":[-123.36640500404499,46.03771807789427]}},{"type":"Feature","properties":{"kind":"home","county":"Clatsop","class":"100","situs":"","city":""},"geometry":{"type":"Point","coordinates":[-123.36668573384755,46.03348418990775]}},{"type":"Feature","properties":{"kind":"home","county":"Clatsop","class":"101","situs":"71385 Fishhawk Rd","city":"Birkenfeld"},"geometry":{"type":"Point","coordinates":[-123.36667017865807,46.03309252387821]}},{"type":"Feature","properties":{"kind":"home","county":"Clatsop","class":"101","situs":"71410 North Shore Dr","city":"Birkenfeld"},"geometry":{"type":"Point","coordinates":[-123.36920769507115,46.03397617059426]}},{"type":"Feature","properties":{"kind":"home","county":"Clatsop","class":"401","situs":"86298 Northrup Creek Rd","city":"Birkenfeld"},"geometry":{"type":"Point","coordinates":[-123.42882351757773,45.993271596672024]}},{"type":"Feature","properties":{"kind":"home","county":"Clatsop","class":"409","situs":"86298 Northrup Creek Rd","city":"Birkenfeld"},"geometry":{"type":"Point","coordinates":[-123.42882351757773,45.993271596672024]}},{"type":"Feature","properties":{"kind":"home","county":"Clatsop","class":"019","situs":"86298 Northrup Creek Rd","city":"Birkenfeld"},"geometry":{"type":"Point","coordinates":[-123.42882351757773,45.993271596672024]}},{"type":"Feature","properties":{"kind":"home","county":"Clatsop","class":"101","situs":"71742 North Shore Dr","city":"Birkenfeld"},"geometry":{"type":"Point","coordinates":[-123.3652459422795,46.03813595399828]}},{"type":"Feature","properties":{"kind":"home","county":"Clatsop","class":"101","situs":"71446 Fishhawk Rd","city":"Birkenfeld"},"geometry":{"type":"Point","coordinates":[-123.36449249672195,46.03373320803719]}},{"type":"Feature","properties":{"kind":"home","county":"Clatsop","class":"101","situs":"9733 Beach Dr","city":"Birkenfeld"},"geometry":{"type":"Point","coordinates":[-123.36464045125909,46.03496851487498]}},{"type":"Feature","properties":{"kind":"home","county":"Clatsop","class":"101","situs":"9725 Beach Dr","city":"Birkenfeld"},"geometry":{"type":"Point","coordinates":[-123.36491253784465,46.03491741841994]}},{"type":"Feature","properties":{"kind":"home","county":"Clatsop","class":"101","situs":"71376 Fishhawk Rd","city":"Birkenfeld"},"geometry":{"type":"Point","coordinates":[-123.36635937522784,46.03213659567582]}},{"type":"Feature","properties":{"kind":"home","county":"Clatsop","class":"101","situs":"71250 North Shore Dr","city":"Birkenfeld"},"geometry":{"type":"Point","coordinates":[-123.36867340876051,46.03129968095354]}},{"type":"Feature","properties":{"kind":"home","county":"Clatsop","class":"101","situs":"","city":""},"geometry":{"type":"Point","coordinates":[-123.3701385438202,46.03199777299486]}},{"type":"Feature","properties":{"kind":"home","county":"Clatsop","class":"101","situs":"71300 Northshore Dr","city":"Birkenfeld"},"geometry":{"type":"Point","coordinates":[-123.36924419154424,46.03255039859957]}},{"type":"Feature","properties":{"kind":"home","county":"Clatsop","class":"401","situs":"70107 Fishhawk Rd","city":"Birkenfeld"},"geometry":{"type":"Point","coordinates":[-123.36645809837135,46.015187912902235]}},{"type":"Feature","properties":{"kind":"home","county":"Clatsop","class":"401","situs":"70107 Fishhawk Rd","city":"Birkenfeld"},"geometry":{"type":"Point","coordinates":[-123.36645809837135,46.015187912902235]}},{"type":"Feature","properties":{"kind":"home","county":"Clatsop","class":"101","situs":"71818 Northshore Dr","city":"Birkenfeld"},"geometry":{"type":"Point","coordinates":[-123.36339121535106,46.03823155886546]}},{"type":"Feature","properties":{"kind":"home","county":"Clatsop","class":"100","situs":"","city":""},"geometry":{"type":"Point","coordinates":[-123.36186025284772,46.03772711864389]}},{"type":"Feature","properties":{"kind":"home","county":"Clatsop","class":"101","situs":"71642 Northshore Dr","city":"Birkenfeld"},"geometry":{"type":"Point","coordinates":[-123.36759161670675,46.037317019855784]}},{"type":"Feature","properties":{"kind":"home","county":"Clatsop","class":"101","situs":"9837 Beach Dr","city":"Birkenfeld"},"geometry":{"type":"Point","coordinates":[-123.36272114067161,46.035237348916226]}},{"type":"Feature","properties":{"kind":"home","county":"Clatsop","class":"101","situs":"71788 Northshore Dr","city":"Birkenfeld"},"geometry":{"type":"Point","coordinates":[-123.36418675176715,46.0381942711877]}},{"type":"Feature","properties":{"kind":"home","county":"Clatsop","class":"101","situs":"9964 Beach Dr","city":"Birkenfeld"},"geometry":{"type":"Point","coordinates":[-123.36007119881253,46.03412589203609]}},{"type":"Feature","properties":{"kind":"home","county":"Clatsop","class":"101","situs":"71463 Fishhawk Rd","city":"Birkenfeld"},"geometry":{"type":"Point","coordinates":[-123.36172981805004,46.0339014047609]}},{"type":"Feature","properties":{"kind":"home","county":"Clatsop","class":"400","situs":"","city":""},"geometry":{"type":"Point","coordinates":[-123.42764184174563,45.99098662758225]}},{"type":"Feature","properties":{"kind":"home","county":"Clatsop","class":"400","situs":"","city":""},"geometry":{"type":"Point","coordinates":[-123.40101174870527,45.988389339563795]}},{"type":"Feature","properties":{"kind":"home","county":"Clatsop","class":"400","situs":"","city":""},"geometry":{"type":"Point","coordinates":[-123.42098239559776,45.983740335772175]}},{"type":"Feature","properties":{"kind":"home","county":"Clatsop","class":"010","situs":"","city":""},"geometry":{"type":"Point","coordinates":[-123.38165948042447,45.982230873306435]}},{"type":"Feature","properties":{"kind":"home","county":"Clatsop","class":"100","situs":"","city":""},"geometry":{"type":"Point","coordinates":[-123.36480649652867,46.033718113526504]}},{"type":"Feature","properties":{"kind":"home","county":"Clatsop","class":"101","situs":"71438 North Shore Dr","city":"Birkenfeld"},"geometry":{"type":"Point","coordinates":[-123.36917753553767,46.034501422443505]}},{"type":"Feature","properties":{"kind":"home","county":"Clatsop","class":"101","situs":"71391 Fishhawk Rd","city":"Birkenfeld"},"geometry":{"type":"Point","coordinates":[-123.36655354420346,46.03365667455617]}},{"type":"Feature","properties":{"kind":"home","county":"Clatsop","class":"101","situs":"71222 Fishhawk Rd","city":"Clatskanie"},"geometry":{"type":"Point","coordinates":[-123.36632368401284,46.031462139232396]}},{"type":"Feature","properties":{"kind":"home","county":"Clatsop","class":"100","situs":"","city":""},"geometry":{"type":"Point","coordinates":[-123.3681178934447,46.03114159961046]}},{"type":"Feature","properties":{"kind":"home","county":"Clatsop","class":"101","situs":"71273 Northshore Dr","city":"Birkenfeld"},"geometry":{"type":"Point","coordinates":[-123.37018739322987,46.03120777570467]}},{"type":"Feature","properties":{"kind":"home","county":"Clatsop","class":"401","situs":"86205 Northrup Creek Rd","city":"Birkenfeld"},"geometry":{"type":"Point","coordinates":[-123.42474233900374,45.989756765936775]}},{"type":"Feature","properties":{"kind":"home","county":"Clatsop","class":"400","situs":"","city":""},"geometry":{"type":"Point","coordinates":[-123.40216914880226,45.98654474013453]}},{"type":"Feature","properties":{"kind":"home","county":"Clatsop","class":"101","situs":"9702 Beach Dr","city":"Birkenfeld"},"geometry":{"type":"Point","coordinates":[-123.36555824039617,46.03416314475516]}},{"type":"Feature","properties":{"kind":"home","county":"Clatsop","class":"101","situs":"71465 Northshore Dr","city":"Birkenfeld"},"geometry":{"type":"Point","coordinates":[-123.37012154108339,46.034684040152634]}},{"type":"Feature","properties":{"kind":"home","county":"Clatsop","class":"400","situs":"","city":""},"geometry":{"type":"Point","coordinates":[-123.36025716926562,46.01019546135788]}},{"type":"Feature","properties":{"kind":"home","county":"Clatsop","class":"101","situs":"85924 Cahill Rd","city":"Birkenfeld"},"geometry":{"type":"Point","coordinates":[-123.38459585677678,45.98706996456368]}},{"type":"Feature","properties":{"kind":"home","county":"Clatsop","class":"009","situs":"81530 Hwy 202","city":"Seaside"},"geometry":{"type":"Point","coordinates":[-123.5916015176679,45.957512832860374]}},{"type":"Feature","properties":{"kind":"home","county":"Clatsop","class":"100","situs":"","city":""},"geometry":{"type":"Point","coordinates":[-123.36141170561105,46.03837666615293]}},{"type":"Feature","properties":{"kind":"home","county":"Clatsop","class":"100","situs":"","city":""},"geometry":{"type":"Point","coordinates":[-123.36202224710084,46.03758634717873]}},{"type":"Feature","properties":{"kind":"home","county":"Clatsop","class":"100","situs":"","city":""},"geometry":{"type":"Point","coordinates":[-123.36222986483949,46.037256435201385]}},{"type":"Feature","properties":{"kind":"home","county":"Clatsop","class":"101","situs":"71566 North Shore Dr","city":"Birkenfeld"},"geometry":{"type":"Point","coordinates":[-123.36874491494513,46.03610590638441]}},{"type":"Feature","properties":{"kind":"home","county":"Clatsop","class":"100","situs":"9842 Beach Dr","city":"Birkenfeld"},"geometry":{"type":"Point","coordinates":[-123.36297545294465,46.03465825165754]}},{"type":"Feature","properties":{"kind":"home","county":"Clatsop","class":"100","situs":"","city":""},"geometry":{"type":"Point","coordinates":[-123.36417850998504,46.03374829960047]}},{"type":"Feature","properties":{"kind":"home","county":"Clatsop","class":"101","situs":"71186 Fishhawk Lk","city":"Birkenfeld"},"geometry":{"type":"Point","coordinates":[-123.3662837402367,46.031134578760096]}},{"type":"Feature","properties":{"kind":"home","county":"Clatsop","class":"101","situs":"71375 Northshore Dr","city":"Birkenfeld"},"geometry":{"type":"Point","coordinates":[-123.37012394339739,46.03372530958621]}},{"type":"Feature","properties":{"kind":"home","county":"Clatsop","class":"101","situs":"71290 North Shore Dr","city":"Birkenfeld"},"geometry":{"type":"Point","coordinates":[-123.36928158313167,46.032374849634664]}},{"type":"Feature","properties":{"kind":"home","county":"Clatsop","class":"401","situs":"75209 Hwy 202","city":"Birkenfeld"},"geometry":{"type":"Point","coordinates":[-123.40386971714385,45.98730348929256]}},{"type":"Feature","properties":{"kind":"home","county":"Clatsop","class":"401","situs":"75209 Hwy 202","city":"Birkenfeld"},"geometry":{"type":"Point","coordinates":[-123.40386971714385,45.98730348929256]}},{"type":"Feature","properties":{"kind":"home","county":"Clatsop","class":"101","situs":"71848 North Shore Dr","city":"Birkenfeld"},"geometry":{"type":"Point","coordinates":[-123.36242345621976,46.038143102226165]}},{"type":"Feature","properties":{"kind":"home","county":"Clatsop","class":"400","situs":"","city":""},"geometry":{"type":"Point","coordinates":[-123.36297649303589,46.03893551773753]}},{"type":"Feature","properties":{"kind":"home","county":"Clatsop","class":"101","situs":"9955 Beach Dr","city":"Birkenfeld"},"geometry":{"type":"Point","coordinates":[-123.36046464407006,46.034726934714854]}},{"type":"Feature","properties":{"kind":"home","county":"Clatsop","class":"100","situs":"","city":""},"geometry":{"type":"Point","coordinates":[-123.36342471034163,46.034365034245184]}},{"type":"Feature","properties":{"kind":"home","county":"Clatsop","class":"100","situs":"","city":""},"geometry":{"type":"Point","coordinates":[-123.36576701341362,46.03358612896104]}},{"type":"Feature","properties":{"kind":"home","county":"Clatsop","class":"100","situs":"","city":""},"geometry":{"type":"Point","coordinates":[-123.36351340106913,46.03377487355163]}},{"type":"Feature","properties":{"kind":"home","county":"Clatsop","class":"100","situs":"71443 Parkview Ln","city":"Birkenfeld"},"geometry":{"type":"Point","coordinates":[-123.36487653425884,46.03434879462606]}},{"type":"Feature","properties":{"kind":"home","county":"Clatsop","class":"100","situs":"","city":""},"geometry":{"type":"Point","coordinates":[-123.37012070191369,46.03410920671082]}},{"type":"Feature","properties":{"kind":"home","county":"Clatsop","class":"101","situs":"71364 Northshore Dr","city":"Birkenfeld"},"geometry":{"type":"Point","coordinates":[-123.36923039515199,46.03308503658446]}},{"type":"Feature","properties":{"kind":"home","county":"Clatsop","class":"401","situs":"86254 Northrup Creek Rd","city":"Birkenfeld"},"geometry":{"type":"Point","coordinates":[-123.42830472456285,45.99180456378095]}},{"type":"Feature","properties":{"kind":"home","county":"Clatsop","class":"101","situs":"71437 North Shore Dr","city":"Birkenfeld"},"geometry":{"type":"Point","coordinates":[-123.37011908049766,46.03430115508992]}},{"type":"Feature","properties":{"kind":"home","county":"Clatsop","class":"100","situs":"","city":""},"geometry":{"type":"Point","coordinates":[-123.36929410330231,46.03075998851956]}},{"type":"Feature","properties":{"kind":"home","county":"Clatsop","class":"409","situs":"85836 Nash Cudy Rd","city":"Birkenfeld"},"geometry":{"type":"Point","coordinates":[-123.426379770568,45.986038617887615]}},{"type":"Feature","properties":{"kind":"home","county":"Clatsop","class":"009","situs":"85836 Nash Cudy Rd","city":"Birkenfeld"},"geometry":{"type":"Point","coordinates":[-123.426379770568,45.986038617887615]}},{"type":"Feature","properties":{"kind":"home","county":"Clatsop","class":"401","situs":"85957 Nash Cudy Rd","city":"Birkenfeld"},"geometry":{"type":"Point","coordinates":[-123.4281279524736,45.98724491604926]}},{"type":"Feature","properties":{"kind":"home","county":"Clatsop","class":"401","situs":"85957 Nash Cudy Rd","city":"Birkenfeld"},"geometry":{"type":"Point","coordinates":[-123.4281279524736,45.98724491604926]}},{"type":"Feature","properties":{"kind":"home","county":"Clatsop","class":"401","situs":"45857 Old 77 Vesper Ln","city":"Birkenfeld"},"geometry":{"type":"Point","coordinates":[-123.42304563505215,45.988584845120606]}},{"type":"Feature","properties":{"kind":"home","county":"Clatsop","class":"409","situs":"45857 Old 77 Vesper Ln","city":"Birkenfeld"},"geometry":{"type":"Point","coordinates":[-123.42304563505215,45.988584845120606]}},{"type":"Feature","properties":{"kind":"home","county":"Clatsop","class":"400","situs":"","city":""},"geometry":{"type":"Point","coordinates":[-123.42025197229391,45.98750170946551]}},{"type":"Feature","properties":{"kind":"home","county":"Clatsop","class":"101","situs":"71570 North Shore Dr","city":"Birkenfeld"},"geometry":{"type":"Point","coordinates":[-123.36864133236628,46.03626695903963]}},{"type":"Feature","properties":{"kind":"home","county":"Clatsop","class":"101","situs":"71590 Northshore Dr","city":"Birkenfeld"},"geometry":{"type":"Point","coordinates":[-123.36857591756892,46.03659654552364]}},{"type":"Feature","properties":{"kind":"home","county":"Clatsop","class":"101","situs":"9803 Beach Dr","city":"Birkenfeld"},"geometry":{"type":"Point","coordinates":[-123.36359775550035,46.03538197547205]}},{"type":"Feature","properties":{"kind":"home","county":"Clatsop","class":"100","situs":"9965 Beach Dr","city":"Birkenfeld"},"geometry":{"type":"Point","coordinates":[-123.3599337940657,46.0347783604298]}},{"type":"Feature","properties":{"kind":"home","county":"Clatsop","class":"101","situs":"71499 Fishhawk Rd","city":"Birkenfeld"},"geometry":{"type":"Point","coordinates":[-123.35974191912524,46.03404077243433]}},{"type":"Feature","properties":{"kind":"home","county":"Clatsop","class":"101","situs":"71461 Fishhawk Rd","city":"Clatskanie"},"geometry":{"type":"Point","coordinates":[-123.36220010551561,46.03394813068332]}},{"type":"Feature","properties":{"kind":"home","county":"Clatsop","class":"101","situs":"","city":""},"geometry":{"type":"Point","coordinates":[-123.37019694024956,46.034970502611955]}},{"type":"Feature","properties":{"kind":"home","county":"Clatsop","class":"101","situs":"71472 Northshore Dr","city":"Birkenfeld"},"geometry":{"type":"Point","coordinates":[-123.36921701693761,46.034838456268446]}},{"type":"Feature","properties":{"kind":"home","county":"Clatsop","class":"009","situs":"47022 Old 77 Vesper Ln","city":"Birkenfeld"},"geometry":{"type":"Point","coordinates":[-123.38433977737726,45.99841966998585]}},{"type":"Feature","properties":{"kind":"home","county":"Clatsop","class":"101","situs":"9929 Beach Dr","city":"Birkenfeld"},"geometry":{"type":"Point","coordinates":[-123.36121742468168,46.03463496915047]}},{"type":"Feature","properties":{"kind":"home","county":"Clatsop","class":"101","situs":"71552 Parkview Ln","city":"Birkenfeld"},"geometry":{"type":"Point","coordinates":[-123.36408752033076,46.034274573924364]}},{"type":"Feature","properties":{"kind":"home","county":"Clatsop","class":"100","situs":"","city":""},"geometry":{"type":"Point","coordinates":[-123.3628494271242,46.0342062220078]}},{"type":"Feature","properties":{"kind":"home","county":"Clatsop","class":"100","situs":"","city":""},"geometry":{"type":"Point","coordinates":[-123.36598186106288,46.03412569566484]}},{"type":"Feature","properties":{"kind":"home","county":"Clatsop","class":"101","situs":"71379 Fishhawk Rd","city":"Birkenfeld"},"geometry":{"type":"Point","coordinates":[-123.36677273058145,46.032611660921525]}},{"type":"Feature","properties":{"kind":"home","county":"Clatsop","class":"100","situs":"","city":""},"geometry":{"type":"Point","coordinates":[-123.3662423879009,46.03243851462885]}},{"type":"Feature","properties":{"kind":"home","county":"Clatsop","class":"101","situs":"71556 North Shore Dr","city":"Birkenfeld"},"geometry":{"type":"Point","coordinates":[-123.36920481664586,46.03562050058371]}},{"type":"Feature","properties":{"kind":"home","county":"Clatsop","class":"101","situs":"71257 Northshore Dr","city":"Birkenfeld"},"geometry":{"type":"Point","coordinates":[-123.36842341867616,46.03094219848919]}},{"type":"Feature","properties":{"kind":"home","county":"Clatsop","class":"101","situs":"71371 North Shore Dr","city":"Birkenfeld"},"geometry":{"type":"Point","coordinates":[-123.37012637681967,46.033437387141596]}},{"type":"Feature","properties":{"kind":"home","county":"Clatsop","class":"100","situs":"","city":""},"geometry":{"type":"Point","coordinates":[-123.36921677522935,46.03361971698775]}},{"type":"Feature","properties":{"kind":"home","county":"Clatsop","class":"400","situs":"75213 Hwy 202","city":"Birkenfeld"},"geometry":{"type":"Point","coordinates":[-123.40529305284164,45.98757000664649]}},{"type":"Feature","properties":{"kind":"home","county":"Clatsop","class":"100","situs":"","city":""},"geometry":{"type":"Point","coordinates":[-123.3596144460248,45.975544234801966]}},{"type":"Feature","properties":{"kind":"home","county":"Clatsop","class":"400","situs":"","city":""},"geometry":{"type":"Point","coordinates":[-123.3684238420604,46.0376975763481]}},{"type":"Feature","properties":{"kind":"home","county":"Clatsop","class":"101","situs":"71594 Parkview Ln","city":"Birkenfeld"},"geometry":{"type":"Point","coordinates":[-123.363678420444,46.03466147922465]}},{"type":"Feature","properties":{"kind":"home","county":"Clatsop","class":"101","situs":"9681 Beach Dr","city":"Birkenfeld"},"geometry":{"type":"Point","coordinates":[-123.36612449393259,46.03442032928894]}},{"type":"Feature","properties":{"kind":"home","county":"Clatsop","class":"100","situs":"","city":""},"geometry":{"type":"Point","coordinates":[-123.37014340654184,46.03142192888162]}},{"type":"Feature","properties":{"kind":"home","county":"Clatsop","class":"101","situs":"71778 North Shore Dr","city":"Birkenfeld"},"geometry":{"type":"Point","coordinates":[-123.36446698649094,46.03816784379783]}},{"type":"Feature","properties":{"kind":"home","county":"Clatsop","class":"101","situs":"71826 Northshore Dr","city":"Birkenfeld"},"geometry":{"type":"Point","coordinates":[-123.3631622289053,46.03819505239307]}},{"type":"Feature","properties":{"kind":"home","county":"Clatsop","class":"040","situs":"","city":""},"geometry":{"type":"Point","coordinates":[-123.36073266460032,46.03690698056948]}},{"type":"Feature","properties":{"kind":"home","county":"Clatsop","class":"101","situs":"71267 North Shore Dr","city":"Birkenfeld"},"geometry":{"type":"Point","coordinates":[-123.37010648582401,46.03097033678307]}},{"type":"Feature","properties":{"kind":"home","county":"Clatsop","class":"101","situs":"71407 Northshore Dr","city":"Birkenfeld"},"geometry":{"type":"Point","coordinates":[-123.3701223224336,46.03391725800268]}},{"type":"Feature","properties":{"kind":"home","county":"Clatsop","class":"101","situs":"71334 North Shore Dr","city":"Birkenfeld"},"geometry":{"type":"Point","coordinates":[-123.36923947466025,46.03272858222851]}},{"type":"Feature","properties":{"kind":"home","county":"Clatsop","class":"401","situs":"","city":""},"geometry":{"type":"Point","coordinates":[-123.36414336231319,46.01302023014071]}},{"type":"Feature","properties":{"kind":"home","county":"Clatsop","class":"401","situs":"46572 Old 77 Vesper Ln","city":"Birkenfeld"},"geometry":{"type":"Point","coordinates":[-123.40067218266466,45.99180021260186]}},{"type":"Feature","properties":{"kind":"home","county":"Clatsop","class":"401","situs":"46572 Old 77 Vesper Ln","city":"Birkenfeld"},"geometry":{"type":"Point","coordinates":[-123.40067218266466,45.99180021260186]}},{"type":"Feature","properties":{"kind":"home","county":"Clatsop","class":"401","situs":"75078 Hwy 202","city":"Birkenfeld"},"geometry":{"type":"Point","coordinates":[-123.40010999163205,45.98510961814147]}},{"type":"Feature","properties":{"kind":"home","county":"Clatsop","class":"401","situs":"86340 Northrup Creek Rd","city":"Birkenfeld"},"geometry":{"type":"Point","coordinates":[-123.42660659423899,45.99349973175531]}},{"type":"Feature","properties":{"kind":"home","county":"Clatsop","class":"401","situs":"85978 Nash Cudy Rd","city":"Birkenfeld"},"geometry":{"type":"Point","coordinates":[-123.42715748680865,45.98764623984096]}},{"type":"Feature","properties":{"kind":"home","county":"Clatsop","class":"401","situs":"85978 Nash Cudy Rd","city":"Birkenfeld"},"geometry":{"type":"Point","coordinates":[-123.42715748680865,45.98764623984096]}},{"type":"Feature","properties":{"kind":"home","county":"Clatsop","class":"101","situs":"71455 Fishhawk Rd","city":"Birkenfeld"},"geometry":{"type":"Point","coordinates":[-123.36315156681742,46.034317697532416]}},{"type":"Feature","properties":{"kind":"home","county":"Clatsop","class":"100","situs":"","city":""},"geometry":{"type":"Point","coordinates":[-123.36512019225135,46.03370253404276]}},{"type":"Feature","properties":{"kind":"home","county":"Clatsop","class":"100","situs":"","city":""},"geometry":{"type":"Point","coordinates":[-123.36434750745508,46.03561616096762]}},{"type":"Feature","properties":{"kind":"home","county":"Clatsop","class":"101","situs":"71516 Northshore Dr","city":"Birkenfeld"},"geometry":{"type":"Point","coordinates":[-123.36996862921471,46.03566481194485]}},{"type":"Feature","properties":{"kind":"home","county":"Clatsop","class":"101","situs":"71858 North Shore Dr","city":"Birkenfeld"},"geometry":{"type":"Point","coordinates":[-123.36215859420867,46.03824462213787]}},{"type":"Feature","properties":{"kind":"home","county":"Clatsop","class":"100","situs":"","city":""},"geometry":{"type":"Point","coordinates":[-123.36214094241403,46.03742934202605]}},{"type":"Feature","properties":{"kind":"home","county":"Clatsop","class":"101","situs":"71690 Northshore Dr","city":"Birkenfeld"},"geometry":{"type":"Point","coordinates":[-123.36640500404499,46.03771807789427]}},{"type":"Feature","properties":{"kind":"home","county":"Clatsop","class":"100","situs":"","city":""},"geometry":{"type":"Point","coordinates":[-123.36668573384755,46.03348418990775]}},{"type":"Feature","properties":{"kind":"home","county":"Clatsop","class":"101","situs":"71385 Fishhawk Rd","city":"Birkenfeld"},"geometry":{"type":"Point","coordinates":[-123.36667017865807,46.03309252387821]}},{"type":"Feature","properties":{"kind":"home","county":"Clatsop","class":"101","situs":"71410 North Shore Dr","city":"Birkenfeld"},"geometry":{"type":"Point","coordinates":[-123.36920769507115,46.03397617059426]}},{"type":"Feature","properties":{"kind":"home","county":"Clatsop","class":"401","situs":"86298 Northrup Creek Rd","city":"Birkenfeld"},"geometry":{"type":"Point","coordinates":[-123.42882351757773,45.993271596672024]}},{"type":"Feature","properties":{"kind":"home","county":"Clatsop","class":"409","situs":"86298 Northrup Creek Rd","city":"Birkenfeld"},"geometry":{"type":"Point","coordinates":[-123.42882351757773,45.993271596672024]}},{"type":"Feature","properties":{"kind":"home","county":"Clatsop","class":"019","situs":"86298 Northrup Creek Rd","city":"Birkenfeld"},"geometry":{"type":"Point","coordinates":[-123.42882351757773,45.993271596672024]}},{"type":"Feature","properties":{"kind":"home","county":"Clatsop","class":"101","situs":"71742 North Shore Dr","city":"Birkenfeld"},"geometry":{"type":"Point","coordinates":[-123.3652459422795,46.03813595399828]}},{"type":"Feature","properties":{"kind":"home","county":"Clatsop","class":"101","situs":"71446 Fishhawk Rd","city":"Birkenfeld"},"geometry":{"type":"Point","coordinates":[-123.36449249672195,46.03373320803719]}},{"type":"Feature","properties":{"kind":"home","county":"Clatsop","class":"101","situs":"9733 Beach Dr","city":"Birkenfeld"},"geometry":{"type":"Point","coordinates":[-123.36464045125909,46.03496851487498]}},{"type":"Feature","properties":{"kind":"home","county":"Clatsop","class":"101","situs":"9725 Beach Dr","city":"Birkenfeld"},"geometry":{"type":"Point","coordinates":[-123.36491253784465,46.03491741841994]}},{"type":"Feature","properties":{"kind":"home","county":"Clatsop","class":"101","situs":"71376 Fishhawk Rd","city":"Birkenfeld"},"geometry":{"type":"Point","coordinates":[-123.36635937522784,46.03213659567582]}},{"type":"Feature","properties":{"kind":"home","county":"Clatsop","class":"101","situs":"71250 North Shore Dr","city":"Birkenfeld"},"geometry":{"type":"Point","coordinates":[-123.36867340876051,46.03129968095354]}},{"type":"Feature","properties":{"kind":"home","county":"Clatsop","class":"101","situs":"","city":""},"geometry":{"type":"Point","coordinates":[-123.3701385438202,46.03199777299486]}},{"type":"Feature","properties":{"kind":"home","county":"Clatsop","class":"101","situs":"71300 Northshore Dr","city":"Birkenfeld"},"geometry":{"type":"Point","coordinates":[-123.36924419154424,46.03255039859957]}},{"type":"Feature","properties":{"kind":"home","county":"Clatsop","class":"401","situs":"70107 Fishhawk Rd","city":"Birkenfeld"},"geometry":{"type":"Point","coordinates":[-123.36645809837135,46.015187912902235]}},{"type":"Feature","properties":{"kind":"home","county":"Clatsop","class":"401","situs":"70107 Fishhawk Rd","city":"Birkenfeld"},"geometry":{"type":"Point","coordinates":[-123.36645809837135,46.015187912902235]}},{"type":"Feature","properties":{"kind":"home","county":"Clatsop","class":"101","situs":"71818 Northshore Dr","city":"Birkenfeld"},"geometry":{"type":"Point","coordinates":[-123.36339121535106,46.03823155886546]}},{"type":"Feature","properties":{"kind":"home","county":"Clatsop","class":"100","situs":"","city":""},"geometry":{"type":"Point","coordinates":[-123.36186025284772,46.03772711864389]}},{"type":"Feature","properties":{"kind":"home","county":"Clatsop","class":"101","situs":"71642 Northshore Dr","city":"Birkenfeld"},"geometry":{"type":"Point","coordinates":[-123.36759161670675,46.037317019855784]}},{"type":"Feature","properties":{"kind":"home","county":"Clatsop","class":"101","situs":"9837 Beach Dr","city":"Birkenfeld"},"geometry":{"type":"Point","coordinates":[-123.36272114067161,46.035237348916226]}},{"type":"Feature","properties":{"kind":"home","county":"Clatsop","class":"101","situs":"71788 Northshore Dr","city":"Birkenfeld"},"geometry":{"type":"Point","coordinates":[-123.36418675176715,46.0381942711877]}},{"type":"Feature","properties":{"kind":"home","county":"Clatsop","class":"101","situs":"9964 Beach Dr","city":"Birkenfeld"},"geometry":{"type":"Point","coordinates":[-123.36007119881253,46.03412589203609]}},{"type":"Feature","properties":{"kind":"home","county":"Clatsop","class":"101","situs":"71463 Fishhawk Rd","city":"Birkenfeld"},"geometry":{"type":"Point","coordinates":[-123.36172981805004,46.0339014047609]}},{"type":"Feature","properties":{"kind":"home","county":"Clatsop","class":"400","situs":"","city":""},"geometry":{"type":"Point","coordinates":[-123.42764184174563,45.99098662758225]}},{"type":"Feature","properties":{"kind":"home","county":"Clatsop","class":"400","situs":"","city":""},"geometry":{"type":"Point","coordinates":[-123.40101174870527,45.988389339563795]}},{"type":"Feature","properties":{"kind":"home","county":"Clatsop","class":"400","situs":"","city":""},"geometry":{"type":"Point","coordinates":[-123.42098239559776,45.983740335772175]}},{"type":"Feature","properties":{"kind":"home","county":"Clatsop","class":"010","situs":"","city":""},"geometry":{"type":"Point","coordinates":[-123.38165948042447,45.982230873306435]}},{"type":"Feature","properties":{"kind":"home","county":"Clatsop","class":"100","situs":"","city":""},"geometry":{"type":"Point","coordinates":[-123.36480649652867,46.033718113526504]}},{"type":"Feature","properties":{"kind":"home","county":"Clatsop","class":"101","situs":"71438 North Shore Dr","city":"Birkenfeld"},"geometry":{"type":"Point","coordinates":[-123.36917753553767,46.034501422443505]}},{"type":"Feature","properties":{"kind":"home","county":"Clatsop","class":"101","situs":"71391 Fishhawk Rd","city":"Birkenfeld"},"geometry":{"type":"Point","coordinates":[-123.36655354420346,46.03365667455617]}},{"type":"Feature","properties":{"kind":"home","county":"Clatsop","class":"101","situs":"71222 Fishhawk Rd","city":"Clatskanie"},"geometry":{"type":"Point","coordinates":[-123.36632368401284,46.031462139232396]}},{"type":"Feature","properties":{"kind":"home","county":"Clatsop","class":"100","situs":"","city":""},"geometry":{"type":"Point","coordinates":[-123.3681178934447,46.03114159961046]}},{"type":"Feature","properties":{"kind":"home","county":"Clatsop","class":"101","situs":"71273 Northshore Dr","city":"Birkenfeld"},"geometry":{"type":"Point","coordinates":[-123.37018739322987,46.03120777570467]}},{"type":"Feature","properties":{"kind":"home","county":"Clatsop","class":"401","situs":"86205 Northrup Creek Rd","city":"Birkenfeld"},"geometry":{"type":"Point","coordinates":[-123.42474233900374,45.989756765936775]}},{"type":"Feature","properties":{"kind":"home","county":"Clatsop","class":"400","situs":"","city":""},"geometry":{"type":"Point","coordinates":[-123.40216914880226,45.98654474013453]}},{"type":"Feature","properties":{"kind":"home","county":"Clatsop","class":"101","situs":"9702 Beach Dr","city":"Birkenfeld"},"geometry":{"type":"Point","coordinates":[-123.36555824039617,46.03416314475516]}},{"type":"Feature","properties":{"kind":"home","county":"Clatsop","class":"101","situs":"71465 Northshore Dr","city":"Birkenfeld"},"geometry":{"type":"Point","coordinates":[-123.37012154108339,46.034684040152634]}},{"type":"Feature","properties":{"kind":"home","county":"Clatsop","class":"400","situs":"","city":""},"geometry":{"type":"Point","coordinates":[-123.36025716926562,46.01019546135788]}},{"type":"Feature","properties":{"kind":"home","county":"Clatsop","class":"101","situs":"85924 Cahill Rd","city":"Birkenfeld"},"geometry":{"type":"Point","coordinates":[-123.38459585677678,45.98706996456368]}},{"type":"Feature","properties":{"kind":"home","county":"Clatsop","class":"009","situs":"81530 Hwy 202","city":"Seaside"},"geometry":{"type":"Point","coordinates":[-123.5916015176679,45.957512832860374]}},{"type":"Feature","properties":{"kind":"home","county":"Clatsop","class":"100","situs":"","city":""},"geometry":{"type":"Point","coordinates":[-123.36141170561105,46.03837666615293]}},{"type":"Feature","properties":{"kind":"home","county":"Clatsop","class":"100","situs":"","city":""},"geometry":{"type":"Point","coordinates":[-123.36202224710084,46.03758634717873]}},{"type":"Feature","properties":{"kind":"home","county":"Clatsop","class":"100","situs":"","city":""},"geometry":{"type":"Point","coordinates":[-123.36222986483949,46.037256435201385]}},{"type":"Feature","properties":{"kind":"home","county":"Clatsop","class":"101","situs":"71566 North Shore Dr","city":"Birkenfeld"},"geometry":{"type":"Point","coordinates":[-123.36874491494513,46.03610590638441]}},{"type":"Feature","properties":{"kind":"home","county":"Clatsop","class":"100","situs":"9842 Beach Dr","city":"Birkenfeld"},"geometry":{"type":"Point","coordinates":[-123.36297545294465,46.03465825165754]}},{"type":"Feature","properties":{"kind":"home","county":"Clatsop","class":"100","situs":"","city":""},"geometry":{"type":"Point","coordinates":[-123.36417850998504,46.03374829960047]}},{"type":"Feature","properties":{"kind":"home","county":"Clatsop","class":"101","situs":"71186 Fishhawk Lk","city":"Birkenfeld"},"geometry":{"type":"Point","coordinates":[-123.3662837402367,46.031134578760096]}},{"type":"Feature","properties":{"kind":"home","county":"Clatsop","class":"101","situs":"71375 Northshore Dr","city":"Birkenfeld"},"geometry":{"type":"Point","coordinates":[-123.37012394339739,46.03372530958621]}},{"type":"Feature","properties":{"kind":"home","county":"Clatsop","class":"101","situs":"71290 North Shore Dr","city":"Birkenfeld"},"geometry":{"type":"Point","coordinates":[-123.36928158313167,46.032374849634664]}},{"type":"Feature","properties":{"kind":"home","county":"Clatsop","class":"401","situs":"75209 Hwy 202","city":"Birkenfeld"},"geometry":{"type":"Point","coordinates":[-123.40386971714385,45.98730348929256]}},{"type":"Feature","properties":{"kind":"home","county":"Clatsop","class":"401","situs":"75209 Hwy 202","city":"Birkenfeld"},"geometry":{"type":"Point","coordinates":[-123.40386971714385,45.98730348929256]}},{"type":"Feature","properties":{"kind":"home","county":"Clatsop","class":"101","situs":"71626 Northshore Dr","city":"Birkenfeld"},"geometry":{"type":"Point","coordinates":[-123.36798504287472,46.037088979843936]}},{"type":"Feature","properties":{"kind":"home","county":"Clatsop","class":"401","situs":"","city":""},"geometry":{"type":"Point","coordinates":[-123.6962171737829,45.85359068642012]}},{"type":"Feature","properties":{"kind":"home","county":"Clatsop","class":"401","situs":"81389 Layton Rd","city":"Seaside"},"geometry":{"type":"Point","coordinates":[-123.69588522420534,45.852078827953385]}},{"type":"Feature","properties":{"kind":"home","county":"Clatsop","class":"401","situs":"81389 Layton Rd","city":"Seaside"},"geometry":{"type":"Point","coordinates":[-123.69588522420534,45.852078827953385]}},{"type":"Feature","properties":{"kind":"home","county":"Clatsop","class":"100","situs":"","city":""},"geometry":{"type":"Point","coordinates":[-123.4158507693567,45.97574539160252]}},{"type":"Feature","properties":{"kind":"home","county":"Clatsop","class":"100","situs":"","city":""},"geometry":{"type":"Point","coordinates":[-123.36214128783332,46.03421998206087]}},{"type":"Feature","properties":{"kind":"home","county":"Clatsop","class":"100","situs":"","city":""},"geometry":{"type":"Point","coordinates":[-123.36838409515795,46.03112192116838]}},{"type":"Feature","properties":{"kind":"home","county":"Clatsop","class":"401","situs":"86286 Northrup Creek Rd","city":"Birkenfeld"},"geometry":{"type":"Point","coordinates":[-123.42784648002159,45.99245222360986]}},{"type":"Feature","properties":{"kind":"home","county":"Clatsop","class":"401","situs":"86286 Northrup Creek Rd","city":"Birkenfeld"},"geometry":{"type":"Point","coordinates":[-123.42784648002159,45.99245222360986]}},{"type":"Feature","properties":{"kind":"home","county":"Clatsop","class":"101","situs":"71678 Northshore Dr","city":"Birkenfeld"},"geometry":{"type":"Point","coordinates":[-123.36665966078701,46.037650203502]}},{"type":"Feature","properties":{"kind":"home","county":"Clatsop","class":"400","situs":"","city":""},"geometry":{"type":"Point","coordinates":[-123.36552416095745,46.03887078846032]}},{"type":"Feature","properties":{"kind":"home","county":"Clatsop","class":"101","situs":"","city":""},"geometry":{"type":"Point","coordinates":[-123.36228277391362,46.034981544359276]}},{"type":"Feature","properties":{"kind":"home","county":"Clatsop","class":"401","situs":"86256 Northrup Creek Rd","city":"Birkenfeld"},"geometry":{"type":"Point","coordinates":[-123.42650795838095,45.99188110975993]}},{"type":"Feature","properties":{"kind":"home","county":"Clatsop","class":"401","situs":"85619 Howard Jones Rd","city":"Birkenfeld"},"geometry":{"type":"Point","coordinates":[-123.3679030922829,45.98050542535542]}},{"type":"Feature","properties":{"kind":"home","county":"Clatsop","class":"101","situs":"9789 Beach Dr","city":"Birkenfeld"},"geometry":{"type":"Point","coordinates":[-123.36413059005048,46.03571476670542]}},{"type":"Feature","properties":{"kind":"home","county":"Clatsop","class":"101","situs":"71100 Northshore Dr","city":"Birkenfeld"},"geometry":{"type":"Point","coordinates":[-123.36696419360186,46.03237513960632]}},{"type":"Feature","properties":{"kind":"home","county":"Clatsop","class":"100","situs":"","city":""},"geometry":{"type":"Point","coordinates":[-123.36922131645166,46.03344149021227]}},{"type":"Feature","properties":{"kind":"home","county":"Clatsop","class":"101","situs":"","city":""},"geometry":{"type":"Point","coordinates":[-123.3668977780455,46.03290023824061]}},{"type":"Feature","properties":{"kind":"home","county":"Clatsop","class":"101","situs":"71798 North Shore Dr","city":"Birkenfeld"},"geometry":{"type":"Point","coordinates":[-123.36392399249137,46.03823520527603]}},{"type":"Feature","properties":{"kind":"home","county":"Clatsop","class":"100","situs":"","city":""},"geometry":{"type":"Point","coordinates":[-123.3623648483211,46.03707758867218]}},{"type":"Feature","properties":{"kind":"home","county":"Clatsop","class":"101","situs":"71600 Northshore Dr","city":"Birkenfeld"},"geometry":{"type":"Point","coordinates":[-123.36846639805013,46.0367266854591]}},{"type":"Feature","properties":{"kind":"home","county":"Clatsop","class":"101","situs":"71636 North Shore Dr","city":"Birkenfeld"},"geometry":{"type":"Point","coordinates":[-123.36778832946634,46.0372030001247]}},{"type":"Feature","properties":{"kind":"home","county":"Clatsop","class":"401","situs":"46983 Old 77 Vesper Ln","city":"Birkenfeld"},"geometry":{"type":"Point","coordinates":[-123.38811479608414,45.99768622583875]}},{"type":"Feature","properties":{"kind":"home","county":"Clatsop","class":"401","situs":"46983 Old 77 Vesper Ln","city":"Birkenfeld"},"geometry":{"type":"Point","coordinates":[-123.38811479608414,45.99768622583875]}},{"type":"Feature","properties":{"kind":"home","county":"Clatsop","class":"101","situs":"71756 Northshore Dr","city":"Birkenfeld"},"geometry":{"type":"Point","coordinates":[-123.36499312681252,46.03812935841479]}},{"type":"Feature","properties":{"kind":"home","county":"Clatsop","class":"101","situs":"9839 Beach Dr","city":"Birkenfeld"},"geometry":{"type":"Point","coordinates":[-123.36249584978692,46.03510131739335]}},{"type":"Feature","properties":{"kind":"home","county":"Clatsop","class":"100","situs":"","city":""},"geometry":{"type":"Point","coordinates":[-123.36071691100823,46.034716044467544]}},{"type":"Feature","properties":{"kind":"home","county":"Clatsop","class":"101","situs":"9864 Beach Dr","city":"Birkenfeld"},"geometry":{"type":"Point","coordinates":[-123.36274856063386,46.03453589504608]}},{"type":"Feature","properties":{"kind":"home","county":"Clatsop","class":"100","situs":"","city":""},"geometry":{"type":"Point","coordinates":[-123.36375323407611,46.03436742684698]}},{"type":"Feature","properties":{"kind":"home","county":"Clatsop","class":"100","situs":"71551 Parkview Ln","city":"Birkenfeld"},"geometry":{"type":"Point","coordinates":[-123.3645406187871,46.034480649038336]}},{"type":"Feature","properties":{"kind":"home","county":"Clatsop","class":"101","situs":"71898 Northshore Dr","city":"Birkenfeld"},"geometry":{"type":"Point","coordinates":[-123.36074968198716,46.03824548419263]}},{"type":"Feature","properties":{"kind":"home","county":"Clatsop","class":"100","situs":"","city":""},"geometry":{"type":"Point","coordinates":[-123.36111334775968,46.03403131227022]}},{"type":"Feature","properties":{"kind":"home","county":"Clatsop","class":"101","situs":"71552 North Shore Dr","city":"Birkenfeld"},"geometry":{"type":"Point","coordinates":[-123.3694675928721,46.035639198678545]}},{"type":"Feature","properties":{"kind":"home","county":"Clatsop","class":"101","situs":"71387 Fishhawk Rd","city":"Birkenfeld"},"geometry":{"type":"Point","coordinates":[-123.36669592213792,46.03329717011466]}},{"type":"Feature","properties":{"kind":"home","county":"Clatsop","class":"101","situs":"71325 Northshore Dr","city":"Birkenfeld"},"geometry":{"type":"Point","coordinates":[-123.37013286638616,46.03266959340298]}},{"type":"Feature","properties":{"kind":"home","county":"Clatsop","class":"401","situs":"86170 Northrup Creek Rd","city":"Birkenfeld"},"geometry":{"type":"Point","coordinates":[-123.42761343193192,45.989473333448785]}},{"type":"Feature","properties":{"kind":"home","county":"Clatsop","class":"400","situs":"86139 Northrup Creek Road","city":"Birkenfeld"},"geometry":{"type":"Point","coordinates":[-123.42451819325112,45.98847650961148]}},{"type":"Feature","properties":{"kind":"home","county":"Clatsop","class":"400","situs":"","city":""},"geometry":{"type":"Point","coordinates":[-123.42206201808106,45.9898729316327]}},{"type":"Feature","properties":{"kind":"home","county":"Clatsop","class":"401","situs":"76046 Hwy 202","city":"Birkenfeld"},"geometry":{"type":"Point","coordinates":[-123.41984425814354,45.96900300935926]}},{"type":"Feature","properties":{"kind":"home","county":"Clatsop","class":"409","situs":"76201 Hwy 202","city":"Birkenfeld"},"geometry":{"type":"Point","coordinates":[-123.42699284766901,45.96643890267847]}},{"type":"Feature","properties":{"kind":"home","county":"Clatsop","class":"409","situs":"76201 Hwy 202","city":"Birkenfeld"},"geometry":{"type":"Point","coordinates":[-123.42699284766901,45.96643890267847]}},{"type":"Feature","properties":{"kind":"home","county":"Clatsop","class":"009","situs":"76201 Hwy 202","city":"Birkenfeld"},"geometry":{"type":"Point","coordinates":[-123.42699284766901,45.96643890267847]}},{"type":"Feature","properties":{"kind":"home","county":"Clatsop","class":"401","situs":"86170 Northrup Creek Rd","city":"Birkenfeld"},"geometry":{"type":"Point","coordinates":[-123.42761343193192,45.989473333448785]}},{"type":"Feature","properties":{"kind":"home","county":"Clatsop","class":"401","situs":"85913 Northrup Creek Rd","city":"Birkenfeld"},"geometry":{"type":"Point","coordinates":[-123.42619696970169,45.9827829168238]}},{"type":"Feature","properties":{"kind":"home","county":"Clatsop","class":"401","situs":"81080 Hamlet Rd","city":"Seaside"},"geometry":{"type":"Point","coordinates":[-123.72004396840987,45.85867722881034]}},{"type":"Feature","properties":{"kind":"home","county":"Clatsop","class":"400","situs":"","city":""},"geometry":{"type":"Point","coordinates":[-123.6257776764255,45.796420413507754]}},{"type":"Feature","properties":{"kind":"home","county":"Clatsop","class":"101","situs":"71564 North Shore Dr","city":"Birkenfeld"},"geometry":{"type":"Point","coordinates":[-123.36887342870294,46.03595472444385]}},{"type":"Feature","properties":{"kind":"home","county":"Clatsop","class":"100","situs":"","city":""},"geometry":{"type":"Point","coordinates":[-123.36542865234686,46.03367143788177]}},{"type":"Feature","properties":{"kind":"home","county":"Clatsop","class":"100","situs":"","city":""},"geometry":{"type":"Point","coordinates":[-123.4158507693567,45.97574539160252]}},{"type":"Feature","properties":{"kind":"home","county":"Clatsop","class":"100","situs":"","city":""},"geometry":{"type":"Point","coordinates":[-123.36214128783332,46.03421998206087]}},{"type":"Feature","properties":{"kind":"home","county":"Clatsop","class":"100","situs":"","city":""},"geometry":{"type":"Point","coordinates":[-123.36838409515795,46.03112192116838]}},{"type":"Feature","properties":{"kind":"home","county":"Clatsop","class":"401","situs":"86286 Northrup Creek Rd","city":"Birkenfeld"},"geometry":{"type":"Point","coordinates":[-123.42784648002159,45.99245222360986]}},{"type":"Feature","properties":{"kind":"home","county":"Clatsop","class":"401","situs":"86286 Northrup Creek Rd","city":"Birkenfeld"},"geometry":{"type":"Point","coordinates":[-123.42784648002159,45.99245222360986]}},{"type":"Feature","properties":{"kind":"home","county":"Clatsop","class":"101","situs":"71678 Northshore Dr","city":"Birkenfeld"},"geometry":{"type":"Point","coordinates":[-123.36665966078701,46.037650203502]}},{"type":"Feature","properties":{"kind":"home","county":"Clatsop","class":"400","situs":"","city":""},"geometry":{"type":"Point","coordinates":[-123.36552416095745,46.03887078846032]}},{"type":"Feature","properties":{"kind":"home","county":"Clatsop","class":"101","situs":"","city":""},"geometry":{"type":"Point","coordinates":[-123.36228277391362,46.034981544359276]}},{"type":"Feature","properties":{"kind":"home","county":"Clatsop","class":"401","situs":"86256 Northrup Creek Rd","city":"Birkenfeld"},"geometry":{"type":"Point","coordinates":[-123.42650795838095,45.99188110975993]}},{"type":"Feature","properties":{"kind":"home","county":"Clatsop","class":"401","situs":"85619 Howard Jones Rd","city":"Birkenfeld"},"geometry":{"type":"Point","coordinates":[-123.3679030922829,45.98050542535542]}},{"type":"Feature","properties":{"kind":"home","county":"Clatsop","class":"101","situs":"9789 Beach Dr","city":"Birkenfeld"},"geometry":{"type":"Point","coordinates":[-123.36413059005048,46.03571476670542]}},{"type":"Feature","properties":{"kind":"home","county":"Clatsop","class":"101","situs":"71100 Northshore Dr","city":"Birkenfeld"},"geometry":{"type":"Point","coordinates":[-123.36696419360186,46.03237513960632]}},{"type":"Feature","properties":{"kind":"home","county":"Clatsop","class":"100","situs":"","city":""},"geometry":{"type":"Point","coordinates":[-123.36922131645166,46.03344149021227]}},{"type":"Feature","properties":{"kind":"home","county":"Clatsop","class":"101","situs":"","city":""},"geometry":{"type":"Point","coordinates":[-123.3668977780455,46.03290023824061]}},{"type":"Feature","properties":{"kind":"home","county":"Clatsop","class":"101","situs":"71798 North Shore Dr","city":"Birkenfeld"},"geometry":{"type":"Point","coordinates":[-123.36392399249137,46.03823520527603]}},{"type":"Feature","properties":{"kind":"home","county":"Clatsop","class":"100","situs":"","city":""},"geometry":{"type":"Point","coordinates":[-123.3623648483211,46.03707758867218]}},{"type":"Feature","properties":{"kind":"home","county":"Clatsop","class":"101","situs":"71600 Northshore Dr","city":"Birkenfeld"},"geometry":{"type":"Point","coordinates":[-123.36846639805013,46.0367266854591]}},{"type":"Feature","properties":{"kind":"home","county":"Clatsop","class":"101","situs":"71636 North Shore Dr","city":"Birkenfeld"},"geometry":{"type":"Point","coordinates":[-123.36778832946634,46.0372030001247]}},{"type":"Feature","properties":{"kind":"home","county":"Clatsop","class":"401","situs":"46983 Old 77 Vesper Ln","city":"Birkenfeld"},"geometry":{"type":"Point","coordinates":[-123.38811479608414,45.99768622583875]}},{"type":"Feature","properties":{"kind":"home","county":"Clatsop","class":"401","situs":"46983 Old 77 Vesper Ln","city":"Birkenfeld"},"geometry":{"type":"Point","coordinates":[-123.38811479608414,45.99768622583875]}},{"type":"Feature","properties":{"kind":"home","county":"Clatsop","class":"101","situs":"71756 Northshore Dr","city":"Birkenfeld"},"geometry":{"type":"Point","coordinates":[-123.36499312681252,46.03812935841479]}},{"type":"Feature","properties":{"kind":"home","county":"Clatsop","class":"101","situs":"9839 Beach Dr","city":"Birkenfeld"},"geometry":{"type":"Point","coordinates":[-123.36249584978692,46.03510131739335]}},{"type":"Feature","properties":{"kind":"home","county":"Clatsop","class":"100","situs":"","city":""},"geometry":{"type":"Point","coordinates":[-123.36071691100823,46.034716044467544]}},{"type":"Feature","properties":{"kind":"home","county":"Clatsop","class":"101","situs":"9864 Beach Dr","city":"Birkenfeld"},"geometry":{"type":"Point","coordinates":[-123.36274856063386,46.03453589504608]}},{"type":"Feature","properties":{"kind":"home","county":"Clatsop","class":"100","situs":"","city":""},"geometry":{"type":"Point","coordinates":[-123.36375323407611,46.03436742684698]}},{"type":"Feature","properties":{"kind":"home","county":"Clatsop","class":"100","situs":"71551 Parkview Ln","city":"Birkenfeld"},"geometry":{"type":"Point","coordinates":[-123.3645406187871,46.034480649038336]}},{"type":"Feature","properties":{"kind":"home","county":"Clatsop","class":"101","situs":"71898 Northshore Dr","city":"Birkenfeld"},"geometry":{"type":"Point","coordinates":[-123.36074968198716,46.03824548419263]}},{"type":"Feature","properties":{"kind":"home","county":"Clatsop","class":"100","situs":"","city":""},"geometry":{"type":"Point","coordinates":[-123.36111334775968,46.03403131227022]}},{"type":"Feature","properties":{"kind":"home","county":"Clatsop","class":"101","situs":"71552 North Shore Dr","city":"Birkenfeld"},"geometry":{"type":"Point","coordinates":[-123.3694675928721,46.035639198678545]}},{"type":"Feature","properties":{"kind":"home","county":"Clatsop","class":"101","situs":"71387 Fishhawk Rd","city":"Birkenfeld"},"geometry":{"type":"Point","coordinates":[-123.36669592213792,46.03329717011466]}},{"type":"Feature","properties":{"kind":"home","county":"Clatsop","class":"101","situs":"71325 Northshore Dr","city":"Birkenfeld"},"geometry":{"type":"Point","coordinates":[-123.37013286638616,46.03266959340298]}},{"type":"Feature","properties":{"kind":"home","county":"Clatsop","class":"401","situs":"86170 Northrup Creek Rd","city":"Birkenfeld"},"geometry":{"type":"Point","coordinates":[-123.42761343193192,45.989473333448785]}},{"type":"Feature","properties":{"kind":"home","county":"Clatsop","class":"400","situs":"86139 Northrup Creek Road","city":"Birkenfeld"},"geometry":{"type":"Point","coordinates":[-123.42451819325112,45.98847650961148]}},{"type":"Feature","properties":{"kind":"home","county":"Clatsop","class":"400","situs":"","city":""},"geometry":{"type":"Point","coordinates":[-123.42206201808106,45.9898729316327]}},{"type":"Feature","properties":{"kind":"home","county":"Clatsop","class":"401","situs":"76046 Hwy 202","city":"Birkenfeld"},"geometry":{"type":"Point","coordinates":[-123.41984425814354,45.96900300935926]}},{"type":"Feature","properties":{"kind":"home","county":"Clatsop","class":"409","situs":"76201 Hwy 202","city":"Birkenfeld"},"geometry":{"type":"Point","coordinates":[-123.42699284766901,45.96643890267847]}},{"type":"Feature","properties":{"kind":"home","county":"Clatsop","class":"409","situs":"76201 Hwy 202","city":"Birkenfeld"},"geometry":{"type":"Point","coordinates":[-123.42699284766901,45.96643890267847]}},{"type":"Feature","properties":{"kind":"home","county":"Clatsop","class":"009","situs":"76201 Hwy 202","city":"Birkenfeld"},"geometry":{"type":"Point","coordinates":[-123.42699284766901,45.96643890267847]}},{"type":"Feature","properties":{"kind":"home","county":"Clatsop","class":"401","situs":"86170 Northrup Creek Rd","city":"Birkenfeld"},"geometry":{"type":"Point","coordinates":[-123.42761343193192,45.989473333448785]}},{"type":"Feature","properties":{"kind":"home","county":"Clatsop","class":"401","situs":"85913 Northrup Creek Rd","city":"Birkenfeld"},"geometry":{"type":"Point","coordinates":[-123.42619696970169,45.9827829168238]}},{"type":"Feature","properties":{"kind":"home","county":"Clatsop","class":"401","situs":"81080 Hamlet Rd","city":"Seaside"},"geometry":{"type":"Point","coordinates":[-123.72004396840987,45.85867722881034]}},{"type":"Feature","properties":{"kind":"home","county":"Clatsop","class":"400","situs":"","city":""},"geometry":{"type":"Point","coordinates":[-123.6257776764255,45.796420413507754]}},{"type":"Feature","properties":{"kind":"home","county":"Clatsop","class":"101","situs":"71564 North Shore Dr","city":"Birkenfeld"},"geometry":{"type":"Point","coordinates":[-123.36887342870294,46.03595472444385]}},{"type":"Feature","properties":{"kind":"home","county":"Clatsop","class":"100","situs":"","city":""},"geometry":{"type":"Point","coordinates":[-123.36542865234686,46.03367143788177]}},{"type":"Feature","properties":{"kind":"home","county":"Clatsop","class":"101","situs":"9689 Beach Dr","city":"Birkenfeld"},"geometry":{"type":"Point","coordinates":[-123.36598492200531,46.03462663545232]}},{"type":"Feature","properties":{"kind":"home","county":"Clatsop","class":"101","situs":"71476 North Shore Dr","city":"Birkenfeld"},"geometry":{"type":"Point","coordinates":[-123.36938851309947,46.034989889961075]}},{"type":"Feature","properties":{"kind":"home","county":"Clatsop","class":"101","situs":"71397 Fishhawk Rd","city":"Birkenfeld"},"geometry":{"type":"Point","coordinates":[-123.36638209849148,46.03381630478362]}},{"type":"Feature","properties":{"kind":"home","county":"Clatsop","class":"101","situs":"71259 North Shore Dr","city":"Birkenfeld"},"geometry":{"type":"Point","coordinates":[-123.36934142361952,46.03095927162367]}},{"type":"Feature","properties":{"kind":"home","county":"Clatsop","class":"101","situs":"71496 Northshore Dr","city":"Birkenfeld"},"geometry":{"type":"Point","coordinates":[-123.36990458848275,46.03536911231156]}},{"type":"Feature","properties":{"kind":"home","county":"Clatsop","class":"101","situs":"71304 Fishhawk Rd","city":"Birkenfeld"},"geometry":{"type":"Point","coordinates":[-123.36638093190109,46.03170412465436]}},{"type":"Feature","properties":{"kind":"home","county":"Clatsop","class":"101","situs":"71289 North Shore Dr","city":"Birkenfeld"},"geometry":{"type":"Point","coordinates":[-123.37014178415647,46.03161387744737]}},{"type":"Feature","properties":{"kind":"home","county":"Clatsop","class":"101","situs":"71374 North Shore Dr","city":"Birkenfeld"},"geometry":{"type":"Point","coordinates":[-123.36922585531941,46.03326326328143]}},{"type":"Feature","properties":{"kind":"home","county":"Clatsop","class":"101","situs":"71432 North Shore Dr","city":"Birkenfeld"},"geometry":{"type":"Point","coordinates":[-123.36920315516508,46.03415439735155]}},{"type":"Feature","properties":{"kind":"home","county":"Clatsop","class":"401","situs":"","city":""},"geometry":{"type":"Point","coordinates":[-123.42938733497888,45.98648545550018]}},{"type":"Feature","properties":{"kind":"home","county":"Clatsop","class":"401","situs":"85955 Northrup Creek Rd","city":"Birkenfeld"},"geometry":{"type":"Point","coordinates":[-123.42454415156762,45.98330260632182]}},{"type":"Feature","properties":{"kind":"home","county":"Clatsop","class":"401","situs":"85955 Northrup Creek Rd","city":"Birkenfeld"},"geometry":{"type":"Point","coordinates":[-123.42454415156762,45.98330260632182]}},{"type":"Feature","properties":{"kind":"home","county":"Clatsop","class":"100","situs":"75801 Hwy 202","city":"Birkenfeld"},"geometry":{"type":"Point","coordinates":[-123.41751476062035,45.97500008383564]}},{"type":"Feature","properties":{"kind":"home","county":"Clatsop","class":"409","situs":"84970 Beneke Creek Rd","city":"Seaside"},"geometry":{"type":"Point","coordinates":[-123.506961995973,45.95522720492949]}},{"type":"Feature","properties":{"kind":"home","county":"Clatsop","class":"009","situs":"84970 Beneke Creek Rd","city":"Seaside"},"geometry":{"type":"Point","coordinates":[-123.506961995973,45.95522720492949]}},{"type":"Feature","properties":{"kind":"home","county":"Clatsop","class":"101","situs":"71860 North Shore Dr","city":"Birkenfeld"},"geometry":{"type":"Point","coordinates":[-123.36190815189225,46.038282022401305]}},{"type":"Feature","properties":{"kind":"home","county":"Clatsop","class":"100","situs":"","city":""},"geometry":{"type":"Point","coordinates":[-123.36081304992308,46.03856308751714]}},{"type":"Feature","properties":{"kind":"home","county":"Clatsop","class":"101","situs":"9795 Beach Dr","city":"Birkenfeld"},"geometry":{"type":"Point","coordinates":[-123.36388081538851,46.035362110131715]}},{"type":"Feature","properties":{"kind":"home","county":"Clatsop","class":"101","situs":"9895 Beach Dr","city":"Birkenfeld"},"geometry":{"type":"Point","coordinates":[-123.36192201005458,46.03473935373071]}},{"type":"Feature","properties":{"kind":"home","county":"Clatsop","class":"101","situs":"71433 Fishhawk Rd","city":"Birkenfeld"},"geometry":{"type":"Point","coordinates":[-123.36516435088195,46.034242574428575]}},{"type":"Feature","properties":{"kind":"home","county":"Clatsop","class":"101","situs":"71374 Fishhawk Rd","city":"Birkenfeld"},"geometry":{"type":"Point","coordinates":[-123.36639206936815,46.03192067405732]}},{"type":"Feature","properties":{"kind":"home","county":"Clatsop","class":"009","situs":"75211-75257 Hwy 202","city":"Birkenfeld"},"geometry":{"type":"Point","coordinates":[-123.40754674084768,45.98933439824757]}},{"type":"Feature","properties":{"kind":"home","county":"Clatsop","class":"100","situs":"","city":""},"geometry":{"type":"Point","coordinates":[-123.36165520078261,46.03830064948691]}},{"type":"Feature","properties":{"kind":"home","county":"Clatsop","class":"100","situs":"","city":""},"geometry":{"type":"Point","coordinates":[-123.36139653335108,46.037847474753114]}},{"type":"Feature","properties":{"kind":"home","county":"Clatsop","class":"100","situs":"71652 North Shore Dr","city":"Birkenfeld"},"geometry":{"type":"Point","coordinates":[-123.36739122729956,46.03742928509257]}},{"type":"Feature","properties":{"kind":"home","county":"Clatsop","class":"101","situs":"71724 North Shore Dr","city":"Birkenfeld"},"geometry":{"type":"Point","coordinates":[-123.365743466519,46.03807233920356]}},{"type":"Feature","properties":{"kind":"home","county":"Clatsop","class":"101","situs":"9813 Beach Dr","city":"Birkenfeld"},"geometry":{"type":"Point","coordinates":[-123.36330565933326,46.03538988084819]}},{"type":"Feature","properties":{"kind":"home","county":"Clatsop","class":"101","situs":"9911 Beach Dr","city":"Birkenfeld"},"geometry":{"type":"Point","coordinates":[-123.36171900019208,46.03464786259431]}},{"type":"Feature","properties":{"kind":"home","county":"Clatsop","class":"101","situs":"9957 Beach Dr","city":"Birkenfeld"},"geometry":{"type":"Point","coordinates":[-123.36020880737463,46.03473238860482]}},{"type":"Feature","properties":{"kind":"home","county":"Clatsop","class":"101","situs":"71450 Fishhawk Rd","city":"Birkenfeld"},"geometry":{"type":"Point","coordinates":[-123.36386452948192,46.033763388005816]}},{"type":"Feature","properties":{"kind":"home","county":"Clatsop","class":"100","situs":"","city":""},"geometry":{"type":"Point","coordinates":[-123.36296086355523,46.03372652977175]}},{"type":"Feature","properties":{"kind":"home","county":"Clatsop","class":"101","situs":"71480 Northshore Dr","city":"Birkenfeld"},"geometry":{"type":"Point","coordinates":[-123.3696311737665,46.03514009861387]}},{"type":"Feature","properties":{"kind":"home","county":"Clatsop","class":"101","situs":"71295 North Shore Dr","city":"Birkenfeld"},"geometry":{"type":"Point","coordinates":[-123.3701369217336,46.032189721466516]}},{"type":"Feature","properties":{"kind":"home","county":"Clatsop","class":"101","situs":"71297 Northshore Dr","city":"Birkenfeld"},"geometry":{"type":"Point","coordinates":[-123.37013529986247,46.03238167014915]}},{"type":"Feature","properties":{"kind":"home","county":"Clatsop","class":"100","situs":"","city":""},"geometry":{"type":"Point","coordinates":[-123.37012962176097,46.033053490526946]}},{"type":"Feature","properties":{"kind":"home","county":"Clatsop","class":"101","situs":"71386 Northshore Dr","city":"Birkenfeld"},"geometry":{"type":"Point","coordinates":[-123.36921223603954,46.033797943683915]}},{"type":"Feature","properties":{"kind":"home","county":"Clatsop","class":"400","situs":"","city":""},"geometry":{"type":"Point","coordinates":[-123.3771724863978,45.99886170280992]}},{"type":"Feature","properties":{"kind":"home","county":"Clatsop","class":"401","situs":"79238 Estate Dr","city":"Nehalem"},"geometry":{"type":"Point","coordinates":[-123.82704469954069,45.79149484658507]}},{"type":"Feature","properties":{"kind":"home","county":"Clatsop","class":"401","situs":"79238 Estate Dr","city":"Nehalem"},"geometry":{"type":"Point","coordinates":[-123.82704469954069,45.79149484658507]}},{"type":"Feature","properties":{"kind":"home","county":"Clatsop","class":"401","situs":"79160 Estate Dr","city":"Nehalem"},"geometry":{"type":"Point","coordinates":[-123.82558895990485,45.78758340710598]}},{"type":"Feature","properties":{"kind":"home","county":"Clatsop","class":"400","situs":"83694 Wage Rd","city":"Seaside"},"geometry":{"type":"Point","coordinates":[-123.48719969241944,45.9243109545672]}},{"type":"Feature","properties":{"kind":"home","county":"Clatsop","class":"401","situs":"83792 Hwy 103","city":"Seaside"},"geometry":{"type":"Point","coordinates":[-123.49696156921975,45.928557511078175]}},{"type":"Feature","properties":{"kind":"home","county":"Clatsop","class":"401","situs":"80932 Hwy 103","city":"Seaside"},"geometry":{"type":"Point","coordinates":[-123.54809467328249,45.886130347864096]}},{"type":"Feature","properties":{"kind":"home","county":"Clatsop","class":"401","situs":"80932 Hwy 103","city":"Seaside"},"geometry":{"type":"Point","coordinates":[-123.54809467328249,45.886130347864096]}},{"type":"Feature","properties":{"kind":"home","county":"Clatsop","class":"019","situs":"82550 Vinemaple Rd","city":"Seaside"},"geometry":{"type":"Point","coordinates":[-123.55237531918372,45.89077545241857]}},{"type":"Feature","properties":{"kind":"home","county":"Clatsop","class":"109","situs":"82550 Vinemaple Rd","city":"Seaside"},"geometry":{"type":"Point","coordinates":[-123.55237531918372,45.89077545241857]}},{"type":"Feature","properties":{"kind":"home","county":"Clatsop","class":"109","situs":"82470 Vinemaple Rd","city":"Seaside"},"geometry":{"type":"Point","coordinates":[-123.55285208581932,45.88826924381606]}},{"type":"Feature","properties":{"kind":"home","county":"Clatsop","class":"009","situs":"82470 Vinemaple Rd","city":"Seaside"},"geometry":{"type":"Point","coordinates":[-123.55285208581932,45.88826924381606]}},{"type":"Feature","properties":{"kind":"home","county":"Clatsop","class":"009","situs":"42415 Evergreen Acres Ln","city":"Seaside"},"geometry":{"type":"Point","coordinates":[-123.55566007704769,45.88813286106361]}},{"type":"Feature","properties":{"kind":"home","county":"Clatsop","class":"109","situs":"42415 Evergreen Acres Ln","city":"Seaside"},"geometry":{"type":"Point","coordinates":[-123.55566007704769,45.88813286106361]}},{"type":"Feature","properties":{"kind":"home","county":"Clatsop","class":"101","situs":"42357 Evergreen Acres Ln","city":"Seaside"},"geometry":{"type":"Point","coordinates":[-123.55801617588025,45.88814631627918]}},{"type":"Feature","properties":{"kind":"home","county":"Clatsop","class":"101","situs":"82399 Maple Rd","city":"Seaside"},"geometry":{"type":"Point","coordinates":[-123.55270326477334,45.887101498209354]}},{"type":"Feature","properties":{"kind":"home","county":"Clatsop","class":"101","situs":"42518 Meadow Lark Ln","city":"Seaside"},"geometry":{"type":"Point","coordinates":[-123.55145278796762,45.88681873694702]}},{"type":"Feature","properties":{"kind":"home","county":"Clatsop","class":"101","situs":"82322 Roberta Rd","city":"Seaside"},"geometry":{"type":"Point","coordinates":[-123.56856012521604,45.88313966729216]}},{"type":"Feature","properties":{"kind":"home","county":"Clatsop","class":"100","situs":"","city":""},"geometry":{"type":"Point","coordinates":[-123.57329535862364,45.87357382243744]}},{"type":"Feature","properties":{"kind":"home","county":"Clatsop","class":"101","situs":"","city":""},"geometry":{"type":"Point","coordinates":[-123.57024705986748,45.87956818344714]}},{"type":"Feature","properties":{"kind":"home","county":"Clatsop","class":"100","situs":"","city":""},"geometry":{"type":"Point","coordinates":[-123.57140543064446,45.87438572436583]}},{"type":"Feature","properties":{"kind":"home","county":"Clatsop","class":"401","situs":"","city":""},"geometry":{"type":"Point","coordinates":[-123.61239283847472,45.88461995665843]}},{"type":"Feature","properties":{"kind":"home","county":"Clatsop","class":"401","situs":"","city":""},"geometry":{"type":"Point","coordinates":[-123.61239283847472,45.88461995665843]}},{"type":"Feature","properties":{"kind":"home","county":"Clatsop","class":"400","situs":"","city":""},"geometry":{"type":"Point","coordinates":[-123.5853178566123,45.842268269451004]}},{"type":"Feature","properties":{"kind":"home","county":"Clatsop","class":"401","situs":"80235 Sha-Ne-Mah Rd","city":"Seaside"},"geometry":{"type":"Point","coordinates":[-123.60565148298667,45.826938847422284]}},{"type":"Feature","properties":{"kind":"home","county":"Clatsop","class":"401","situs":"80235 Sha-Ne-Mah Rd","city":"Seaside"},"geometry":{"type":"Point","coordinates":[-123.60565148298667,45.826938847422284]}},{"type":"Feature","properties":{"kind":"home","county":"Clatsop","class":"401","situs":"81529 Layton Rd","city":"Seaside"},"geometry":{"type":"Point","coordinates":[-123.69584161701536,45.85633414719042]}},{"type":"Feature","properties":{"kind":"home","county":"Clatsop","class":"401","situs":"81529 Layton Rd","city":"Seaside"},"geometry":{"type":"Point","coordinates":[-123.69584161701536,45.85633414719042]}},{"type":"Feature","properties":{"kind":"home","county":"Clatsop","class":"401","situs":"81575 Layton Rd","city":"Seaside"},"geometry":{"type":"Point","coordinates":[-123.69453127188274,45.85837039661753]}},{"type":"Feature","properties":{"kind":"home","county":"Clatsop","class":"400","situs":"","city":""},"geometry":{"type":"Point","coordinates":[-123.69681864273537,45.8595607379494]}},{"type":"Feature","properties":{"kind":"home","county":"Clatsop","class":"019","situs":"80215 Hamlet Rd","city":"Seaside"},"geometry":{"type":"Point","coordinates":[-123.69926353746868,45.84542134349525]}},{"type":"Feature","properties":{"kind":"home","county":"Clatsop","class":"401","situs":"","city":""},"geometry":{"type":"Point","coordinates":[-123.64538636223348,45.797025543856265]}},{"type":"Feature","properties":{"kind":"home","county":"Clatsop","class":"400","situs":"","city":""},"geometry":{"type":"Point","coordinates":[-123.72047483033326,45.86153366982434]}},{"type":"Feature","properties":{"kind":"home","county":"Clatsop","class":"401","situs":"78474-78476 Hwy 53","city":"Nehalem"},"geometry":{"type":"Point","coordinates":[-123.79203844591915,45.80254546894346]}},{"type":"Feature","properties":{"kind":"home","county":"Clatsop","class":"400","situs":"","city":""},"geometry":{"type":"Point","coordinates":[-123.78903699616303,45.80277505746898]}},{"type":"Feature","properties":{"kind":"home","county":"Clatsop","class":"401","situs":"79014 Estate Dr","city":"Nehalem"},"geometry":{"type":"Point","coordinates":[-123.82441089939145,45.78451573020549]}},{"type":"Feature","properties":{"kind":"home","county":"Clatsop","class":"401","situs":"77281 Hwy 53","city":"Nehalem"},"geometry":{"type":"Point","coordinates":[-123.81911648837358,45.783892999829924]}},{"type":"Feature","properties":{"kind":"home","county":"Clatsop","class":"401","situs":"","city":""},"geometry":{"type":"Point","coordinates":[-123.818114183969,45.78909998801041]}},{"type":"Feature","properties":{"kind":"home","county":"Clatsop","class":"100","situs":"","city":""},"geometry":{"type":"Point","coordinates":[-123.50411983012927,45.934111416624496]}},{"type":"Feature","properties":{"kind":"home","county":"Clatsop","class":"401","situs":"79450 Hwy 202","city":"Seaside"},"geometry":{"type":"Point","coordinates":[-123.5198367636361,45.93256407291566]}},{"type":"Feature","properties":{"kind":"home","county":"Clatsop","class":"401","situs":"79450 Hwy 202","city":"Seaside"},"geometry":{"type":"Point","coordinates":[-123.5198367636361,45.93256407291566]}},{"type":"Feature","properties":{"kind":"home","county":"Clatsop","class":"401","situs":"80965 Hwy 103","city":"Seaside"},"geometry":{"type":"Point","coordinates":[-123.54494509107997,45.884491060766386]}},{"type":"Feature","properties":{"kind":"home","county":"Clatsop","class":"100","situs":"","city":""},"geometry":{"type":"Point","coordinates":[-123.55755962175367,45.88984811892278]}},{"type":"Feature","properties":{"kind":"home","county":"Clatsop","class":"401","situs":"82450 Red Bluff Rd","city":"Seaside"},"geometry":{"type":"Point","coordinates":[-123.57265210069131,45.88160315601801]}},{"type":"Feature","properties":{"kind":"home","county":"Clatsop","class":"401","situs":"82450 Red Bluff Rd","city":"Seaside"},"geometry":{"type":"Point","coordinates":[-123.57265210069131,45.88160315601801]}},{"type":"Feature","properties":{"kind":"home","county":"Clatsop","class":"019","situs":"","city":""},"geometry":{"type":"Point","coordinates":[-123.60235822218495,45.86934998879868]}},{"type":"Feature","properties":{"kind":"home","county":"Clatsop","class":"100","situs":"82193 Riverbend Rd","city":"Seaside"},"geometry":{"type":"Point","coordinates":[-123.56943081977631,45.879990173499685]}},{"type":"Feature","properties":{"kind":"home","county":"Clatsop","class":"101","situs":"82138 Red Bluff Rd","city":"Seaside"},"geometry":{"type":"Point","coordinates":[-123.57230216287148,45.87463425728183]}},{"type":"Feature","properties":{"kind":"home","county":"Clatsop","class":"400","situs":"","city":""},"geometry":{"type":"Point","coordinates":[-123.54498296875322,45.877711499185395]}},{"type":"Feature","properties":{"kind":"home","county":"Clatsop","class":"401","situs":"","city":""},"geometry":{"type":"Point","coordinates":[-123.54498296875322,45.877711499185395]}},{"type":"Feature","properties":{"kind":"home","county":"Clatsop","class":"401","situs":"80219 Hwy 103","city":"Seaside"},"geometry":{"type":"Point","coordinates":[-123.55796057799898,45.87515543255338]}},{"type":"Feature","properties":{"kind":"home","county":"Clatsop","class":"401","situs":"81935 Cow Creek Rd","city":"Seaside"},"geometry":{"type":"Point","coordinates":[-123.54059509529628,45.876221293895334]}},{"type":"Feature","properties":{"kind":"home","county":"Clatsop","class":"101","situs":"71836 North Shore Dr","city":"Birkenfeld"},"geometry":{"type":"Point","coordinates":[-123.36292647713285,46.038127574340265]}},{"type":"Feature","properties":{"kind":"home","county":"Clatsop","class":"100","situs":"","city":""},"geometry":{"type":"Point","coordinates":[-123.36118064470968,46.03798411908275]}},{"type":"Feature","properties":{"kind":"home","county":"Clatsop","class":"100","situs":"","city":""},"geometry":{"type":"Point","coordinates":[-123.36218959931855,46.03668622193811]}},{"type":"Feature","properties":{"kind":"home","county":"Clatsop","class":"101","situs":"9958 Beach Dr","city":"Birkenfeld"},"geometry":{"type":"Point","coordinates":[-123.36032497429713,46.03409488497833]}},{"type":"Feature","properties":{"kind":"home","county":"Clatsop","class":"101","situs":"9838 Beach Dr","city":"Birkenfeld"},"geometry":{"type":"Point","coordinates":[-123.36314391642043,46.03489276531026]}},{"type":"Feature","properties":{"kind":"home","county":"Clatsop","class":"101","situs":"9773 Beach Dr","city":"Birkenfeld"},"geometry":{"type":"Point","coordinates":[-123.36426023827114,46.035241702420265]}},{"type":"Feature","properties":{"kind":"home","county":"Clatsop","class":"101","situs":"9769 Beach Dr","city":"Birkenfeld"},"geometry":{"type":"Point","coordinates":[-123.36441064353833,46.03508011024898]}},{"type":"Feature","properties":{"kind":"home","county":"Clatsop","class":"100","situs":"","city":""},"geometry":{"type":"Point","coordinates":[-123.36811255361089,46.0313260992354]}},{"type":"Feature","properties":{"kind":"home","county":"Clatsop","class":"400","situs":"","city":""},"geometry":{"type":"Point","coordinates":[-123.42153740558716,45.98833618419587]}},{"type":"Feature","properties":{"kind":"home","county":"Clatsop","class":"101","situs":"","city":""},"geometry":{"type":"Point","coordinates":[-123.36267398936721,46.038132521777534]}},{"type":"Feature","properties":{"kind":"home","county":"Clatsop","class":"101","situs":"71658 North Shore Dr","city":"Birkenfeld"},"geometry":{"type":"Point","coordinates":[-123.36716788559151,46.03752140441124]}},{"type":"Feature","properties":{"kind":"home","county":"Clatsop","class":"100","situs":"","city":""},"geometry":{"type":"Point","coordinates":[-123.36595396940297,46.037935228764646]}},{"type":"Feature","properties":{"kind":"home","county":"Clatsop","class":"101","situs":"9947 Beach Dr","city":"Birkenfeld"},"geometry":{"type":"Point","coordinates":[-123.36096882794976,46.03468726982124]}},{"type":"Feature","properties":{"kind":"home","county":"Clatsop","class":"101","situs":"9697 Beach Dr","city":"Birkenfeld"},"geometry":{"type":"Point","coordinates":[-123.36566865200862,46.0346815690173]}},{"type":"Feature","properties":{"kind":"home","county":"Clatsop","class":"100","situs":"71253 North Shore Dr","city":"Birkenfeld"},"geometry":{"type":"Point","coordinates":[-123.3687149030464,46.03111173221443]}},{"type":"Feature","properties":{"kind":"home","county":"Clatsop","class":"010","situs":"","city":""},"geometry":{"type":"Point","coordinates":[-123.36939990111624,46.032039673490445]}},{"type":"Feature","properties":{"kind":"home","county":"Clatsop","class":"400","situs":"","city":""},"geometry":{"type":"Point","coordinates":[-123.36180747883353,46.01094665510106]}},{"type":"Feature","properties":{"kind":"home","county":"Clatsop","class":"401","situs":"81236 Hwy 202","city":"Seaside"},"geometry":{"type":"Point","coordinates":[-123.57575864489269,45.95490575926876]}},{"type":"Feature","properties":{"kind":"home","county":"Tillamook","class":"","situs":"29000 MIAMI FOLEY RD","acres":0.0},"geometry":{"type":"Point","coordinates":[-123.84147180425168,45.66157489740426]}},{"type":"Feature","properties":{"kind":"home","county":"Tillamook","class":"","situs":"28815 MIAMI FOLEY RD","acres":0.0},"geometry":{"type":"Point","coordinates":[-123.84000176682498,45.66043541353425]}},{"type":"Feature","properties":{"kind":"home","county":"Tillamook","class":"","situs":"28805 HWY 101  N","acres":0.0},"geometry":{"type":"Point","coordinates":[-123.89517988375972,45.67436660362349]}},{"type":"Feature","properties":{"kind":"home","county":"Tillamook","class":"","situs":"15800 VERMILYEA RD","acres":0.0},"geometry":{"type":"Point","coordinates":[-123.86808314665677,45.64046252723978]}},{"type":"Feature","properties":{"kind":"home","county":"Tillamook","class":"","situs":"17755 LOMMEN RD","acres":0.0},"geometry":{"type":"Point","coordinates":[-123.84579393989767,45.69351087761134]}},{"type":"Feature","properties":{"kind":"home","county":"Tillamook","class":"","situs":"460 CEDAR ST","acres":0.0},"geometry":{"type":"Point","coordinates":[-123.87574432882322,45.68963352054792]}},{"type":"Feature","properties":{"kind":"home","county":"Tillamook","class":"","situs":"29000 MIAMI FOLEY RD","acres":0.0},"geometry":{"type":"Point","coordinates":[-123.84147180425168,45.66157489740426]}},{"type":"Feature","properties":{"kind":"home","county":"Tillamook","class":"","situs":"28815 MIAMI FOLEY RD","acres":0.0},"geometry":{"type":"Point","coordinates":[-123.84000176682498,45.66043541353425]}},{"type":"Feature","properties":{"kind":"home","county":"Tillamook","class":"","situs":"28805 HWY 101  N","acres":0.0},"geometry":{"type":"Point","coordinates":[-123.89517988375972,45.67436660362349]}},{"type":"Feature","properties":{"kind":"home","county":"Tillamook","class":"","situs":"15800 VERMILYEA RD","acres":0.0},"geometry":{"type":"Point","coordinates":[-123.86808314665677,45.64046252723978]}},{"type":"Feature","properties":{"kind":"home","county":"Tillamook","class":"","situs":"17755 LOMMEN RD","acres":0.0},"geometry":{"type":"Point","coordinates":[-123.84579393989767,45.69351087761134]}},{"type":"Feature","properties":{"kind":"home","county":"Tillamook","class":"","situs":"460 CEDAR ST","acres":0.0},"geometry":{"type":"Point","coordinates":[-123.87574432882322,45.68963352054792]}},{"type":"Feature","properties":{"kind":"home","county":"Tillamook","class":"","situs":"31205 HWY 101  N","acres":0.0},"geometry":{"type":"Point","coordinates":[-123.92216275179454,45.68392901064414]}},{"type":"Feature","properties":{"kind":"home","county":"Tillamook","class":"","situs":"10290 KENTON AVE","acres":0.0},"geometry":{"type":"Point","coordinates":[-123.92216399290619,45.68227306610591]}},{"type":"Feature","properties":{"kind":"home","county":"Tillamook","class":"","situs":"10500 BRIGHTON BLVD","acres":0.0},"geometry":{"type":"Point","coordinates":[-123.92117888282719,45.68078630678071]}},{"type":"Feature","properties":{"kind":"home","county":"Tillamook","class":"","situs":"10810 RIDGE WAY","acres":2.1},"geometry":{"type":"Point","coordinates":[-123.91685039753581,45.67954449825258]}},{"type":"Feature","properties":{"kind":"home","county":"Tillamook","class":"","situs":"30795 HWY 101  N","acres":0.0},"geometry":{"type":"Point","coordinates":[-123.92317015199923,45.68110152994964]}},{"type":"Feature","properties":{"kind":"home","county":"Tillamook","class":"","situs":"30785 HWY 101  N","acres":0.0},"geometry":{"type":"Point","coordinates":[-123.9234078633239,45.68105967146445]}},{"type":"Feature","properties":{"kind":"home","county":"Tillamook","class":"","situs":"30590 BAYVIEW BLVD","acres":0.0},"geometry":{"type":"Point","coordinates":[-123.92334849830263,45.67956996222199]}},{"type":"Feature","properties":{"kind":"home","county":"Tillamook","class":"","situs":"30235 HWY 101  N","acres":0.0},"geometry":{"type":"Point","coordinates":[-123.92368264349643,45.677027314405294]}},{"type":"Feature","properties":{"kind":"home","county":"Tillamook","class":"","situs":"30225 HWY 101  N","acres":0.0},"geometry":{"type":"Point","coordinates":[-123.92369059760925,45.6768216070166]}},{"type":"Feature","properties":{"kind":"home","county":"Tillamook","class":"","situs":"30135 HWY 101  N","acres":0.0},"geometry":{"type":"Point","coordinates":[-123.92351611490028,45.676243847559256]}},{"type":"Feature","properties":{"kind":"home","county":"Tillamook","class":"","situs":"30045 HWY 101  N","acres":0.0},"geometry":{"type":"Point","coordinates":[-123.92353679178204,45.67559513345798]}},{"type":"Feature","properties":{"kind":"home","county":"Tillamook","class":"","situs":"30015 HWY 101  N","acres":0.0},"geometry":{"type":"Point","coordinates":[-123.92372287218757,45.67508133993317]}},{"type":"Feature","properties":{"kind":"home","county":"Tillamook","class":"","situs":"30005 BAY VIEW BLVD","acres":0.0},"geometry":{"type":"Point","coordinates":[-123.92264672879095,45.67505036384165]}},{"type":"Feature","properties":{"kind":"home","county":"Tillamook","class":"","situs":"29905 HALL ST","acres":0.0},"geometry":{"type":"Point","coordinates":[-123.92162457739346,45.67423739359425]}},{"type":"Feature","properties":{"kind":"home","county":"Tillamook","class":"","situs":"29815 BAY VIEW BLVD","acres":0.0},"geometry":{"type":"Point","coordinates":[-123.92263600736094,45.673308727551884]}},{"type":"Feature","properties":{"kind":"home","county":"Tillamook","class":"","situs":"29845 BAY VIEW BLVD","acres":0.0},"geometry":{"type":"Point","coordinates":[-123.92241382112444,45.67352978447161]}},{"type":"Feature","properties":{"kind":"home","county":"Tillamook","class":"","situs":"29895 BAY VIEW BLVD","acres":0.0},"geometry":{"type":"Point","coordinates":[-123.9226406515394,45.674062919270035]}},{"type":"Feature","properties":{"kind":"home","county":"Tillamook","class":"","situs":"29955 BAY VIEW BLVD","acres":0.0},"geometry":{"type":"Point","coordinates":[-123.92264254962505,45.674371453833]}},{"type":"Feature","properties":{"kind":"home","county":"Tillamook","class":"","situs":"29970 BAY VIEW BLVD","acres":0.0},"geometry":{"type":"Point","coordinates":[-123.92357420832533,45.674483343940466]}},{"type":"Feature","properties":{"kind":"home","county":"Tillamook","class":"","situs":"29840 BAYVIEW BLVD","acres":0.0},"geometry":{"type":"Point","coordinates":[-123.92326425763645,45.67368392944825]}},{"type":"Feature","properties":{"kind":"home","county":"Tillamook","class":"","situs":"29810 BAY VIEW BLVD","acres":0.0},"geometry":{"type":"Point","coordinates":[-123.92326129767208,45.673203989946096]}},{"type":"Feature","properties":{"kind":"home","county":"Tillamook","class":"","situs":"29805 HWY 101  N","acres":0.0},"geometry":{"type":"Point","coordinates":[-123.92366331349324,45.67327285335115]}},{"type":"Feature","properties":{"kind":"home","county":"Tillamook","class":"","situs":"29795 HWY 101  N","acres":0.0},"geometry":{"type":"Point","coordinates":[-123.92357150233535,45.67297155317411]}},{"type":"Feature","properties":{"kind":"home","county":"Tillamook","class":"","situs":"29780 BAY VIEW BLVD","acres":0.0},"geometry":{"type":"Point","coordinates":[-123.92328035277586,45.67284875081272]}},{"type":"Feature","properties":{"kind":"home","county":"Tillamook","class":"","situs":"29780 BAY VIEW BLVD","acres":0.0},"geometry":{"type":"Point","coordinates":[-123.92355261051193,45.672868314470236]}},{"type":"Feature","properties":{"kind":"home","county":"Tillamook","class":"","situs":"29720 BAY VIEW BLVD","acres":0.0},"geometry":{"type":"Point","coordinates":[-123.92325487638907,45.67246398067301]}},{"type":"Feature","properties":{"kind":"home","county":"Tillamook","class":"","situs":"29685 HWY 101  N","acres":0.0},"geometry":{"type":"Point","coordinates":[-123.92348820040897,45.67219881334284]}},{"type":"Feature","properties":{"kind":"home","county":"Tillamook","class":"","situs":"29625 HWY 101  N","acres":0.0},"geometry":{"type":"Point","coordinates":[-123.92315666357695,45.67184940596218]}},{"type":"Feature","properties":{"kind":"home","county":"Tillamook","class":"","situs":"29655 BAY VIEW BLVD","acres":0.0},"geometry":{"type":"Point","coordinates":[-123.92222681742572,45.672014094875394]}},{"type":"Feature","properties":{"kind":"home","county":"Tillamook","class":"","situs":"10335 GLENN AVE","acres":0.0},"geometry":{"type":"Point","coordinates":[-123.92208264458019,45.671111355097814]}},{"type":"Feature","properties":{"kind":"home","county":"Tillamook","class":"","situs":"29435 BAY VIEW BLVD","acres":0.0},"geometry":{"type":"Point","coordinates":[-123.92201589856836,45.67086116990104]}},{"type":"Feature","properties":{"kind":"home","county":"Tillamook","class":"","situs":"29345 BAY VIEW BLVD","acres":0.0},"geometry":{"type":"Point","coordinates":[-123.92195465079665,45.6701657189162]}},{"type":"Feature","properties":{"kind":"home","county":"Tillamook","class":"","situs":"29285 BAY VIEW BLVD","acres":0.0},"geometry":{"type":"Point","coordinates":[-123.92194327607639,45.6697082003671]}},{"type":"Feature","properties":{"kind":"home","county":"Tillamook","class":"","situs":"29270 BAY VIEW BLVD","acres":0.0},"geometry":{"type":"Point","coordinates":[-123.92276694719445,45.66968125224852]}},{"type":"Feature","properties":{"kind":"home","county":"Tillamook","class":"","situs":"29390 BAY VIEW BLVD","acres":0.0},"geometry":{"type":"Point","coordinates":[-123.92275537011757,45.67040424071789]}},{"type":"Feature","properties":{"kind":"home","county":"Tillamook","class":"","situs":"29410 BAY VIEW BLVD","acres":0.0},"geometry":{"type":"Point","coordinates":[-123.92277687538486,45.670518074639965]}},{"type":"Feature","properties":{"kind":"home","county":"Tillamook","class":"","situs":"29430 BAY VIEW BLVD","acres":0.0},"geometry":{"type":"Point","coordinates":[-123.92280454709643,45.67066629041113]}},{"type":"Feature","properties":{"kind":"home","county":"Tillamook","class":"","situs":"29450 BAY VIEW BLVD","acres":0.0},"geometry":{"type":"Point","coordinates":[-123.92302613591198,45.67092362251972]}},{"type":"Feature","properties":{"kind":"home","county":"Tillamook","class":"","situs":"10215 GLENN AVE","acres":0.0},"geometry":{"type":"Point","coordinates":[-123.92317755666622,45.67136098829257]}},{"type":"Feature","properties":{"kind":"home","county":"Tillamook","class":"","situs":"29500 HWY 101  N","acres":0.0},"geometry":{"type":"Point","coordinates":[-123.92326972695335,45.67115450345054]}},{"type":"Feature","properties":{"kind":"home","county":"Tillamook","class":"","situs":"29335 HWY 101  N","acres":0.0},"geometry":{"type":"Point","coordinates":[-123.92307771473655,45.67002553505314]}},{"type":"Feature","properties":{"kind":"home","county":"Tillamook","class":"","situs":"29295 HWY 101  N","acres":0.0},"geometry":{"type":"Point","coordinates":[-123.92304798288885,45.66978008249759]}},{"type":"Feature","properties":{"kind":"home","county":"Tillamook","class":"","situs":"29235 HWY 101  N","acres":0.0},"geometry":{"type":"Point","coordinates":[-123.92315654162618,45.66930357912358]}},{"type":"Feature","properties":{"kind":"home","county":"Tillamook","class":"","situs":"29200 HWY 101  N","acres":0.0},"geometry":{"type":"Point","coordinates":[-123.92494823192628,45.66874581812555]}},{"type":"Feature","properties":{"kind":"home","county":"Tillamook","class":"","situs":"27150 ELK TRAIL DR","acres":0.0},"geometry":{"type":"Point","coordinates":[-123.85437952068081,45.652144836137595]}},{"type":"Feature","properties":{"kind":"home","county":"Tillamook","class":"","situs":"27100 ELK TRAIL DR","acres":0.0},"geometry":{"type":"Point","coordinates":[-123.85492732555282,45.64961217020705]}},{"type":"Feature","properties":{"kind":"home","county":"Tillamook","class":"","situs":"27200 ELK TRAIL DR","acres":0.0},"geometry":{"type":"Point","coordinates":[-123.8535863018392,45.65047005604091]}},{"type":"Feature","properties":{"kind":"home","county":"Tillamook","class":"","situs":"27250 ELK TRAIL DR","acres":0.0},"geometry":{"type":"Point","coordinates":[-123.85315250387069,45.650905560232154]}},{"type":"Feature","properties":{"kind":"home","county":"Tillamook","class":"","situs":"27300 ELK TRAIL DR","acres":0.0},"geometry":{"type":"Point","coordinates":[-123.85268821777434,45.651380968131264]}},{"type":"Feature","properties":{"kind":"home","county":"Tillamook","class":"","situs":"27350 ELK TRAIL DR","acres":0.0},"geometry":{"type":"Point","coordinates":[-123.85218614446829,45.651857421886135]}},{"type":"Feature","properties":{"kind":"home","county":"Tillamook","class":"","situs":"27400 ELK TRAIL DR","acres":0.0},"geometry":{"type":"Point","coordinates":[-123.85135217795529,45.652119726132135]}},{"type":"Feature","properties":{"kind":"home","county":"Tillamook","class":"","situs":"27470 ELK TRAIL DR","acres":0.0},"geometry":{"type":"Point","coordinates":[-123.8516171380347,45.65296445151886]}},{"type":"Feature","properties":{"kind":"home","county":"Tillamook","class":"","situs":"27480 ELK TRAIL DR","acres":0.0},"geometry":{"type":"Point","coordinates":[-123.85089628931749,45.65258025642114]}},{"type":"Feature","properties":{"kind":"home","county":"Tillamook","class":"","situs":"27500 ELK TRAIL DR","acres":0.0},"geometry":{"type":"Point","coordinates":[-123.85088087675918,45.65326481669974]}},{"type":"Feature","properties":{"kind":"home","county":"Tillamook","class":"","situs":"27590 ELK TRAIL DR","acres":0.0},"geometry":{"type":"Point","coordinates":[-123.8499979860871,45.65462940000788]}},{"type":"Feature","properties":{"kind":"home","county":"Tillamook","class":"","situs":"17750 COHO WAY","acres":0.0},"geometry":{"type":"Point","coordinates":[-123.8475914150082,45.654765374294804]}},{"type":"Feature","properties":{"kind":"home","county":"Tillamook","class":"","situs":"27595 ELK TRAIL DR","acres":0.0},"geometry":{"type":"Point","coordinates":[-123.84871193988144,45.65403132518968]}},{"type":"Feature","properties":{"kind":"home","county":"Tillamook","class":"","situs":"27555 ELK TRAIL DR","acres":0.0},"geometry":{"type":"Point","coordinates":[-123.84900450243234,45.6535868177636]}},{"type":"Feature","properties":{"kind":"home","county":"Tillamook","class":"","situs":"27505 ELK TRAIL DR","acres":0.0},"geometry":{"type":"Point","coordinates":[-123.8498037800669,45.65280540450137]}},{"type":"Feature","properties":{"kind":"home","county":"Tillamook","class":"","situs":"27405 ELK TRAIL DR","acres":0.0},"geometry":{"type":"Point","coordinates":[-123.85019027890519,45.65204925911765]}},{"type":"Feature","properties":{"kind":"home","county":"Tillamook","class":"","situs":"17475 COHO WAY","acres":0.0},"geometry":{"type":"Point","coordinates":[-123.84996091669262,45.65154710544834]}},{"type":"Feature","properties":{"kind":"home","county":"Tillamook","class":"","situs":"27305 ELK TRAIL DR","acres":0.0},"geometry":{"type":"Point","coordinates":[-123.85107677385237,45.65084948749145]}},{"type":"Feature","properties":{"kind":"home","county":"Tillamook","class":"","situs":"27255 ELK TRAIL DR","acres":0.0},"geometry":{"type":"Point","coordinates":[-123.85142823473929,45.65057271492042]}},{"type":"Feature","properties":{"kind":"home","county":"Tillamook","class":"","situs":"27205 ELK TRAIL DR","acres":0.0},"geometry":{"type":"Point","coordinates":[-123.8519395321844,45.65028598318928]}},{"type":"Feature","properties":{"kind":"home","county":"Tillamook","class":"","situs":"27005 ELK TRAIL DR","acres":0.0},"geometry":{"type":"Point","coordinates":[-123.85268688510264,45.649847069039666]}},{"type":"Feature","properties":{"kind":"home","county":"Tillamook","class":"","situs":"26995 ELK TRAIL DR","acres":0.0},"geometry":{"type":"Point","coordinates":[-123.85388303233384,45.64914244739503]}},{"type":"Feature","properties":{"kind":"home","county":"Tillamook","class":"","situs":"27090 MIAMI FOLEY RD","acres":0.0},"geometry":{"type":"Point","coordinates":[-123.85166823974667,45.64946048053722]}},{"type":"Feature","properties":{"kind":"home","county":"Tillamook","class":"","situs":"27130 MIAMI FOLEY RD","acres":0.0},"geometry":{"type":"Point","coordinates":[-123.85009111194739,45.64991679767521]}},{"type":"Feature","properties":{"kind":"home","county":"Tillamook","class":"","situs":"27100 MIAMI FOLEY RD","acres":0.0},"geometry":{"type":"Point","coordinates":[-123.84972928661882,45.650325424789855]}},{"type":"Feature","properties":{"kind":"home","county":"Tillamook","class":"","situs":"27180 MIAMI FOLEY RD","acres":0.0},"geometry":{"type":"Point","coordinates":[-123.84943341760658,45.65076067787084]}},{"type":"Feature","properties":{"kind":"home","county":"Tillamook","class":"","situs":"27200 MIAMI FOLEY RD","acres":0.0},"geometry":{"type":"Point","coordinates":[-123.8489318595644,45.65111206200098]}},{"type":"Feature","properties":{"kind":"home","county":"Tillamook","class":"","situs":"17495 COHO WAY","acres":0.0},"geometry":{"type":"Point","coordinates":[-123.84865297114837,45.651593475291584]}},{"type":"Feature","properties":{"kind":"home","county":"Tillamook","class":"","situs":"17505 COHO WAY","acres":0.0},"geometry":{"type":"Point","coordinates":[-123.84833069148803,45.651956304718944]}},{"type":"Feature","properties":{"kind":"home","county":"Tillamook","class":"","situs":"17525 COHO WAY","acres":0.0},"geometry":{"type":"Point","coordinates":[-123.84777634509621,45.65242855296933]}},{"type":"Feature","properties":{"kind":"home","county":"Tillamook","class":"","situs":"17500 COHO WAY","acres":0.0},"geometry":{"type":"Point","coordinates":[-123.84912099918056,45.652539553298126]}},{"type":"Feature","properties":{"kind":"home","county":"Tillamook","class":"","situs":"17530 COHO WAY","acres":0.0},"geometry":{"type":"Point","coordinates":[-123.84848535979057,45.65296179338115]}},{"type":"Feature","properties":{"kind":"home","county":"Tillamook","class":"","situs":"17720 COHO WAY","acres":0.0},"geometry":{"type":"Point","coordinates":[-123.8474732338434,45.65403922616344]}},{"type":"Feature","properties":{"kind":"home","county":"Tillamook","class":"","situs":"27595 RIDGE VIEW WAY","acres":0.0},"geometry":{"type":"Point","coordinates":[-123.84620227395177,45.656297261283086]}},{"type":"Feature","properties":{"kind":"home","county":"Tillamook","class":"","situs":"17785 CREST VIEW LN","acres":0.0},"geometry":{"type":"Point","coordinates":[-123.8456834495885,45.657416300463375]}},{"type":"Feature","properties":{"kind":"home","county":"Tillamook","class":"","situs":"17705 CREST VIEW LN","acres":0.0},"geometry":{"type":"Point","coordinates":[-123.84594877775599,45.656849447808966]}},{"type":"Feature","properties":{"kind":"home","county":"Tillamook","class":"","situs":"17855 CREST VIEW LN","acres":0.0},"geometry":{"type":"Point","coordinates":[-123.84516239307203,45.65787650534355]}},{"type":"Feature","properties":{"kind":"home","county":"Tillamook","class":"","situs":"17905 CREST VIEW LN","acres":0.0},"geometry":{"type":"Point","coordinates":[-123.84432888767047,45.65820204521685]}},{"type":"Feature","properties":{"kind":"home","county":"Tillamook","class":"","situs":"17950 CREST VIEW LN","acres":0.0},"geometry":{"type":"Point","coordinates":[-123.8454728988484,45.658479062436164]}},{"type":"Feature","properties":{"kind":"home","county":"Tillamook","class":"","situs":"17910 CREST VIEW LN","acres":0.0},"geometry":{"type":"Point","coordinates":[-123.84440838466668,45.658695309544726]}},{"type":"Feature","properties":{"kind":"home","county":"Tillamook","class":"","situs":"27665 RIDGE VIEW WAY","acres":0.0},"geometry":{"type":"Point","coordinates":[-123.84656149051403,45.658013127641844]}},{"type":"Feature","properties":{"kind":"home","county":"Tillamook","class":"","situs":"17800 CREST VIEW LN","acres":0.0},"geometry":{"type":"Point","coordinates":[-123.84618876085096,45.658338656203696]}},{"type":"Feature","properties":{"kind":"home","county":"Tillamook","class":"","situs":"27655 RIDGE VIEW WAY","acres":0.0},"geometry":{"type":"Point","coordinates":[-123.8467704247667,45.65728719131085]}},{"type":"Feature","properties":{"kind":"home","county":"Tillamook","class":"","situs":"27855 RIDGE VIEW WAY","acres":0.0},"geometry":{"type":"Point","coordinates":[-123.84744660843377,45.65823131004213]}},{"type":"Feature","properties":{"kind":"home","county":"Tillamook","class":"","situs":"27875 RIDGE VIEW WAY","acres":0.0},"geometry":{"type":"Point","coordinates":[-123.84831960510773,45.65811960795788]}},{"type":"Feature","properties":{"kind":"home","county":"Tillamook","class":"","situs":"27950 RIDGE VIEW WAY","acres":0.0},"geometry":{"type":"Point","coordinates":[-123.84902655188716,45.65777386734495]}},{"type":"Feature","properties":{"kind":"home","county":"Tillamook","class":"","situs":"27900 RIDGE VIEW WAY","acres":0.0},"geometry":{"type":"Point","coordinates":[-123.84888488771423,45.65731678905356]}},{"type":"Feature","properties":{"kind":"home","county":"Tillamook","class":"","situs":"17550 CREST VIEW LN","acres":0.0},"geometry":{"type":"Point","coordinates":[-123.84883343081808,45.656857432846834]}},{"type":"Feature","properties":{"kind":"home","county":"Tillamook","class":"","situs":"17520 CREST VIEW LN","acres":0.0},"geometry":{"type":"Point","coordinates":[-123.84918409363529,45.65649494694345]}},{"type":"Feature","properties":{"kind":"home","county":"Tillamook","class":"","situs":"17500 CREST VIEW LN","acres":0.0},"geometry":{"type":"Point","coordinates":[-123.84914564458411,45.6555060935314]}},{"type":"Feature","properties":{"kind":"home","county":"Tillamook","class":"","situs":"17525 CREST VIEW LN","acres":0.0},"geometry":{"type":"Point","coordinates":[-123.84793279452359,45.65549291728897]}},{"type":"Feature","properties":{"kind":"home","county":"Tillamook","class":"","situs":"27400 RIDGE VIEW WAY","acres":0.0},"geometry":{"type":"Point","coordinates":[-123.84693567631003,45.6556802378288]}},{"type":"Feature","properties":{"kind":"home","county":"Tillamook","class":"","situs":"17555 CREST VIEW LN","acres":0.0},"geometry":{"type":"Point","coordinates":[-123.84794149297383,45.65622269156982]}},{"type":"Feature","properties":{"kind":"home","county":"Tillamook","class":"","situs":"27760 MIAMI FOLEY RD","acres":0.0},"geometry":{"type":"Point","coordinates":[-123.84515806162365,45.65701417608212]}},{"type":"Feature","properties":{"kind":"home","county":"Tillamook","class":"","situs":"28810 MIAMI FOLEY RD","acres":0.0},"geometry":{"type":"Point","coordinates":[-123.84433045262111,45.65765530245095]}},{"type":"Feature","properties":{"kind":"home","county":"Tillamook","class":"","situs":"27650 HWY 101  N","acres":0.0},"geometry":{"type":"Point","coordinates":[-123.92823082823035,45.663883794450875]}},{"type":"Feature","properties":{"kind":"home","county":"Tillamook","class":"","situs":"27540 HWY 101  N","acres":0.0},"geometry":{"type":"Point","coordinates":[-123.93060783912688,45.65897707051611]}},{"type":"Feature","properties":{"kind":"home","county":"Tillamook","class":"","situs":"27550 HWY 101  N","acres":0.0},"geometry":{"type":"Point","coordinates":[-123.92964917197945,45.66069678964915]}},{"type":"Feature","properties":{"kind":"home","county":"Tillamook","class":"","situs":"27500 HWY 101  N","acres":0.0},"geometry":{"type":"Point","coordinates":[-123.93109848980664,45.65826156386388]}},{"type":"Feature","properties":{"kind":"home","county":"Tillamook","class":"","situs":"25611 HWY 101  N","acres":0.0},"geometry":{"type":"Point","coordinates":[-123.93018375087162,45.64460238384285]}},{"type":"Feature","properties":{"kind":"home","county":"Tillamook","class":"","situs":"26825 HWY 101  N","acres":0.0},"geometry":{"type":"Point","coordinates":[-123.93127064046864,45.65177258403619]}},{"type":"Feature","properties":{"kind":"home","county":"Tillamook","class":"","situs":"26305 HWY 101  N","acres":0.0},"geometry":{"type":"Point","coordinates":[-123.93372618002674,45.647692771302935]}},{"type":"Feature","properties":{"kind":"home","county":"Tillamook","class":"","situs":"26255 HWY 101  N","acres":0.0},"geometry":{"type":"Point","coordinates":[-123.93407892885433,45.647241368774864]}},{"type":"Feature","properties":{"kind":"home","county":"Tillamook","class":"","situs":"26265 HWY 101  N","acres":0.0},"geometry":{"type":"Point","coordinates":[-123.93430594360078,45.64666509644224]}},{"type":"Feature","properties":{"kind":"home","county":"Tillamook","class":"","situs":"26225 HWY 101  N","acres":0.0},"geometry":{"type":"Point","coordinates":[-123.93446222691998,45.646416794612975]}},{"type":"Feature","properties":{"kind":"home","county":"Tillamook","class":"","situs":"26205 HWY 101  N","acres":0.0},"geometry":{"type":"Point","coordinates":[-123.93495378674037,45.64617627169193]}},{"type":"Feature","properties":{"kind":"home","county":"Tillamook","class":"","situs":"9585 SCENIC VIEW DR","acres":0.0},"geometry":{"type":"Point","coordinates":[-123.93302283882477,45.646995612825535]}},{"type":"Feature","properties":{"kind":"home","county":"Tillamook","class":"","situs":"9590 SCENIC VIEW DR","acres":0.0},"geometry":{"type":"Point","coordinates":[-123.93310580844808,45.64752791566363]}},{"type":"Feature","properties":{"kind":"home","county":"Tillamook","class":"","situs":"9700 SCENIC VIEW DR","acres":0.0},"geometry":{"type":"Point","coordinates":[-123.93324395049586,45.64790868624286]}},{"type":"Feature","properties":{"kind":"home","county":"Tillamook","class":"","situs":"9730 SCENIC VIEW DR","acres":0.6},"geometry":{"type":"Point","coordinates":[-123.93272035822613,45.648076478658375]}},{"type":"Feature","properties":{"kind":"home","county":"Tillamook","class":"","situs":"9705 SCENIC VIEW DR","acres":0.0},"geometry":{"type":"Point","coordinates":[-123.93154094570342,45.648174539638255]}},{"type":"Feature","properties":{"kind":"home","county":"Tillamook","class":"","situs":"9670 SCENIC VIEW DR","acres":0.0},"geometry":{"type":"Point","coordinates":[-123.93246003247,45.647383363269604]}},{"type":"Feature","properties":{"kind":"home","county":"Tillamook","class":"","situs":"26260 SCENIC VIEW DR","acres":0.0},"geometry":{"type":"Point","coordinates":[-123.93308185542917,45.64598800263233]}},{"type":"Feature","properties":{"kind":"home","county":"Tillamook","class":"","situs":"26275 SCENIC VIEW DR","acres":0.0},"geometry":{"type":"Point","coordinates":[-123.93188364764208,45.64604111662802]}},{"type":"Feature","properties":{"kind":"home","county":"Tillamook","class":"","situs":"9800 SCENIC VIEW DR","acres":0.0},"geometry":{"type":"Point","coordinates":[-123.93271766280371,45.64854013878456]}},{"type":"Feature","properties":{"kind":"home","county":"Tillamook","class":"","situs":"9675 SCENIC VIEW DR","acres":0.0},"geometry":{"type":"Point","coordinates":[-123.93161684837253,45.64725136445411]}},{"type":"Feature","properties":{"kind":"home","county":"Tillamook","class":"","situs":"26775 GENEVA AVE","acres":0.0},"geometry":{"type":"Point","coordinates":[-123.93730184861491,45.65287977500046]}},{"type":"Feature","properties":{"kind":"home","county":"Tillamook","class":"","situs":"26755 GENEVA AVE","acres":0.0},"geometry":{"type":"Point","coordinates":[-123.93734480984446,45.65263713391563]}},{"type":"Feature","properties":{"kind":"home","county":"Tillamook","class":"","situs":"26745 GENEVA AVE","acres":0.0},"geometry":{"type":"Point","coordinates":[-123.93737790808436,45.65243269972535]}},{"type":"Feature","properties":{"kind":"home","county":"Tillamook","class":"","situs":"26725 GENEVA AVE","acres":0.0},"geometry":{"type":"Point","coordinates":[-123.93741100482943,45.652228264986434]}},{"type":"Feature","properties":{"kind":"home","county":"Tillamook","class":"","situs":"8820 PARK ST","acres":0.0},"geometry":{"type":"Point","coordinates":[-123.93754339167725,45.65141053027914]}},{"type":"Feature","properties":{"kind":"home","county":"Tillamook","class":"","situs":"26780 GENEVA AVE","acres":0.0},"geometry":{"type":"Point","coordinates":[-123.93784935725542,45.65290077364798]}},{"type":"Feature","properties":{"kind":"home","county":"Tillamook","class":"","situs":"26740 GENEVA AVE","acres":0.0},"geometry":{"type":"Point","coordinates":[-123.93792102282494,45.652475946198514]}},{"type":"Feature","properties":{"kind":"home","county":"Tillamook","class":"","situs":"26730 GENEVA AVE","acres":0.0},"geometry":{"type":"Point","coordinates":[-123.9379540395197,45.65227217116805]}},{"type":"Feature","properties":{"kind":"home","county":"Tillamook","class":"","situs":"26610 GENEVA AVE","acres":0.0},"geometry":{"type":"Point","coordinates":[-123.93807002060717,45.65155633154549]}},{"type":"Feature","properties":{"kind":"home","county":"Tillamook","class":"","situs":"26645 NEDONNA AVE","acres":0.0},"geometry":{"type":"Point","coordinates":[-123.93836446368104,45.65168347461061]}},{"type":"Feature","properties":{"kind":"home","county":"Tillamook","class":"","situs":"26685 NEDONNA AVE","acres":0.0},"geometry":{"type":"Point","coordinates":[-123.93831470213485,45.65199061679982]}},{"type":"Feature","properties":{"kind":"home","county":"Tillamook","class":"","situs":"26725 NEDONNA AVE","acres":0.0},"geometry":{"type":"Point","coordinates":[-123.93826507475517,45.652296936109224]}},{"type":"Feature","properties":{"kind":"home","county":"Tillamook","class":"","situs":"26765 NEDONNA AVE","acres":0.0},"geometry":{"type":"Point","coordinates":[-123.93819893884438,45.652705143359576]}},{"type":"Feature","properties":{"kind":"home","county":"Tillamook","class":"","situs":"8625 SECTION LINE ST","acres":0.0},"geometry":{"type":"Point","coordinates":[-123.93867668758523,45.652898846777084]}},{"type":"Feature","properties":{"kind":"home","county":"Tillamook","class":"","situs":"26730 NEDONNA AVE","acres":0.0},"geometry":{"type":"Point","coordinates":[-123.93873731071136,45.652542000450325]}},{"type":"Feature","properties":{"kind":"home","county":"Tillamook","class":"","situs":"26720 NEDONNA AVE","acres":0.0},"geometry":{"type":"Point","coordinates":[-123.93877044193833,45.65233737649993]}},{"type":"Feature","properties":{"kind":"home","county":"Tillamook","class":"","situs":"26650 NEDONNA AVE","acres":0.0},"geometry":{"type":"Point","coordinates":[-123.9388367061893,45.65192812769576]}},{"type":"Feature","properties":{"kind":"home","county":"Tillamook","class":"","situs":"26640 NEDONNA AVE","acres":0.0},"geometry":{"type":"Point","coordinates":[-123.93886983672871,45.651723501864836]}},{"type":"Feature","properties":{"kind":"home","county":"Tillamook","class":"","situs":"8620 PARK ST","acres":0.0},"geometry":{"type":"Point","coordinates":[-123.93921973474289,45.65150944521735]}},{"type":"Feature","properties":{"kind":"home","county":"Tillamook","class":"","situs":"26615 BEACH DR","acres":0.0},"geometry":{"type":"Point","coordinates":[-123.93919220186542,45.65167969742418]}},{"type":"Feature","properties":{"kind":"home","county":"Tillamook","class":"","situs":"26625 BEACH DR","acres":0.0},"geometry":{"type":"Point","coordinates":[-123.93915916211283,45.651884002209925]}},{"type":"Feature","properties":{"kind":"home","county":"Tillamook","class":"","situs":"26635 BEACH DR","acres":0.0},"geometry":{"type":"Point","coordinates":[-123.93912612150973,45.652088306381536]}},{"type":"Feature","properties":{"kind":"home","county":"Tillamook","class":"","situs":"10500 BRIGHTON BLVD","acres":0.0},"geometry":{"type":"Point","coordinates":[-123.92117888282719,45.68078630678071]}},{"type":"Feature","properties":{"kind":"home","county":"Tillamook","class":"","situs":"10810 RIDGE WAY","acres":2.1},"geometry":{"type":"Point","coordinates":[-123.91685039753581,45.67954449825258]}},{"type":"Feature","properties":{"kind":"home","county":"Tillamook","class":"","situs":"30795 HWY 101  N","acres":0.0},"geometry":{"type":"Point","coordinates":[-123.92317015199923,45.68110152994964]}},{"type":"Feature","properties":{"kind":"home","county":"Tillamook","class":"","situs":"30785 HWY 101  N","acres":0.0},"geometry":{"type":"Point","coordinates":[-123.9234078633239,45.68105967146445]}},{"type":"Feature","properties":{"kind":"home","county":"Tillamook","class":"","situs":"30590 BAYVIEW BLVD","acres":0.0},"geometry":{"type":"Point","coordinates":[-123.92334849830263,45.67956996222199]}},{"type":"Feature","properties":{"kind":"home","county":"Tillamook","class":"","situs":"30235 HWY 101  N","acres":0.0},"geometry":{"type":"Point","coordinates":[-123.92368264349643,45.677027314405294]}},{"type":"Feature","properties":{"kind":"home","county":"Tillamook","class":"","situs":"30225 HWY 101  N","acres":0.0},"geometry":{"type":"Point","coordinates":[-123.92369059760925,45.6768216070166]}},{"type":"Feature","properties":{"kind":"home","county":"Tillamook","class":"","situs":"30135 HWY 101  N","acres":0.0},"geometry":{"type":"Point","coordinates":[-123.92351611490028,45.676243847559256]}},{"type":"Feature","properties":{"kind":"home","county":"Tillamook","class":"","situs":"30045 HWY 101  N","acres":0.0},"geometry":{"type":"Point","coordinates":[-123.92353679178204,45.67559513345798]}},{"type":"Feature","properties":{"kind":"home","county":"Tillamook","class":"","situs":"30015 HWY 101  N","acres":0.0},"geometry":{"type":"Point","coordinates":[-123.92372287218757,45.67508133993317]}},{"type":"Feature","properties":{"kind":"home","county":"Tillamook","class":"","situs":"30005 BAY VIEW BLVD","acres":0.0},"geometry":{"type":"Point","coordinates":[-123.92264672879095,45.67505036384165]}},{"type":"Feature","properties":{"kind":"home","county":"Tillamook","class":"","situs":"29905 HALL ST","acres":0.0},"geometry":{"type":"Point","coordinates":[-123.92162457739346,45.67423739359425]}},{"type":"Feature","properties":{"kind":"home","county":"Tillamook","class":"","situs":"29815 BAY VIEW BLVD","acres":0.0},"geometry":{"type":"Point","coordinates":[-123.92263600736094,45.673308727551884]}},{"type":"Feature","properties":{"kind":"home","county":"Tillamook","class":"","situs":"29845 BAY VIEW BLVD","acres":0.0},"geometry":{"type":"Point","coordinates":[-123.92241382112444,45.67352978447161]}},{"type":"Feature","properties":{"kind":"home","county":"Tillamook","class":"","situs":"29895 BAY VIEW BLVD","acres":0.0},"geometry":{"type":"Point","coordinates":[-123.9226406515394,45.674062919270035]}},{"type":"Feature","properties":{"kind":"home","county":"Tillamook","class":"","situs":"29955 BAY VIEW BLVD","acres":0.0},"geometry":{"type":"Point","coordinates":[-123.92264254962505,45.674371453833]}},{"type":"Feature","properties":{"kind":"home","county":"Tillamook","class":"","situs":"29970 BAY VIEW BLVD","acres":0.0},"geometry":{"type":"Point","coordinates":[-123.92357420832533,45.674483343940466]}},{"type":"Feature","properties":{"kind":"home","county":"Tillamook","class":"","situs":"29840 BAYVIEW BLVD","acres":0.0},"geometry":{"type":"Point","coordinates":[-123.92326425763645,45.67368392944825]}},{"type":"Feature","properties":{"kind":"home","county":"Tillamook","class":"","situs":"29810 BAY VIEW BLVD","acres":0.0},"geometry":{"type":"Point","coordinates":[-123.92326129767208,45.673203989946096]}},{"type":"Feature","properties":{"kind":"home","county":"Tillamook","class":"","situs":"29805 HWY 101  N","acres":0.0},"geometry":{"type":"Point","coordinates":[-123.92366331349324,45.67327285335115]}},{"type":"Feature","properties":{"kind":"home","county":"Tillamook","class":"","situs":"29795 HWY 101  N","acres":0.0},"geometry":{"type":"Point","coordinates":[-123.92357150233535,45.67297155317411]}},{"type":"Feature","properties":{"kind":"home","county":"Tillamook","class":"","situs":"29780 BAY VIEW BLVD","acres":0.0},"geometry":{"type":"Point","coordinates":[-123.92328035277586,45.67284875081272]}},{"type":"Feature","properties":{"kind":"home","county":"Tillamook","class":"","situs":"29780 BAY VIEW BLVD","acres":0.0},"geometry":{"type":"Point","coordinates":[-123.92355261051193,45.672868314470236]}},{"type":"Feature","properties":{"kind":"home","county":"Tillamook","class":"","situs":"29720 BAY VIEW BLVD","acres":0.0},"geometry":{"type":"Point","coordinates":[-123.92325487638907,45.67246398067301]}},{"type":"Feature","properties":{"kind":"home","county":"Tillamook","class":"","situs":"29685 HWY 101  N","acres":0.0},"geometry":{"type":"Point","coordinates":[-123.92348820040897,45.67219881334284]}},{"type":"Feature","properties":{"kind":"home","county":"Tillamook","class":"","situs":"29625 HWY 101  N","acres":0.0},"geometry":{"type":"Point","coordinates":[-123.92315666357695,45.67184940596218]}},{"type":"Feature","properties":{"kind":"home","county":"Tillamook","class":"","situs":"29655 BAY VIEW BLVD","acres":0.0},"geometry":{"type":"Point","coordinates":[-123.92222681742572,45.672014094875394]}},{"type":"Feature","properties":{"kind":"home","county":"Tillamook","class":"","situs":"10335 GLENN AVE","acres":0.0},"geometry":{"type":"Point","coordinates":[-123.92208264458019,45.671111355097814]}},{"type":"Feature","properties":{"kind":"home","county":"Tillamook","class":"","situs":"29435 BAY VIEW BLVD","acres":0.0},"geometry":{"type":"Point","coordinates":[-123.92201589856836,45.67086116990104]}},{"type":"Feature","properties":{"kind":"home","county":"Tillamook","class":"","situs":"29345 BAY VIEW BLVD","acres":0.0},"geometry":{"type":"Point","coordinates":[-123.92195465079665,45.6701657189162]}},{"type":"Feature","properties":{"kind":"home","county":"Tillamook","class":"","situs":"29285 BAY VIEW BLVD","acres":0.0},"geometry":{"type":"Point","coordinates":[-123.92194327607639,45.6697082003671]}},{"type":"Feature","properties":{"kind":"home","county":"Tillamook","class":"","situs":"29270 BAY VIEW BLVD","acres":0.0},"geometry":{"type":"Point","coordinates":[-123.92276694719445,45.66968125224852]}},{"type":"Feature","properties":{"kind":"home","county":"Tillamook","class":"","situs":"29390 BAY VIEW BLVD","acres":0.0},"geometry":{"type":"Point","coordinates":[-123.92275537011757,45.67040424071789]}},{"type":"Feature","properties":{"kind":"home","county":"Tillamook","class":"","situs":"29410 BAY VIEW BLVD","acres":0.0},"geometry":{"type":"Point","coordinates":[-123.92277687538486,45.670518074639965]}},{"type":"Feature","properties":{"kind":"home","county":"Tillamook","class":"","situs":"29430 BAY VIEW BLVD","acres":0.0},"geometry":{"type":"Point","coordinates":[-123.92280454709643,45.67066629041113]}},{"type":"Feature","properties":{"kind":"home","county":"Tillamook","class":"","situs":"29450 BAY VIEW BLVD","acres":0.0},"geometry":{"type":"Point","coordinates":[-123.92302613591198,45.67092362251972]}},{"type":"Feature","properties":{"kind":"home","county":"Tillamook","class":"","situs":"10215 GLENN AVE","acres":0.0},"geometry":{"type":"Point","coordinates":[-123.92317755666622,45.67136098829257]}},{"type":"Feature","properties":{"kind":"home","county":"Tillamook","class":"","situs":"29500 HWY 101  N","acres":0.0},"geometry":{"type":"Point","coordinates":[-123.92326972695335,45.67115450345054]}},{"type":"Feature","properties":{"kind":"home","county":"Tillamook","class":"","situs":"29335 HWY 101  N","acres":0.0},"geometry":{"type":"Point","coordinates":[-123.92307771473655,45.67002553505314]}},{"type":"Feature","properties":{"kind":"home","county":"Tillamook","class":"","situs":"29295 HWY 101  N","acres":0.0},"geometry":{"type":"Point","coordinates":[-123.92304798288885,45.66978008249759]}},{"type":"Feature","properties":{"kind":"home","county":"Tillamook","class":"","situs":"29235 HWY 101  N","acres":0.0},"geometry":{"type":"Point","coordinates":[-123.92315654162618,45.66930357912358]}},{"type":"Feature","properties":{"kind":"home","county":"Tillamook","class":"","situs":"29200 HWY 101  N","acres":0.0},"geometry":{"type":"Point","coordinates":[-123.92494823192628,45.66874581812555]}},{"type":"Feature","properties":{"kind":"home","county":"Tillamook","class":"","situs":"27150 ELK TRAIL DR","acres":0.0},"geometry":{"type":"Point","coordinates":[-123.85437952068081,45.652144836137595]}},{"type":"Feature","properties":{"kind":"home","county":"Tillamook","class":"","situs":"27100 ELK TRAIL DR","acres":0.0},"geometry":{"type":"Point","coordinates":[-123.85492732555282,45.64961217020705]}},{"type":"Feature","properties":{"kind":"home","county":"Tillamook","class":"","situs":"27200 ELK TRAIL DR","acres":0.0},"geometry":{"type":"Point","coordinates":[-123.8535863018392,45.65047005604091]}},{"type":"Feature","properties":{"kind":"home","county":"Tillamook","class":"","situs":"27250 ELK TRAIL DR","acres":0.0},"geometry":{"type":"Point","coordinates":[-123.85315250387069,45.650905560232154]}},{"type":"Feature","properties":{"kind":"home","county":"Tillamook","class":"","situs":"27300 ELK TRAIL DR","acres":0.0},"geometry":{"type":"Point","coordinates":[-123.85268821777434,45.651380968131264]}},{"type":"Feature","properties":{"kind":"home","county":"Tillamook","class":"","situs":"27350 ELK TRAIL DR","acres":0.0},"geometry":{"type":"Point","coordinates":[-123.85218614446829,45.651857421886135]}},{"type":"Feature","properties":{"kind":"home","county":"Tillamook","class":"","situs":"27400 ELK TRAIL DR","acres":0.0},"geometry":{"type":"Point","coordinates":[-123.85135217795529,45.652119726132135]}},{"type":"Feature","properties":{"kind":"home","county":"Tillamook","class":"","situs":"27470 ELK TRAIL DR","acres":0.0},"geometry":{"type":"Point","coordinates":[-123.8516171380347,45.65296445151886]}},{"type":"Feature","properties":{"kind":"home","county":"Tillamook","class":"","situs":"27480 ELK TRAIL DR","acres":0.0},"geometry":{"type":"Point","coordinates":[-123.85089628931749,45.65258025642114]}},{"type":"Feature","properties":{"kind":"home","county":"Tillamook","class":"","situs":"27500 ELK TRAIL DR","acres":0.0},"geometry":{"type":"Point","coordinates":[-123.85088087675918,45.65326481669974]}},{"type":"Feature","properties":{"kind":"home","county":"Tillamook","class":"","situs":"27590 ELK TRAIL DR","acres":0.0},"geometry":{"type":"Point","coordinates":[-123.8499979860871,45.65462940000788]}},{"type":"Feature","properties":{"kind":"home","county":"Tillamook","class":"","situs":"17750 COHO WAY","acres":0.0},"geometry":{"type":"Point","coordinates":[-123.8475914150082,45.654765374294804]}},{"type":"Feature","properties":{"kind":"home","county":"Tillamook","class":"","situs":"27595 ELK TRAIL DR","acres":0.0},"geometry":{"type":"Point","coordinates":[-123.84871193988144,45.65403132518968]}},{"type":"Feature","properties":{"kind":"home","county":"Tillamook","class":"","situs":"27555 ELK TRAIL DR","acres":0.0},"geometry":{"type":"Point","coordinates":[-123.84900450243234,45.6535868177636]}},{"type":"Feature","properties":{"kind":"home","county":"Tillamook","class":"","situs":"27505 ELK TRAIL DR","acres":0.0},"geometry":{"type":"Point","coordinates":[-123.8498037800669,45.65280540450137]}},{"type":"Feature","properties":{"kind":"home","county":"Tillamook","class":"","situs":"27405 ELK TRAIL DR","acres":0.0},"geometry":{"type":"Point","coordinates":[-123.85019027890519,45.65204925911765]}},{"type":"Feature","properties":{"kind":"home","county":"Tillamook","class":"","situs":"17475 COHO WAY","acres":0.0},"geometry":{"type":"Point","coordinates":[-123.84996091669262,45.65154710544834]}},{"type":"Feature","properties":{"kind":"home","county":"Tillamook","class":"","situs":"27305 ELK TRAIL DR","acres":0.0},"geometry":{"type":"Point","coordinates":[-123.85107677385237,45.65084948749145]}},{"type":"Feature","properties":{"kind":"home","county":"Tillamook","class":"","situs":"27255 ELK TRAIL DR","acres":0.0},"geometry":{"type":"Point","coordinates":[-123.85142823473929,45.65057271492042]}},{"type":"Feature","properties":{"kind":"home","county":"Tillamook","class":"","situs":"27205 ELK TRAIL DR","acres":0.0},"geometry":{"type":"Point","coordinates":[-123.8519395321844,45.65028598318928]}},{"type":"Feature","properties":{"kind":"home","county":"Tillamook","class":"","situs":"27005 ELK TRAIL DR","acres":0.0},"geometry":{"type":"Point","coordinates":[-123.85268688510264,45.649847069039666]}},{"type":"Feature","properties":{"kind":"home","county":"Tillamook","class":"","situs":"26995 ELK TRAIL DR","acres":0.0},"geometry":{"type":"Point","coordinates":[-123.85388303233384,45.64914244739503]}},{"type":"Feature","properties":{"kind":"home","county":"Tillamook","class":"","situs":"27090 MIAMI FOLEY RD","acres":0.0},"geometry":{"type":"Point","coordinates":[-123.85166823974667,45.64946048053722]}},{"type":"Feature","properties":{"kind":"home","county":"Tillamook","class":"","situs":"27130 MIAMI FOLEY RD","acres":0.0},"geometry":{"type":"Point","coordinates":[-123.85009111194739,45.64991679767521]}},{"type":"Feature","properties":{"kind":"home","county":"Tillamook","class":"","situs":"27100 MIAMI FOLEY RD","acres":0.0},"geometry":{"type":"Point","coordinates":[-123.84972928661882,45.650325424789855]}},{"type":"Feature","properties":{"kind":"home","county":"Tillamook","class":"","situs":"27180 MIAMI FOLEY RD","acres":0.0},"geometry":{"type":"Point","coordinates":[-123.84943341760658,45.65076067787084]}},{"type":"Feature","properties":{"kind":"home","county":"Tillamook","class":"","situs":"27200 MIAMI FOLEY RD","acres":0.0},"geometry":{"type":"Point","coordinates":[-123.8489318595644,45.65111206200098]}},{"type":"Feature","properties":{"kind":"home","county":"Tillamook","class":"","situs":"17495 COHO WAY","acres":0.0},"geometry":{"type":"Point","coordinates":[-123.84865297114837,45.651593475291584]}},{"type":"Feature","properties":{"kind":"home","county":"Tillamook","class":"","situs":"17505 COHO WAY","acres":0.0},"geometry":{"type":"Point","coordinates":[-123.84833069148803,45.651956304718944]}},{"type":"Feature","properties":{"kind":"home","county":"Tillamook","class":"","situs":"17525 COHO WAY","acres":0.0},"geometry":{"type":"Point","coordinates":[-123.84777634509621,45.65242855296933]}},{"type":"Feature","properties":{"kind":"home","county":"Tillamook","class":"","situs":"17500 COHO WAY","acres":0.0},"geometry":{"type":"Point","coordinates":[-123.84912099918056,45.652539553298126]}},{"type":"Feature","properties":{"kind":"home","county":"Tillamook","class":"","situs":"17530 COHO WAY","acres":0.0},"geometry":{"type":"Point","coordinates":[-123.84848535979057,45.65296179338115]}},{"type":"Feature","properties":{"kind":"home","county":"Tillamook","class":"","situs":"17720 COHO WAY","acres":0.0},"geometry":{"type":"Point","coordinates":[-123.8474732338434,45.65403922616344]}},{"type":"Feature","properties":{"kind":"home","county":"Tillamook","class":"","situs":"27595 RIDGE VIEW WAY","acres":0.0},"geometry":{"type":"Point","coordinates":[-123.84620227395177,45.656297261283086]}},{"type":"Feature","properties":{"kind":"home","county":"Tillamook","class":"","situs":"17785 CREST VIEW LN","acres":0.0},"geometry":{"type":"Point","coordinates":[-123.8456834495885,45.657416300463375]}},{"type":"Feature","properties":{"kind":"home","county":"Tillamook","class":"","situs":"17705 CREST VIEW LN","acres":0.0},"geometry":{"type":"Point","coordinates":[-123.84594877775599,45.656849447808966]}},{"type":"Feature","properties":{"kind":"home","county":"Tillamook","class":"","situs":"17855 CREST VIEW LN","acres":0.0},"geometry":{"type":"Point","coordinates":[-123.84516239307203,45.65787650534355]}},{"type":"Feature","properties":{"kind":"home","county":"Tillamook","class":"","situs":"17905 CREST VIEW LN","acres":0.0},"geometry":{"type":"Point","coordinates":[-123.84432888767047,45.65820204521685]}},{"type":"Feature","properties":{"kind":"home","county":"Tillamook","class":"","situs":"17950 CREST VIEW LN","acres":0.0},"geometry":{"type":"Point","coordinates":[-123.8454728988484,45.658479062436164]}},{"type":"Feature","properties":{"kind":"home","county":"Tillamook","class":"","situs":"17910 CREST VIEW LN","acres":0.0},"geometry":{"type":"Point","coordinates":[-123.84440838466668,45.658695309544726]}},{"type":"Feature","properties":{"kind":"home","county":"Tillamook","class":"","situs":"27665 RIDGE VIEW WAY","acres":0.0},"geometry":{"type":"Point","coordinates":[-123.84656149051403,45.658013127641844]}},{"type":"Feature","properties":{"kind":"home","county":"Tillamook","class":"","situs":"17800 CREST VIEW LN","acres":0.0},"geometry":{"type":"Point","coordinates":[-123.84618876085096,45.658338656203696]}},{"type":"Feature","properties":{"kind":"home","county":"Tillamook","class":"","situs":"27655 RIDGE VIEW WAY","acres":0.0},"geometry":{"type":"Point","coordinates":[-123.8467704247667,45.65728719131085]}},{"type":"Feature","properties":{"kind":"home","county":"Tillamook","class":"","situs":"27855 RIDGE VIEW WAY","acres":0.0},"geometry":{"type":"Point","coordinates":[-123.84744660843377,45.65823131004213]}},{"type":"Feature","properties":{"kind":"home","county":"Tillamook","class":"","situs":"27875 RIDGE VIEW WAY","acres":0.0},"geometry":{"type":"Point","coordinates":[-123.84831960510773,45.65811960795788]}},{"type":"Feature","properties":{"kind":"home","county":"Tillamook","class":"","situs":"27950 RIDGE VIEW WAY","acres":0.0},"geometry":{"type":"Point","coordinates":[-123.84902655188716,45.65777386734495]}},{"type":"Feature","properties":{"kind":"home","county":"Tillamook","class":"","situs":"27900 RIDGE VIEW WAY","acres":0.0},"geometry":{"type":"Point","coordinates":[-123.84888488771423,45.65731678905356]}},{"type":"Feature","properties":{"kind":"home","county":"Tillamook","class":"","situs":"17550 CREST VIEW LN","acres":0.0},"geometry":{"type":"Point","coordinates":[-123.84883343081808,45.656857432846834]}},{"type":"Feature","properties":{"kind":"home","county":"Tillamook","class":"","situs":"17520 CREST VIEW LN","acres":0.0},"geometry":{"type":"Point","coordinates":[-123.84918409363529,45.65649494694345]}},{"type":"Feature","properties":{"kind":"home","county":"Tillamook","class":"","situs":"17500 CREST VIEW LN","acres":0.0},"geometry":{"type":"Point","coordinates":[-123.84914564458411,45.6555060935314]}},{"type":"Feature","properties":{"kind":"home","county":"Tillamook","class":"","situs":"17525 CREST VIEW LN","acres":0.0},"geometry":{"type":"Point","coordinates":[-123.84793279452359,45.65549291728897]}},{"type":"Feature","properties":{"kind":"home","county":"Tillamook","class":"","situs":"27400 RIDGE VIEW WAY","acres":0.0},"geometry":{"type":"Point","coordinates":[-123.84693567631003,45.6556802378288]}},{"type":"Feature","properties":{"kind":"home","county":"Tillamook","class":"","situs":"17555 CREST VIEW LN","acres":0.0},"geometry":{"type":"Point","coordinates":[-123.84794149297383,45.65622269156982]}},{"type":"Feature","properties":{"kind":"home","county":"Tillamook","class":"","situs":"27760 MIAMI FOLEY RD","acres":0.0},"geometry":{"type":"Point","coordinates":[-123.84515806162365,45.65701417608212]}},{"type":"Feature","properties":{"kind":"home","county":"Tillamook","class":"","situs":"28810 MIAMI FOLEY RD","acres":0.0},"geometry":{"type":"Point","coordinates":[-123.84433045262111,45.65765530245095]}},{"type":"Feature","properties":{"kind":"home","county":"Tillamook","class":"","situs":"27650 HWY 101  N","acres":0.0},"geometry":{"type":"Point","coordinates":[-123.92823082823035,45.663883794450875]}},{"type":"Feature","properties":{"kind":"home","county":"Tillamook","class":"","situs":"27540 HWY 101  N","acres":0.0},"geometry":{"type":"Point","coordinates":[-123.93060783912688,45.65897707051611]}},{"type":"Feature","properties":{"kind":"home","county":"Tillamook","class":"","situs":"27550 HWY 101  N","acres":0.0},"geometry":{"type":"Point","coordinates":[-123.92964917197945,45.66069678964915]}},{"type":"Feature","properties":{"kind":"home","county":"Tillamook","class":"","situs":"27500 HWY 101  N","acres":0.0},"geometry":{"type":"Point","coordinates":[-123.93109848980664,45.65826156386388]}},{"type":"Feature","properties":{"kind":"home","county":"Tillamook","class":"","situs":"25611 HWY 101  N","acres":0.0},"geometry":{"type":"Point","coordinates":[-123.93018375087162,45.64460238384285]}},{"type":"Feature","properties":{"kind":"home","county":"Tillamook","class":"","situs":"26825 HWY 101  N","acres":0.0},"geometry":{"type":"Point","coordinates":[-123.93127064046864,45.65177258403619]}},{"type":"Feature","properties":{"kind":"home","county":"Tillamook","class":"","situs":"26305 HWY 101  N","acres":0.0},"geometry":{"type":"Point","coordinates":[-123.93372618002674,45.647692771302935]}},{"type":"Feature","properties":{"kind":"home","county":"Tillamook","class":"","situs":"26255 HWY 101  N","acres":0.0},"geometry":{"type":"Point","coordinates":[-123.93407892885433,45.647241368774864]}},{"type":"Feature","properties":{"kind":"home","county":"Tillamook","class":"","situs":"26265 HWY 101  N","acres":0.0},"geometry":{"type":"Point","coordinates":[-123.93430594360078,45.64666509644224]}},{"type":"Feature","properties":{"kind":"home","county":"Tillamook","class":"","situs":"26225 HWY 101  N","acres":0.0},"geometry":{"type":"Point","coordinates":[-123.93446222691998,45.646416794612975]}},{"type":"Feature","properties":{"kind":"home","county":"Tillamook","class":"","situs":"26205 HWY 101  N","acres":0.0},"geometry":{"type":"Point","coordinates":[-123.93495378674037,45.64617627169193]}},{"type":"Feature","properties":{"kind":"home","county":"Tillamook","class":"","situs":"9585 SCENIC VIEW DR","acres":0.0},"geometry":{"type":"Point","coordinates":[-123.93302283882477,45.646995612825535]}},{"type":"Feature","properties":{"kind":"home","county":"Tillamook","class":"","situs":"9590 SCENIC VIEW DR","acres":0.0},"geometry":{"type":"Point","coordinates":[-123.93310580844808,45.64752791566363]}},{"type":"Feature","properties":{"kind":"home","county":"Tillamook","class":"","situs":"9700 SCENIC VIEW DR","acres":0.0},"geometry":{"type":"Point","coordinates":[-123.93324395049586,45.64790868624286]}},{"type":"Feature","properties":{"kind":"home","county":"Tillamook","class":"","situs":"9730 SCENIC VIEW DR","acres":0.6},"geometry":{"type":"Point","coordinates":[-123.93272035822613,45.648076478658375]}},{"type":"Feature","properties":{"kind":"home","county":"Tillamook","class":"","situs":"9705 SCENIC VIEW DR","acres":0.0},"geometry":{"type":"Point","coordinates":[-123.93154094570342,45.648174539638255]}},{"type":"Feature","properties":{"kind":"home","county":"Tillamook","class":"","situs":"9670 SCENIC VIEW DR","acres":0.0},"geometry":{"type":"Point","coordinates":[-123.93246003247,45.647383363269604]}},{"type":"Feature","properties":{"kind":"home","county":"Tillamook","class":"","situs":"26260 SCENIC VIEW DR","acres":0.0},"geometry":{"type":"Point","coordinates":[-123.93308185542917,45.64598800263233]}},{"type":"Feature","properties":{"kind":"home","county":"Tillamook","class":"","situs":"26275 SCENIC VIEW DR","acres":0.0},"geometry":{"type":"Point","coordinates":[-123.93188364764208,45.64604111662802]}},{"type":"Feature","properties":{"kind":"home","county":"Tillamook","class":"","situs":"9800 SCENIC VIEW DR","acres":0.0},"geometry":{"type":"Point","coordinates":[-123.93271766280371,45.64854013878456]}},{"type":"Feature","properties":{"kind":"home","county":"Tillamook","class":"","situs":"9675 SCENIC VIEW DR","acres":0.0},"geometry":{"type":"Point","coordinates":[-123.93161684837253,45.64725136445411]}},{"type":"Feature","properties":{"kind":"home","county":"Tillamook","class":"","situs":"26775 GENEVA AVE","acres":0.0},"geometry":{"type":"Point","coordinates":[-123.93730184861491,45.65287977500046]}},{"type":"Feature","properties":{"kind":"home","county":"Tillamook","class":"","situs":"26755 GENEVA AVE","acres":0.0},"geometry":{"type":"Point","coordinates":[-123.93734480984446,45.65263713391563]}},{"type":"Feature","properties":{"kind":"home","county":"Tillamook","class":"","situs":"26745 GENEVA AVE","acres":0.0},"geometry":{"type":"Point","coordinates":[-123.93737790808436,45.65243269972535]}},{"type":"Feature","properties":{"kind":"home","county":"Tillamook","class":"","situs":"26725 GENEVA AVE","acres":0.0},"geometry":{"type":"Point","coordinates":[-123.93741100482943,45.652228264986434]}},{"type":"Feature","properties":{"kind":"home","county":"Tillamook","class":"","situs":"8820 PARK ST","acres":0.0},"geometry":{"type":"Point","coordinates":[-123.93754339167725,45.65141053027914]}},{"type":"Feature","properties":{"kind":"home","county":"Tillamook","class":"","situs":"26780 GENEVA AVE","acres":0.0},"geometry":{"type":"Point","coordinates":[-123.93784935725542,45.65290077364798]}},{"type":"Feature","properties":{"kind":"home","county":"Tillamook","class":"","situs":"26740 GENEVA AVE","acres":0.0},"geometry":{"type":"Point","coordinates":[-123.93792102282494,45.652475946198514]}},{"type":"Feature","properties":{"kind":"home","county":"Tillamook","class":"","situs":"26730 GENEVA AVE","acres":0.0},"geometry":{"type":"Point","coordinates":[-123.9379540395197,45.65227217116805]}},{"type":"Feature","properties":{"kind":"home","county":"Tillamook","class":"","situs":"26610 GENEVA AVE","acres":0.0},"geometry":{"type":"Point","coordinates":[-123.93807002060717,45.65155633154549]}},{"type":"Feature","properties":{"kind":"home","county":"Tillamook","class":"","situs":"26645 NEDONNA AVE","acres":0.0},"geometry":{"type":"Point","coordinates":[-123.93836446368104,45.65168347461061]}},{"type":"Feature","properties":{"kind":"home","county":"Tillamook","class":"","situs":"26685 NEDONNA AVE","acres":0.0},"geometry":{"type":"Point","coordinates":[-123.93831470213485,45.65199061679982]}},{"type":"Feature","properties":{"kind":"home","county":"Tillamook","class":"","situs":"26725 NEDONNA AVE","acres":0.0},"geometry":{"type":"Point","coordinates":[-123.93826507475517,45.652296936109224]}},{"type":"Feature","properties":{"kind":"home","county":"Tillamook","class":"","situs":"26765 NEDONNA AVE","acres":0.0},"geometry":{"type":"Point","coordinates":[-123.93819893884438,45.652705143359576]}},{"type":"Feature","properties":{"kind":"home","county":"Tillamook","class":"","situs":"8625 SECTION LINE ST","acres":0.0},"geometry":{"type":"Point","coordinates":[-123.93867668758523,45.652898846777084]}},{"type":"Feature","properties":{"kind":"home","county":"Tillamook","class":"","situs":"26730 NEDONNA AVE","acres":0.0},"geometry":{"type":"Point","coordinates":[-123.93873731071136,45.652542000450325]}},{"type":"Feature","properties":{"kind":"home","county":"Tillamook","class":"","situs":"26720 NEDONNA AVE","acres":0.0},"geometry":{"type":"Point","coordinates":[-123.93877044193833,45.65233737649993]}},{"type":"Feature","properties":{"kind":"home","county":"Tillamook","class":"","situs":"26650 NEDONNA AVE","acres":0.0},"geometry":{"type":"Point","coordinates":[-123.9388367061893,45.65192812769576]}},{"type":"Feature","properties":{"kind":"home","county":"Tillamook","class":"","situs":"26640 NEDONNA AVE","acres":0.0},"geometry":{"type":"Point","coordinates":[-123.93886983672871,45.651723501864836]}},{"type":"Feature","properties":{"kind":"home","county":"Tillamook","class":"","situs":"8620 PARK ST","acres":0.0},"geometry":{"type":"Point","coordinates":[-123.93921973474289,45.65150944521735]}},{"type":"Feature","properties":{"kind":"home","county":"Tillamook","class":"","situs":"26615 BEACH DR","acres":0.0},"geometry":{"type":"Point","coordinates":[-123.93919220186542,45.65167969742418]}},{"type":"Feature","properties":{"kind":"home","county":"Tillamook","class":"","situs":"26625 BEACH DR","acres":0.0},"geometry":{"type":"Point","coordinates":[-123.93915916211283,45.651884002209925]}},{"type":"Feature","properties":{"kind":"home","county":"Tillamook","class":"","situs":"26635 BEACH DR","acres":0.0},"geometry":{"type":"Point","coordinates":[-123.93912612150973,45.652088306381536]}},{"type":"Feature","properties":{"kind":"home","county":"Tillamook","class":"","situs":"26645 BEACH DR","acres":0.0},"geometry":{"type":"Point","coordinates":[-123.93909307986904,45.652292609554564]}},{"type":"Feature","properties":{"kind":"home","county":"Tillamook","class":"","situs":"26705 BEACH DR","acres":0.0},"geometry":{"type":"Point","coordinates":[-123.93906003734406,45.65249691292062]}},{"type":"Feature","properties":{"kind":"home","county":"Tillamook","class":"","situs":"26745 BEACH DR","acres":0.0},"geometry":{"type":"Point","coordinates":[-123.93902663615991,45.65270173470407]}},{"type":"Feature","properties":{"kind":"home","county":"Tillamook","class":"","situs":"26785 BEACH DR","acres":0.0},"geometry":{"type":"Point","coordinates":[-123.93899027302254,45.65291033165748]}},{"type":"Feature","properties":{"kind":"home","county":"Tillamook","class":"","situs":"26700 BEACH DR","acres":0.0},"geometry":{"type":"Point","coordinates":[-123.9396865649311,45.652650469358086]}},{"type":"Feature","properties":{"kind":"home","county":"Tillamook","class":"","situs":"26680 BEACH DR","acres":0.0},"geometry":{"type":"Point","coordinates":[-123.9397318723847,45.65251546106004]}},{"type":"Feature","properties":{"kind":"home","county":"Tillamook","class":"","situs":"26650 BEACH DR","acres":0.0},"geometry":{"type":"Point","coordinates":[-123.93977696332483,45.65238109841598]}},{"type":"Feature","properties":{"kind":"home","county":"Tillamook","class":"","situs":"26640 BEACH DR","acres":0.0},"geometry":{"type":"Point","coordinates":[-123.93983248782462,45.652242945216706]}},{"type":"Feature","properties":{"kind":"home","county":"Tillamook","class":"","situs":"26630 BEACH DR","acres":0.0},"geometry":{"type":"Point","coordinates":[-123.93995720469503,45.65184359897073]}},{"type":"Feature","properties":{"kind":"home","county":"Tillamook","class":"","situs":"26620 BEACH DR","acres":0.0},"geometry":{"type":"Point","coordinates":[-123.93998696339705,45.6517086146071]}},{"type":"Feature","properties":{"kind":"home","county":"Tillamook","class":"","situs":"26610 BEACH DR","acres":0.0},"geometry":{"type":"Point","coordinates":[-123.94000668640686,45.65157217683793]}},{"type":"Feature","properties":{"kind":"home","county":"Tillamook","class":"","situs":"26580 BEACH DR","acres":0.0},"geometry":{"type":"Point","coordinates":[-123.9400461279822,45.651299338014354]}},{"type":"Feature","properties":{"kind":"home","county":"Tillamook","class":"","situs":"26560 BEACH DR","acres":0.0},"geometry":{"type":"Point","coordinates":[-123.94006582749984,45.6511630061421]}},{"type":"Feature","properties":{"kind":"home","county":"Tillamook","class":"","situs":"26550 BEACH DR","acres":0.0},"geometry":{"type":"Point","coordinates":[-123.94008554466699,45.65102667637809]}},{"type":"Feature","properties":{"kind":"home","county":"Tillamook","class":"","situs":"26540 BEACH DR","acres":0.0},"geometry":{"type":"Point","coordinates":[-123.9401052470136,45.650890345887994]}},{"type":"Feature","properties":{"kind":"home","county":"Tillamook","class":"","situs":"26520 BEACH DR","acres":0.0},"geometry":{"type":"Point","coordinates":[-123.9401249623384,45.650754016178695]}},{"type":"Feature","properties":{"kind":"home","county":"Tillamook","class":"","situs":"26490 BEACH DR","acres":0.0},"geometry":{"type":"Point","coordinates":[-123.94014959784347,45.65058365257679]}},{"type":"Feature","properties":{"kind":"home","county":"Tillamook","class":"","situs":"26480 BEACH DR","acres":0.0},"geometry":{"type":"Point","coordinates":[-123.94017915773595,45.65037915509324]}},{"type":"Feature","properties":{"kind":"home","county":"Tillamook","class":"","situs":"26450 BEACH DR","acres":0.0},"geometry":{"type":"Point","coordinates":[-123.94020379211139,45.65020869157792]}},{"type":"Feature","properties":{"kind":"home","county":"Tillamook","class":"","situs":"26430 BEACH DR","acres":0.0},"geometry":{"type":"Point","coordinates":[-123.9402235057616,45.650072361249975]}},{"type":"Feature","properties":{"kind":"home","county":"Tillamook","class":"","situs":"26420 BEACH DR","acres":0.0},"geometry":{"type":"Point","coordinates":[-123.94024320903199,45.649936029767616]}},{"type":"Feature","properties":{"kind":"home","county":"Tillamook","class":"","situs":"26400 BEACH DR","acres":0.0},"geometry":{"type":"Point","coordinates":[-123.94026296189169,45.64979968346126]}},{"type":"Feature","properties":{"kind":"home","county":"Tillamook","class":"","situs":"26405 BEACH DR","acres":0.0},"geometry":{"type":"Point","coordinates":[-123.93949498754162,45.64980733963369]}},{"type":"Feature","properties":{"kind":"home","county":"Tillamook","class":"","situs":"26435 BEACH DR","acres":0.0},"geometry":{"type":"Point","coordinates":[-123.93945646958403,45.650045593573005]}},{"type":"Feature","properties":{"kind":"home","county":"Tillamook","class":"","situs":"26455 BEACH DR","acres":0.0},"geometry":{"type":"Point","coordinates":[-123.93942344240403,45.650249824257855]}},{"type":"Feature","properties":{"kind":"home","county":"Tillamook","class":"","situs":"26485 BEACH DR","acres":0.0},"geometry":{"type":"Point","coordinates":[-123.93937388624786,45.6505562119038]}},{"type":"Feature","properties":{"kind":"home","county":"Tillamook","class":"","situs":"26555 BEACH DR","acres":0.0},"geometry":{"type":"Point","coordinates":[-123.93930783236361,45.65096467758673]}},{"type":"Feature","properties":{"kind":"home","county":"Tillamook","class":"","situs":"26575 BEACH DR","acres":0.0},"geometry":{"type":"Point","coordinates":[-123.9392858136872,45.65110083635846]}},{"type":"Feature","properties":{"kind":"home","county":"Tillamook","class":"","situs":"8625 PARK ST","acres":0.0},"geometry":{"type":"Point","coordinates":[-123.93926379648008,45.65123699386989]}},{"type":"Feature","properties":{"kind":"home","county":"Tillamook","class":"","situs":"26550 NEDONNA AVE","acres":0.0},"geometry":{"type":"Point","coordinates":[-123.93899670840248,45.65093989721788]}},{"type":"Feature","properties":{"kind":"home","county":"Tillamook","class":"","situs":"26480 NEDONNA AVE","acres":0.0},"geometry":{"type":"Point","coordinates":[-123.93907387053936,45.65046329941451]}},{"type":"Feature","properties":{"kind":"home","county":"Tillamook","class":"","situs":"26430 NEDONNA AVE","acres":0.0},"geometry":{"type":"Point","coordinates":[-123.93915653611546,45.64995271839206]}},{"type":"Feature","properties":{"kind":"home","county":"Tillamook","class":"","situs":"26405 NEDONNA AVE","acres":0.0},"geometry":{"type":"Point","coordinates":[-123.93868446739843,45.64970819409003]}},{"type":"Feature","properties":{"kind":"home","county":"Tillamook","class":"","situs":"26445 NEDONNA AVE","acres":0.0},"geometry":{"type":"Point","coordinates":[-123.93865138043701,45.6499124439406]}},{"type":"Feature","properties":{"kind":"home","county":"Tillamook","class":"","situs":"26475 NEDONNA AVE","acres":0.0},"geometry":{"type":"Point","coordinates":[-123.93858520283736,45.65032094362314]}},{"type":"Feature","properties":{"kind":"home","county":"Tillamook","class":"","situs":"26515 NEDONNA AVE","acres":0.0},"geometry":{"type":"Point","coordinates":[-123.93855211251893,45.65052519463589]}},{"type":"Feature","properties":{"kind":"home","county":"Tillamook","class":"","situs":"26535 NEDONNA AVE","acres":0.0},"geometry":{"type":"Point","coordinates":[-123.93851902367216,45.650729444154926]}},{"type":"Feature","properties":{"kind":"home","county":"Tillamook","class":"","situs":"26555 NEDONNA AVE","acres":0.0},"geometry":{"type":"Point","coordinates":[-123.9384859334828,45.65093369298824]}},{"type":"Feature","properties":{"kind":"home","county":"Tillamook","class":"","situs":"8735 PARK ST","acres":0.0},"geometry":{"type":"Point","coordinates":[-123.93845284340806,45.651137942524905]}},{"type":"Feature","properties":{"kind":"home","county":"Tillamook","class":"","situs":"26550 GENEVA AVE","acres":0.0},"geometry":{"type":"Point","coordinates":[-123.93817490948189,45.650908919740544]}},{"type":"Feature","properties":{"kind":"home","county":"Tillamook","class":"","situs":"26530 GENEVA AVE","acres":0.0},"geometry":{"type":"Point","coordinates":[-123.93820800000526,45.650704663983475]}},{"type":"Feature","properties":{"kind":"home","county":"Tillamook","class":"","situs":"26510 GENEVA AVE","acres":0.0},"geometry":{"type":"Point","coordinates":[-123.93824109229732,45.65050040699302]}},{"type":"Feature","properties":{"kind":"home","county":"Tillamook","class":"","situs":"26470 GENEVA AVE","acres":0.0},"geometry":{"type":"Point","coordinates":[-123.9382755112992,45.650295325238524]}},{"type":"Feature","properties":{"kind":"home","county":"Tillamook","class":"","situs":"26450 GENEVA AVE","acres":0.0},"geometry":{"type":"Point","coordinates":[-123.93830620523148,45.65009101574806]}},{"type":"Feature","properties":{"kind":"home","county":"Tillamook","class":"","situs":"26440 GENEVA AVE","acres":0.0},"geometry":{"type":"Point","coordinates":[-123.93834036698372,45.64988763825455]}},{"type":"Feature","properties":{"kind":"home","county":"Tillamook","class":"","situs":"26525 GENEVA AVE","acres":0.0},"geometry":{"type":"Point","coordinates":[-123.93766483813808,45.65066101508951]}},{"type":"Feature","properties":{"kind":"home","county":"Tillamook","class":"","situs":"26465 GENEVA AVE","acres":0.0},"geometry":{"type":"Point","coordinates":[-123.93774760105903,45.65014997353445]}},{"type":"Feature","properties":{"kind":"home","county":"Tillamook","class":"","situs":"26410 DAVID AVE","acres":0.0},"geometry":{"type":"Point","coordinates":[-123.93769035911004,45.64969742512722]}},{"type":"Feature","properties":{"kind":"home","county":"Tillamook","class":"","situs":"26440 DAVID AVE","acres":0.0},"geometry":{"type":"Point","coordinates":[-123.93741028205537,45.64981254191839]}},{"type":"Feature","properties":{"kind":"home","county":"Tillamook","class":"","situs":"26410 DAVID AVE","acres":0.0},"geometry":{"type":"Point","coordinates":[-123.93737720154232,45.65001695817031]}},{"type":"Feature","properties":{"kind":"home","county":"Tillamook","class":"","situs":"26490 DAVID AVE","acres":0.0},"geometry":{"type":"Point","coordinates":[-123.93734412107915,45.65022137440267]}},{"type":"Feature","properties":{"kind":"home","county":"Tillamook","class":"","situs":"26510 DAVID AVE","acres":0.0},"geometry":{"type":"Point","coordinates":[-123.9373110412771,45.65042579118265]}},{"type":"Feature","properties":{"kind":"home","county":"Tillamook","class":"","situs":"26580 DAVID AVE","acres":0.0},"geometry":{"type":"Point","coordinates":[-123.93721180027448,45.651039042506945]}},{"type":"Feature","properties":{"kind":"home","county":"Tillamook","class":"","situs":"26610 DAVID AVE","acres":0.0},"geometry":{"type":"Point","coordinates":[-123.93715660808144,45.65137973391556]}},{"type":"Feature","properties":{"kind":"home","county":"Tillamook","class":"","situs":"26640 DAVID AVE","acres":0.0},"geometry":{"type":"Point","coordinates":[-123.93712353747328,45.65158416938642]}},{"type":"Feature","properties":{"kind":"home","county":"Tillamook","class":"","situs":"26650 DAVID AVE","acres":0.0},"geometry":{"type":"Point","coordinates":[-123.93707393027807,45.65189082385107]}},{"type":"Feature","properties":{"kind":"home","county":"Tillamook","class":"","situs":"26730 DAVID AVE","acres":0.0},"geometry":{"type":"Point","coordinates":[-123.93702432312485,45.65219747791545]}},{"type":"Feature","properties":{"kind":"home","county":"Tillamook","class":"","situs":"26740 DAVID AVE","acres":0.0},"geometry":{"type":"Point","coordinates":[-123.93699125246093,45.65240191383525]}},{"type":"Feature","properties":{"kind":"home","county":"Tillamook","class":"","situs":"26750 DAVID AVE","acres":0.0},"geometry":{"type":"Point","coordinates":[-123.93695817861708,45.65260634893978]}},{"type":"Feature","properties":{"kind":"home","county":"Tillamook","class":"","situs":"26770 DAVID AVE","acres":0.0},"geometry":{"type":"Point","coordinates":[-123.9369130427381,45.65286486974539]}},{"type":"Feature","properties":{"kind":"home","county":"Tillamook","class":"","situs":"26775 DAVID AVE","acres":0.0},"geometry":{"type":"Point","coordinates":[-123.93632663707247,45.65284232370955]}},{"type":"Feature","properties":{"kind":"home","county":"Tillamook","class":"","situs":"26755 DAVID AVE","acres":0.0},"geometry":{"type":"Point","coordinates":[-123.93637520433441,45.652559791693335]}},{"type":"Feature","properties":{"kind":"home","county":"Tillamook","class":"","situs":"26745 DAVID AVE","acres":0.0},"geometry":{"type":"Point","coordinates":[-123.93640815010968,45.652355367289]}},{"type":"Feature","properties":{"kind":"home","county":"Tillamook","class":"","situs":"26735 DAVID AVE","acres":0.0},"geometry":{"type":"Point","coordinates":[-123.93646608284718,45.65199770044368]}},{"type":"Feature","properties":{"kind":"home","county":"Tillamook","class":"","situs":"26605 DAVID AVE","acres":0.0},"geometry":{"type":"Point","coordinates":[-123.93657371820642,45.65133330100987]}},{"type":"Feature","properties":{"kind":"home","county":"Tillamook","class":"","situs":"26585 DAVID AVE","acres":0.0},"geometry":{"type":"Point","coordinates":[-123.9366289952958,45.65099264600398]}},{"type":"Feature","properties":{"kind":"home","county":"Tillamook","class":"","situs":"26555 DAVID AVE","acres":0.0},"geometry":{"type":"Point","coordinates":[-123.93666225311274,45.65078833449193]}},{"type":"Feature","properties":{"kind":"home","county":"Tillamook","class":"","situs":"26535 DAVID AVE","acres":0.0},"geometry":{"type":"Point","coordinates":[-123.93669536112449,45.65058394385795]}},{"type":"Feature","properties":{"kind":"home","county":"Tillamook","class":"","situs":"26515 DAVID AVE","acres":0.0},"geometry":{"type":"Point","coordinates":[-123.93672860744289,45.65038017663259]}},{"type":"Feature","properties":{"kind":"home","county":"Tillamook","class":"","situs":"26485 DAVID AVE","acres":0.0},"geometry":{"type":"Point","coordinates":[-123.93676189063376,45.650175738591756]}},{"type":"Feature","properties":{"kind":"home","county":"Tillamook","class":"","situs":"26455 DAVID AVE","acres":0.0},"geometry":{"type":"Point","coordinates":[-123.93679516439417,45.649970618554555]}},{"type":"Feature","properties":{"kind":"home","county":"Tillamook","class":"","situs":"26445 DAVID AVE","acres":0.0},"geometry":{"type":"Point","coordinates":[-123.93682832054272,45.649766208844405]}},{"type":"Feature","properties":{"kind":"home","county":"Tillamook","class":"","situs":"26405 DAVID AVE","acres":0.0},"geometry":{"type":"Point","coordinates":[-123.93686138507732,45.64956229949999]}},{"type":"Feature","properties":{"kind":"home","county":"Tillamook","class":"","situs":"8795 RILEY ST","acres":0.0},"geometry":{"type":"Point","coordinates":[-123.93788544037928,45.64929892737488]}},{"type":"Feature","properties":{"kind":"home","county":"Tillamook","class":"","situs":"26355 GENEVA AVE","acres":0.0},"geometry":{"type":"Point","coordinates":[-123.93791860704766,45.64909406409397]}},{"type":"Feature","properties":{"kind":"home","county":"Tillamook","class":"","situs":"26325 GENEVA AVE","acres":0.0},"geometry":{"type":"Point","coordinates":[-123.9379519272385,45.64888949732998]}},{"type":"Feature","properties":{"kind":"home","county":"Tillamook","class":"","situs":"26275 GENEVA AVE","acres":0.0},"geometry":{"type":"Point","coordinates":[-123.93801785092978,45.6484812317251]}},{"type":"Feature","properties":{"kind":"home","county":"Tillamook","class":"","situs":"26235 GENEVA AVE","acres":0.0},"geometry":{"type":"Point","coordinates":[-123.93805093078913,45.64827695326068]}},{"type":"Feature","properties":{"kind":"home","county":"Tillamook","class":"","situs":"26225 GENEVA AVE","acres":0.0},"geometry":{"type":"Point","coordinates":[-123.93808401280837,45.648072676352335]}},{"type":"Feature","properties":{"kind":"home","county":"Tillamook","class":"","situs":"26215 GENEVA AVE","acres":0.0},"geometry":{"type":"Point","coordinates":[-123.93811709344138,45.64786839689661]}},{"type":"Feature","properties":{"kind":"home","county":"Tillamook","class":"","situs":"26230 GENEVA AVE","acres":0.0},"geometry":{"type":"Point","coordinates":[-123.93864390472415,45.64801396181048]}},{"type":"Feature","properties":{"kind":"home","county":"Tillamook","class":"","situs":"26280 GENEVA AVE","acres":0.0},"geometry":{"type":"Point","coordinates":[-123.93856111127052,45.64852503796067]}},{"type":"Feature","properties":{"kind":"home","county":"Tillamook","class":"","situs":"26320 GENEVA AVE","acres":0.0},"geometry":{"type":"Point","coordinates":[-123.93852799330652,45.64872947301918]}},{"type":"Feature","properties":{"kind":"home","county":"Tillamook","class":"","situs":"26390 GENEVA AVE","acres":0.0},"geometry":{"type":"Point","coordinates":[-123.93842776190193,45.6492285740247]}},{"type":"Feature","properties":{"kind":"home","county":"Tillamook","class":"","situs":"26395 NEDONNA AVE","acres":0.0},"geometry":{"type":"Point","coordinates":[-123.93871408226931,45.64933105034856]}},{"type":"Feature","properties":{"kind":"home","county":"Tillamook","class":"","situs":"26345 NEDONNA AVE","acres":0.0},"geometry":{"type":"Point","coordinates":[-123.93880036377463,45.64899278873656]}},{"type":"Feature","properties":{"kind":"home","county":"Tillamook","class":"","situs":"26295 NEDONNA AVE","acres":0.0},"geometry":{"type":"Point","coordinates":[-123.93885003870602,45.648686136913696]}},{"type":"Feature","properties":{"kind":"home","county":"Tillamook","class":"","situs":"26265 NEDONNA AVE","acres":0.0},"geometry":{"type":"Point","coordinates":[-123.93888315724357,45.64848169621615]}},{"type":"Feature","properties":{"kind":"home","county":"Tillamook","class":"","situs":"26255 NEDONNA AVE","acres":0.0},"geometry":{"type":"Point","coordinates":[-123.93891075805018,45.648311318809576]}},{"type":"Feature","properties":{"kind":"home","county":"Tillamook","class":"","situs":"26205 NEDONNA AVE","acres":0.0},"geometry":{"type":"Point","coordinates":[-123.93897699162896,45.64790243653248]}},{"type":"Feature","properties":{"kind":"home","county":"Tillamook","class":"","situs":"8680 WESTERN ST","acres":0.0},"geometry":{"type":"Point","coordinates":[-123.93947652887913,45.64797674080755]}},{"type":"Feature","properties":{"kind":"home","county":"Tillamook","class":"","situs":"26270 NEDONNA AVE","acres":0.0},"geometry":{"type":"Point","coordinates":[-123.9394103085219,45.64838561905952]}},{"type":"Feature","properties":{"kind":"home","county":"Tillamook","class":"","situs":"26290 NEDONNA AVE","acres":0.0},"geometry":{"type":"Point","coordinates":[-123.93937719923626,45.64859007091934]}},{"type":"Feature","properties":{"kind":"home","county":"Tillamook","class":"","situs":"26340 NEDONNA AVE","acres":0.0},"geometry":{"type":"Point","coordinates":[-123.93931097516754,45.64899897588599]}},{"type":"Feature","properties":{"kind":"home","county":"Tillamook","class":"","situs":"26350 NEDONNA AVE","acres":0.0},"geometry":{"type":"Point","coordinates":[-123.93927786133261,45.649203453434]}},{"type":"Feature","properties":{"kind":"home","county":"Tillamook","class":"","situs":"8765 RILEY ST","acres":0.0},"geometry":{"type":"Point","coordinates":[-123.93936689404742,45.649431453861986]}},{"type":"Feature","properties":{"kind":"home","county":"Tillamook","class":"","situs":"26365 BEACH DR","acres":0.0},"geometry":{"type":"Point","coordinates":[-123.93957765946111,45.64929637108635]}},{"type":"Feature","properties":{"kind":"home","county":"Tillamook","class":"","situs":"26345 BEACH DR","acres":0.0},"geometry":{"type":"Point","coordinates":[-123.93961075988486,45.64909190914803]}},{"type":"Feature","properties":{"kind":"home","county":"Tillamook","class":"","situs":"26335 BEACH DR","acres":0.0},"geometry":{"type":"Point","coordinates":[-123.93964386075088,45.64888744953312]}},{"type":"Feature","properties":{"kind":"home","county":"Tillamook","class":"","situs":"26295 BEACH DR","acres":0.0},"geometry":{"type":"Point","coordinates":[-123.93971005810319,45.64847853076605]}},{"type":"Feature","properties":{"kind":"home","county":"Tillamook","class":"","situs":"26255 BEACH DR","acres":0.0},"geometry":{"type":"Point","coordinates":[-123.93974315647871,45.64827407148142]}},{"type":"Feature","properties":{"kind":"home","county":"Tillamook","class":"","situs":"26245 BEACH DR","acres":0.0},"geometry":{"type":"Point","coordinates":[-123.93979280516947,45.64796739345454]}},{"type":"Feature","properties":{"kind":"home","county":"Tillamook","class":"","situs":"26210 BEACH DR","acres":0.0},"geometry":{"type":"Point","coordinates":[-123.94051961302668,45.648025327227394]}},{"type":"Feature","properties":{"kind":"home","county":"Tillamook","class":"","situs":"26230 BEACH DR","acres":0.0},"geometry":{"type":"Point","coordinates":[-123.94049986474587,45.648161828775095]}},{"type":"Feature","properties":{"kind":"home","county":"Tillamook","class":"","situs":"26250 BEACH DR","acres":0.0},"geometry":{"type":"Point","coordinates":[-123.94048012260005,45.64829833001555]}},{"type":"Feature","properties":{"kind":"home","county":"Tillamook","class":"","situs":"26270 BEACH DR","acres":0.0},"geometry":{"type":"Point","coordinates":[-123.94046036788136,45.64843483126024]}},{"type":"Feature","properties":{"kind":"home","county":"Tillamook","class":"","situs":"26280 BEACH DR","acres":0.0},"geometry":{"type":"Point","coordinates":[-123.9404406195589,45.64857133221484]}},{"type":"Feature","properties":{"kind":"home","county":"Tillamook","class":"","situs":"26300 BEACH DR","acres":0.0},"geometry":{"type":"Point","coordinates":[-123.940401129341,45.648844334783554]}},{"type":"Feature","properties":{"kind":"home","county":"Tillamook","class":"","situs":"26320 BEACH DR","acres":0.0},"geometry":{"type":"Point","coordinates":[-123.94038137749155,45.6489808368814]}},{"type":"Feature","properties":{"kind":"home","county":"Tillamook","class":"","situs":"26340 BEACH DR","acres":0.0},"geometry":{"type":"Point","coordinates":[-123.94036163035246,45.64911733919943]}},{"type":"Feature","properties":{"kind":"home","county":"Tillamook","class":"","situs":"26360 BEACH DR","acres":0.0},"geometry":{"type":"Point","coordinates":[-123.94034187605207,45.649253839087976]}},{"type":"Feature","properties":{"kind":"home","county":"Tillamook","class":"","situs":"26370 BEACH DR","acres":0.0},"geometry":{"type":"Point","coordinates":[-123.94032214008806,45.649390342698936]}},{"type":"Feature","properties":{"kind":"home","county":"Tillamook","class":"","situs":"26390 BEACH DR","acres":0.0},"geometry":{"type":"Point","coordinates":[-123.94030237987594,45.64952684570711]}},{"type":"Feature","properties":{"kind":"home","county":"Tillamook","class":"","situs":"26190 BEACH DR","acres":0.0},"geometry":{"type":"Point","coordinates":[-123.94055908722953,45.64775245464452]}},{"type":"Feature","properties":{"kind":"home","county":"Tillamook","class":"","situs":"26150 BEACH DR","acres":0.0},"geometry":{"type":"Point","coordinates":[-123.94059854040877,45.647479709607644]}},{"type":"Feature","properties":{"kind":"home","county":"Tillamook","class":"","situs":"26140 BEACH DR","acres":0.0},"geometry":{"type":"Point","coordinates":[-123.94061827668055,45.647343339774686]}},{"type":"Feature","properties":{"kind":"home","county":"Tillamook","class":"","situs":"26120 BEACH DR","acres":0.0},"geometry":{"type":"Point","coordinates":[-123.94063800297486,45.647206966687975]}},{"type":"Feature","properties":{"kind":"home","county":"Tillamook","class":"","situs":"26090 BEACH DR","acres":0.0},"geometry":{"type":"Point","coordinates":[-123.94069224314245,45.646832020297595]}},{"type":"Feature","properties":{"kind":"home","county":"Tillamook","class":"","situs":"26070 BEACH DR","acres":0.0},"geometry":{"type":"Point","coordinates":[-123.94071691283058,45.646661479724905]}},{"type":"Feature","properties":{"kind":"home","county":"Tillamook","class":"","situs":"26050 BEACH DR","acres":0.0},"geometry":{"type":"Point","coordinates":[-123.94073664067142,45.6465251097372]}},{"type":"Feature","properties":{"kind":"home","county":"Tillamook","class":"","situs":"26030 BEACH DR","acres":0.0},"geometry":{"type":"Point","coordinates":[-123.94075636942831,45.64638873745385]}},{"type":"Feature","properties":{"kind":"home","county":"Tillamook","class":"","situs":"26020 BEACH DR","acres":0.0},"geometry":{"type":"Point","coordinates":[-123.94077609637499,45.64625236391873]}},{"type":"Feature","properties":{"kind":"home","county":"Tillamook","class":"","situs":"26155 BEACH DR","acres":0.0},"geometry":{"type":"Point","coordinates":[-123.93988100678753,45.64742252413911]}},{"type":"Feature","properties":{"kind":"home","county":"Tillamook","class":"","situs":"26135 BEACH DR","acres":0.0},"geometry":{"type":"Point","coordinates":[-123.93990305221118,45.64728634124199]}},{"type":"Feature","properties":{"kind":"home","county":"Tillamook","class":"","situs":"26115 BEACH DR","acres":0.0},"geometry":{"type":"Point","coordinates":[-123.93992509505757,45.647150157238165]}},{"type":"Feature","properties":{"kind":"home","county":"Tillamook","class":"","situs":"26105 BEACH DR","acres":0.0},"geometry":{"type":"Point","coordinates":[-123.939947139648,45.64701397251385]}},{"type":"Feature","properties":{"kind":"home","county":"Tillamook","class":"","situs":"26095 BEACH DR","acres":0.0},"geometry":{"type":"Point","coordinates":[-123.93996918545183,45.64687778809375]}},{"type":"Feature","properties":{"kind":"home","county":"Tillamook","class":"","situs":"26065 BEACH DR","acres":0.0},"geometry":{"type":"Point","coordinates":[-123.94001327379603,45.64660542076579]}},{"type":"Feature","properties":{"kind":"home","county":"Tillamook","class":"","situs":"26035 BEACH DR","acres":0.0},"geometry":{"type":"Point","coordinates":[-123.94005736271946,45.646333050467035]}},{"type":"Feature","properties":{"kind":"home","county":"Tillamook","class":"","situs":"26020 NEDONNA AVE","acres":0.0},"geometry":{"type":"Point","coordinates":[-123.9399240927175,45.64618450959136]}},{"type":"Feature","properties":{"kind":"home","county":"Tillamook","class":"","situs":"26040 NEDONNA AVE","acres":0.0},"geometry":{"type":"Point","coordinates":[-123.93972466638056,45.646444518501966]}},{"type":"Feature","properties":{"kind":"home","county":"Tillamook","class":"","situs":"26070 NEDONNA AVE","acres":0.0},"geometry":{"type":"Point","coordinates":[-123.93968055699303,45.64671688305545]}},{"type":"Feature","properties":{"kind":"home","county":"Tillamook","class":"","situs":"26080 NEDONNA AVE","acres":0.0},"geometry":{"type":"Point","coordinates":[-123.93962542218605,45.64705734302412]}},{"type":"Feature","properties":{"kind":"home","county":"Tillamook","class":"","situs":"26150 NEDONNA AVE","acres":0.0},"geometry":{"type":"Point","coordinates":[-123.93957028781394,45.64739779152982]}},{"type":"Feature","properties":{"kind":"home","county":"Tillamook","class":"","situs":"26180 NEDONNA AVE","acres":0.0},"geometry":{"type":"Point","coordinates":[-123.93952617860225,45.64767015501467]}},{"type":"Feature","properties":{"kind":"home","county":"Tillamook","class":"","situs":"8715 WESTERN ST","acres":0.0},"geometry":{"type":"Point","coordinates":[-123.93902113128351,45.64762994691231]}},{"type":"Feature","properties":{"kind":"home","county":"Tillamook","class":"","situs":"26125 NEDONNA AVE","acres":0.0},"geometry":{"type":"Point","coordinates":[-123.93910937185117,45.6470852309329]}},{"type":"Feature","properties":{"kind":"home","county":"Tillamook","class":"","situs":"26105 NEDONNA AVE","acres":0.0},"geometry":{"type":"Point","coordinates":[-123.93913143159615,45.64694905246932]}},{"type":"Feature","properties":{"kind":"home","county":"Tillamook","class":"","situs":"26095 NEDONNA AVE","acres":0.0},"geometry":{"type":"Point","coordinates":[-123.9391534917017,45.646812873987564]}},{"type":"Feature","properties":{"kind":"home","county":"Tillamook","class":"","situs":"26075 NEDONNA AVE","acres":0.0},"geometry":{"type":"Point","coordinates":[-123.9391755496329,45.646676694634834]}},{"type":"Feature","properties":{"kind":"home","county":"Tillamook","class":"","situs":"26065 NEDONNA AVE","acres":0.0},"geometry":{"type":"Point","coordinates":[-123.93919760704152,45.646540514927814]}},{"type":"Feature","properties":{"kind":"home","county":"Tillamook","class":"","situs":"26025 NEDONNA AVE","acres":0.0},"geometry":{"type":"Point","coordinates":[-123.93925826356265,45.64616603895253]}},{"type":"Feature","properties":{"kind":"home","county":"Tillamook","class":"","situs":"26035 NEDONNA AVE","acres":0.0},"geometry":{"type":"Point","coordinates":[-123.93906957958586,45.646357927572666]}},{"type":"Feature","properties":{"kind":"home","county":"Tillamook","class":"","situs":"26070 GENEVA AVE","acres":0.0},"geometry":{"type":"Point","coordinates":[-123.938875573364,45.64658385440435]}},{"type":"Feature","properties":{"kind":"home","county":"Tillamook","class":"","situs":"26130 GENEVA AVE","acres":0.0},"geometry":{"type":"Point","coordinates":[-123.93879836604754,45.647060474816776]}},{"type":"Feature","properties":{"kind":"home","county":"Tillamook","class":"","situs":"26150 GENEVA AVE","acres":0.0},"geometry":{"type":"Point","coordinates":[-123.93875424611056,45.64733283198414]}},{"type":"Feature","properties":{"kind":"home","county":"Tillamook","class":"","situs":"26170 GENEVA AVE","acres":0.0},"geometry":{"type":"Point","coordinates":[-123.9387211548879,45.647537098000875]}},{"type":"Feature","properties":{"kind":"home","county":"Tillamook","class":"","situs":"8825 WESTERN ST","acres":0.0},"geometry":{"type":"Point","coordinates":[-123.93797851427779,45.64751244076033]}},{"type":"Feature","properties":{"kind":"home","county":"Tillamook","class":"","situs":"26105 GENEVA AVE","acres":0.0},"geometry":{"type":"Point","coordinates":[-123.93807771531061,45.64689960349945]}},{"type":"Feature","properties":{"kind":"home","county":"Tillamook","class":"","situs":"26085 GENEVA AVE","acres":0.0},"geometry":{"type":"Point","coordinates":[-123.93811078093714,45.646695325224975]}},{"type":"Feature","properties":{"kind":"home","county":"Tillamook","class":"","situs":"26065 GENEVA AVE","acres":0.0},"geometry":{"type":"Point","coordinates":[-123.93835417181046,45.64640433337839]}},{"type":"Feature","properties":{"kind":"home","county":"Tillamook","class":"","situs":"26020 DAVID AVE","acres":0.0},"geometry":{"type":"Point","coordinates":[-123.93801634019903,45.64606713903163]}},{"type":"Feature","properties":{"kind":"home","county":"Tillamook","class":"","situs":"26040 DAVID AVE","acres":0.0},"geometry":{"type":"Point","coordinates":[-123.93796676960777,45.64637348471486]}},{"type":"Feature","properties":{"kind":"home","county":"Tillamook","class":"","situs":"26120 DAVID AVE","acres":0.0},"geometry":{"type":"Point","coordinates":[-123.93785108022537,45.64708847004016]}},{"type":"Feature","properties":{"kind":"home","county":"Tillamook","class":"","situs":"26200 DAVID AVE","acres":0.0},"geometry":{"type":"Point","coordinates":[-123.93771334185215,45.64793969935317]}},{"type":"Feature","properties":{"kind":"home","county":"Tillamook","class":"","situs":"26280 DAVID AVE","acres":0.0},"geometry":{"type":"Point","coordinates":[-123.93761402950747,45.64855283594884]}},{"type":"Feature","properties":{"kind":"home","county":"Tillamook","class":"","situs":"26395 DAVID AVE","acres":0.0},"geometry":{"type":"Point","coordinates":[-123.9369153650023,45.64922154852679]}},{"type":"Feature","properties":{"kind":"home","county":"Tillamook","class":"","situs":"26355 DAVID AVE","acres":0.0},"geometry":{"type":"Point","coordinates":[-123.9369484979503,45.64901666358817]}},{"type":"Feature","properties":{"kind":"home","county":"Tillamook","class":"","situs":"26335 DAVID AVE","acres":0.0},"geometry":{"type":"Point","coordinates":[-123.93698468075144,45.64881430182351]}},{"type":"Feature","properties":{"kind":"home","county":"Tillamook","class":"","situs":"26275 DAVID AVE","acres":0.0},"geometry":{"type":"Point","coordinates":[-123.9370607569201,45.648589255483756]}},{"type":"Feature","properties":{"kind":"home","county":"Tillamook","class":"","situs":"8840 CENTRAL CT","acres":0.0},"geometry":{"type":"Point","coordinates":[-123.93656064105319,45.648900542537305]}},{"type":"Feature","properties":{"kind":"home","county":"Tillamook","class":"","situs":"8825 RILEY ST","acres":0.0},"geometry":{"type":"Point","coordinates":[-123.9362886077887,45.649137077833615]}},{"type":"Feature","properties":{"kind":"home","county":"Tillamook","class":"","situs":"8865 CENTRAL CT","acres":0.0},"geometry":{"type":"Point","coordinates":[-123.93625766814887,45.64880632403115]}},{"type":"Feature","properties":{"kind":"home","county":"Tillamook","class":"","situs":"8855 CENTRAL CT","acres":0.0},"geometry":{"type":"Point","coordinates":[-123.93639033431782,45.64856110817863]}},{"type":"Feature","properties":{"kind":"home","county":"Tillamook","class":"","situs":"8845 CENTRAL CT","acres":0.0},"geometry":{"type":"Point","coordinates":[-123.93659776470227,45.648327475248614]}},{"type":"Feature","properties":{"kind":"home","county":"Tillamook","class":"","situs":"8835 CENTRAL CT","acres":0.0},"geometry":{"type":"Point","coordinates":[-123.93677181980084,45.64810952414286]}},{"type":"Feature","properties":{"kind":"home","county":"Tillamook","class":"","situs":"26265 DAVID AVE","acres":0.0},"geometry":{"type":"Point","coordinates":[-123.93708497680153,45.64820490773318]}},{"type":"Feature","properties":{"kind":"home","county":"Tillamook","class":"","situs":"26235 DAVID AVE","acres":0.0},"geometry":{"type":"Point","coordinates":[-123.93705654722085,45.6479674765637]}},{"type":"Feature","properties":{"kind":"home","county":"Tillamook","class":"","situs":"26165 DAVID AVE","acres":0.0},"geometry":{"type":"Point","coordinates":[-123.93723486978622,45.64724629459824]}},{"type":"Feature","properties":{"kind":"home","county":"Tillamook","class":"","situs":"26135 DAVID AVE","acres":0.0},"geometry":{"type":"Point","coordinates":[-123.93726791438708,45.64704200179607]}},{"type":"Feature","properties":{"kind":"home","county":"Tillamook","class":"","situs":"26105 DAVID AVE","acres":0.0},"geometry":{"type":"Point","coordinates":[-123.93730095852808,45.64683770881703]}},{"type":"Feature","properties":{"kind":"home","county":"Tillamook","class":"","situs":"26085 DAVID AVE","acres":0.0},"geometry":{"type":"Point","coordinates":[-123.9373340027883,45.64663341574861]}},{"type":"Feature","properties":{"kind":"home","county":"Tillamook","class":"","situs":"26065 DAVID AVE","acres":0.0},"geometry":{"type":"Point","coordinates":[-123.93736704846599,45.64642912154438]}},{"type":"Feature","properties":{"kind":"home","county":"Tillamook","class":"","situs":"26290 BEACH DR","acres":0.0},"geometry":{"type":"Point","coordinates":[-123.94042087396667,45.648707832619564]}},{"type":"Feature","properties":{"kind":"home","county":"Tillamook","class":"","situs":"8855 ADAH HIDY ST","acres":0.0},"geometry":{"type":"Point","coordinates":[-123.93848324598746,45.64434507945126]}},{"type":"Feature","properties":{"kind":"home","county":"Tillamook","class":"","situs":"8805 ADAH HIDY ST","acres":0.0},"geometry":{"type":"Point","coordinates":[-123.93874271279391,45.644261174458265]}},{"type":"Feature","properties":{"kind":"home","county":"Tillamook","class":"","situs":"8840 ADAH HIDY ST","acres":0.0},"geometry":{"type":"Point","coordinates":[-123.93865421830291,45.644667218405885]}},{"type":"Feature","properties":{"kind":"home","county":"Tillamook","class":"","situs":"25905 GENEVA AVE","acres":0.0},"geometry":{"type":"Point","coordinates":[-123.93837537022623,45.64506069475476]}},{"type":"Feature","properties":{"kind":"home","county":"Tillamook","class":"","situs":"25935 GENEVA AVE","acres":0.0},"geometry":{"type":"Point","coordinates":[-123.93853569498981,45.64528045944079]}},{"type":"Feature","properties":{"kind":"home","county":"Tillamook","class":"","situs":"25965 GENEVA AVE","acres":0.0},"geometry":{"type":"Point","coordinates":[-123.93846401523508,45.6457233071077]}},{"type":"Feature","properties":{"kind":"home","county":"Tillamook","class":"","situs":"25990 GENEVA AVE","acres":0.0},"geometry":{"type":"Point","coordinates":[-123.93901895320913,45.64569852175413]}},{"type":"Feature","properties":{"kind":"home","county":"Tillamook","class":"","situs":"25940 GENEVA AVE","acres":0.0},"geometry":{"type":"Point","coordinates":[-123.93909614257653,45.64522161322931]}},{"type":"Feature","properties":{"kind":"home","county":"Tillamook","class":"","situs":"25840 GENEVA AVE","acres":0.0},"geometry":{"type":"Point","coordinates":[-123.93921397217062,45.64456000566187]}},{"type":"Feature","properties":{"kind":"home","county":"Tillamook","class":"","situs":"25835 NEDONNA AVE","acres":0.0},"geometry":{"type":"Point","coordinates":[-123.93954584457926,45.64446901402921]}},{"type":"Feature","properties":{"kind":"home","county":"Tillamook","class":"","situs":"25865 NEDONNA AVE","acres":0.0},"geometry":{"type":"Point","coordinates":[-123.93950070070218,45.64466727540497]}},{"type":"Feature","properties":{"kind":"home","county":"Tillamook","class":"","situs":"25885 NEDONNA AVE","acres":0.0},"geometry":{"type":"Point","coordinates":[-123.9392931382252,45.64483802666398]}},{"type":"Feature","properties":{"kind":"home","county":"Tillamook","class":"","situs":"25905 NEDONNA AVE","acres":0.0},"geometry":{"type":"Point","coordinates":[-123.9394346000967,45.6450760152777]}},{"type":"Feature","properties":{"kind":"home","county":"Tillamook","class":"","situs":"25935 NEDONNA AVE","acres":0.0},"geometry":{"type":"Point","coordinates":[-123.93940154354974,45.64528042363335]}},{"type":"Feature","properties":{"kind":"home","county":"Tillamook","class":"","situs":"25955 NEDONNA AVE","acres":0.0},"geometry":{"type":"Point","coordinates":[-123.93935196475593,45.645586999148755]}},{"type":"Feature","properties":{"kind":"home","county":"Tillamook","class":"","situs":"25985 NEDONNA AVE","acres":0.0},"geometry":{"type":"Point","coordinates":[-123.93930789347505,45.64585950960513]}},{"type":"Feature","properties":{"kind":"home","county":"Tillamook","class":"","situs":"25960 NEDONNA AVE","acres":0.0},"geometry":{"type":"Point","coordinates":[-123.93984580927842,45.64569538704957]}},{"type":"Feature","properties":{"kind":"home","county":"Tillamook","class":"","situs":"25940 NEDONNA AVE","acres":0.0},"geometry":{"type":"Point","coordinates":[-123.93988985337697,45.64542297029799]}},{"type":"Feature","properties":{"kind":"home","county":"Tillamook","class":"","situs":"25920 NEDONNA AVE","acres":0.0},"geometry":{"type":"Point","coordinates":[-123.93992839109822,45.6451846072101]}},{"type":"Feature","properties":{"kind":"home","county":"Tillamook","class":"","situs":"25910 NEDONNA AVE","acres":0.0},"geometry":{"type":"Point","coordinates":[-123.93996142503039,45.64498029416301]}},{"type":"Feature","properties":{"kind":"home","county":"Tillamook","class":"","situs":"25870 NEDONNA AVE","acres":0.0},"geometry":{"type":"Point","coordinates":[-123.93999886872007,45.644748694313925]}},{"type":"Feature","properties":{"kind":"home","county":"Tillamook","class":"","situs":"25820 NEDONNA AVE","acres":0.0},"geometry":{"type":"Point","coordinates":[-123.94008147946964,45.644237738179044]}},{"type":"Feature","properties":{"kind":"home","county":"Tillamook","class":"","situs":"25810 NEDONNA AVE","acres":0.0},"geometry":{"type":"Point","coordinates":[-123.94010350820555,45.644101483674966]}},{"type":"Feature","properties":{"kind":"home","county":"Tillamook","class":"","situs":"25760 NEDONNA AVE","acres":0.0},"geometry":{"type":"Point","coordinates":[-123.94013104315167,45.64393116557964]}},{"type":"Feature","properties":{"kind":"home","county":"Tillamook","class":"","situs":"25740 NEDONNA AVE","acres":0.0},"geometry":{"type":"Point","coordinates":[-123.94016408740399,45.64372678214288]}},{"type":"Feature","properties":{"kind":"home","county":"Tillamook","class":"","situs":"25730 NEDONNA AVE","acres":0.0},"geometry":{"type":"Point","coordinates":[-123.94019162278215,45.64355646180816]}},{"type":"Feature","properties":{"kind":"home","county":"Tillamook","class":"","situs":"25720 NEDONNA AVE","acres":0.0},"geometry":{"type":"Point","coordinates":[-123.9402136501979,45.64342020649182]}},{"type":"Feature","properties":{"kind":"home","county":"Tillamook","class":"","situs":"25715 BEACH DR","acres":0.0},"geometry":{"type":"Point","coordinates":[-123.94054622417654,45.64330864925097]}},{"type":"Feature","properties":{"kind":"home","county":"Tillamook","class":"","situs":"25735 BEACH DR","acres":0.0},"geometry":{"type":"Point","coordinates":[-123.94050217749363,45.643581160612946]}},{"type":"Feature","properties":{"kind":"home","county":"Tillamook","class":"","situs":"25775 BEACH DR","acres":0.0},"geometry":{"type":"Point","coordinates":[-123.94045812830451,45.64385367168708]}},{"type":"Feature","properties":{"kind":"home","county":"Tillamook","class":"","situs":"25785 BEACH DR","acres":0.0},"geometry":{"type":"Point","coordinates":[-123.94043610099077,45.643989925708055]}},{"type":"Feature","properties":{"kind":"home","county":"Tillamook","class":"","situs":"25825 BEACH DR","acres":0.0},"geometry":{"type":"Point","coordinates":[-123.94038104023177,45.644330565668426]}},{"type":"Feature","properties":{"kind":"home","county":"Tillamook","class":"","situs":"25855 BEACH DR","acres":0.0},"geometry":{"type":"Point","coordinates":[-123.94032597697087,45.64467120485479]}},{"type":"Feature","properties":{"kind":"home","county":"Tillamook","class":"","situs":"25895 BEACH DR","acres":0.0},"geometry":{"type":"Point","coordinates":[-123.94025550710228,45.64510714928466]}},{"type":"Feature","properties":{"kind":"home","county":"Tillamook","class":"","situs":"25915 BEACH DR","acres":0.0},"geometry":{"type":"Point","coordinates":[-123.94023348687844,45.64524336078425]}},{"type":"Feature","properties":{"kind":"home","county":"Tillamook","class":"","situs":"25935 BEACH DR","acres":0.0},"geometry":{"type":"Point","coordinates":[-123.9402114701686,45.64537957066017]}},{"type":"Feature","properties":{"kind":"home","county":"Tillamook","class":"","situs":"25945 BEACH DR","acres":0.0},"geometry":{"type":"Point","coordinates":[-123.94018945060448,45.645515779606576]}},{"type":"Feature","properties":{"kind":"home","county":"Tillamook","class":"","situs":"25955 BEACH DR","acres":0.0},"geometry":{"type":"Point","coordinates":[-123.94016743165619,45.645651988821776]}},{"type":"Feature","properties":{"kind":"home","county":"Tillamook","class":"","situs":"25965 BEACH DR","acres":0.0},"geometry":{"type":"Point","coordinates":[-123.94014541232386,45.64578819887943]}},{"type":"Feature","properties":{"kind":"home","county":"Tillamook","class":"","situs":"25980 BEACH DR","acres":0.0},"geometry":{"type":"Point","coordinates":[-123.94082936552255,45.64588400173264]}},{"type":"Feature","properties":{"kind":"home","county":"Tillamook","class":"","situs":"25990 BEACH DR","acres":0.0},"geometry":{"type":"Point","coordinates":[-123.9408135985774,45.64599314169943]}},{"type":"Feature","properties":{"kind":"home","county":"Tillamook","class":"","situs":"25960 BEACH DR","acres":0.0},"geometry":{"type":"Point","coordinates":[-123.94084514423513,45.645774867083986]}},{"type":"Feature","properties":{"kind":"home","county":"Tillamook","class":"","situs":"25950 BEACH DR","acres":0.0},"geometry":{"type":"Point","coordinates":[-123.94086091959788,45.64566573176621]}},{"type":"Feature","properties":{"kind":"home","county":"Tillamook","class":"","situs":"25940 BEACH DR","acres":0.0},"geometry":{"type":"Point","coordinates":[-123.94087670224336,45.64555659592556]}},{"type":"Feature","properties":{"kind":"home","county":"Tillamook","class":"","situs":"25930 BEACH DR","acres":0.0},"geometry":{"type":"Point","coordinates":[-123.94089247789991,45.645447459629196]}},{"type":"Feature","properties":{"kind":"home","county":"Tillamook","class":"","situs":"25900 BEACH DR","acres":0.0},"geometry":{"type":"Point","coordinates":[-123.9409161219366,45.645283907371464]}},{"type":"Feature","properties":{"kind":"home","county":"Tillamook","class":"","situs":"25890 BEACH DR","acres":0.0},"geometry":{"type":"Point","coordinates":[-123.94093980551034,45.64512005272079]}},{"type":"Feature","properties":{"kind":"home","county":"Tillamook","class":"","situs":"25880 BEACH DR","acres":0.0},"geometry":{"type":"Point","coordinates":[-123.94096345327583,45.6449565022104]}},{"type":"Feature","properties":{"kind":"home","county":"Tillamook","class":"","situs":"25860 BEACH DR","acres":0.0},"geometry":{"type":"Point","coordinates":[-123.9409910835162,45.64476535376331]}},{"type":"Feature","properties":{"kind":"home","county":"Tillamook","class":"","situs":"25840 BEACH DR","acres":0.0},"geometry":{"type":"Point","coordinates":[-123.94100686263275,45.64465621911504]}},{"type":"Feature","properties":{"kind":"home","county":"Tillamook","class":"","situs":"25830 BEACH DR","acres":0.0},"geometry":{"type":"Point","coordinates":[-123.94102264226079,45.644547083431874]}},{"type":"Feature","properties":{"kind":"home","county":"Tillamook","class":"","situs":"25820 BEACH DR","acres":0.0},"geometry":{"type":"Point","coordinates":[-123.94104628346906,45.64438353736205]}},{"type":"Feature","properties":{"kind":"home","county":"Tillamook","class":"","situs":"25800 BEACH DR","acres":0.0},"geometry":{"type":"Point","coordinates":[-123.94106997026205,45.64421967486381]}},{"type":"Feature","properties":{"kind":"home","county":"Tillamook","class":"","situs":"25790 BEACH DR","acres":0.0},"geometry":{"type":"Point","coordinates":[-123.94108575131479,45.64411053907716]}},{"type":"Feature","properties":{"kind":"home","county":"Tillamook","class":"","situs":"25780 BEACH DR","acres":0.0},"geometry":{"type":"Point","coordinates":[-123.94110152268992,45.64400140152492]}},{"type":"Feature","properties":{"kind":"home","county":"Tillamook","class":"","situs":"25770 BEACH DR","acres":0.0},"geometry":{"type":"Point","coordinates":[-123.94112516532176,45.64383786298915]}},{"type":"Feature","properties":{"kind":"home","county":"Tillamook","class":"","situs":"25740 BEACH DR","acres":0.0},"geometry":{"type":"Point","coordinates":[-123.94114884968995,45.64367399499109]}},{"type":"Feature","properties":{"kind":"home","county":"Tillamook","class":"","situs":"25730 BEACH DR","acres":0.0},"geometry":{"type":"Point","coordinates":[-123.94116856887034,45.64353764797487]}},{"type":"Feature","properties":{"kind":"home","county":"Tillamook","class":"","situs":"25720 BEACH DR","acres":0.0},"geometry":{"type":"Point","coordinates":[-123.94119222982614,45.64337394428612]}},{"type":"Feature","properties":{"kind":"home","county":"Tillamook","class":"","situs":"25655 MORGAN ST","acres":0.0},"geometry":{"type":"Point","coordinates":[-123.94053894266898,45.6425779886881]}},{"type":"Feature","properties":{"kind":"home","county":"Tillamook","class":"","situs":"8705 BEACH ST","acres":0.0},"geometry":{"type":"Point","coordinates":[-123.94029625971734,45.64268330788323]}},{"type":"Feature","properties":{"kind":"home","county":"Tillamook","class":"","situs":"25675 MORGAN ST","acres":0.0},"geometry":{"type":"Point","coordinates":[-123.94065756700685,45.64284770178275]}},{"type":"Feature","properties":{"kind":"home","county":"Tillamook","class":"","situs":"25625 MORGAN ST","acres":0.0},"geometry":{"type":"Point","coordinates":[-123.94053437645375,45.64236072894029]}},{"type":"Feature","properties":{"kind":"home","county":"Tillamook","class":"","situs":"8750 BEACH ST","acres":0.0},"geometry":{"type":"Point","coordinates":[-123.9397221382879,45.64279395642719]}},{"type":"Feature","properties":{"kind":"home","county":"Tillamook","class":"","situs":"8760 BEACH ST","acres":0.0},"geometry":{"type":"Point","coordinates":[-123.93957927619847,45.64273735564102]}},{"type":"Feature","properties":{"kind":"home","county":"Tillamook","class":"","situs":"8800 BEACH ST","acres":0.0},"geometry":{"type":"Point","coordinates":[-123.9394108007902,45.64266362703437]}},{"type":"Feature","properties":{"kind":"home","county":"Tillamook","class":"","situs":"8840 BEACH ST","acres":0.0},"geometry":{"type":"Point","coordinates":[-123.93917914566764,45.64254818886457]}},{"type":"Feature","properties":{"kind":"home","county":"Tillamook","class":"","situs":"8845 LAKE ST","acres":0.0},"geometry":{"type":"Point","coordinates":[-123.9389476546358,45.64276921253197]}},{"type":"Feature","properties":{"kind":"home","county":"Tillamook","class":"","situs":"8825 LAKE ST","acres":0.0},"geometry":{"type":"Point","coordinates":[-123.93915485908818,45.64286899803859]}},{"type":"Feature","properties":{"kind":"home","county":"Tillamook","class":"","situs":"8765 LAKE ST","acres":0.0},"geometry":{"type":"Point","coordinates":[-123.93935075453753,45.64290998802358]}},{"type":"Feature","properties":{"kind":"home","county":"Tillamook","class":"","situs":"8755 LAKE ST","acres":0.0},"geometry":{"type":"Point","coordinates":[-123.93955133127622,45.642947983266986]}},{"type":"Feature","properties":{"kind":"home","county":"Tillamook","class":"","situs":"25675 NEDONNA AVE","acres":0.0},"geometry":{"type":"Point","coordinates":[-123.93982493852353,45.64292735306497]}},{"type":"Feature","properties":{"kind":"home","county":"Tillamook","class":"","situs":"25930 DAVID AVE","acres":0.0},"geometry":{"type":"Point","coordinates":[-123.93814815294373,45.64524960327648]}},{"type":"Feature","properties":{"kind":"home","county":"Tillamook","class":"","situs":"25950 DAVID AVE","acres":0.0},"geometry":{"type":"Point","coordinates":[-123.93811510009147,45.645453969937265]}},{"type":"Feature","properties":{"kind":"home","county":"Tillamook","class":"","situs":"8875 SUNSET ST","acres":0.0},"geometry":{"type":"Point","coordinates":[-123.93807652298004,45.645692468134975]}},{"type":"Feature","properties":{"kind":"home","county":"Tillamook","class":"","situs":"25995 DAVID AVE","acres":0.0},"geometry":{"type":"Point","coordinates":[-123.9374518616167,45.64590476405921]}},{"type":"Feature","properties":{"kind":"home","county":"Tillamook","class":"","situs":"25975 DAVID AVE","acres":0.0},"geometry":{"type":"Point","coordinates":[-123.93750363058781,45.645584699449905]}},{"type":"Feature","properties":{"kind":"home","county":"Tillamook","class":"","situs":"25955 DAVID AVE","acres":0.0},"geometry":{"type":"Point","coordinates":[-123.93753667444003,45.645380406542024]}},{"type":"Feature","properties":{"kind":"home","county":"Tillamook","class":"","situs":"25935 DAVID AVE","acres":0.0},"geometry":{"type":"Point","coordinates":[-123.93756971719955,45.64517611247087]}},{"type":"Feature","properties":{"kind":"home","county":"Tillamook","class":"","situs":"25905 DAVID AVE","acres":0.0},"geometry":{"type":"Point","coordinates":[-123.93760275896051,45.644971818596744]}},{"type":"Feature","properties":{"kind":"home","county":"Tillamook","class":"","situs":"25875 DAVID AVE","acres":0.0},"geometry":{"type":"Point","coordinates":[-123.9376358010129,45.64476752530395]}},{"type":"Feature","properties":{"kind":"home","county":"Tillamook","class":"","situs":"8905 ADAH HIDY ST","acres":0.0},"geometry":{"type":"Point","coordinates":[-123.93768921389842,45.64455004747842]}},{"type":"Feature","properties":{"kind":"home","county":"Tillamook","class":"","situs":"25925 HWY 101  N","acres":0.0},"geometry":{"type":"Point","coordinates":[-123.93439272944448,45.64536466739247]}},{"type":"Feature","properties":{"kind":"home","county":"Tillamook","class":"","situs":"25965 HWY 101  N","acres":0.0},"geometry":{"type":"Point","coordinates":[-123.9349459427674,45.645746321601166]}},{"type":"Feature","properties":{"kind":"home","county":"Tillamook","class":"","situs":"25905 HWY 101  N","acres":0.0},"geometry":{"type":"Point","coordinates":[-123.93512801949646,45.64539935706451]}},{"type":"Feature","properties":{"kind":"home","county":"Tillamook","class":"","situs":"25625 HWY 101  N","acres":0.0},"geometry":{"type":"Point","coordinates":[-123.93599107745848,45.64259383843836]}},{"type":"Feature","properties":{"kind":"home","county":"Tillamook","class":"","situs":"9090 BORDEN ST","acres":0.0},"geometry":{"type":"Point","coordinates":[-123.93495436333056,45.64393740928767]}},{"type":"Feature","properties":{"kind":"home","county":"Tillamook","class":"","situs":"25645 HWY 101  N","acres":0.0},"geometry":{"type":"Point","coordinates":[-123.93798324401311,45.6424644041411]}},{"type":"Feature","properties":{"kind":"home","county":"Tillamook","class":"","situs":"26805 MIAMI FOLEY RD","acres":0.0},"geometry":{"type":"Point","coordinates":[-123.85122753914236,45.6471447510932]}},{"type":"Feature","properties":{"kind":"home","county":"Tillamook","class":"","situs":"26455 MIAMI FOLEY RD","acres":0.0},"geometry":{"type":"Point","coordinates":[-123.8518010927889,45.644798922084064]}},{"type":"Feature","properties":{"kind":"home","county":"Tillamook","class":"","situs":"26605 MIAMI FOLEY RD","acres":0.0},"geometry":{"type":"Point","coordinates":[-123.85131394134687,45.646460003265716]}},{"type":"Feature","properties":{"kind":"home","county":"Tillamook","class":"","situs":"26145 MIAMI FOLEY RD","acres":0.0},"geometry":{"type":"Point","coordinates":[-123.85232172177975,45.64284859144045]}},{"type":"Feature","properties":{"kind":"home","county":"Tillamook","class":"","situs":"26515 MIAMI FOLEY RD","acres":0.0},"geometry":{"type":"Point","coordinates":[-123.85158435703322,45.645553656621715]}},{"type":"Feature","properties":{"kind":"home","county":"Tillamook","class":"","situs":"26955 MIAMI FOLEY RD","acres":0.0},"geometry":{"type":"Point","coordinates":[-123.85065658277959,45.64832913285194]}},{"type":"Feature","properties":{"kind":"home","county":"Tillamook","class":"","situs":"26945 MIAMI FOLEY RD","acres":0.0},"geometry":{"type":"Point","coordinates":[-123.850801670167,45.64757504701165]}},{"type":"Feature","properties":{"kind":"home","county":"Tillamook","class":"","situs":"26255 MIAMI FOLEY RD","acres":0.0},"geometry":{"type":"Point","coordinates":[-123.85213904846661,45.64352695303626]}},{"type":"Feature","properties":{"kind":"home","county":"Tillamook","class":"","situs":"26005 MIAMI FOLEY RD","acres":0.0},"geometry":{"type":"Point","coordinates":[-123.85450109304077,45.641722781459784]}},{"type":"Feature","properties":{"kind":"home","county":"Tillamook","class":"","situs":"25920 MIAMI FOLEY RD","acres":0.0},"geometry":{"type":"Point","coordinates":[-123.85557814487412,45.64129033515528]}},{"type":"Feature","properties":{"kind":"home","county":"Tillamook","class":"","situs":"16400 VERMILYEA RD","acres":0.0},"geometry":{"type":"Point","coordinates":[-123.86002717581357,45.64085915169436]}},{"type":"Feature","properties":{"kind":"home","county":"Tillamook","class":"","situs":"16600 VERMILYEA RD","acres":0.0},"geometry":{"type":"Point","coordinates":[-123.85887089966296,45.64099102854398]}},{"type":"Feature","properties":{"kind":"home","county":"Tillamook","class":"","situs":"16900 VERMILYEA RD","acres":0.0},"geometry":{"type":"Point","coordinates":[-123.85745170806382,45.64077512615568]}},{"type":"Feature","properties":{"kind":"home","county":"Tillamook","class":"","situs":"25900 MIAMI FOLEY RD","acres":0.0},"geometry":{"type":"Point","coordinates":[-123.8559073613124,45.64009851358228]}},{"type":"Feature","properties":{"kind":"home","county":"Tillamook","class":"","situs":"25950 MIAMI FOLEY RD","acres":0.0},"geometry":{"type":"Point","coordinates":[-123.85615736587357,45.64098301472935]}},{"type":"Feature","properties":{"kind":"home","county":"Tillamook","class":"","situs":"16650 VERMILYEA RD","acres":0.0},"geometry":{"type":"Point","coordinates":[-123.8585295885606,45.64044171966088]}},{"type":"Feature","properties":{"kind":"home","county":"Tillamook","class":"","situs":"16200 VERMILYEA RD","acres":0.0},"geometry":{"type":"Point","coordinates":[-123.86271071875893,45.640605248402224]}},{"type":"Feature","properties":{"kind":"home","county":"Tillamook","class":"","situs":"16300 VERMILYEA RD","acres":0.0},"geometry":{"type":"Point","coordinates":[-123.86142769223866,45.64081505855013]}},{"type":"Feature","properties":{"kind":"home","county":"Tillamook","class":"","situs":"25600 MIAMI FOLEY RD","acres":0.0},"geometry":{"type":"Point","coordinates":[-123.85538091062048,45.638895128778486]}},{"type":"Feature","properties":{"kind":"home","county":"Tillamook","class":"","situs":"24755 MIAMI FOLEY RD","acres":0.0},"geometry":{"type":"Point","coordinates":[-123.85199855211604,45.63540878024758]}},{"type":"Feature","properties":{"kind":"home","county":"Tillamook","class":"","situs":"25935 MIAMI FOLEY RD","acres":0.0},"geometry":{"type":"Point","coordinates":[-123.85229328169697,45.64073233361753]}},{"type":"Feature","properties":{"kind":"home","county":"Tillamook","class":"","situs":"25885 MIAMI FOLEY RD","acres":0.0},"geometry":{"type":"Point","coordinates":[-123.85403238862037,45.64041485334999]}},{"type":"Feature","properties":{"kind":"home","county":"Tillamook","class":"","situs":"25745 MIAMI FOLEY RD","acres":0.0},"geometry":{"type":"Point","coordinates":[-123.85254839222489,45.639006364207056]}},{"type":"Feature","properties":{"kind":"home","county":"Tillamook","class":"","situs":"26935 FOLEY WAY","acres":0.0},"geometry":{"type":"Point","coordinates":[-123.85208409704352,45.648654361528884]}},{"type":"Feature","properties":{"kind":"home","county":"Tillamook","class":"","situs":"26915 MIAMI FOLEY RD","acres":0.0},"geometry":{"type":"Point","coordinates":[-123.8519037178134,45.648278312273874]}},{"type":"Feature","properties":{"kind":"home","county":"Tillamook","class":"","situs":"26855 FOLEY WAY","acres":0.0},"geometry":{"type":"Point","coordinates":[-123.8522805162289,45.647718214884854]}},{"type":"Feature","properties":{"kind":"home","county":"Tillamook","class":"","situs":"26755 MIAMI FOLEY RD","acres":0.0},"geometry":{"type":"Point","coordinates":[-123.85256581816819,45.64718192334512]}},{"type":"Feature","properties":{"kind":"home","county":"Tillamook","class":"","situs":"17550 WESTPOINT DR","acres":0.0},"geometry":{"type":"Point","coordinates":[-123.85301287692864,45.646622628787014]}},{"type":"Feature","properties":{"kind":"home","county":"Tillamook","class":"","situs":"17500 WESTPOINT DR","acres":0.0},"geometry":{"type":"Point","coordinates":[-123.85349136597615,45.64745669834373]}},{"type":"Feature","properties":{"kind":"home","county":"Tillamook","class":"","situs":"26950 FOLEY WAY","acres":0.0},"geometry":{"type":"Point","coordinates":[-123.85297908229805,45.648616102992456]}},{"type":"Feature","properties":{"kind":"home","county":"Tillamook","class":"","situs":"17000 WESTPOINT DR","acres":0.0},"geometry":{"type":"Point","coordinates":[-123.85413850632959,45.648280501523935]}},{"type":"Feature","properties":{"kind":"home","county":"Tillamook","class":"","situs":"16990 WESTPOINT DR","acres":0.0},"geometry":{"type":"Point","coordinates":[-123.85436531312203,45.64867024321721]}},{"type":"Feature","properties":{"kind":"home","county":"Tillamook","class":"","situs":"16745 WESTPOINT DR","acres":0.0},"geometry":{"type":"Point","coordinates":[-123.85493059901034,45.64778223561438]}},{"type":"Feature","properties":{"kind":"home","county":"Tillamook","class":"","situs":"16710 WESTPOINT DR","acres":0.0},"geometry":{"type":"Point","coordinates":[-123.85675922082667,45.647888041114165]}},{"type":"Feature","properties":{"kind":"home","county":"Tillamook","class":"","situs":"16725 WESTPOINT DR","acres":0.0},"geometry":{"type":"Point","coordinates":[-123.85545408340731,45.64730777418148]}},{"type":"Feature","properties":{"kind":"home","county":"Tillamook","class":"","situs":"16702 WESTPOINT DR","acres":0.0},"geometry":{"type":"Point","coordinates":[-123.85758636242329,45.64721166661375]}},{"type":"Feature","properties":{"kind":"home","county":"Tillamook","class":"","situs":"16705 WESTPOINT DR","acres":0.0},"geometry":{"type":"Point","coordinates":[-123.8560196974622,45.64658511828734]}},{"type":"Feature","properties":{"kind":"home","county":"Tillamook","class":"","situs":"16700 WESTPOINT DR","acres":0.0},"geometry":{"type":"Point","coordinates":[-123.8575850092108,45.646508816051174]}},{"type":"Feature","properties":{"kind":"home","county":"Tillamook","class":"","situs":"16810 SOUTHPOINT DR","acres":0.0},"geometry":{"type":"Point","coordinates":[-123.85841822102368,45.64507837488237]}},{"type":"Feature","properties":{"kind":"home","county":"Tillamook","class":"","situs":"16700 SOUTHPOINT DR","acres":0.0},"geometry":{"type":"Point","coordinates":[-123.85909078744788,45.64464433303425]}},{"type":"Feature","properties":{"kind":"home","county":"Tillamook","class":"","situs":"16620 SOUTHPOINT DR","acres":0.0},"geometry":{"type":"Point","coordinates":[-123.85906603690356,45.64418094706977]}},{"type":"Feature","properties":{"kind":"home","county":"Tillamook","class":"","situs":"16600 SOUTHPOINT DR","acres":0.0},"geometry":{"type":"Point","coordinates":[-123.85965287813059,45.64378185530973]}},{"type":"Feature","properties":{"kind":"home","county":"Tillamook","class":"","situs":"16510 SOUTHPOINT DR","acres":0.0},"geometry":{"type":"Point","coordinates":[-123.8597927499738,45.64263005760449]}},{"type":"Feature","properties":{"kind":"home","county":"Tillamook","class":"","situs":"16505 SOUTHPOINT DR","acres":0.0},"geometry":{"type":"Point","coordinates":[-123.85884690333272,45.64220471083662]}},{"type":"Feature","properties":{"kind":"home","county":"Tillamook","class":"","situs":"16595 SOUTHPOINT DR","acres":0.0},"geometry":{"type":"Point","coordinates":[-123.85824275007016,45.64270428150231]}},{"type":"Feature","properties":{"kind":"home","county":"Tillamook","class":"","situs":"16615 SOUTHPOINT DR","acres":0.0},"geometry":{"type":"Point","coordinates":[-123.85800125883733,45.64342878896815]}},{"type":"Feature","properties":{"kind":"home","county":"Tillamook","class":"","situs":"16705 SOUTHPOINT DR","acres":0.0},"geometry":{"type":"Point","coordinates":[-123.8576968385382,45.64385172399291]}},{"type":"Feature","properties":{"kind":"home","county":"Tillamook","class":"","situs":"16815 SOUTHPOINT DR","acres":0.0},"geometry":{"type":"Point","coordinates":[-123.85728445898398,45.644354000205176]}},{"type":"Feature","properties":{"kind":"home","county":"Tillamook","class":"","situs":"16865 SOUTHPOINT DR","acres":0.0},"geometry":{"type":"Point","coordinates":[-123.85666404840869,45.64469425587906]}},{"type":"Feature","properties":{"kind":"home","county":"Tillamook","class":"","situs":"17005 SOUTHPOINT DR","acres":0.0},"geometry":{"type":"Point","coordinates":[-123.85592220230217,45.64437034725743]}},{"type":"Feature","properties":{"kind":"home","county":"Tillamook","class":"","situs":"17205 SOUTHPOINT DR","acres":0.0},"geometry":{"type":"Point","coordinates":[-123.8551611639947,45.64434606676715]}},{"type":"Feature","properties":{"kind":"home","county":"Tillamook","class":"","situs":"26440 MIAMI FOLEY RD","acres":0.0},"geometry":{"type":"Point","coordinates":[-123.8543691847158,45.6442672933593]}},{"type":"Feature","properties":{"kind":"home","county":"Tillamook","class":"","situs":"17000 SOUTHPOINT DR","acres":0.0},"geometry":{"type":"Point","coordinates":[-123.8559002374401,45.64532018597037]}},{"type":"Feature","properties":{"kind":"home","county":"Tillamook","class":"","situs":"26490 FOLEY WAY","acres":0.0},"geometry":{"type":"Point","coordinates":[-123.8567563875248,45.64588699278595]}},{"type":"Feature","properties":{"kind":"home","county":"Tillamook","class":"","situs":"26494 FOLEY WAY","acres":0.0},"geometry":{"type":"Point","coordinates":[-123.85600943442,45.645913471812705]}},{"type":"Feature","properties":{"kind":"home","county":"Tillamook","class":"","situs":"26500 FOLEY WAY","acres":0.0},"geometry":{"type":"Point","coordinates":[-123.85544598296988,45.64567035432578]}},{"type":"Feature","properties":{"kind":"home","county":"Tillamook","class":"","situs":"26510 FOLEY WAY","acres":0.0},"geometry":{"type":"Point","coordinates":[-123.85513810123767,45.646174260366884]}},{"type":"Feature","properties":{"kind":"home","county":"Tillamook","class":"","situs":"26635 FOLEY WAY","acres":0.0},"geometry":{"type":"Point","coordinates":[-123.85491342576405,45.646773929923924]}},{"type":"Feature","properties":{"kind":"home","county":"Tillamook","class":"","situs":"26650 FOLEY WAY","acres":0.0},"geometry":{"type":"Point","coordinates":[-123.85421645597101,45.64710764152967]}},{"type":"Feature","properties":{"kind":"home","county":"Tillamook","class":"","situs":"17507 WESTPOINT DR","acres":0.0},"geometry":{"type":"Point","coordinates":[-123.85397799439889,45.64625954441608]}},{"type":"Feature","properties":{"kind":"home","county":"Tillamook","class":"","situs":"26535 FOLEY WAY","acres":0.0},"geometry":{"type":"Point","coordinates":[-123.85429963133754,45.64568443741576]}},{"type":"Feature","properties":{"kind":"home","county":"Tillamook","class":"","situs":"17050 SOUTHPOINT DR","acres":0.0},"geometry":{"type":"Point","coordinates":[-123.85465666853453,45.6451753700869]}},{"type":"Feature","properties":{"kind":"home","county":"Tillamook","class":"","situs":"17100 SOUTHPOINT DR","acres":0.0},"geometry":{"type":"Point","coordinates":[-123.85379699389168,45.64516341437853]}},{"type":"Feature","properties":{"kind":"home","county":"Tillamook","class":"","situs":"26500 MIAMI FOLEY RD","acres":0.0},"geometry":{"type":"Point","coordinates":[-123.85342087910628,45.64584071516614]}},{"type":"Feature","properties":{"kind":"home","county":"Tillamook","class":"","situs":"26200 MIAMI FOLEY RD","acres":0.0},"geometry":{"type":"Point","coordinates":[-123.85644726736949,45.64241302765799]}},{"type":"Feature","properties":{"kind":"home","county":"Tillamook","class":"","situs":"26220 MIAMI FOLEY RD","acres":0.0},"geometry":{"type":"Point","coordinates":[-123.85578931314521,45.64357168614408]}},{"type":"Feature","properties":{"kind":"home","county":"Tillamook","class":"","situs":"24545 MIAMI FOLEY RD","acres":0.0},"geometry":{"type":"Point","coordinates":[-123.854098958378,45.632501563725604]}},{"type":"Feature","properties":{"kind":"home","county":"Tillamook","class":"","situs":"24400 MIAMI FOLEY RD","acres":0.0},"geometry":{"type":"Point","coordinates":[-123.85369386194847,45.63036515970848]}},{"type":"Feature","properties":{"kind":"home","county":"Tillamook","class":"","situs":"24388 MIAMI FOLEY RD","acres":0.0},"geometry":{"type":"Point","coordinates":[-123.8523849318035,45.62958937759663]}},{"type":"Feature","properties":{"kind":"home","county":"Tillamook","class":"","situs":"24380 MIAMI FOLEY RD","acres":0.0},"geometry":{"type":"Point","coordinates":[-123.85440510618766,45.629073345834975]}},{"type":"Feature","properties":{"kind":"home","county":"Tillamook","class":"","situs":"24340 MIAMI FOLEY RD","acres":0.0},"geometry":{"type":"Point","coordinates":[-123.85251399941149,45.629095467396574]}},{"type":"Feature","properties":{"kind":"home","county":"Tillamook","class":"","situs":"24386 MIAMI FOLEY RD","acres":0.0},"geometry":{"type":"Point","coordinates":[-123.8541701277002,45.62957547440711]}},{"type":"Feature","properties":{"kind":"home","county":"Tillamook","class":"","situs":"24250 MIAMI FOLEY RD","acres":0.0},"geometry":{"type":"Point","coordinates":[-123.85210650023174,45.628368326499114]}},{"type":"Feature","properties":{"kind":"home","county":"Tillamook","class":"","situs":"24290 MIAMI FOLEY RD","acres":0.0},"geometry":{"type":"Point","coordinates":[-123.85231216945563,45.62868144034046]}},{"type":"Feature","properties":{"kind":"home","county":"Tillamook","class":"","situs":"24500 MIAMI FOLEY RD","acres":28.5},"geometry":{"type":"Point","coordinates":[-123.85817179684419,45.6324998930196]}},{"type":"Feature","properties":{"kind":"home","county":"Tillamook","class":"","situs":"24395 MIAMI FOLEY RD","acres":0.0},"geometry":{"type":"Point","coordinates":[-123.85094960275362,45.63018377804947]}},{"type":"Feature","properties":{"kind":"home","county":"Tillamook","class":"","situs":"24395 MIAMI FOLEY RD","acres":0.0},"geometry":{"type":"Point","coordinates":[-123.85105674378848,45.63075554756669]}},{"type":"Feature","properties":{"kind":"home","county":"Tillamook","class":"","situs":"17550 PEERLESS LP","acres":0.0},"geometry":{"type":"Point","coordinates":[-123.84975082540407,45.63044087030227]}},{"type":"Feature","properties":{"kind":"home","county":"Tillamook","class":"","situs":"17650 PEERLESS LP","acres":0.0},"geometry":{"type":"Point","coordinates":[-123.8489689880645,45.63044395859604]}},{"type":"Feature","properties":{"kind":"home","county":"Tillamook","class":"","situs":"17750 PEERLESS LP","acres":0.0},"geometry":{"type":"Point","coordinates":[-123.84817737707279,45.630447079074365]}},{"type":"Feature","properties":{"kind":"home","county":"Tillamook","class":"","situs":"18360 PEERLESS LP","acres":0.0},"geometry":{"type":"Point","coordinates":[-123.84931399301526,45.62793688760748]}},{"type":"Feature","properties":{"kind":"home","county":"Tillamook","class":"","situs":"18370 PEERLESS LP","acres":0.0},"geometry":{"type":"Point","coordinates":[-123.85010743991347,45.62796290323119]}},{"type":"Feature","properties":{"kind":"home","county":"Tillamook","class":"","situs":"18445 PEERLESS LP","acres":0.0},"geometry":{"type":"Point","coordinates":[-123.85078529706801,45.62878400582558]}},{"type":"Feature","properties":{"kind":"home","county":"Tillamook","class":"","situs":"18375 PEERLESS LP","acres":0.0},"geometry":{"type":"Point","coordinates":[-123.85006324580515,45.62881912882873]}},{"type":"Feature","properties":{"kind":"home","county":"Tillamook","class":"","situs":"17525 PEERLESS LP","acres":0.0},"geometry":{"type":"Point","coordinates":[-123.85099893336725,45.629404889703096]}},{"type":"Feature","properties":{"kind":"home","county":"Tillamook","class":"","situs":"17545 PEERLESS LP","acres":0.0},"geometry":{"type":"Point","coordinates":[-123.85010365388895,45.6294245519958]}},{"type":"Feature","properties":{"kind":"home","county":"Tillamook","class":"","situs":"17665 PEERLESS LP","acres":0.0},"geometry":{"type":"Point","coordinates":[-123.84925343686825,45.62942429447091]}},{"type":"Feature","properties":{"kind":"home","county":"Tillamook","class":"","situs":"18355 PEERLESS LP","acres":0.0},"geometry":{"type":"Point","coordinates":[-123.84925582256629,45.62881503467142]}},{"type":"Feature","properties":{"kind":"home","county":"Tillamook","class":"","situs":"17855 PEERLESS LP","acres":0.0},"geometry":{"type":"Point","coordinates":[-123.84844431251611,45.62942405498713]}},{"type":"Feature","properties":{"kind":"home","county":"Tillamook","class":"","situs":"44900 HWY 53","acres":0.0},"geometry":{"type":"Point","coordinates":[-123.82527502066178,45.779742971269165]}},{"type":"Feature","properties":{"kind":"home","county":"Tillamook","class":"","situs":"19350 BARBER RD","acres":0.0},"geometry":{"type":"Point","coordinates":[-123.83398270442896,45.78168414012569]}},{"type":"Feature","properties":{"kind":"home","county":"Tillamook","class":"","situs":"44500 HWY 53","acres":0.0},"geometry":{"type":"Point","coordinates":[-123.82899124853952,45.7787362700221]}},{"type":"Feature","properties":{"kind":"home","county":"Tillamook","class":"","situs":"44150 HWY 53","acres":0.0},"geometry":{"type":"Point","coordinates":[-123.83707417922034,45.77857612076134]}},{"type":"Feature","properties":{"kind":"home","county":"Tillamook","class":"","situs":"44130 HWY 53","acres":0.0},"geometry":{"type":"Point","coordinates":[-123.83359240219441,45.77717076751179]}},{"type":"Feature","properties":{"kind":"home","county":"Tillamook","class":"","situs":"41410 HWY 53","acres":0.0},"geometry":{"type":"Point","coordinates":[-123.83739310358351,45.774831306891244]}},{"type":"Feature","properties":{"kind":"home","county":"Tillamook","class":"","situs":"43010 NORTH FORK RD","acres":0.0},"geometry":{"type":"Point","coordinates":[-123.84323860234188,45.769971213216444]}},{"type":"Feature","properties":{"kind":"home","county":"Tillamook","class":"","situs":"43080 NORTH FORK RD","acres":0.0},"geometry":{"type":"Point","coordinates":[-123.83997696314768,45.769680094072456]}},{"type":"Feature","properties":{"kind":"home","county":"Tillamook","class":"","situs":"43105 HWY 53","acres":0.0},"geometry":{"type":"Point","coordinates":[-123.83736625684544,45.769068174359305]}},{"type":"Feature","properties":{"kind":"home","county":"Tillamook","class":"","situs":"43305 HWY 53","acres":0.0},"geometry":{"type":"Point","coordinates":[-123.83503678874537,45.76925645545663]}},{"type":"Feature","properties":{"kind":"home","county":"Tillamook","class":"","situs":"43300 HWY 53","acres":0.0},"geometry":{"type":"Point","coordinates":[-123.836066994475,45.77069994637508]}},{"type":"Feature","properties":{"kind":"home","county":"Tillamook","class":"","situs":"44100 HWY 53","acres":0.0},"geometry":{"type":"Point","coordinates":[-123.83257356848904,45.773566020317325]}},{"type":"Feature","properties":{"kind":"home","county":"Tillamook","class":"","situs":"43005 NORTH FORK RD","acres":0.0},"geometry":{"type":"Point","coordinates":[-123.84358757538642,45.76850510575246]}},{"type":"Feature","properties":{"kind":"home","county":"Tillamook","class":"","situs":"41590 HIGHWAY 53","acres":0.0},"geometry":{"type":"Point","coordinates":[-123.83805998090035,45.761375777527576]}},{"type":"Feature","properties":{"kind":"home","county":"Tillamook","class":"","situs":"19100 GODS VALLEY RD","acres":0.0},"geometry":{"type":"Point","coordinates":[-123.83289760832139,45.76116571376526]}},{"type":"Feature","properties":{"kind":"home","county":"Tillamook","class":"","situs":"19100 GODS VALLEY RD","acres":0.0},"geometry":{"type":"Point","coordinates":[-123.82713134030756,45.75819563805232]}},{"type":"Feature","properties":{"kind":"home","county":"Tillamook","class":"","situs":"19995 GODS VALLEY RD","acres":0.0},"geometry":{"type":"Point","coordinates":[-123.82411157338474,45.759164661992656]}},{"type":"Feature","properties":{"kind":"home","county":"Tillamook","class":"","situs":"41415 HWY 53","acres":0.0},"geometry":{"type":"Point","coordinates":[-123.83686180395154,45.756913010807644]}},{"type":"Feature","properties":{"kind":"home","county":"Tillamook","class":"","situs":"41205 HWY 53","acres":0.0},"geometry":{"type":"Point","coordinates":[-123.83503520260005,45.754304065259674]}},{"type":"Feature","properties":{"kind":"home","county":"Tillamook","class":"","situs":"42255 STORM DR","acres":0.0},"geometry":{"type":"Point","coordinates":[-123.8307394189441,45.762992639460535]}},{"type":"Feature","properties":{"kind":"home","county":"Tillamook","class":"","situs":"42290 STORM DR","acres":0.0},"geometry":{"type":"Point","coordinates":[-123.83219803766742,45.76451016810614]}},{"type":"Feature","properties":{"kind":"home","county":"Tillamook","class":"","situs":"19110 ALDERWOOD DR","acres":0.0},"geometry":{"type":"Point","coordinates":[-123.83307653119786,45.76341545601349]}},{"type":"Feature","properties":{"kind":"home","county":"Tillamook","class":"","situs":"42280 STORM DR","acres":0.0},"geometry":{"type":"Point","coordinates":[-123.83225562608173,45.763549974676074]}},{"type":"Feature","properties":{"kind":"home","county":"Tillamook","class":"","situs":"42180 STORM DR","acres":0.0},"geometry":{"type":"Point","coordinates":[-123.83201328740911,45.76275171174192]}},{"type":"Feature","properties":{"kind":"home","county":"Tillamook","class":"","situs":"19105 ALDERWOOD DR","acres":0.0},"geometry":{"type":"Point","coordinates":[-123.83301029416452,45.7622843418384]}},{"type":"Feature","properties":{"kind":"home","county":"Tillamook","class":"","situs":"42150 STORM DR","acres":0.0},"geometry":{"type":"Point","coordinates":[-123.83196875277186,45.76196981117888]}},{"type":"Feature","properties":{"kind":"home","county":"Tillamook","class":"","situs":"19500 GODS VALLEY RD","acres":0.0},"geometry":{"type":"Point","coordinates":[-123.83077767550297,45.76219794626692]}},{"type":"Feature","properties":{"kind":"home","county":"Tillamook","class":"","situs":"19300 GODS VALLEY RD","acres":0.0},"geometry":{"type":"Point","coordinates":[-123.83010719735465,45.76240895627508]}},{"type":"Feature","properties":{"kind":"home","county":"Tillamook","class":"","situs":"19350 GODS VALLEY RD","acres":0.0},"geometry":{"type":"Point","coordinates":[-123.82949930064166,45.76253899763809]}},{"type":"Feature","properties":{"kind":"home","county":"Tillamook","class":"","situs":"19390 GODS VALLEY RD","acres":0.0},"geometry":{"type":"Point","coordinates":[-123.82895219190638,45.762577756136544]}},{"type":"Feature","properties":{"kind":"home","county":"Tillamook","class":"","situs":"19590 GODS VALLEY RD","acres":0.0},"geometry":{"type":"Point","coordinates":[-123.82851564674509,45.762791095794114]}},{"type":"Feature","properties":{"kind":"home","county":"Tillamook","class":"","situs":"41100 HWY 53","acres":0.0},"geometry":{"type":"Point","coordinates":[-123.8372733422268,45.752683831537205]}},{"type":"Feature","properties":{"kind":"home","county":"Tillamook","class":"","situs":"41155 HWY 53","acres":0.0},"geometry":{"type":"Point","coordinates":[-123.8360470973497,45.75279620091296]}},{"type":"Feature","properties":{"kind":"home","county":"Tillamook","class":"","situs":"40500 HWY 53","acres":0.0},"geometry":{"type":"Point","coordinates":[-123.83859326703224,45.751320329559086]}},{"type":"Feature","properties":{"kind":"home","county":"Tillamook","class":"","situs":"40300 HWY 53","acres":0.0},"geometry":{"type":"Point","coordinates":[-123.84205608960869,45.748410849022186]}},{"type":"Feature","properties":{"kind":"home","county":"Tillamook","class":"","situs":"40100 HWY 53","acres":0.0},"geometry":{"type":"Point","coordinates":[-123.84280239954866,45.74678634997713]}},{"type":"Feature","properties":{"kind":"home","county":"Tillamook","class":"","situs":"18605 WATERHOUSE RD","acres":0.0},"geometry":{"type":"Point","coordinates":[-123.83809906246152,45.748920431996915]}},{"type":"Feature","properties":{"kind":"home","county":"Tillamook","class":"","situs":"18635 WATERHOUSE RD","acres":0.0},"geometry":{"type":"Point","coordinates":[-123.83693187038709,45.74904980264168]}},{"type":"Feature","properties":{"kind":"home","county":"Tillamook","class":"","situs":"18485 WATERHOUSE RD","acres":0.0},"geometry":{"type":"Point","coordinates":[-123.83820079414298,45.749284721929605]}},{"type":"Feature","properties":{"kind":"home","county":"Tillamook","class":"","situs":"18655 WATERHOUSE RD","acres":0.0},"geometry":{"type":"Point","coordinates":[-123.83597550680246,45.74892653539964]}},{"type":"Feature","properties":{"kind":"home","county":"Tillamook","class":"","situs":"18995 WATERHOUSE RD","acres":0.0},"geometry":{"type":"Point","coordinates":[-123.83379002247759,45.74890072341046]}},{"type":"Feature","properties":{"kind":"home","county":"Tillamook","class":"","situs":"40205 HWY 53","acres":0.0},"geometry":{"type":"Point","coordinates":[-123.83663896682434,45.74740585018177]}},{"type":"Feature","properties":{"kind":"home","county":"Tillamook","class":"","situs":"39955 HWY 53","acres":0.0},"geometry":{"type":"Point","coordinates":[-123.83946917393706,45.744419769464116]}},{"type":"Feature","properties":{"kind":"home","county":"Tillamook","class":"","situs":"39675 HWY 53","acres":0.0},"geometry":{"type":"Point","coordinates":[-123.84100700212885,45.74388296725581]}},{"type":"Feature","properties":{"kind":"home","county":"Tillamook","class":"","situs":"39995 HWY 53","acres":0.0},"geometry":{"type":"Point","coordinates":[-123.8392385194539,45.74563617316948]}},{"type":"Feature","properties":{"kind":"home","county":"Tillamook","class":"","situs":"39645 HWY 53","acres":0.0},"geometry":{"type":"Point","coordinates":[-123.84188474141695,45.7431759745709]}},{"type":"Feature","properties":{"kind":"home","county":"Tillamook","class":"","situs":"38995 RIVERVIEW DR","acres":0.0},"geometry":{"type":"Point","coordinates":[-123.91550599133838,45.73840774684796]}},{"type":"Feature","properties":{"kind":"home","county":"Tillamook","class":"","situs":"36438 NORTH FORK RD","acres":0.0},"geometry":{"type":"Point","coordinates":[-123.89408252832007,45.730781090694364]}},{"type":"Feature","properties":{"kind":"home","county":"Tillamook","class":"","situs":"44915 KATHERINE LN","acres":0.0},"geometry":{"type":"Point","coordinates":[-123.84097296026366,45.78209609336885]}},{"type":"Feature","properties":{"kind":"home","county":"Tillamook","class":"","situs":"44855 KATHERINE LN","acres":0.0},"geometry":{"type":"Point","coordinates":[-123.84149960182725,45.78089452514767]}},{"type":"Feature","properties":{"kind":"home","county":"Tillamook","class":"","situs":"44835 KATHERINE LN","acres":0.0},"geometry":{"type":"Point","coordinates":[-123.84191511962746,45.77927780506001]}},{"type":"Feature","properties":{"kind":"home","county":"Tillamook","class":"","situs":"44805 CAROL DR","acres":0.0},"geometry":{"type":"Point","coordinates":[-123.84387986374571,45.77877898688136]}},{"type":"Feature","properties":{"kind":"home","county":"Tillamook","class":"","situs":"44475 CAROL DR","acres":0.0},"geometry":{"type":"Point","coordinates":[-123.84333904948451,45.77706717031435]}},{"type":"Feature","properties":{"kind":"home","county":"Tillamook","class":"","situs":"44650 CAROL DR","acres":0.0},"geometry":{"type":"Point","coordinates":[-123.84580127176947,45.77762173957096]}},{"type":"Feature","properties":{"kind":"home","county":"Tillamook","class":"","situs":"44804 CAROL DR","acres":0.0},"geometry":{"type":"Point","coordinates":[-123.84565890872337,45.77909804990354]}},{"type":"Feature","properties":{"kind":"home","county":"Tillamook","class":"","situs":"44450 KATHERINE LN","acres":0.0},"geometry":{"type":"Point","coordinates":[-123.84790828097341,45.7769638331686]}},{"type":"Feature","properties":{"kind":"home","county":"Tillamook","class":"","situs":"44670 KATHERINE LN","acres":0.0},"geometry":{"type":"Point","coordinates":[-123.84789764041247,45.77811974991023]}},{"type":"Feature","properties":{"kind":"home","county":"Tillamook","class":"","situs":"44790 KATHERINE LN","acres":0.0},"geometry":{"type":"Point","coordinates":[-123.84776901292547,45.779291550634646]}},{"type":"Feature","properties":{"kind":"home","county":"Tillamook","class":"","situs":"44800 KATHERINE LN","acres":0.0},"geometry":{"type":"Point","coordinates":[-123.84498642422162,45.78042872342312]}},{"type":"Feature","properties":{"kind":"home","county":"Tillamook","class":"","situs":"44794 KATHERINE LN","acres":0.0},"geometry":{"type":"Point","coordinates":[-123.8457006710222,45.78193907267583]}},{"type":"Feature","properties":{"kind":"home","county":"Tillamook","class":"","situs":"44940 KATHERINE LN","acres":0.0},"geometry":{"type":"Point","coordinates":[-123.8441259797175,45.782880719552644]}},{"type":"Feature","properties":{"kind":"home","county":"Tillamook","class":"","situs":"44900 KATHERINE LN","acres":0.0},"geometry":{"type":"Point","coordinates":[-123.8434846241734,45.78158439929185]}},{"type":"Feature","properties":{"kind":"home","county":"Tillamook","class":"","situs":"44890 KATHERINE LN","acres":0.0},"geometry":{"type":"Point","coordinates":[-123.84325806485248,45.78017572176868]}},{"type":"Feature","properties":{"kind":"home","county":"Tillamook","class":"","situs":"43205 CAROL DR","acres":0.0},"geometry":{"type":"Point","coordinates":[-123.84498747040635,45.77149100989248]}},{"type":"Feature","properties":{"kind":"home","county":"Tillamook","class":"","situs":"43505 CAROL DR","acres":0.0},"geometry":{"type":"Point","coordinates":[-123.84472649725326,45.772610315768105]}},{"type":"Feature","properties":{"kind":"home","county":"Tillamook","class":"","situs":"43705 CAROL DR","acres":0.0},"geometry":{"type":"Point","coordinates":[-123.84381740665597,45.77427973188194]}},{"type":"Feature","properties":{"kind":"home","county":"Tillamook","class":"","situs":"43805 CAROL DR","acres":0.0},"geometry":{"type":"Point","coordinates":[-123.84299999307008,45.77518957986559]}},{"type":"Feature","properties":{"kind":"home","county":"Tillamook","class":"","situs":"43905 CAROL DR","acres":0.0},"geometry":{"type":"Point","coordinates":[-123.8429907623315,45.776175824604245]}},{"type":"Feature","properties":{"kind":"home","county":"Tillamook","class":"","situs":"43945 KATHERINE LN","acres":0.0},"geometry":{"type":"Point","coordinates":[-123.84566001806917,45.77611288574006]}},{"type":"Feature","properties":{"kind":"home","county":"Tillamook","class":"","situs":"43855 KATHERINE LN","acres":0.0},"geometry":{"type":"Point","coordinates":[-123.84590184218722,45.774874312654]}},{"type":"Feature","properties":{"kind":"home","county":"Tillamook","class":"","situs":"43950 KATHERINE LN","acres":0.0},"geometry":{"type":"Point","coordinates":[-123.84799583113424,45.775885195653615]}},{"type":"Feature","properties":{"kind":"home","county":"Tillamook","class":"","situs":"34650 KATHERINE LN","acres":0.0},"geometry":{"type":"Point","coordinates":[-123.84800859532243,45.773646223107754]}},{"type":"Feature","properties":{"kind":"home","county":"Tillamook","class":"","situs":"43400 CAROL DR","acres":0.0},"geometry":{"type":"Point","coordinates":[-123.84773252669969,45.77177972766671]}},{"type":"Feature","properties":{"kind":"home","county":"Tillamook","class":"","situs":"43300 CAROL DR","acres":0.0},"geometry":{"type":"Point","coordinates":[-123.84764194007239,45.77094407221895]}},{"type":"Feature","properties":{"kind":"home","county":"Tillamook","class":"","situs":"43100 CAROL DR","acres":0.0},"geometry":{"type":"Point","coordinates":[-123.84739205203793,45.76927363347362]}},{"type":"Feature","properties":{"kind":"home","county":"Tillamook","class":"","situs":"42165 ANDERSON RD","acres":0.0},"geometry":{"type":"Point","coordinates":[-123.866536777392,45.765964044310664]}},{"type":"Feature","properties":{"kind":"home","county":"Tillamook","class":"","situs":"42195 ANDERSON RD","acres":0.0},"geometry":{"type":"Point","coordinates":[-123.86654817369403,45.76668941696085]}},{"type":"Feature","properties":{"kind":"home","county":"Tillamook","class":"","situs":"43000 ANDERSON RD","acres":0.0},"geometry":{"type":"Point","coordinates":[-123.86912406158197,45.76712028637864]}},{"type":"Feature","properties":{"kind":"home","county":"Tillamook","class":"","situs":"42130 ANDERSON RD","acres":0.0},"geometry":{"type":"Point","coordinates":[-123.86942201281694,45.76379237080759]}},{"type":"Feature","properties":{"kind":"home","county":"Tillamook","class":"","situs":"42145 ANDERSON RD","acres":0.0},"geometry":{"type":"Point","coordinates":[-123.86625470259654,45.7650186835137]}},{"type":"Feature","properties":{"kind":"home","county":"Tillamook","class":"","situs":"42135 ANDERSON RD","acres":0.0},"geometry":{"type":"Point","coordinates":[-123.86633172542545,45.76382799582724]}},{"type":"Feature","properties":{"kind":"home","county":"Tillamook","class":"","situs":"42125 ANDERSON RD","acres":0.0},"geometry":{"type":"Point","coordinates":[-123.86559728319679,45.76270420329032]}},{"type":"Feature","properties":{"kind":"home","county":"Tillamook","class":"","situs":"42105 ANDERSON RD","acres":0.0},"geometry":{"type":"Point","coordinates":[-123.86607566408162,45.76215184682972]}},{"type":"Feature","properties":{"kind":"home","county":"Tillamook","class":"","situs":"42100 ANDERSON RD","acres":0.0},"geometry":{"type":"Point","coordinates":[-123.86858418419301,45.76207672210521]}},{"type":"Feature","properties":{"kind":"home","county":"Tillamook","class":"","situs":"42050 ANDERSON RD","acres":0.0},"geometry":{"type":"Point","coordinates":[-123.86806785000796,45.761452654446394]}},{"type":"Feature","properties":{"kind":"home","county":"Tillamook","class":"","situs":"41650 ANDERSON RD","acres":0.0},"geometry":{"type":"Point","coordinates":[-123.86685212868828,45.75917604622338]}},{"type":"Feature","properties":{"kind":"home","county":"Tillamook","class":"","situs":"41400 ANDERSON RD","acres":0.0},"geometry":{"type":"Point","coordinates":[-123.86752813095782,45.75812281182254]}},{"type":"Feature","properties":{"kind":"home","county":"Tillamook","class":"","situs":"41200 ANDERSON RD","acres":0.0},"geometry":{"type":"Point","coordinates":[-123.86808716928934,45.75698017406563]}},{"type":"Feature","properties":{"kind":"home","county":"Tillamook","class":"","situs":"41500 ANDERSON RD","acres":0.0},"geometry":{"type":"Point","coordinates":[-123.86614766981202,45.75837305260688]}},{"type":"Feature","properties":{"kind":"home","county":"Tillamook","class":"","situs":"41385 ANDERSON RD","acres":0.0},"geometry":{"type":"Point","coordinates":[-123.86597271590269,45.75722363532788]}},{"type":"Feature","properties":{"kind":"home","county":"Tillamook","class":"","situs":"41205 ANDERSON RD","acres":0.0},"geometry":{"type":"Point","coordinates":[-123.86661909453397,45.75611938527224]}},{"type":"Feature","properties":{"kind":"home","county":"Tillamook","class":"","situs":"41205 ANDERSON RD","acres":0.0},"geometry":{"type":"Point","coordinates":[-123.86560072059984,45.75590179559252]}},{"type":"Feature","properties":{"kind":"home","county":"Tillamook","class":"","situs":"41105 ANDERSON RD","acres":0.0},"geometry":{"type":"Point","coordinates":[-123.86595705790717,45.7546151291913]}},{"type":"Feature","properties":{"kind":"home","county":"Tillamook","class":"","situs":"41095 ANDERSON RD","acres":0.0},"geometry":{"type":"Point","coordinates":[-123.86738605106322,45.75434741212369]}},{"type":"Feature","properties":{"kind":"home","county":"Tillamook","class":"","situs":"41099 ANDERSON RD","acres":0.0},"geometry":{"type":"Point","coordinates":[-123.86728386071944,45.75540182837647]}},{"type":"Feature","properties":{"kind":"home","county":"Tillamook","class":"","situs":"41100 ANDERSON RD","acres":0.0},"geometry":{"type":"Point","coordinates":[-123.86939599047386,45.75549897812949]}},{"type":"Feature","properties":{"kind":"home","county":"Tillamook","class":"","situs":"41000 ANDERSON RD","acres":0.0},"geometry":{"type":"Point","coordinates":[-123.86947249698154,45.75416249904546]}},{"type":"Feature","properties":{"kind":"home","county":"Tillamook","class":"","situs":"41605 ANDERSON RD","acres":0.0},"geometry":{"type":"Point","coordinates":[-123.86361068407606,45.75869880713862]}},{"type":"Feature","properties":{"kind":"home","county":"Tillamook","class":"","situs":"41745 ANDERSON RD","acres":0.0},"geometry":{"type":"Point","coordinates":[-123.86314468251871,45.76078995605512]}},{"type":"Feature","properties":{"kind":"home","county":"Tillamook","class":"","situs":"41325 NORTH FORK RD","acres":0.0},"geometry":{"type":"Point","coordinates":[-123.84664539610765,45.75718274799423]}},{"type":"Feature","properties":{"kind":"home","county":"Tillamook","class":"","situs":"40990 NORTH FORK RD","acres":0.0},"geometry":{"type":"Point","coordinates":[-123.85050210329733,45.75168389859421]}},{"type":"Feature","properties":{"kind":"home","county":"Tillamook","class":"","situs":"40890 NORTH FORK RD","acres":0.0},"geometry":{"type":"Point","coordinates":[-123.85148210403725,45.74825263147187]}},{"type":"Feature","properties":{"kind":"home","county":"Tillamook","class":"","situs":"40880 NORTH FORK RD","acres":0.0},"geometry":{"type":"Point","coordinates":[-123.85386235591757,45.74998324626676]}},{"type":"Feature","properties":{"kind":"home","county":"Tillamook","class":"","situs":"40495 COAL CREEK RD","acres":0.0},"geometry":{"type":"Point","coordinates":[-123.85927306437011,45.75150204822631]}},{"type":"Feature","properties":{"kind":"home","county":"Tillamook","class":"","situs":"40660 NORTH FORK RD","acres":0.0},"geometry":{"type":"Point","coordinates":[-123.85635489770485,45.752149601157186]}},{"type":"Feature","properties":{"kind":"home","county":"Tillamook","class":"","situs":"40550 NORTH FORK RD","acres":0.0},"geometry":{"type":"Point","coordinates":[-123.8558270270404,45.75045654907193]}},{"type":"Feature","properties":{"kind":"home","county":"Tillamook","class":"","situs":"39850 NORTH FORK RD","acres":0.0},"geometry":{"type":"Point","coordinates":[-123.86443507823901,45.745132062462574]}},{"type":"Feature","properties":{"kind":"home","county":"Tillamook","class":"","situs":"39955 COAL CREEK RD","acres":0.0},"geometry":{"type":"Point","coordinates":[-123.8584921785219,45.74574577363365]}},{"type":"Feature","properties":{"kind":"home","county":"Tillamook","class":"","situs":"39100 HWY 53","acres":0.0},"geometry":{"type":"Point","coordinates":[-123.85798194339017,45.73989405041264]}},{"type":"Feature","properties":{"kind":"home","county":"Tillamook","class":"","situs":"39130 HWY 53","acres":0.0},"geometry":{"type":"Point","coordinates":[-123.85487130019129,45.74093665953895]}},{"type":"Feature","properties":{"kind":"home","county":"Tillamook","class":"","situs":"39600 HWY 53","acres":0.0},"geometry":{"type":"Point","coordinates":[-123.84375754653752,45.7438241586364]}},{"type":"Feature","properties":{"kind":"home","county":"Tillamook","class":"","situs":"39335 HWY 53","acres":0.0},"geometry":{"type":"Point","coordinates":[-123.84954714746303,45.740986674988115]}},{"type":"Feature","properties":{"kind":"home","county":"Tillamook","class":"","situs":"39330 HWY 53","acres":0.0},"geometry":{"type":"Point","coordinates":[-123.84967158747754,45.741729919829275]}},{"type":"Feature","properties":{"kind":"home","county":"Tillamook","class":"","situs":"39140 HWY 53","acres":0.0},"geometry":{"type":"Point","coordinates":[-123.85376985359683,45.741034276887554]}},{"type":"Feature","properties":{"kind":"home","county":"Tillamook","class":"","situs":"39515 HWY 53","acres":0.0},"geometry":{"type":"Point","coordinates":[-123.8447073044801,45.74179490082854]}},{"type":"Feature","properties":{"kind":"home","county":"Tillamook","class":"","situs":"39555 HWY 53","acres":0.0},"geometry":{"type":"Point","coordinates":[-123.84418133792028,45.742681537413155]}},{"type":"Feature","properties":{"kind":"home","county":"Tillamook","class":"","situs":"39250 HWY 53","acres":0.0},"geometry":{"type":"Point","coordinates":[-123.85099741188561,45.74131502426555]}},{"type":"Feature","properties":{"kind":"home","county":"Tillamook","class":"","situs":"39325 HWY 53","acres":0.0},"geometry":{"type":"Point","coordinates":[-123.85019762272552,45.740496620688624]}},{"type":"Feature","properties":{"kind":"home","county":"Tillamook","class":"","situs":"39400 HWY 53","acres":0.0},"geometry":{"type":"Point","coordinates":[-123.84927595039383,45.742187615280955]}},{"type":"Feature","properties":{"kind":"home","county":"Tillamook","class":"","situs":"39430 HWY 53","acres":2.8},"geometry":{"type":"Point","coordinates":[-123.84821634260824,45.74237140107928]}},{"type":"Feature","properties":{"kind":"home","county":"Tillamook","class":"","situs":"39305 HWY 53","acres":4.7},"geometry":{"type":"Point","coordinates":[-123.84987546742816,45.739514833460795]}},{"type":"Feature","properties":{"kind":"home","county":"Tillamook","class":"","situs":"39455 HWY 53","acres":0.0},"geometry":{"type":"Point","coordinates":[-123.84660526185759,45.74039156541019]}},{"type":"Feature","properties":{"kind":"home","county":"Tillamook","class":"","situs":"39485 HWY 53","acres":0.0},"geometry":{"type":"Point","coordinates":[-123.84512763084048,45.74120443020674]}},{"type":"Feature","properties":{"kind":"home","county":"Tillamook","class":"","situs":"39255 HWY 53","acres":0.0},"geometry":{"type":"Point","coordinates":[-123.85184086210852,45.73973235638992]}},{"type":"Feature","properties":{"kind":"home","county":"Tillamook","class":"","situs":"39315 HWY 53","acres":3.9},"geometry":{"type":"Point","coordinates":[-123.8488042143106,45.73998731793078]}},{"type":"Feature","properties":{"kind":"home","county":"Tillamook","class":"","situs":"40050 ANDERSON RD","acres":0.0},"geometry":{"type":"Point","coordinates":[-123.86905290252658,45.7468403973643]}},{"type":"Feature","properties":{"kind":"home","county":"Tillamook","class":"","situs":"40055 ANDERSON RD","acres":0.0},"geometry":{"type":"Point","coordinates":[-123.86653806715805,45.7472180660966]}},{"type":"Feature","properties":{"kind":"home","county":"Tillamook","class":"","situs":"40300 ANDERSON RD","acres":0.0},"geometry":{"type":"Point","coordinates":[-123.86971097544631,45.749596338387384]}},{"type":"Feature","properties":{"kind":"home","county":"Tillamook","class":"","situs":"40520 ANDERSON RD","acres":0.0},"geometry":{"type":"Point","coordinates":[-123.86965496000568,45.751290338362125]}},{"type":"Feature","properties":{"kind":"home","county":"Tillamook","class":"","situs":"40255 ANDERSON RD","acres":0.0},"geometry":{"type":"Point","coordinates":[-123.8672128451375,45.74869222030359]}},{"type":"Feature","properties":{"kind":"home","county":"Tillamook","class":"","situs":"40200 ANDERSON RD","acres":0.0},"geometry":{"type":"Point","coordinates":[-123.86955439997679,45.74799076228106]}},{"type":"Feature","properties":{"kind":"home","county":"Tillamook","class":"","situs":"40900 ANDERSON RD","acres":0.0},"geometry":{"type":"Point","coordinates":[-123.86961720070457,45.752856360734505]}},{"type":"Feature","properties":{"kind":"home","county":"Tillamook","class":"","situs":"40950 COAL CREEK RD","acres":0.0},"geometry":{"type":"Point","coordinates":[-123.86612918630743,45.750775564504636]}},{"type":"Feature","properties":{"kind":"home","county":"Tillamook","class":"","situs":"40505 ANDERSON RD","acres":0.0},"geometry":{"type":"Point","coordinates":[-123.86776029026036,45.75049964320287]}},{"type":"Feature","properties":{"kind":"home","county":"Tillamook","class":"","situs":"39690 NORTH FORK RD","acres":0.0},"geometry":{"type":"Point","coordinates":[-123.87064813470083,45.744434365977405]}},{"type":"Feature","properties":{"kind":"home","county":"Tillamook","class":"","situs":"14470 FOXGLOVE LN","acres":0.0},"geometry":{"type":"Point","coordinates":[-123.88329945872493,45.743002531053094]}},{"type":"Feature","properties":{"kind":"home","county":"Tillamook","class":"","situs":"14305 FOXGLOVE LN","acres":0.0},"geometry":{"type":"Point","coordinates":[-123.87818864676147,45.741250210982585]}},{"type":"Feature","properties":{"kind":"home","county":"Tillamook","class":"","situs":"14315 FOXGLOVE LN","acres":0.0},"geometry":{"type":"Point","coordinates":[-123.87720933634087,45.73974914991492]}},{"type":"Feature","properties":{"kind":"home","county":"Tillamook","class":"","situs":"38850 NORTH FORK RD","acres":0.0},"geometry":{"type":"Point","coordinates":[-123.87532868326142,45.73978188022678]}},{"type":"Feature","properties":{"kind":"home","county":"Tillamook","class":"","situs":"39010 NORTH FORK RD","acres":0.0},"geometry":{"type":"Point","coordinates":[-123.8758060826268,45.74169580949783]}},{"type":"Feature","properties":{"kind":"home","county":"Tillamook","class":"","situs":"39150 NORTH FORK RD","acres":0.0},"geometry":{"type":"Point","coordinates":[-123.87320954548501,45.741036631187264]}},{"type":"Feature","properties":{"kind":"home","county":"Tillamook","class":"","situs":"39450 NORTH FORK RD","acres":0.0},"geometry":{"type":"Point","coordinates":[-123.87231967913851,45.74155038052063]}},{"type":"Feature","properties":{"kind":"home","county":"Tillamook","class":"","situs":"39550 NORTH FORK  RD","acres":0.0},"geometry":{"type":"Point","coordinates":[-123.87283978218655,45.74248323024084]}},{"type":"Feature","properties":{"kind":"home","county":"Tillamook","class":"","situs":"39660 NORTH FORK RD","acres":0.0},"geometry":{"type":"Point","coordinates":[-123.874207269958,45.742441912551236]}},{"type":"Feature","properties":{"kind":"home","county":"Tillamook","class":"","situs":"39500 NORTH FORK RD","acres":0.0},"geometry":{"type":"Point","coordinates":[-123.87268718567003,45.74193506282829]}},{"type":"Feature","properties":{"kind":"home","county":"Tillamook","class":"","situs":"39550 NORTH FORK RD","acres":0.0},"geometry":{"type":"Point","coordinates":[-123.87113133083001,45.74241944819902]}},{"type":"Feature","properties":{"kind":"home","county":"Tillamook","class":"","situs":"39700 NORTH FORK RD","acres":0.0},"geometry":{"type":"Point","coordinates":[-123.86989503337263,45.74553934627941]}},{"type":"Feature","properties":{"kind":"home","county":"Tillamook","class":"","situs":"39805 NORTH FORK RD","acres":0.0},"geometry":{"type":"Point","coordinates":[-123.86569684741754,45.74388649051614]}},{"type":"Feature","properties":{"kind":"home","county":"Tillamook","class":"","situs":"39800 ANDERSON RD","acres":0.0},"geometry":{"type":"Point","coordinates":[-123.86734901418858,45.7458142954091]}},{"type":"Feature","properties":{"kind":"home","county":"Tillamook","class":"","situs":"39780 ANDERSON RD","acres":0.0},"geometry":{"type":"Point","coordinates":[-123.86748011996103,45.74445958853894]}},{"type":"Feature","properties":{"kind":"home","county":"Tillamook","class":"","situs":"39710 NORTH FORK RD","acres":0.0},"geometry":{"type":"Point","coordinates":[-123.86837485455868,45.74516406186378]}},{"type":"Feature","properties":{"kind":"home","county":"Tillamook","class":"","situs":"44900 HWY 53","acres":0.0},"geometry":{"type":"Point","coordinates":[-123.82527502066178,45.779742971269165]}},{"type":"Feature","properties":{"kind":"home","county":"Tillamook","class":"","situs":"19350 BARBER RD","acres":0.0},"geometry":{"type":"Point","coordinates":[-123.83398270442896,45.78168414012569]}},{"type":"Feature","properties":{"kind":"home","county":"Tillamook","class":"","situs":"44500 HWY 53","acres":0.0},"geometry":{"type":"Point","coordinates":[-123.82899124853952,45.7787362700221]}},{"type":"Feature","properties":{"kind":"home","county":"Tillamook","class":"","situs":"44150 HWY 53","acres":0.0},"geometry":{"type":"Point","coordinates":[-123.83707417922034,45.77857612076134]}},{"type":"Feature","properties":{"kind":"home","county":"Tillamook","class":"","situs":"44130 HWY 53","acres":0.0},"geometry":{"type":"Point","coordinates":[-123.83359240219441,45.77717076751179]}},{"type":"Feature","properties":{"kind":"home","county":"Tillamook","class":"","situs":"41410 HWY 53","acres":0.0},"geometry":{"type":"Point","coordinates":[-123.83739310358351,45.774831306891244]}},{"type":"Feature","properties":{"kind":"home","county":"Tillamook","class":"","situs":"43010 NORTH FORK RD","acres":0.0},"geometry":{"type":"Point","coordinates":[-123.84323860234188,45.769971213216444]}},{"type":"Feature","properties":{"kind":"home","county":"Tillamook","class":"","situs":"43080 NORTH FORK RD","acres":0.0},"geometry":{"type":"Point","coordinates":[-123.83997696314768,45.769680094072456]}},{"type":"Feature","properties":{"kind":"home","county":"Tillamook","class":"","situs":"43105 HWY 53","acres":0.0},"geometry":{"type":"Point","coordinates":[-123.83736625684544,45.769068174359305]}},{"type":"Feature","properties":{"kind":"home","county":"Tillamook","class":"","situs":"43305 HWY 53","acres":0.0},"geometry":{"type":"Point","coordinates":[-123.83503678874537,45.76925645545663]}},{"type":"Feature","properties":{"kind":"home","county":"Tillamook","class":"","situs":"43300 HWY 53","acres":0.0},"geometry":{"type":"Point","coordinates":[-123.836066994475,45.77069994637508]}},{"type":"Feature","properties":{"kind":"home","county":"Tillamook","class":"","situs":"44100 HWY 53","acres":0.0},"geometry":{"type":"Point","coordinates":[-123.83257356848904,45.773566020317325]}},{"type":"Feature","properties":{"kind":"home","county":"Tillamook","class":"","situs":"43005 NORTH FORK RD","acres":0.0},"geometry":{"type":"Point","coordinates":[-123.84358757538642,45.76850510575246]}},{"type":"Feature","properties":{"kind":"home","county":"Tillamook","class":"","situs":"41590 HIGHWAY 53","acres":0.0},"geometry":{"type":"Point","coordinates":[-123.83805998090035,45.761375777527576]}},{"type":"Feature","properties":{"kind":"home","county":"Tillamook","class":"","situs":"19100 GODS VALLEY RD","acres":0.0},"geometry":{"type":"Point","coordinates":[-123.83289760832139,45.76116571376526]}},{"type":"Feature","properties":{"kind":"home","county":"Tillamook","class":"","situs":"19100 GODS VALLEY RD","acres":0.0},"geometry":{"type":"Point","coordinates":[-123.82713134030756,45.75819563805232]}},{"type":"Feature","properties":{"kind":"home","county":"Tillamook","class":"","situs":"19995 GODS VALLEY RD","acres":0.0},"geometry":{"type":"Point","coordinates":[-123.82411157338474,45.759164661992656]}},{"type":"Feature","properties":{"kind":"home","county":"Tillamook","class":"","situs":"41415 HWY 53","acres":0.0},"geometry":{"type":"Point","coordinates":[-123.83686180395154,45.756913010807644]}},{"type":"Feature","properties":{"kind":"home","county":"Tillamook","class":"","situs":"41205 HWY 53","acres":0.0},"geometry":{"type":"Point","coordinates":[-123.83503520260005,45.754304065259674]}},{"type":"Feature","properties":{"kind":"home","county":"Tillamook","class":"","situs":"42255 STORM DR","acres":0.0},"geometry":{"type":"Point","coordinates":[-123.8307394189441,45.762992639460535]}},{"type":"Feature","properties":{"kind":"home","county":"Tillamook","class":"","situs":"42290 STORM DR","acres":0.0},"geometry":{"type":"Point","coordinates":[-123.83219803766742,45.76451016810614]}},{"type":"Feature","properties":{"kind":"home","county":"Tillamook","class":"","situs":"19110 ALDERWOOD DR","acres":0.0},"geometry":{"type":"Point","coordinates":[-123.83307653119786,45.76341545601349]}},{"type":"Feature","properties":{"kind":"home","county":"Tillamook","class":"","situs":"42280 STORM DR","acres":0.0},"geometry":{"type":"Point","coordinates":[-123.83225562608173,45.763549974676074]}},{"type":"Feature","properties":{"kind":"home","county":"Tillamook","class":"","situs":"42180 STORM DR","acres":0.0},"geometry":{"type":"Point","coordinates":[-123.83201328740911,45.76275171174192]}},{"type":"Feature","properties":{"kind":"home","county":"Tillamook","class":"","situs":"19105 ALDERWOOD DR","acres":0.0},"geometry":{"type":"Point","coordinates":[-123.83301029416452,45.7622843418384]}},{"type":"Feature","properties":{"kind":"home","county":"Tillamook","class":"","situs":"42150 STORM DR","acres":0.0},"geometry":{"type":"Point","coordinates":[-123.83196875277186,45.76196981117888]}},{"type":"Feature","properties":{"kind":"home","county":"Tillamook","class":"","situs":"19500 GODS VALLEY RD","acres":0.0},"geometry":{"type":"Point","coordinates":[-123.83077767550297,45.76219794626692]}},{"type":"Feature","properties":{"kind":"home","county":"Tillamook","class":"","situs":"19300 GODS VALLEY RD","acres":0.0},"geometry":{"type":"Point","coordinates":[-123.83010719735465,45.76240895627508]}},{"type":"Feature","properties":{"kind":"home","county":"Tillamook","class":"","situs":"19350 GODS VALLEY RD","acres":0.0},"geometry":{"type":"Point","coordinates":[-123.82949930064166,45.76253899763809]}},{"type":"Feature","properties":{"kind":"home","county":"Tillamook","class":"","situs":"19390 GODS VALLEY RD","acres":0.0},"geometry":{"type":"Point","coordinates":[-123.82895219190638,45.762577756136544]}},{"type":"Feature","properties":{"kind":"home","county":"Tillamook","class":"","situs":"19590 GODS VALLEY RD","acres":0.0},"geometry":{"type":"Point","coordinates":[-123.82851564674509,45.762791095794114]}},{"type":"Feature","properties":{"kind":"home","county":"Tillamook","class":"","situs":"41100 HWY 53","acres":0.0},"geometry":{"type":"Point","coordinates":[-123.8372733422268,45.752683831537205]}},{"type":"Feature","properties":{"kind":"home","county":"Tillamook","class":"","situs":"41155 HWY 53","acres":0.0},"geometry":{"type":"Point","coordinates":[-123.8360470973497,45.75279620091296]}},{"type":"Feature","properties":{"kind":"home","county":"Tillamook","class":"","situs":"40500 HWY 53","acres":0.0},"geometry":{"type":"Point","coordinates":[-123.83859326703224,45.751320329559086]}},{"type":"Feature","properties":{"kind":"home","county":"Tillamook","class":"","situs":"40300 HWY 53","acres":0.0},"geometry":{"type":"Point","coordinates":[-123.84205608960869,45.748410849022186]}},{"type":"Feature","properties":{"kind":"home","county":"Tillamook","class":"","situs":"40100 HWY 53","acres":0.0},"geometry":{"type":"Point","coordinates":[-123.84280239954866,45.74678634997713]}},{"type":"Feature","properties":{"kind":"home","county":"Tillamook","class":"","situs":"18605 WATERHOUSE RD","acres":0.0},"geometry":{"type":"Point","coordinates":[-123.83809906246152,45.748920431996915]}},{"type":"Feature","properties":{"kind":"home","county":"Tillamook","class":"","situs":"18635 WATERHOUSE RD","acres":0.0},"geometry":{"type":"Point","coordinates":[-123.83693187038709,45.74904980264168]}},{"type":"Feature","properties":{"kind":"home","county":"Tillamook","class":"","situs":"18485 WATERHOUSE RD","acres":0.0},"geometry":{"type":"Point","coordinates":[-123.83820079414298,45.749284721929605]}},{"type":"Feature","properties":{"kind":"home","county":"Tillamook","class":"","situs":"18655 WATERHOUSE RD","acres":0.0},"geometry":{"type":"Point","coordinates":[-123.83597550680246,45.74892653539964]}},{"type":"Feature","properties":{"kind":"home","county":"Tillamook","class":"","situs":"18995 WATERHOUSE RD","acres":0.0},"geometry":{"type":"Point","coordinates":[-123.83379002247759,45.74890072341046]}},{"type":"Feature","properties":{"kind":"home","county":"Tillamook","class":"","situs":"40205 HWY 53","acres":0.0},"geometry":{"type":"Point","coordinates":[-123.83663896682434,45.74740585018177]}},{"type":"Feature","properties":{"kind":"home","county":"Tillamook","class":"","situs":"39955 HWY 53","acres":0.0},"geometry":{"type":"Point","coordinates":[-123.83946917393706,45.744419769464116]}},{"type":"Feature","properties":{"kind":"home","county":"Tillamook","class":"","situs":"39675 HWY 53","acres":0.0},"geometry":{"type":"Point","coordinates":[-123.84100700212885,45.74388296725581]}},{"type":"Feature","properties":{"kind":"home","county":"Tillamook","class":"","situs":"39995 HWY 53","acres":0.0},"geometry":{"type":"Point","coordinates":[-123.8392385194539,45.74563617316948]}},{"type":"Feature","properties":{"kind":"home","county":"Tillamook","class":"","situs":"39645 HWY 53","acres":0.0},"geometry":{"type":"Point","coordinates":[-123.84188474141695,45.7431759745709]}},{"type":"Feature","properties":{"kind":"home","county":"Tillamook","class":"","situs":"38995 RIVERVIEW DR","acres":0.0},"geometry":{"type":"Point","coordinates":[-123.91550599133838,45.73840774684796]}},{"type":"Feature","properties":{"kind":"home","county":"Tillamook","class":"","situs":"36438 NORTH FORK RD","acres":0.0},"geometry":{"type":"Point","coordinates":[-123.89408252832007,45.730781090694364]}},{"type":"Feature","properties":{"kind":"home","county":"Tillamook","class":"","situs":"44915 KATHERINE LN","acres":0.0},"geometry":{"type":"Point","coordinates":[-123.84097296026366,45.78209609336885]}},{"type":"Feature","properties":{"kind":"home","county":"Tillamook","class":"","situs":"44855 KATHERINE LN","acres":0.0},"geometry":{"type":"Point","coordinates":[-123.84149960182725,45.78089452514767]}},{"type":"Feature","properties":{"kind":"home","county":"Tillamook","class":"","situs":"44835 KATHERINE LN","acres":0.0},"geometry":{"type":"Point","coordinates":[-123.84191511962746,45.77927780506001]}},{"type":"Feature","properties":{"kind":"home","county":"Tillamook","class":"","situs":"44805 CAROL DR","acres":0.0},"geometry":{"type":"Point","coordinates":[-123.84387986374571,45.77877898688136]}},{"type":"Feature","properties":{"kind":"home","county":"Tillamook","class":"","situs":"44475 CAROL DR","acres":0.0},"geometry":{"type":"Point","coordinates":[-123.84333904948451,45.77706717031435]}},{"type":"Feature","properties":{"kind":"home","county":"Tillamook","class":"","situs":"44650 CAROL DR","acres":0.0},"geometry":{"type":"Point","coordinates":[-123.84580127176947,45.77762173957096]}},{"type":"Feature","properties":{"kind":"home","county":"Tillamook","class":"","situs":"44804 CAROL DR","acres":0.0},"geometry":{"type":"Point","coordinates":[-123.84565890872337,45.77909804990354]}},{"type":"Feature","properties":{"kind":"home","county":"Tillamook","class":"","situs":"44450 KATHERINE LN","acres":0.0},"geometry":{"type":"Point","coordinates":[-123.84790828097341,45.7769638331686]}},{"type":"Feature","properties":{"kind":"home","county":"Tillamook","class":"","situs":"44670 KATHERINE LN","acres":0.0},"geometry":{"type":"Point","coordinates":[-123.84789764041247,45.77811974991023]}},{"type":"Feature","properties":{"kind":"home","county":"Tillamook","class":"","situs":"44790 KATHERINE LN","acres":0.0},"geometry":{"type":"Point","coordinates":[-123.84776901292547,45.779291550634646]}},{"type":"Feature","properties":{"kind":"home","county":"Tillamook","class":"","situs":"44800 KATHERINE LN","acres":0.0},"geometry":{"type":"Point","coordinates":[-123.84498642422162,45.78042872342312]}},{"type":"Feature","properties":{"kind":"home","county":"Tillamook","class":"","situs":"44794 KATHERINE LN","acres":0.0},"geometry":{"type":"Point","coordinates":[-123.8457006710222,45.78193907267583]}},{"type":"Feature","properties":{"kind":"home","county":"Tillamook","class":"","situs":"44940 KATHERINE LN","acres":0.0},"geometry":{"type":"Point","coordinates":[-123.8441259797175,45.782880719552644]}},{"type":"Feature","properties":{"kind":"home","county":"Tillamook","class":"","situs":"44900 KATHERINE LN","acres":0.0},"geometry":{"type":"Point","coordinates":[-123.8434846241734,45.78158439929185]}},{"type":"Feature","properties":{"kind":"home","county":"Tillamook","class":"","situs":"44890 KATHERINE LN","acres":0.0},"geometry":{"type":"Point","coordinates":[-123.84325806485248,45.78017572176868]}},{"type":"Feature","properties":{"kind":"home","county":"Tillamook","class":"","situs":"43205 CAROL DR","acres":0.0},"geometry":{"type":"Point","coordinates":[-123.84498747040635,45.77149100989248]}},{"type":"Feature","properties":{"kind":"home","county":"Tillamook","class":"","situs":"43505 CAROL DR","acres":0.0},"geometry":{"type":"Point","coordinates":[-123.84472649725326,45.772610315768105]}},{"type":"Feature","properties":{"kind":"home","county":"Tillamook","class":"","situs":"43705 CAROL DR","acres":0.0},"geometry":{"type":"Point","coordinates":[-123.84381740665597,45.77427973188194]}},{"type":"Feature","properties":{"kind":"home","county":"Tillamook","class":"","situs":"43805 CAROL DR","acres":0.0},"geometry":{"type":"Point","coordinates":[-123.84299999307008,45.77518957986559]}},{"type":"Feature","properties":{"kind":"home","county":"Tillamook","class":"","situs":"43905 CAROL DR","acres":0.0},"geometry":{"type":"Point","coordinates":[-123.8429907623315,45.776175824604245]}},{"type":"Feature","properties":{"kind":"home","county":"Tillamook","class":"","situs":"43945 KATHERINE LN","acres":0.0},"geometry":{"type":"Point","coordinates":[-123.84566001806917,45.77611288574006]}},{"type":"Feature","properties":{"kind":"home","county":"Tillamook","class":"","situs":"43855 KATHERINE LN","acres":0.0},"geometry":{"type":"Point","coordinates":[-123.84590184218722,45.774874312654]}},{"type":"Feature","properties":{"kind":"home","county":"Tillamook","class":"","situs":"43950 KATHERINE LN","acres":0.0},"geometry":{"type":"Point","coordinates":[-123.84799583113424,45.775885195653615]}},{"type":"Feature","properties":{"kind":"home","county":"Tillamook","class":"","situs":"34650 KATHERINE LN","acres":0.0},"geometry":{"type":"Point","coordinates":[-123.84800859532243,45.773646223107754]}},{"type":"Feature","properties":{"kind":"home","county":"Tillamook","class":"","situs":"43400 CAROL DR","acres":0.0},"geometry":{"type":"Point","coordinates":[-123.84773252669969,45.77177972766671]}},{"type":"Feature","properties":{"kind":"home","county":"Tillamook","class":"","situs":"43300 CAROL DR","acres":0.0},"geometry":{"type":"Point","coordinates":[-123.84764194007239,45.77094407221895]}},{"type":"Feature","properties":{"kind":"home","county":"Tillamook","class":"","situs":"43100 CAROL DR","acres":0.0},"geometry":{"type":"Point","coordinates":[-123.84739205203793,45.76927363347362]}},{"type":"Feature","properties":{"kind":"home","county":"Tillamook","class":"","situs":"42165 ANDERSON RD","acres":0.0},"geometry":{"type":"Point","coordinates":[-123.866536777392,45.765964044310664]}},{"type":"Feature","properties":{"kind":"home","county":"Tillamook","class":"","situs":"42195 ANDERSON RD","acres":0.0},"geometry":{"type":"Point","coordinates":[-123.86654817369403,45.76668941696085]}},{"type":"Feature","properties":{"kind":"home","county":"Tillamook","class":"","situs":"43000 ANDERSON RD","acres":0.0},"geometry":{"type":"Point","coordinates":[-123.86912406158197,45.76712028637864]}},{"type":"Feature","properties":{"kind":"home","county":"Tillamook","class":"","situs":"42130 ANDERSON RD","acres":0.0},"geometry":{"type":"Point","coordinates":[-123.86942201281694,45.76379237080759]}},{"type":"Feature","properties":{"kind":"home","county":"Tillamook","class":"","situs":"42145 ANDERSON RD","acres":0.0},"geometry":{"type":"Point","coordinates":[-123.86625470259654,45.7650186835137]}},{"type":"Feature","properties":{"kind":"home","county":"Tillamook","class":"","situs":"42135 ANDERSON RD","acres":0.0},"geometry":{"type":"Point","coordinates":[-123.86633172542545,45.76382799582724]}},{"type":"Feature","properties":{"kind":"home","county":"Tillamook","class":"","situs":"42125 ANDERSON RD","acres":0.0},"geometry":{"type":"Point","coordinates":[-123.86559728319679,45.76270420329032]}},{"type":"Feature","properties":{"kind":"home","county":"Tillamook","class":"","situs":"42105 ANDERSON RD","acres":0.0},"geometry":{"type":"Point","coordinates":[-123.86607566408162,45.76215184682972]}},{"type":"Feature","properties":{"kind":"home","county":"Tillamook","class":"","situs":"42100 ANDERSON RD","acres":0.0},"geometry":{"type":"Point","coordinates":[-123.86858418419301,45.76207672210521]}},{"type":"Feature","properties":{"kind":"home","county":"Tillamook","class":"","situs":"42050 ANDERSON RD","acres":0.0},"geometry":{"type":"Point","coordinates":[-123.86806785000796,45.761452654446394]}},{"type":"Feature","properties":{"kind":"home","county":"Tillamook","class":"","situs":"41650 ANDERSON RD","acres":0.0},"geometry":{"type":"Point","coordinates":[-123.86685212868828,45.75917604622338]}},{"type":"Feature","properties":{"kind":"home","county":"Tillamook","class":"","situs":"41400 ANDERSON RD","acres":0.0},"geometry":{"type":"Point","coordinates":[-123.86752813095782,45.75812281182254]}},{"type":"Feature","properties":{"kind":"home","county":"Tillamook","class":"","situs":"41200 ANDERSON RD","acres":0.0},"geometry":{"type":"Point","coordinates":[-123.86808716928934,45.75698017406563]}},{"type":"Feature","properties":{"kind":"home","county":"Tillamook","class":"","situs":"41500 ANDERSON RD","acres":0.0},"geometry":{"type":"Point","coordinates":[-123.86614766981202,45.75837305260688]}},{"type":"Feature","properties":{"kind":"home","county":"Tillamook","class":"","situs":"41385 ANDERSON RD","acres":0.0},"geometry":{"type":"Point","coordinates":[-123.86597271590269,45.75722363532788]}},{"type":"Feature","properties":{"kind":"home","county":"Tillamook","class":"","situs":"41205 ANDERSON RD","acres":0.0},"geometry":{"type":"Point","coordinates":[-123.86661909453397,45.75611938527224]}},{"type":"Feature","properties":{"kind":"home","county":"Tillamook","class":"","situs":"41205 ANDERSON RD","acres":0.0},"geometry":{"type":"Point","coordinates":[-123.86560072059984,45.75590179559252]}},{"type":"Feature","properties":{"kind":"home","county":"Tillamook","class":"","situs":"41105 ANDERSON RD","acres":0.0},"geometry":{"type":"Point","coordinates":[-123.86595705790717,45.7546151291913]}},{"type":"Feature","properties":{"kind":"home","county":"Tillamook","class":"","situs":"41095 ANDERSON RD","acres":0.0},"geometry":{"type":"Point","coordinates":[-123.86738605106322,45.75434741212369]}},{"type":"Feature","properties":{"kind":"home","county":"Tillamook","class":"","situs":"41099 ANDERSON RD","acres":0.0},"geometry":{"type":"Point","coordinates":[-123.86728386071944,45.75540182837647]}},{"type":"Feature","properties":{"kind":"home","county":"Tillamook","class":"","situs":"41100 ANDERSON RD","acres":0.0},"geometry":{"type":"Point","coordinates":[-123.86939599047386,45.75549897812949]}},{"type":"Feature","properties":{"kind":"home","county":"Tillamook","class":"","situs":"41000 ANDERSON RD","acres":0.0},"geometry":{"type":"Point","coordinates":[-123.86947249698154,45.75416249904546]}},{"type":"Feature","properties":{"kind":"home","county":"Tillamook","class":"","situs":"41605 ANDERSON RD","acres":0.0},"geometry":{"type":"Point","coordinates":[-123.86361068407606,45.75869880713862]}},{"type":"Feature","properties":{"kind":"home","county":"Tillamook","class":"","situs":"41745 ANDERSON RD","acres":0.0},"geometry":{"type":"Point","coordinates":[-123.86314468251871,45.76078995605512]}},{"type":"Feature","properties":{"kind":"home","county":"Tillamook","class":"","situs":"41325 NORTH FORK RD","acres":0.0},"geometry":{"type":"Point","coordinates":[-123.84664539610765,45.75718274799423]}},{"type":"Feature","properties":{"kind":"home","county":"Tillamook","class":"","situs":"40990 NORTH FORK RD","acres":0.0},"geometry":{"type":"Point","coordinates":[-123.85050210329733,45.75168389859421]}},{"type":"Feature","properties":{"kind":"home","county":"Tillamook","class":"","situs":"40890 NORTH FORK RD","acres":0.0},"geometry":{"type":"Point","coordinates":[-123.85148210403725,45.74825263147187]}},{"type":"Feature","properties":{"kind":"home","county":"Tillamook","class":"","situs":"40880 NORTH FORK RD","acres":0.0},"geometry":{"type":"Point","coordinates":[-123.85386235591757,45.74998324626676]}},{"type":"Feature","properties":{"kind":"home","county":"Tillamook","class":"","situs":"40495 COAL CREEK RD","acres":0.0},"geometry":{"type":"Point","coordinates":[-123.85927306437011,45.75150204822631]}},{"type":"Feature","properties":{"kind":"home","county":"Tillamook","class":"","situs":"40660 NORTH FORK RD","acres":0.0},"geometry":{"type":"Point","coordinates":[-123.85635489770485,45.752149601157186]}},{"type":"Feature","properties":{"kind":"home","county":"Tillamook","class":"","situs":"40550 NORTH FORK RD","acres":0.0},"geometry":{"type":"Point","coordinates":[-123.8558270270404,45.75045654907193]}},{"type":"Feature","properties":{"kind":"home","county":"Tillamook","class":"","situs":"39850 NORTH FORK RD","acres":0.0},"geometry":{"type":"Point","coordinates":[-123.86443507823901,45.745132062462574]}},{"type":"Feature","properties":{"kind":"home","county":"Tillamook","class":"","situs":"39955 COAL CREEK RD","acres":0.0},"geometry":{"type":"Point","coordinates":[-123.8584921785219,45.74574577363365]}},{"type":"Feature","properties":{"kind":"home","county":"Tillamook","class":"","situs":"39100 HWY 53","acres":0.0},"geometry":{"type":"Point","coordinates":[-123.85798194339017,45.73989405041264]}},{"type":"Feature","properties":{"kind":"home","county":"Tillamook","class":"","situs":"39130 HWY 53","acres":0.0},"geometry":{"type":"Point","coordinates":[-123.85487130019129,45.74093665953895]}},{"type":"Feature","properties":{"kind":"home","county":"Tillamook","class":"","situs":"39600 HWY 53","acres":0.0},"geometry":{"type":"Point","coordinates":[-123.84375754653752,45.7438241586364]}},{"type":"Feature","properties":{"kind":"home","county":"Tillamook","class":"","situs":"39335 HWY 53","acres":0.0},"geometry":{"type":"Point","coordinates":[-123.84954714746303,45.740986674988115]}},{"type":"Feature","properties":{"kind":"home","county":"Tillamook","class":"","situs":"39330 HWY 53","acres":0.0},"geometry":{"type":"Point","coordinates":[-123.84967158747754,45.741729919829275]}},{"type":"Feature","properties":{"kind":"home","county":"Tillamook","class":"","situs":"39140 HWY 53","acres":0.0},"geometry":{"type":"Point","coordinates":[-123.85376985359683,45.741034276887554]}},{"type":"Feature","properties":{"kind":"home","county":"Tillamook","class":"","situs":"39515 HWY 53","acres":0.0},"geometry":{"type":"Point","coordinates":[-123.8447073044801,45.74179490082854]}},{"type":"Feature","properties":{"kind":"home","county":"Tillamook","class":"","situs":"39555 HWY 53","acres":0.0},"geometry":{"type":"Point","coordinates":[-123.84418133792028,45.742681537413155]}},{"type":"Feature","properties":{"kind":"home","county":"Tillamook","class":"","situs":"39250 HWY 53","acres":0.0},"geometry":{"type":"Point","coordinates":[-123.85099741188561,45.74131502426555]}},{"type":"Feature","properties":{"kind":"home","county":"Tillamook","class":"","situs":"39325 HWY 53","acres":0.0},"geometry":{"type":"Point","coordinates":[-123.85019762272552,45.740496620688624]}},{"type":"Feature","properties":{"kind":"home","county":"Tillamook","class":"","situs":"39400 HWY 53","acres":0.0},"geometry":{"type":"Point","coordinates":[-123.84927595039383,45.742187615280955]}},{"type":"Feature","properties":{"kind":"home","county":"Tillamook","class":"","situs":"39430 HWY 53","acres":2.8},"geometry":{"type":"Point","coordinates":[-123.84821634260824,45.74237140107928]}},{"type":"Feature","properties":{"kind":"home","county":"Tillamook","class":"","situs":"39305 HWY 53","acres":4.7},"geometry":{"type":"Point","coordinates":[-123.84987546742816,45.739514833460795]}},{"type":"Feature","properties":{"kind":"home","county":"Tillamook","class":"","situs":"39455 HWY 53","acres":0.0},"geometry":{"type":"Point","coordinates":[-123.84660526185759,45.74039156541019]}},{"type":"Feature","properties":{"kind":"home","county":"Tillamook","class":"","situs":"39485 HWY 53","acres":0.0},"geometry":{"type":"Point","coordinates":[-123.84512763084048,45.74120443020674]}},{"type":"Feature","properties":{"kind":"home","county":"Tillamook","class":"","situs":"39255 HWY 53","acres":0.0},"geometry":{"type":"Point","coordinates":[-123.85184086210852,45.73973235638992]}},{"type":"Feature","properties":{"kind":"home","county":"Tillamook","class":"","situs":"39315 HWY 53","acres":3.9},"geometry":{"type":"Point","coordinates":[-123.8488042143106,45.73998731793078]}},{"type":"Feature","properties":{"kind":"home","county":"Tillamook","class":"","situs":"40050 ANDERSON RD","acres":0.0},"geometry":{"type":"Point","coordinates":[-123.86905290252658,45.7468403973643]}},{"type":"Feature","properties":{"kind":"home","county":"Tillamook","class":"","situs":"40055 ANDERSON RD","acres":0.0},"geometry":{"type":"Point","coordinates":[-123.86653806715805,45.7472180660966]}},{"type":"Feature","properties":{"kind":"home","county":"Tillamook","class":"","situs":"40300 ANDERSON RD","acres":0.0},"geometry":{"type":"Point","coordinates":[-123.86971097544631,45.749596338387384]}},{"type":"Feature","properties":{"kind":"home","county":"Tillamook","class":"","situs":"40520 ANDERSON RD","acres":0.0},"geometry":{"type":"Point","coordinates":[-123.86965496000568,45.751290338362125]}},{"type":"Feature","properties":{"kind":"home","county":"Tillamook","class":"","situs":"40255 ANDERSON RD","acres":0.0},"geometry":{"type":"Point","coordinates":[-123.8672128451375,45.74869222030359]}},{"type":"Feature","properties":{"kind":"home","county":"Tillamook","class":"","situs":"40200 ANDERSON RD","acres":0.0},"geometry":{"type":"Point","coordinates":[-123.86955439997679,45.74799076228106]}},{"type":"Feature","properties":{"kind":"home","county":"Tillamook","class":"","situs":"40900 ANDERSON RD","acres":0.0},"geometry":{"type":"Point","coordinates":[-123.86961720070457,45.752856360734505]}},{"type":"Feature","properties":{"kind":"home","county":"Tillamook","class":"","situs":"40950 COAL CREEK RD","acres":0.0},"geometry":{"type":"Point","coordinates":[-123.86612918630743,45.750775564504636]}},{"type":"Feature","properties":{"kind":"home","county":"Tillamook","class":"","situs":"40505 ANDERSON RD","acres":0.0},"geometry":{"type":"Point","coordinates":[-123.86776029026036,45.75049964320287]}},{"type":"Feature","properties":{"kind":"home","county":"Tillamook","class":"","situs":"39690 NORTH FORK RD","acres":0.0},"geometry":{"type":"Point","coordinates":[-123.87064813470083,45.744434365977405]}},{"type":"Feature","properties":{"kind":"home","county":"Tillamook","class":"","situs":"14470 FOXGLOVE LN","acres":0.0},"geometry":{"type":"Point","coordinates":[-123.88329945872493,45.743002531053094]}},{"type":"Feature","properties":{"kind":"home","county":"Tillamook","class":"","situs":"14305 FOXGLOVE LN","acres":0.0},"geometry":{"type":"Point","coordinates":[-123.87818864676147,45.741250210982585]}},{"type":"Feature","properties":{"kind":"home","county":"Tillamook","class":"","situs":"14315 FOXGLOVE LN","acres":0.0},"geometry":{"type":"Point","coordinates":[-123.87720933634087,45.73974914991492]}},{"type":"Feature","properties":{"kind":"home","county":"Tillamook","class":"","situs":"38850 NORTH FORK RD","acres":0.0},"geometry":{"type":"Point","coordinates":[-123.87532868326142,45.73978188022678]}},{"type":"Feature","properties":{"kind":"home","county":"Tillamook","class":"","situs":"39010 NORTH FORK RD","acres":0.0},"geometry":{"type":"Point","coordinates":[-123.8758060826268,45.74169580949783]}},{"type":"Feature","properties":{"kind":"home","county":"Tillamook","class":"","situs":"39150 NORTH FORK RD","acres":0.0},"geometry":{"type":"Point","coordinates":[-123.87320954548501,45.741036631187264]}},{"type":"Feature","properties":{"kind":"home","county":"Tillamook","class":"","situs":"39450 NORTH FORK RD","acres":0.0},"geometry":{"type":"Point","coordinates":[-123.87231967913851,45.74155038052063]}},{"type":"Feature","properties":{"kind":"home","county":"Tillamook","class":"","situs":"39550 NORTH FORK  RD","acres":0.0},"geometry":{"type":"Point","coordinates":[-123.87283978218655,45.74248323024084]}},{"type":"Feature","properties":{"kind":"home","county":"Tillamook","class":"","situs":"39660 NORTH FORK RD","acres":0.0},"geometry":{"type":"Point","coordinates":[-123.874207269958,45.742441912551236]}},{"type":"Feature","properties":{"kind":"home","county":"Tillamook","class":"","situs":"39500 NORTH FORK RD","acres":0.0},"geometry":{"type":"Point","coordinates":[-123.87268718567003,45.74193506282829]}},{"type":"Feature","properties":{"kind":"home","county":"Tillamook","class":"","situs":"39550 NORTH FORK RD","acres":0.0},"geometry":{"type":"Point","coordinates":[-123.87113133083001,45.74241944819902]}},{"type":"Feature","properties":{"kind":"home","county":"Tillamook","class":"","situs":"39700 NORTH FORK RD","acres":0.0},"geometry":{"type":"Point","coordinates":[-123.86989503337263,45.74553934627941]}},{"type":"Feature","properties":{"kind":"home","county":"Tillamook","class":"","situs":"39805 NORTH FORK RD","acres":0.0},"geometry":{"type":"Point","coordinates":[-123.86569684741754,45.74388649051614]}},{"type":"Feature","properties":{"kind":"home","county":"Tillamook","class":"","situs":"39800 ANDERSON RD","acres":0.0},"geometry":{"type":"Point","coordinates":[-123.86734901418858,45.7458142954091]}},{"type":"Feature","properties":{"kind":"home","county":"Tillamook","class":"","situs":"39780 ANDERSON RD","acres":0.0},"geometry":{"type":"Point","coordinates":[-123.86748011996103,45.74445958853894]}},{"type":"Feature","properties":{"kind":"home","county":"Tillamook","class":"","situs":"39710 NORTH FORK RD","acres":0.0},"geometry":{"type":"Point","coordinates":[-123.86837485455868,45.74516406186378]}},{"type":"Feature","properties":{"kind":"home","county":"Tillamook","class":"","situs":"37395 NORTH FORK RD","acres":0.0},"geometry":{"type":"Point","coordinates":[-123.88479165505888,45.72751944212733]}},{"type":"Feature","properties":{"kind":"home","county":"Tillamook","class":"","situs":"37500 NORTH FORK RD","acres":0.0},"geometry":{"type":"Point","coordinates":[-123.88502461699821,45.72830043660666]}},{"type":"Feature","properties":{"kind":"home","county":"Tillamook","class":"","situs":"13905 DIVISION ST","acres":0.0},"geometry":{"type":"Point","coordinates":[-123.88539410296212,45.728403385653166]}},{"type":"Feature","properties":{"kind":"home","county":"Tillamook","class":"","situs":"37475 SUNRISE DR","acres":0.0},"geometry":{"type":"Point","coordinates":[-123.88535727069248,45.72806843906744]}},{"type":"Feature","properties":{"kind":"home","county":"Tillamook","class":"","situs":"14000 DIVISION ST","acres":0.0},"geometry":{"type":"Point","coordinates":[-123.8847277031694,45.728759905508966]}},{"type":"Feature","properties":{"kind":"home","county":"Tillamook","class":"","situs":"13900 DIVISION ST","acres":0.0},"geometry":{"type":"Point","coordinates":[-123.88507368626877,45.7288428134064]}},{"type":"Feature","properties":{"kind":"home","county":"Tillamook","class":"","situs":"13800 DIVISION ST","acres":0.0},"geometry":{"type":"Point","coordinates":[-123.88540576460154,45.72892747198131]}},{"type":"Feature","properties":{"kind":"home","county":"Tillamook","class":"","situs":"13700 DIVISION ST","acres":0.0},"geometry":{"type":"Point","coordinates":[-123.88574799024893,45.72902104208159]}},{"type":"Feature","properties":{"kind":"home","county":"Tillamook","class":"","situs":"13600 DIVISION ST","acres":0.0},"geometry":{"type":"Point","coordinates":[-123.88610243524171,45.72910074940749]}},{"type":"Feature","properties":{"kind":"home","county":"Tillamook","class":"","situs":"13500 DIVISION ST","acres":0.0},"geometry":{"type":"Point","coordinates":[-123.88645689181322,45.72914769497428]}},{"type":"Feature","properties":{"kind":"home","county":"Tillamook","class":"","situs":"13400 DIVISION ST","acres":0.0},"geometry":{"type":"Point","coordinates":[-123.88691466746621,45.72898365540909]}},{"type":"Feature","properties":{"kind":"home","county":"Tillamook","class":"","situs":"37535 DIVISION CT","acres":0.0},"geometry":{"type":"Point","coordinates":[-123.88705954801222,45.729384465639704]}},{"type":"Feature","properties":{"kind":"home","county":"Tillamook","class":"","situs":"37530 DIVISION CT","acres":0.0},"geometry":{"type":"Point","coordinates":[-123.88784683557762,45.7293567937852]}},{"type":"Feature","properties":{"kind":"home","county":"Tillamook","class":"","situs":"13580 DIVISION ST","acres":0.0},"geometry":{"type":"Point","coordinates":[-123.88792682674867,45.72905405345362]}},{"type":"Feature","properties":{"kind":"home","county":"Tillamook","class":"","situs":"37400 SUNRISE DR","acres":0.0},"geometry":{"type":"Point","coordinates":[-123.88603288515397,45.72857753821796]}},{"type":"Feature","properties":{"kind":"home","county":"Tillamook","class":"","situs":"13455 J T WAY","acres":0.0},"geometry":{"type":"Point","coordinates":[-123.88719101955404,45.72785068634597]}},{"type":"Feature","properties":{"kind":"home","county":"Tillamook","class":"","situs":"13705 J T WAY","acres":0.0},"geometry":{"type":"Point","coordinates":[-123.8863878918785,45.72768967058699]}},{"type":"Feature","properties":{"kind":"home","county":"Tillamook","class":"","situs":"13655 J T WAY","acres":0.0},"geometry":{"type":"Point","coordinates":[-123.88666490218459,45.72776211545043]}},{"type":"Feature","properties":{"kind":"home","county":"Tillamook","class":"","situs":"13305 J T WAY","acres":0.0},"geometry":{"type":"Point","coordinates":[-123.88746301014628,45.72732399260955]}},{"type":"Feature","properties":{"kind":"home","county":"Tillamook","class":"","situs":"15820 MC DONALD RD","acres":0.0},"geometry":{"type":"Point","coordinates":[-123.86893552745042,45.7337961545672]}},{"type":"Feature","properties":{"kind":"home","county":"Tillamook","class":"","situs":"15545 MC DONALD RD","acres":0.0},"geometry":{"type":"Point","coordinates":[-123.87015438782196,45.73219248598747]}},{"type":"Feature","properties":{"kind":"home","county":"Tillamook","class":"","situs":"15555 MC DONALD RD","acres":0.0},"geometry":{"type":"Point","coordinates":[-123.8697863613239,45.73221680080728]}},{"type":"Feature","properties":{"kind":"home","county":"Tillamook","class":"","situs":"15565 MC DONALD RD","acres":0.0},"geometry":{"type":"Point","coordinates":[-123.86943392654275,45.73224804259896]}},{"type":"Feature","properties":{"kind":"home","county":"Tillamook","class":"","situs":"15575 MC DONALD RD","acres":0.0},"geometry":{"type":"Point","coordinates":[-123.86900493530581,45.732251530998184]}},{"type":"Feature","properties":{"kind":"home","county":"Tillamook","class":"","situs":"15725 MC DONALD RD","acres":0.0},"geometry":{"type":"Point","coordinates":[-123.86854229957783,45.73225559506919]}},{"type":"Feature","properties":{"kind":"home","county":"Tillamook","class":"","situs":"37940 TOHL RANCH RD","acres":0.0},"geometry":{"type":"Point","coordinates":[-123.86989332867805,45.72844165361163]}},{"type":"Feature","properties":{"kind":"home","county":"Tillamook","class":"","situs":"37000 TOHL RANCH RD","acres":0.0},"geometry":{"type":"Point","coordinates":[-123.87465418747927,45.73040883938093]}},{"type":"Feature","properties":{"kind":"home","county":"Tillamook","class":"","situs":"38080 ISLAND DR","acres":0.0},"geometry":{"type":"Point","coordinates":[-123.8757684061355,45.73328449701541]}},{"type":"Feature","properties":{"kind":"home","county":"Tillamook","class":"","situs":"3808 ISLAND DR","acres":0.0},"geometry":{"type":"Point","coordinates":[-123.875536901418,45.7332829489995]}},{"type":"Feature","properties":{"kind":"home","county":"Tillamook","class":"","situs":"38070 ISLAND DR","acres":0.0},"geometry":{"type":"Point","coordinates":[-123.8759108880263,45.73314476431171]}},{"type":"Feature","properties":{"kind":"home","county":"Tillamook","class":"","situs":"38060 ISLAND DR","acres":0.0},"geometry":{"type":"Point","coordinates":[-123.8760632578073,45.73298438319857]}},{"type":"Feature","properties":{"kind":"home","county":"Tillamook","class":"","situs":"38050 ISLAND DR","acres":0.0},"geometry":{"type":"Point","coordinates":[-123.87621515861217,45.7328245415611]}},{"type":"Feature","properties":{"kind":"home","county":"Tillamook","class":"","situs":"38040 ISLAND DR","acres":0.0},"geometry":{"type":"Point","coordinates":[-123.87636705949959,45.732664699818834]}},{"type":"Feature","properties":{"kind":"home","county":"Tillamook","class":"","situs":"38030 ISLAND DR","acres":0.0},"geometry":{"type":"Point","coordinates":[-123.87652062754886,45.73250309873079]}},{"type":"Feature","properties":{"kind":"home","county":"Tillamook","class":"","situs":"38020 ISLAND DR","acres":0.0},"geometry":{"type":"Point","coordinates":[-123.87673222585872,45.732330723541075]}},{"type":"Feature","properties":{"kind":"home","county":"Tillamook","class":"","situs":"38010 ISLAND DR","acres":0.0},"geometry":{"type":"Point","coordinates":[-123.8770032177408,45.73206886268215]}},{"type":"Feature","properties":{"kind":"home","county":"Tillamook","class":"","situs":"38000 ISLAND DR","acres":0.0},"geometry":{"type":"Point","coordinates":[-123.87677495654482,45.7318943934621]}},{"type":"Feature","properties":{"kind":"home","county":"Tillamook","class":"","situs":"38005 ISLAND DR","acres":0.0},"geometry":{"type":"Point","coordinates":[-123.87642360220916,45.73186333431052]}},{"type":"Feature","properties":{"kind":"home","county":"Tillamook","class":"","situs":"38015 ISLAND DR","acres":0.0},"geometry":{"type":"Point","coordinates":[-123.8761015979656,45.73210395976679]}},{"type":"Feature","properties":{"kind":"home","county":"Tillamook","class":"","situs":"38025 ISLAND DR","acres":0.0},"geometry":{"type":"Point","coordinates":[-123.8758930961349,45.732296357594414]}},{"type":"Feature","properties":{"kind":"home","county":"Tillamook","class":"","situs":"38035 ISLAND DR","acres":0.0},"geometry":{"type":"Point","coordinates":[-123.87571633342094,45.73246280410494]}},{"type":"Feature","properties":{"kind":"home","county":"Tillamook","class":"","situs":"38045 ISLAND DR","acres":0.0},"geometry":{"type":"Point","coordinates":[-123.87555858891497,45.73261975879939]}},{"type":"Feature","properties":{"kind":"home","county":"Tillamook","class":"","situs":"38055 ISLAND DR","acres":0.0},"geometry":{"type":"Point","coordinates":[-123.87540672390837,45.73277955817897]}},{"type":"Feature","properties":{"kind":"home","county":"Tillamook","class":"","situs":"38065 ISLAND DR","acres":0.0},"geometry":{"type":"Point","coordinates":[-123.8752548617044,45.732939360093134]}},{"type":"Feature","properties":{"kind":"home","county":"Tillamook","class":"","situs":"38085 ISLAND DR","acres":0.0},"geometry":{"type":"Point","coordinates":[-123.87511491261736,45.73308283081778]}},{"type":"Feature","properties":{"kind":"home","county":"Tillamook","class":"","situs":"15505 LIARS LAIR RD","acres":0.0},"geometry":{"type":"Point","coordinates":[-123.87354118128967,45.73208755978592]}},{"type":"Feature","properties":{"kind":"home","county":"Tillamook","class":"","situs":"15515 LIARS LAIR","acres":0.0},"geometry":{"type":"Point","coordinates":[-123.87337792996675,45.731223807704964]}},{"type":"Feature","properties":{"kind":"home","county":"Tillamook","class":"","situs":"15525 LIARS LAIR","acres":0.0},"geometry":{"type":"Point","coordinates":[-123.87316963152125,45.731263796517176]}},{"type":"Feature","properties":{"kind":"home","county":"Tillamook","class":"","situs":"15535 LIARS LAIR","acres":0.0},"geometry":{"type":"Point","coordinates":[-123.87296722795321,45.73131295002796]}},{"type":"Feature","properties":{"kind":"home","county":"Tillamook","class":"","situs":"15545 LIARS LAIR","acres":0.0},"geometry":{"type":"Point","coordinates":[-123.87278401603776,45.731361377551075]}},{"type":"Feature","properties":{"kind":"home","county":"Tillamook","class":"","situs":"15555 LIARS LAIR","acres":0.0},"geometry":{"type":"Point","coordinates":[-123.87258150657033,45.731415088652234]}},{"type":"Feature","properties":{"kind":"home","county":"Tillamook","class":"","situs":"15565 LIARS LAIR","acres":0.0},"geometry":{"type":"Point","coordinates":[-123.8723595867571,45.731473671046196]}},{"type":"Feature","properties":{"kind":"home","county":"Tillamook","class":"","situs":"15575 LIARS LAIR","acres":0.0},"geometry":{"type":"Point","coordinates":[-123.8721374252035,45.73153160107354]}},{"type":"Feature","properties":{"kind":"home","county":"Tillamook","class":"","situs":"15585 LIARS LAIR","acres":0.0},"geometry":{"type":"Point","coordinates":[-123.87191558069117,45.731589873211156]}},{"type":"Feature","properties":{"kind":"home","county":"Tillamook","class":"","situs":"15595 LIARS LAIR","acres":0.0},"geometry":{"type":"Point","coordinates":[-123.87171487208647,45.73164555830054]}},{"type":"Feature","properties":{"kind":"home","county":"Tillamook","class":"","situs":"15605 LIARS LAIR","acres":0.0},"geometry":{"type":"Point","coordinates":[-123.87153532192562,45.731699761346185]}},{"type":"Feature","properties":{"kind":"home","county":"Tillamook","class":"","situs":"15615 LIARS LAIR","acres":0.0},"geometry":{"type":"Point","coordinates":[-123.87135630374334,45.73175540328619]}},{"type":"Feature","properties":{"kind":"home","county":"Tillamook","class":"","situs":"15625 LIARS LAIR","acres":0.0},"geometry":{"type":"Point","coordinates":[-123.87117705247468,45.731810724480184]}},{"type":"Feature","properties":{"kind":"home","county":"Tillamook","class":"","situs":"15635 LIARS LAIR","acres":0.0},"geometry":{"type":"Point","coordinates":[-123.87091597175728,45.7319153749729]}},{"type":"Feature","properties":{"kind":"home","county":"Tillamook","class":"","situs":"14320 FOXGLOVE LN","acres":0.0},"geometry":{"type":"Point","coordinates":[-123.87703416669137,45.73814383174575]}},{"type":"Feature","properties":{"kind":"home","county":"Tillamook","class":"","situs":"14310 FOXGLOVE LN","acres":0.0},"geometry":{"type":"Point","coordinates":[-123.87562250757593,45.736501272490365]}},{"type":"Feature","properties":{"kind":"home","county":"Tillamook","class":"","situs":"38405 NORTH FORK RD","acres":0.0},"geometry":{"type":"Point","coordinates":[-123.87681824176954,45.734189857752874]}},{"type":"Feature","properties":{"kind":"home","county":"Tillamook","class":"","situs":"14140 RIVERVIEW MEADOWS LN","acres":0.0},"geometry":{"type":"Point","coordinates":[-123.87815339618477,45.73446231679734]}},{"type":"Feature","properties":{"kind":"home","county":"Tillamook","class":"","situs":"38410 NORTH FORK RD","acres":0.0},"geometry":{"type":"Point","coordinates":[-123.87769183740555,45.73553010790929]}},{"type":"Feature","properties":{"kind":"home","county":"Tillamook","class":"","situs":"38550 NORTH FORK RD","acres":0.0},"geometry":{"type":"Point","coordinates":[-123.87733479536068,45.736132826181894]}},{"type":"Feature","properties":{"kind":"home","county":"Tillamook","class":"","situs":"14150 RIVERVIEW MEADOWS LN","acres":0.0},"geometry":{"type":"Point","coordinates":[-123.87790096798362,45.734982175249556]}},{"type":"Feature","properties":{"kind":"home","county":"Tillamook","class":"","situs":"38552 NORTH FORK RD","acres":0.0},"geometry":{"type":"Point","coordinates":[-123.87695182041439,45.73654594272279]}},{"type":"Feature","properties":{"kind":"home","county":"Tillamook","class":"","situs":"38100 RIVERVIEW DR","acres":0.0},"geometry":{"type":"Point","coordinates":[-123.88351847508558,45.73589343903036]}},{"type":"Feature","properties":{"kind":"home","county":"Tillamook","class":"","situs":"38000 RIVERVIEW DR","acres":0.0},"geometry":{"type":"Point","coordinates":[-123.8829473213399,45.73461215372979]}},{"type":"Feature","properties":{"kind":"home","county":"Tillamook","class":"","situs":"38010 NORTH FORK RD","acres":0.0},"geometry":{"type":"Point","coordinates":[-123.88360776918721,45.73369674701186]}},{"type":"Feature","properties":{"kind":"home","county":"Tillamook","class":"","situs":"38005 RIVERVIEW DR","acres":0.0},"geometry":{"type":"Point","coordinates":[-123.88057979318924,45.73377309794767]}},{"type":"Feature","properties":{"kind":"home","county":"Tillamook","class":"","situs":"14095 RIVERVIEW MEADOWS LN","acres":0.0},"geometry":{"type":"Point","coordinates":[-123.87965231542604,45.73366606501673]}},{"type":"Feature","properties":{"kind":"home","county":"Tillamook","class":"","situs":"38185 NORTH FORK RD","acres":0.0},"geometry":{"type":"Point","coordinates":[-123.87846572839486,45.732638672996806]}},{"type":"Feature","properties":{"kind":"home","county":"Tillamook","class":"","situs":"14115 RIVERVIEW MEADOWS LN","acres":0.0},"geometry":{"type":"Point","coordinates":[-123.87910258457177,45.73350057577456]}},{"type":"Feature","properties":{"kind":"home","county":"Tillamook","class":"","situs":"37175 RIVERVIEW DR","acres":0.0},"geometry":{"type":"Point","coordinates":[-123.87954386184997,45.73320109171343]}},{"type":"Feature","properties":{"kind":"home","county":"Tillamook","class":"","situs":"38300 NORTH FORK RD","acres":0.0},"geometry":{"type":"Point","coordinates":[-123.87784012016186,45.733922244311266]}},{"type":"Feature","properties":{"kind":"home","county":"Tillamook","class":"","situs":"38250 NORTH FORK RD","acres":0.0},"geometry":{"type":"Point","coordinates":[-123.87757972265739,45.73376473704468]}},{"type":"Feature","properties":{"kind":"home","county":"Tillamook","class":"","situs":"38200 NORTH FORK RD","acres":0.0},"geometry":{"type":"Point","coordinates":[-123.87766613687634,45.733256770620834]}},{"type":"Feature","properties":{"kind":"home","county":"Tillamook","class":"","situs":"14145 RIVERVIEW MEADOWS LN","acres":0.0},"geometry":{"type":"Point","coordinates":[-123.87759992262612,45.73453867630321]}},{"type":"Feature","properties":{"kind":"home","county":"Tillamook","class":"","situs":"38225 NORTH FORK RD","acres":0.0},"geometry":{"type":"Point","coordinates":[-123.87701648600147,45.733665456785246]}},{"type":"Feature","properties":{"kind":"home","county":"Tillamook","class":"","situs":"38205 NORTH FORK RD","acres":0.0},"geometry":{"type":"Point","coordinates":[-123.87711318724678,45.733485099467224]}},{"type":"Feature","properties":{"kind":"home","county":"Tillamook","class":"","situs":"14085 RIVERVIEW MEADOWS LN","acres":0.0},"geometry":{"type":"Point","coordinates":[-123.87969338830274,45.73425139109504]}},{"type":"Feature","properties":{"kind":"home","county":"Tillamook","class":"","situs":"14065 RIVERVIEW MEADOWS LN","acres":0.0},"geometry":{"type":"Point","coordinates":[-123.88058683696148,45.734587891722214]}},{"type":"Feature","properties":{"kind":"home","county":"Tillamook","class":"","situs":"14055 RIVERVIEW MEADOWS LN","acres":0.0},"geometry":{"type":"Point","coordinates":[-123.88098242625372,45.73483890189009]}},{"type":"Feature","properties":{"kind":"home","county":"Tillamook","class":"","situs":"14025 RIVERVIEW MEADOWS LN","acres":0.0},"geometry":{"type":"Point","coordinates":[-123.88156855996132,45.736045252438856]}},{"type":"Feature","properties":{"kind":"home","county":"Tillamook","class":"","situs":"14015 RIVERVIEW MEADOWS LN","acres":0.0},"geometry":{"type":"Point","coordinates":[-123.88174569208512,45.73632826938456]}},{"type":"Feature","properties":{"kind":"home","county":"Tillamook","class":"","situs":"14000 RIVERVIEW MEADOWS LN","acres":0.0},"geometry":{"type":"Point","coordinates":[-123.88069481671609,45.736323605317516]}},{"type":"Feature","properties":{"kind":"home","county":"Tillamook","class":"","situs":"14020 RIVERVIEW MEADOWS LN","acres":0.0},"geometry":{"type":"Point","coordinates":[-123.8809275892811,45.73593600208486]}},{"type":"Feature","properties":{"kind":"home","county":"Tillamook","class":"","situs":"14030 RIVERVIEW MEADOWS LN","acres":0.0},"geometry":{"type":"Point","coordinates":[-123.8809208419965,45.73556808438693]}},{"type":"Feature","properties":{"kind":"home","county":"Tillamook","class":"","situs":"14040 RIVERVIEW MEADOWS LN","acres":0.0},"geometry":{"type":"Point","coordinates":[-123.88065482478119,45.73526877638498]}},{"type":"Feature","properties":{"kind":"home","county":"Tillamook","class":"","situs":"14050 RIVERVIEW MEADOWS LN","acres":0.0},"geometry":{"type":"Point","coordinates":[-123.88029787846277,45.73506445315029]}},{"type":"Feature","properties":{"kind":"home","county":"Tillamook","class":"","situs":"14060 RIVERVIEW MEADOWS LN","acres":0.0},"geometry":{"type":"Point","coordinates":[-123.87987881662174,45.73490572743128]}},{"type":"Feature","properties":{"kind":"home","county":"Tillamook","class":"","situs":"14080 RIVERVIEW MEADOWS LN","acres":0.0},"geometry":{"type":"Point","coordinates":[-123.87944039236577,45.73468675779812]}},{"type":"Feature","properties":{"kind":"home","county":"Tillamook","class":"","situs":"14100 RIVERVIEW MEADOWS LN","acres":0.0},"geometry":{"type":"Point","coordinates":[-123.87845008643585,45.73414217835432]}},{"type":"Feature","properties":{"kind":"home","county":"Tillamook","class":"","situs":"38015 NORTH FORK RD","acres":0.0},"geometry":{"type":"Point","coordinates":[-123.88090925623067,45.731801656586335]}},{"type":"Feature","properties":{"kind":"home","county":"Tillamook","class":"","situs":"37855 NORTH FORK RD","acres":0.0},"geometry":{"type":"Point","coordinates":[-123.88229322598963,45.730843042253845]}},{"type":"Feature","properties":{"kind":"home","county":"Tillamook","class":"","situs":"37735 NORTH FORK RD","acres":0.0},"geometry":{"type":"Point","coordinates":[-123.88294587725693,45.73032493043866]}},{"type":"Feature","properties":{"kind":"home","county":"Tillamook","class":"","situs":"37815 NORTH FORK  RD","acres":0.0},"geometry":{"type":"Point","coordinates":[-123.88259200288866,45.730594347962025]}},{"type":"Feature","properties":{"kind":"home","county":"Tillamook","class":"","situs":"37705 NORTH FORK RD","acres":0.0},"geometry":{"type":"Point","coordinates":[-123.88327148863738,45.73000448324781]}},{"type":"Feature","properties":{"kind":"home","county":"Tillamook","class":"","situs":"37605 NORTH FORK RD","acres":0.0},"geometry":{"type":"Point","coordinates":[-123.88345060104575,45.729721818255854]}},{"type":"Feature","properties":{"kind":"home","county":"Tillamook","class":"","situs":"37395 NORTH FORK RD","acres":0.0},"geometry":{"type":"Point","coordinates":[-123.8838122020366,45.72902833596336]}},{"type":"Feature","properties":{"kind":"home","county":"Tillamook","class":"","situs":"37540 NORTH FORK RD","acres":0.0},"geometry":{"type":"Point","coordinates":[-123.88449973120365,45.729029266398626]}},{"type":"Feature","properties":{"kind":"home","county":"Tillamook","class":"","situs":"37550 NORTH FORK RD","acres":0.0},"geometry":{"type":"Point","coordinates":[-123.88428817456398,45.72936262956471]}},{"type":"Feature","properties":{"kind":"home","county":"Tillamook","class":"","situs":"37610 NORTH FORK RD","acres":0.0},"geometry":{"type":"Point","coordinates":[-123.88471238536005,45.729348171013314]}},{"type":"Feature","properties":{"kind":"home","county":"Tillamook","class":"","situs":"37610 NORTH FORK RD","acres":0.0},"geometry":{"type":"Point","coordinates":[-123.88507934520963,45.72952242811512]}},{"type":"Feature","properties":{"kind":"home","county":"Tillamook","class":"","situs":"37680 NORTH FORK RD","acres":0.0},"geometry":{"type":"Point","coordinates":[-123.88528177314059,45.73182211131483]}},{"type":"Feature","properties":{"kind":"home","county":"Tillamook","class":"","situs":"37630 NORTH FORK RD","acres":0.0},"geometry":{"type":"Point","coordinates":[-123.88522212264806,45.73008632689961]}},{"type":"Feature","properties":{"kind":"home","county":"Tillamook","class":"","situs":"37750 NORTH FORK RD","acres":0.0},"geometry":{"type":"Point","coordinates":[-123.88390453455021,45.73043786331666]}},{"type":"Feature","properties":{"kind":"home","county":"Tillamook","class":"","situs":"37670 NORTH FORK RD","acres":0.0},"geometry":{"type":"Point","coordinates":[-123.88478949421209,45.73068085060419]}},{"type":"Feature","properties":{"kind":"home","county":"Tillamook","class":"","situs":"37650 NORTH FORK RD","acres":0.0},"geometry":{"type":"Point","coordinates":[-123.88462576685579,45.731538292518984]}},{"type":"Feature","properties":{"kind":"home","county":"Tillamook","class":"","situs":"37620 NORTH FORK RD","acres":0.0},"geometry":{"type":"Point","coordinates":[-123.88451659062038,45.72981869649151]}},{"type":"Feature","properties":{"kind":"home","county":"Tillamook","class":"","situs":"37660 NORTH FORK RD","acres":0.0},"geometry":{"type":"Point","coordinates":[-123.88434797400801,45.73021473171059]}},{"type":"Feature","properties":{"kind":"home","county":"Tillamook","class":"","situs":"37790 NORTH FORK RD","acres":0.0},"geometry":{"type":"Point","coordinates":[-123.88388136845215,45.730988650186404]}},{"type":"Feature","properties":{"kind":"home","county":"Tillamook","class":"","situs":"37770 NORTH FORK RD","acres":0.0},"geometry":{"type":"Point","coordinates":[-123.88343349731714,45.730564294198786]}},{"type":"Feature","properties":{"kind":"home","county":"Tillamook","class":"","situs":"17245 CAMP 4 RD","acres":0.0},"geometry":{"type":"Point","coordinates":[-123.8497722195006,45.72785488848081]}},{"type":"Feature","properties":{"kind":"home","county":"Tillamook","class":"","situs":"16115 CAMP 4 RD","acres":0.0},"geometry":{"type":"Point","coordinates":[-123.85215199516824,45.72901415343119]}},{"type":"Feature","properties":{"kind":"home","county":"Tillamook","class":"","situs":"16875 CAMP 4 RD","acres":0.0},"geometry":{"type":"Point","coordinates":[-123.85395577195686,45.72894786864884]}},{"type":"Feature","properties":{"kind":"home","county":"Tillamook","class":"","situs":"37685 HWY 53","acres":5.6},"geometry":{"type":"Point","coordinates":[-123.85414923708953,45.729773064407695]}},{"type":"Feature","properties":{"kind":"home","county":"Tillamook","class":"","situs":"37695 HWY 53","acres":0.0},"geometry":{"type":"Point","coordinates":[-123.8508795471622,45.73059983289373]}},{"type":"Feature","properties":{"kind":"home","county":"Tillamook","class":"","situs":"37693 HWY 53","acres":1.3},"geometry":{"type":"Point","coordinates":[-123.85298608637187,45.73059842921426]}},{"type":"Feature","properties":{"kind":"home","county":"Tillamook","class":"","situs":"38205 HWY 53","acres":8.5},"geometry":{"type":"Point","coordinates":[-123.85345810073551,45.731574667245745]}},{"type":"Feature","properties":{"kind":"home","county":"Tillamook","class":"","situs":"38335 HWY 53","acres":0.0},"geometry":{"type":"Point","coordinates":[-123.85554821251708,45.73352226071017]}},{"type":"Feature","properties":{"kind":"home","county":"Tillamook","class":"","situs":"38255 HIAGUA LN","acres":0.0},"geometry":{"type":"Point","coordinates":[-123.85367401654462,45.732929979862604]}},{"type":"Feature","properties":{"kind":"home","county":"Tillamook","class":"","situs":"38375 LUCKY LN","acres":0.0},"geometry":{"type":"Point","coordinates":[-123.85243894523458,45.73430391938231]}},{"type":"Feature","properties":{"kind":"home","county":"Tillamook","class":"","situs":"38253 HIAGUA LN","acres":0.0},"geometry":{"type":"Point","coordinates":[-123.85541393579003,45.73295628474033]}},{"type":"Feature","properties":{"kind":"home","county":"Tillamook","class":"","situs":"38245 HIAGUA LN","acres":0.0},"geometry":{"type":"Point","coordinates":[-123.85373012929814,45.73219534013248]}},{"type":"Feature","properties":{"kind":"home","county":"Tillamook","class":"","situs":"38275 HIAGUA LN","acres":0.0},"geometry":{"type":"Point","coordinates":[-123.85213686661938,45.733034622384544]}},{"type":"Feature","properties":{"kind":"home","county":"Tillamook","class":"","situs":"38265 HIAGUA LN","acres":0.0},"geometry":{"type":"Point","coordinates":[-123.85208908743589,45.73230398614585]}},{"type":"Feature","properties":{"kind":"home","county":"Tillamook","class":"","situs":"38285 HIAGUA LN","acres":0.0},"geometry":{"type":"Point","coordinates":[-123.8496103774098,45.73264770501141]}},{"type":"Feature","properties":{"kind":"home","county":"Tillamook","class":"","situs":"38225 HIAGUA LN","acres":0.0},"geometry":{"type":"Point","coordinates":[-123.8544645141601,45.73239250176613]}},{"type":"Feature","properties":{"kind":"home","county":"Tillamook","class":"","situs":"38345 HWY 53","acres":0.0},"geometry":{"type":"Point","coordinates":[-123.85543947879336,45.73415120102239]}},{"type":"Feature","properties":{"kind":"home","county":"Tillamook","class":"","situs":"38295 HIAGUA LN","acres":0.0},"geometry":{"type":"Point","coordinates":[-123.85038334632411,45.73304448084509]}},{"type":"Feature","properties":{"kind":"home","county":"Tillamook","class":"","situs":"16850 LUCKY LN","acres":0.0},"geometry":{"type":"Point","coordinates":[-123.85558430259962,45.73500115581107]}},{"type":"Feature","properties":{"kind":"home","county":"Tillamook","class":"","situs":"16900 LUCKY LN","acres":0.0},"geometry":{"type":"Point","coordinates":[-123.85417125862782,45.734946927307085]}},{"type":"Feature","properties":{"kind":"home","county":"Tillamook","class":"","situs":"17205 LUCKY LN","acres":0.0},"geometry":{"type":"Point","coordinates":[-123.85308458872899,45.73529968011989]}},{"type":"Feature","properties":{"kind":"home","county":"Tillamook","class":"","situs":"17414 LUCKY LN","acres":0.0},"geometry":{"type":"Point","coordinates":[-123.8504516928686,45.73538063881388]}},{"type":"Feature","properties":{"kind":"home","county":"Tillamook","class":"","situs":"17310 LUCKY LN","acres":0.0},"geometry":{"type":"Point","coordinates":[-123.8507047608987,45.73479304989763]}},{"type":"Feature","properties":{"kind":"home","county":"Tillamook","class":"","situs":"38715 HWY 53","acres":0.0},"geometry":{"type":"Point","coordinates":[-123.85272376554961,45.736008258992356]}},{"type":"Feature","properties":{"kind":"home","county":"Tillamook","class":"","situs":"38745 HWY 53","acres":0.0},"geometry":{"type":"Point","coordinates":[-123.85601751956688,45.73681136569918]}},{"type":"Feature","properties":{"kind":"home","county":"Tillamook","class":"","situs":"38875 HWY 53","acres":17.7},"geometry":{"type":"Point","coordinates":[-123.85157436636779,45.73749074494233]}},{"type":"Feature","properties":{"kind":"home","county":"Tillamook","class":"","situs":"38775 HWY 53","acres":0.0},"geometry":{"type":"Point","coordinates":[-123.85526019374744,45.73711422491479]}},{"type":"Feature","properties":{"kind":"home","county":"Tillamook","class":"","situs":"38795 HWY 53","acres":4.0},"geometry":{"type":"Point","coordinates":[-123.85354876480767,45.73695486767123]}},{"type":"Feature","properties":{"kind":"home","county":"Tillamook","class":"","situs":"38885 HWY 53","acres":0.0},"geometry":{"type":"Point","coordinates":[-123.85567469144164,45.73802075822861]}},{"type":"Feature","properties":{"kind":"home","county":"Tillamook","class":"","situs":"38905 HWY 53","acres":0.0},"geometry":{"type":"Point","coordinates":[-123.85553255806782,45.73836057736924]}},{"type":"Feature","properties":{"kind":"home","county":"Tillamook","class":"","situs":"38955 HWY 53","acres":10.1},"geometry":{"type":"Point","coordinates":[-123.85224794418431,45.73869777511881]}},{"type":"Feature","properties":{"kind":"home","county":"Tillamook","class":"","situs":"38985 HWY 53","acres":0.0},"geometry":{"type":"Point","coordinates":[-123.85546657125523,45.73884422048631]}},{"type":"Feature","properties":{"kind":"home","county":"Tillamook","class":"","situs":"37690 HWY 53","acres":0.0},"geometry":{"type":"Point","coordinates":[-123.85802387713916,45.73345744835195]}},{"type":"Feature","properties":{"kind":"home","county":"Tillamook","class":"","situs":"37700 HWY 53","acres":0.0},"geometry":{"type":"Point","coordinates":[-123.85614720176365,45.72989774484684]}},{"type":"Feature","properties":{"kind":"home","county":"Tillamook","class":"","situs":"37950 TOHL RANCH RD","acres":0.0},"geometry":{"type":"Point","coordinates":[-123.86315829704826,45.728920276132115]}},{"type":"Feature","properties":{"kind":"home","county":"Tillamook","class":"","situs":"16525 MC DONALD RD","acres":0.0},"geometry":{"type":"Point","coordinates":[-123.85806378284497,45.727378037812635]}},{"type":"Feature","properties":{"kind":"home","county":"Tillamook","class":"","situs":"37220 HWY 53","acres":0.0},"geometry":{"type":"Point","coordinates":[-123.85488280487013,45.72623331153133]}},{"type":"Feature","properties":{"kind":"home","county":"Tillamook","class":"","situs":"16565 MC DONALD RD","acres":0.0},"geometry":{"type":"Point","coordinates":[-123.85777232865625,45.727708176064276]}},{"type":"Feature","properties":{"kind":"home","county":"Tillamook","class":"","situs":"16225 MC DONALD RD","acres":0.0},"geometry":{"type":"Point","coordinates":[-123.86169481521858,45.7306269475655]}},{"type":"Feature","properties":{"kind":"home","county":"Tillamook","class":"","situs":"16235 MC DONALD RD","acres":0.0},"geometry":{"type":"Point","coordinates":[-123.8614854529424,45.730473866319294]}},{"type":"Feature","properties":{"kind":"home","county":"Tillamook","class":"","situs":"16245 MC DONALD RD","acres":0.0},"geometry":{"type":"Point","coordinates":[-123.8612912594794,45.73032979931513]}},{"type":"Feature","properties":{"kind":"home","county":"Tillamook","class":"","situs":"16255 MC DONALD RD","acres":0.0},"geometry":{"type":"Point","coordinates":[-123.86115738929416,45.730228320693584]}},{"type":"Feature","properties":{"kind":"home","county":"Tillamook","class":"","situs":"16265 MC DONALD RD","acres":0.0},"geometry":{"type":"Point","coordinates":[-123.86104281588293,45.73011251597868]}},{"type":"Feature","properties":{"kind":"home","county":"Tillamook","class":"","situs":"16275 MC DONALD RD","acres":0.0},"geometry":{"type":"Point","coordinates":[-123.86094547951743,45.73003842514957]}},{"type":"Feature","properties":{"kind":"home","county":"Tillamook","class":"","situs":"16285 MC DONALD RD","acres":0.0},"geometry":{"type":"Point","coordinates":[-123.86088424117604,45.72998684886043]}},{"type":"Feature","properties":{"kind":"home","county":"Tillamook","class":"","situs":"16295 MC DONALD RD","acres":0.0},"geometry":{"type":"Point","coordinates":[-123.86078001340702,45.72991190002806]}},{"type":"Feature","properties":{"kind":"home","county":"Tillamook","class":"","situs":"16325 MC DONALD RD","acres":0.0},"geometry":{"type":"Point","coordinates":[-123.86053793454174,45.72971426037023]}},{"type":"Feature","properties":{"kind":"home","county":"Tillamook","class":"","situs":"16345 MC DONALD RD","acres":0.0},"geometry":{"type":"Point","coordinates":[-123.86032569142982,45.72942117084603]}},{"type":"Feature","properties":{"kind":"home","county":"Tillamook","class":"","situs":"16365 MC DONALD RD","acres":0.0},"geometry":{"type":"Point","coordinates":[-123.86022159613923,45.729196588567945]}},{"type":"Feature","properties":{"kind":"home","county":"Tillamook","class":"","situs":"16375 MC DONALD RD","acres":0.0},"geometry":{"type":"Point","coordinates":[-123.86013961899118,45.729026236037576]}},{"type":"Feature","properties":{"kind":"home","county":"Tillamook","class":"","situs":"16395 MC DONALD RD","acres":0.0},"geometry":{"type":"Point","coordinates":[-123.86005540457042,45.728807142011405]}},{"type":"Feature","properties":{"kind":"home","county":"Tillamook","class":"","situs":"16425 MC DONALD RD","acres":0.0},"geometry":{"type":"Point","coordinates":[-123.85996858839708,45.7285381808975]}},{"type":"Feature","properties":{"kind":"home","county":"Tillamook","class":"","situs":"16435 MC DONALD RD","acres":0.0},"geometry":{"type":"Point","coordinates":[-123.85993526509674,45.7283347809751]}},{"type":"Feature","properties":{"kind":"home","county":"Tillamook","class":"","situs":"16455 MC DONALD RD","acres":0.0},"geometry":{"type":"Point","coordinates":[-123.85980277951252,45.72814255708389]}},{"type":"Feature","properties":{"kind":"home","county":"Tillamook","class":"","situs":"15500 MC DONALD RD","acres":0.0},"geometry":{"type":"Point","coordinates":[-123.8600570813103,45.72993673170215]}},{"type":"Feature","properties":{"kind":"home","county":"Tillamook","class":"","situs":"17150 CAMP 4 RD","acres":0.0},"geometry":{"type":"Point","coordinates":[-123.85322686206914,45.728169559051416]}},{"type":"Feature","properties":{"kind":"home","county":"Tillamook","class":"","situs":"37155 HWY 53","acres":0.0},"geometry":{"type":"Point","coordinates":[-123.85376895441051,45.726353052284075]}},{"type":"Feature","properties":{"kind":"home","county":"Tillamook","class":"","situs":"17300 CAMP 4 RD","acres":0.0},"geometry":{"type":"Point","coordinates":[-123.851878489974,45.72650135663436]}},{"type":"Feature","properties":{"kind":"home","county":"Tillamook","class":"","situs":"17320 CAMP 4 RD","acres":0.0},"geometry":{"type":"Point","coordinates":[-123.85163786108099,45.726343441177335]}},{"type":"Feature","properties":{"kind":"home","county":"Tillamook","class":"","situs":"17330 CAMP 4 RD","acres":0.0},"geometry":{"type":"Point","coordinates":[-123.85172811561532,45.726114462258906]}},{"type":"Feature","properties":{"kind":"home","county":"Tillamook","class":"","situs":"17405 CAMP 4 RD","acres":0.0},"geometry":{"type":"Point","coordinates":[-123.85086940349815,45.72572149571239]}},{"type":"Feature","properties":{"kind":"home","county":"Tillamook","class":"","situs":"17455 CAMP 4 RD","acres":0.0},"geometry":{"type":"Point","coordinates":[-123.85034651679312,45.724998128093105]}},{"type":"Feature","properties":{"kind":"home","county":"Tillamook","class":"","situs":"17955 CAMP 4 RD","acres":0.0},"geometry":{"type":"Point","coordinates":[-123.84994634913893,45.72386182934202]}},{"type":"Feature","properties":{"kind":"home","county":"Tillamook","class":"","situs":"36635 HWY 53","acres":0.0},"geometry":{"type":"Point","coordinates":[-123.84869454889927,45.722270814930916]}},{"type":"Feature","properties":{"kind":"home","county":"Tillamook","class":"","situs":"36615 HWY 53","acres":0.0},"geometry":{"type":"Point","coordinates":[-123.85188661387916,45.7225020620643]}},{"type":"Feature","properties":{"kind":"home","county":"Tillamook","class":"","situs":"36585 HWY 53","acres":0.0},"geometry":{"type":"Point","coordinates":[-123.8514641798851,45.72160911324979]}},{"type":"Feature","properties":{"kind":"home","county":"Tillamook","class":"","situs":"36495 HWY 53","acres":0.0},"geometry":{"type":"Point","coordinates":[-123.85143929583224,45.72089658650195]}},{"type":"Feature","properties":{"kind":"home","county":"Tillamook","class":"","situs":"36465 HWY 53","acres":0.0},"geometry":{"type":"Point","coordinates":[-123.85040191691695,45.72031340609702]}},{"type":"Feature","properties":{"kind":"home","county":"Tillamook","class":"","situs":"36485 HIGHWAY 53","acres":0.0},"geometry":{"type":"Point","coordinates":[-123.8499705645901,45.720756794153864]}},{"type":"Feature","properties":{"kind":"home","county":"Tillamook","class":"","situs":"36455 HWY 53","acres":2.0},"geometry":{"type":"Point","coordinates":[-123.85091150715456,45.719839332879054]}},{"type":"Feature","properties":{"kind":"home","county":"Tillamook","class":"","situs":"36459 HWY 53","acres":2.6},"geometry":{"type":"Point","coordinates":[-123.84956117652344,45.71976861794036]}},{"type":"Feature","properties":{"kind":"home","county":"Tillamook","class":"","situs":"36195 HWY 53","acres":0.0},"geometry":{"type":"Point","coordinates":[-123.85085246293208,45.71888983358586]}},{"type":"Feature","properties":{"kind":"home","county":"Tillamook","class":"","situs":"36005 HWY 53","acres":0.0},"geometry":{"type":"Point","coordinates":[-123.85187981748507,45.71764259194072]}},{"type":"Feature","properties":{"kind":"home","county":"Tillamook","class":"","situs":"36135 HWY 53","acres":0.0},"geometry":{"type":"Point","coordinates":[-123.85045797150399,45.71830252376458]}},{"type":"Feature","properties":{"kind":"home","county":"Tillamook","class":"","situs":"35755 HWY 53","acres":5.6},"geometry":{"type":"Point","coordinates":[-123.85183219446024,45.716896409799446]}},{"type":"Feature","properties":{"kind":"home","county":"Tillamook","class":"","situs":"35675 HWY 53","acres":0.0},"geometry":{"type":"Point","coordinates":[-123.85092133012334,45.71526485012687]}},{"type":"Feature","properties":{"kind":"home","county":"Tillamook","class":"","situs":"35455 HWY 53","acres":0.0},"geometry":{"type":"Point","coordinates":[-123.85443468364127,45.712231424435565]}},{"type":"Feature","properties":{"kind":"home","county":"Tillamook","class":"","situs":"15995 MARSHALL WAY","acres":0.0},"geometry":{"type":"Point","coordinates":[-123.85565130413492,45.71049834887447]}},{"type":"Feature","properties":{"kind":"home","county":"Tillamook","class":"","situs":"35415 HWY 53","acres":0.0},"geometry":{"type":"Point","coordinates":[-123.85422237006547,45.71142677390288]}},{"type":"Feature","properties":{"kind":"home","county":"Tillamook","class":"","situs":"17000 MARSHALL WAY","acres":0.0},"geometry":{"type":"Point","coordinates":[-123.85493303114433,45.71055052579925]}},{"type":"Feature","properties":{"kind":"home","county":"Tillamook","class":"","situs":"35310 HWY 53","acres":0.0},"geometry":{"type":"Point","coordinates":[-123.85712093262413,45.71131434331987]}},{"type":"Feature","properties":{"kind":"home","county":"Tillamook","class":"","situs":"34930 HWY 53","acres":0.0},"geometry":{"type":"Point","coordinates":[-123.85690045362941,45.71045805152507]}},{"type":"Feature","properties":{"kind":"home","county":"Tillamook","class":"","situs":"35000 HWY 53","acres":0.0},"geometry":{"type":"Point","coordinates":[-123.8575251178544,45.71075965982951]}},{"type":"Feature","properties":{"kind":"home","county":"Tillamook","class":"","situs":"35650 HWY 53","acres":0.0},"geometry":{"type":"Point","coordinates":[-123.85779924054926,45.71487186367356]}},{"type":"Feature","properties":{"kind":"home","county":"Tillamook","class":"","situs":"35400 HWY 53","acres":6.5},"geometry":{"type":"Point","coordinates":[-123.8574630203254,45.71245957003018]}},{"type":"Feature","properties":{"kind":"home","county":"Tillamook","class":"","situs":"35530 HWY 53","acres":0.0},"geometry":{"type":"Point","coordinates":[-123.85741313394674,45.7134574835319]}},{"type":"Feature","properties":{"kind":"home","county":"Tillamook","class":"","situs":"35500 HWY 53","acres":0.0},"geometry":{"type":"Point","coordinates":[-123.85735039351677,45.71306106643975]}},{"type":"Feature","properties":{"kind":"home","county":"Tillamook","class":"","situs":"35600 HWY 53","acres":0.0},"geometry":{"type":"Point","coordinates":[-123.85757806130205,45.71418818021628]}},{"type":"Feature","properties":{"kind":"home","county":"Tillamook","class":"","situs":"35850 HWY 53","acres":0.0},"geometry":{"type":"Point","coordinates":[-123.86137546293654,45.71533918075464]}},{"type":"Feature","properties":{"kind":"home","county":"Tillamook","class":"","situs":"36200 HWY 53","acres":0.0},"geometry":{"type":"Point","coordinates":[-123.85596782417976,45.71867078609135]}},{"type":"Feature","properties":{"kind":"home","county":"Tillamook","class":"","situs":"36425 HWY 53","acres":0.0},"geometry":{"type":"Point","coordinates":[-123.85122762093316,45.719463654613065]}},{"type":"Feature","properties":{"kind":"home","county":"Tillamook","class":"","situs":"36430 HWY 53","acres":0.0},"geometry":{"type":"Point","coordinates":[-123.85324828753063,45.71962566737912]}},{"type":"Feature","properties":{"kind":"home","county":"Tillamook","class":"","situs":"15985 MC KIMENS RD","acres":0.0},"geometry":{"type":"Point","coordinates":[-123.85663557681788,45.71956736229631]}},{"type":"Feature","properties":{"kind":"home","county":"Tillamook","class":"","situs":"16950 MC KIMENS RD","acres":0.0},"geometry":{"type":"Point","coordinates":[-123.85383470380694,45.72056651231563]}},{"type":"Feature","properties":{"kind":"home","county":"Tillamook","class":"","situs":"36470 HWY 53","acres":0.0},"geometry":{"type":"Point","coordinates":[-123.85287160077051,45.720582592070656]}},{"type":"Feature","properties":{"kind":"home","county":"Tillamook","class":"","situs":"36590 HWY 53","acres":0.0},"geometry":{"type":"Point","coordinates":[-123.85579157575242,45.72199063904773]}},{"type":"Feature","properties":{"kind":"home","county":"Tillamook","class":"","situs":"37115 HWY 53","acres":3.4},"geometry":{"type":"Point","coordinates":[-123.85290806114102,45.7259010690239]}},{"type":"Feature","properties":{"kind":"home","county":"Tillamook","class":"","situs":"36950 TOHL RANCH RD","acres":0.0},"geometry":{"type":"Point","coordinates":[-123.88174297434371,45.72293593841465]}},{"type":"Feature","properties":{"kind":"home","county":"Tillamook","class":"","situs":"14695 TIDELAND RD","acres":0.0},"geometry":{"type":"Point","coordinates":[-123.87758093880053,45.71894036090049]}},{"type":"Feature","properties":{"kind":"home","county":"Tillamook","class":"","situs":"15200 TIDELAND RD","acres":0.0},"geometry":{"type":"Point","coordinates":[-123.8762051918378,45.7142902710573]}},{"type":"Feature","properties":{"kind":"home","county":"Tillamook","class":"","situs":"15420 TIDELAND RD","acres":0.0},"geometry":{"type":"Point","coordinates":[-123.87023238243748,45.716633073943434]}},{"type":"Feature","properties":{"kind":"home","county":"Tillamook","class":"","situs":"15855 TIDELAND RD","acres":2.0},"geometry":{"type":"Point","coordinates":[-123.8658918465369,45.716323851625724]}},{"type":"Feature","properties":{"kind":"home","county":"Tillamook","class":"","situs":"15400 TIDELAND RD","acres":0.0},"geometry":{"type":"Point","coordinates":[-123.87063107917623,45.712601471677644]}},{"type":"Feature","properties":{"kind":"home","county":"Tillamook","class":"","situs":"15905 MC KIMENS RD","acres":0.0},"geometry":{"type":"Point","coordinates":[-123.8657677584765,45.71879627592459]}},{"type":"Feature","properties":{"kind":"home","county":"Tillamook","class":"","situs":"15785 MC KIMENS RD","acres":0.0},"geometry":{"type":"Point","coordinates":[-123.86634288997817,45.71911552641394]}},{"type":"Feature","properties":{"kind":"home","county":"Tillamook","class":"","situs":"15765 MC KIMENS RD","acres":0.0},"geometry":{"type":"Point","coordinates":[-123.86708820265201,45.71953101053973]}},{"type":"Feature","properties":{"kind":"home","county":"Tillamook","class":"","situs":"15755 MC KIMENS RD","acres":0.0},"geometry":{"type":"Point","coordinates":[-123.86738382483057,45.71969519599265]}},{"type":"Feature","properties":{"kind":"home","county":"Tillamook","class":"","situs":"15775 MC KIMENS RD","acres":0.0},"geometry":{"type":"Point","coordinates":[-123.86673340833296,45.71934172725243]}},{"type":"Feature","properties":{"kind":"home","county":"Tillamook","class":"","situs":"15795 MC KIMENS RD","acres":0.0},"geometry":{"type":"Point","coordinates":[-123.86599671973775,45.718923370177755]}},{"type":"Feature","properties":{"kind":"home","county":"Tillamook","class":"","situs":"15575 MCKIMMENS RD","acres":0.0},"geometry":{"type":"Point","coordinates":[-123.86886008533367,45.720332752874064]}},{"type":"Feature","properties":{"kind":"home","county":"Tillamook","class":"","situs":"15995 MC KIMENS RD","acres":0.0},"geometry":{"type":"Point","coordinates":[-123.86478583908772,45.71833064342196]}},{"type":"Feature","properties":{"kind":"home","county":"Tillamook","class":"","situs":"15000 MC KIMENS RD","acres":0.0},"geometry":{"type":"Point","coordinates":[-123.87180741679838,45.72293536746909]}},{"type":"Feature","properties":{"kind":"home","county":"Tillamook","class":"","situs":"14720 TIDELAND RD","acres":0.0},"geometry":{"type":"Point","coordinates":[-123.87594424506625,45.72268496536777]}},{"type":"Feature","properties":{"kind":"home","county":"Tillamook","class":"","situs":"14750 TIDELAND RD","acres":0.0},"geometry":{"type":"Point","coordinates":[-123.87574032765978,45.72235751928157]}},{"type":"Feature","properties":{"kind":"home","county":"Tillamook","class":"","situs":"14810 TIDELAND RD","acres":0.0},"geometry":{"type":"Point","coordinates":[-123.87550628233474,45.72212688115314]}},{"type":"Feature","properties":{"kind":"home","county":"Tillamook","class":"","situs":"14850 TIDELAND RD","acres":0.0},"geometry":{"type":"Point","coordinates":[-123.87520539952386,45.721784482509925]}},{"type":"Feature","properties":{"kind":"home","county":"Tillamook","class":"","situs":"14950 TIDELAND RD","acres":0.0},"geometry":{"type":"Point","coordinates":[-123.87490941436509,45.721443269985386]}},{"type":"Feature","properties":{"kind":"home","county":"Tillamook","class":"","situs":"14880 TIDELAND RD","acres":0.0},"geometry":{"type":"Point","coordinates":[-123.87472432253325,45.72122989177457]}},{"type":"Feature","properties":{"kind":"home","county":"Tillamook","class":"","situs":"14890 TIDELAND RD","acres":0.0},"geometry":{"type":"Point","coordinates":[-123.8745764152874,45.72105937677897]}},{"type":"Feature","properties":{"kind":"home","county":"Tillamook","class":"","situs":"15010 TIDELAND RD","acres":0.0},"geometry":{"type":"Point","coordinates":[-123.87438799292694,45.72088446848828]}},{"type":"Feature","properties":{"kind":"home","county":"Tillamook","class":"","situs":"15090 TIDELAND RD","acres":0.0},"geometry":{"type":"Point","coordinates":[-123.87332845483796,45.7201003521535]}},{"type":"Feature","properties":{"kind":"home","county":"Tillamook","class":"","situs":"14000 TIDELAND RD","acres":0.0},"geometry":{"type":"Point","coordinates":[-123.88794954628287,45.7162113119471]}},{"type":"Feature","properties":{"kind":"home","county":"Tillamook","class":"","situs":"13000 D ST","acres":0.0},"geometry":{"type":"Point","coordinates":[-123.89678254165963,45.72185897302931]}},{"type":"Feature","properties":{"kind":"home","county":"Tillamook","class":"","situs":"13220 D ST","acres":0.0},"geometry":{"type":"Point","coordinates":[-123.89868647557317,45.72376187541618]}},{"type":"Feature","properties":{"kind":"home","county":"Tillamook","class":"","situs":"36000 HWY 101  N","acres":0.0},"geometry":{"type":"Point","coordinates":[-123.90420885944388,45.7213838374832]}},{"type":"Feature","properties":{"kind":"home","county":"Tillamook","class":"","situs":"35955 UNDERHILL LN","acres":0.0},"geometry":{"type":"Point","coordinates":[-123.90321616860264,45.71327925406202]}},{"type":"Feature","properties":{"kind":"home","county":"Tillamook","class":"","situs":"35600 THIRTEENTH ST","acres":0.0},"geometry":{"type":"Point","coordinates":[-123.90061922825289,45.71590154057856]}},{"type":"Feature","properties":{"kind":"home","county":"Tillamook","class":"","situs":"35975 UNDERHILL LN","acres":0.0},"geometry":{"type":"Point","coordinates":[-123.90515325054592,45.716744207217346]}},{"type":"Feature","properties":{"kind":"home","county":"Tillamook","class":"","situs":"35990 THIRTEENTH ST","acres":1.5},"geometry":{"type":"Point","coordinates":[-123.90098055146856,45.716882758480956]}},{"type":"Feature","properties":{"kind":"home","county":"Tillamook","class":"","situs":"35980 13TH ST","acres":2.7},"geometry":{"type":"Point","coordinates":[-123.90101937145779,45.717639475792]}},{"type":"Feature","properties":{"kind":"home","county":"Tillamook","class":"","situs":"35900 13TH ST","acres":0.0},"geometry":{"type":"Point","coordinates":[-123.9006472573149,45.7155100572856]}},{"type":"Feature","properties":{"kind":"home","county":"Tillamook","class":"","situs":"13990 TIDELAND RD","acres":0.0},"geometry":{"type":"Point","coordinates":[-123.8855831046439,45.711473192984684]}},{"type":"Feature","properties":{"kind":"home","county":"Tillamook","class":"","situs":"13010 D ST","acres":0.0},"geometry":{"type":"Point","coordinates":[-123.89492352711338,45.722010219341364]}},{"type":"Feature","properties":{"kind":"home","county":"Tillamook","class":"","situs":"13030 D ST","acres":0.4},"geometry":{"type":"Point","coordinates":[-123.89434888165114,45.7221427282835]}},{"type":"Feature","properties":{"kind":"home","county":"Tillamook","class":"","situs":"12600 B ST","acres":0.0},"geometry":{"type":"Point","coordinates":[-123.89998336765709,45.71890709177754]}},{"type":"Feature","properties":{"kind":"home","county":"Tillamook","class":"","situs":"12720 B ST","acres":0.0},"geometry":{"type":"Point","coordinates":[-123.8984630672832,45.719853078304396]}},{"type":"Feature","properties":{"kind":"home","county":"Tillamook","class":"","situs":"12790 B ST","acres":0.0},"geometry":{"type":"Point","coordinates":[-123.89794231243333,45.719864939778546]}},{"type":"Feature","properties":{"kind":"home","county":"Tillamook","class":"","situs":"12850 B ST","acres":0.0},"geometry":{"type":"Point","coordinates":[-123.89750832261173,45.71983703953759]}},{"type":"Feature","properties":{"kind":"home","county":"Tillamook","class":"","situs":"12860 HAYES DR","acres":0.0},"geometry":{"type":"Point","coordinates":[-123.8980822802129,45.719530072290176]}},{"type":"Feature","properties":{"kind":"home","county":"Tillamook","class":"","situs":"12785 B ST","acres":0.0},"geometry":{"type":"Point","coordinates":[-123.8984226139212,45.71949414678551]}},{"type":"Feature","properties":{"kind":"home","county":"Tillamook","class":"","situs":"12765 B ST","acres":0.0},"geometry":{"type":"Point","coordinates":[-123.89872239147338,45.71943627328243]}},{"type":"Feature","properties":{"kind":"home","county":"Tillamook","class":"","situs":"12800 HAYES DR","acres":0.0},"geometry":{"type":"Point","coordinates":[-123.89908214752755,45.71909763065562]}},{"type":"Feature","properties":{"kind":"home","county":"Tillamook","class":"","situs":"12760 HAYES DR","acres":0.0},"geometry":{"type":"Point","coordinates":[-123.8987191439817,45.719136973056045]}},{"type":"Feature","properties":{"kind":"home","county":"Tillamook","class":"","situs":"12780 HAYES DR","acres":0.0},"geometry":{"type":"Point","coordinates":[-123.89840842740834,45.719225530688156]}},{"type":"Feature","properties":{"kind":"home","county":"Tillamook","class":"","situs":"12850 HAYES DR","acres":0.0},"geometry":{"type":"Point","coordinates":[-123.89807792778811,45.71930803137672]}},{"type":"Feature","properties":{"kind":"home","county":"Tillamook","class":"","situs":"12865 HAYES DR","acres":0.0},"geometry":{"type":"Point","coordinates":[-123.8974978980099,45.71947698725816]}},{"type":"Feature","properties":{"kind":"home","county":"Tillamook","class":"","situs":"12855 HAYES DR","acres":0.0},"geometry":{"type":"Point","coordinates":[-123.89746683889568,45.71925723789054]}},{"type":"Feature","properties":{"kind":"home","county":"Tillamook","class":"","situs":"36240 TENTH ST","acres":0.0},"geometry":{"type":"Point","coordinates":[-123.89765954077829,45.71901748765854]}},{"type":"Feature","properties":{"kind":"home","county":"Tillamook","class":"","situs":"12785 HAYES DR","acres":0.0},"geometry":{"type":"Point","coordinates":[-123.89807102477994,45.71889848360939]}},{"type":"Feature","properties":{"kind":"home","county":"Tillamook","class":"","situs":"12775 HAYES DR","acres":0.0},"geometry":{"type":"Point","coordinates":[-123.8983409255392,45.71881746859078]}},{"type":"Feature","properties":{"kind":"home","county":"Tillamook","class":"","situs":"12755 HAYES DR","acres":0.0},"geometry":{"type":"Point","coordinates":[-123.89861082522769,45.71873645367608]}},{"type":"Feature","properties":{"kind":"home","county":"Tillamook","class":"","situs":"12735 HAYES DR","acres":0.0},"geometry":{"type":"Point","coordinates":[-123.89888072588536,45.71865543747836]}},{"type":"Feature","properties":{"kind":"home","county":"Tillamook","class":"","situs":"12705 HAYES DR","acres":0.0},"geometry":{"type":"Point","coordinates":[-123.89915062568991,45.71857442169193]}},{"type":"Feature","properties":{"kind":"home","county":"Tillamook","class":"","situs":"12695 HAYES DR","acres":0.0},"geometry":{"type":"Point","coordinates":[-123.89947413896859,45.71843843951054]}},{"type":"Feature","properties":{"kind":"home","county":"Tillamook","class":"","situs":"12700 B ST","acres":0.0},"geometry":{"type":"Point","coordinates":[-123.89917593280872,45.71971202740415]}},{"type":"Feature","properties":{"kind":"home","county":"Tillamook","class":"","situs":"12600 A ST","acres":0.0},"geometry":{"type":"Point","coordinates":[-123.89928556501076,45.718254780461734]}},{"type":"Feature","properties":{"kind":"home","county":"Tillamook","class":"","situs":"12730 A ST","acres":0.0},"geometry":{"type":"Point","coordinates":[-123.89875371877288,45.71839518874542]}},{"type":"Feature","properties":{"kind":"home","county":"Tillamook","class":"","situs":"12740 A ST","acres":0.0},"geometry":{"type":"Point","coordinates":[-123.89857388915689,45.718449212051134]}},{"type":"Feature","properties":{"kind":"home","county":"Tillamook","class":"","situs":"12760 A ST","acres":0.0},"geometry":{"type":"Point","coordinates":[-123.8982860011146,45.718535638911995]}},{"type":"Feature","properties":{"kind":"home","county":"Tillamook","class":"","situs":"12800 A ST","acres":0.0},"geometry":{"type":"Point","coordinates":[-123.89784984844734,45.71865072481696]}},{"type":"Feature","properties":{"kind":"home","county":"Tillamook","class":"","situs":"12850 A ST","acres":0.0},"geometry":{"type":"Point","coordinates":[-123.89747650004422,45.718818085206244]}},{"type":"Feature","properties":{"kind":"home","county":"Tillamook","class":"","situs":"13255 HUGO ST","acres":0.0},"geometry":{"type":"Point","coordinates":[-123.89561919351979,45.71416220078452]}},{"type":"Feature","properties":{"kind":"home","county":"Tillamook","class":"","situs":"13225 HUGO ST","acres":0.0},"geometry":{"type":"Point","coordinates":[-123.8960895870141,45.71419625118905]}},{"type":"Feature","properties":{"kind":"home","county":"Tillamook","class":"","situs":"12600 B ST","acres":0.0},"geometry":{"type":"Point","coordinates":[-123.89998336765709,45.71890709177754]}},{"type":"Feature","properties":{"kind":"home","county":"Tillamook","class":"","situs":"12720 B ST","acres":0.0},"geometry":{"type":"Point","coordinates":[-123.8984630672832,45.719853078304396]}},{"type":"Feature","properties":{"kind":"home","county":"Tillamook","class":"","situs":"12790 B ST","acres":0.0},"geometry":{"type":"Point","coordinates":[-123.89794231243333,45.719864939778546]}},{"type":"Feature","properties":{"kind":"home","county":"Tillamook","class":"","situs":"12850 B ST","acres":0.0},"geometry":{"type":"Point","coordinates":[-123.89750832261173,45.71983703953759]}},{"type":"Feature","properties":{"kind":"home","county":"Tillamook","class":"","situs":"12860 HAYES DR","acres":0.0},"geometry":{"type":"Point","coordinates":[-123.8980822802129,45.719530072290176]}},{"type":"Feature","properties":{"kind":"home","county":"Tillamook","class":"","situs":"12785 B ST","acres":0.0},"geometry":{"type":"Point","coordinates":[-123.8984226139212,45.71949414678551]}},{"type":"Feature","properties":{"kind":"home","county":"Tillamook","class":"","situs":"12765 B ST","acres":0.0},"geometry":{"type":"Point","coordinates":[-123.89872239147338,45.71943627328243]}},{"type":"Feature","properties":{"kind":"home","county":"Tillamook","class":"","situs":"12800 HAYES DR","acres":0.0},"geometry":{"type":"Point","coordinates":[-123.89908214752755,45.71909763065562]}},{"type":"Feature","properties":{"kind":"home","county":"Tillamook","class":"","situs":"12760 HAYES DR","acres":0.0},"geometry":{"type":"Point","coordinates":[-123.8987191439817,45.719136973056045]}},{"type":"Feature","properties":{"kind":"home","county":"Tillamook","class":"","situs":"12780 HAYES DR","acres":0.0},"geometry":{"type":"Point","coordinates":[-123.89840842740834,45.719225530688156]}},{"type":"Feature","properties":{"kind":"home","county":"Tillamook","class":"","situs":"12850 HAYES DR","acres":0.0},"geometry":{"type":"Point","coordinates":[-123.89807792778811,45.71930803137672]}},{"type":"Feature","properties":{"kind":"home","county":"Tillamook","class":"","situs":"12865 HAYES DR","acres":0.0},"geometry":{"type":"Point","coordinates":[-123.8974978980099,45.71947698725816]}},{"type":"Feature","properties":{"kind":"home","county":"Tillamook","class":"","situs":"12855 HAYES DR","acres":0.0},"geometry":{"type":"Point","coordinates":[-123.89746683889568,45.71925723789054]}},{"type":"Feature","properties":{"kind":"home","county":"Tillamook","class":"","situs":"36240 TENTH ST","acres":0.0},"geometry":{"type":"Point","coordinates":[-123.89765954077829,45.71901748765854]}},{"type":"Feature","properties":{"kind":"home","county":"Tillamook","class":"","situs":"12785 HAYES DR","acres":0.0},"geometry":{"type":"Point","coordinates":[-123.89807102477994,45.71889848360939]}},{"type":"Feature","properties":{"kind":"home","county":"Tillamook","class":"","situs":"12775 HAYES DR","acres":0.0},"geometry":{"type":"Point","coordinates":[-123.8983409255392,45.71881746859078]}},{"type":"Feature","properties":{"kind":"home","county":"Tillamook","class":"","situs":"12755 HAYES DR","acres":0.0},"geometry":{"type":"Point","coordinates":[-123.89861082522769,45.71873645367608]}},{"type":"Feature","properties":{"kind":"home","county":"Tillamook","class":"","situs":"12735 HAYES DR","acres":0.0},"geometry":{"type":"Point","coordinates":[-123.89888072588536,45.71865543747836]}},{"type":"Feature","properties":{"kind":"home","county":"Tillamook","class":"","situs":"12705 HAYES DR","acres":0.0},"geometry":{"type":"Point","coordinates":[-123.89915062568991,45.71857442169193]}},{"type":"Feature","properties":{"kind":"home","county":"Tillamook","class":"","situs":"12695 HAYES DR","acres":0.0},"geometry":{"type":"Point","coordinates":[-123.89947413896859,45.71843843951054]}},{"type":"Feature","properties":{"kind":"home","county":"Tillamook","class":"","situs":"12700 B ST","acres":0.0},"geometry":{"type":"Point","coordinates":[-123.89917593280872,45.71971202740415]}},{"type":"Feature","properties":{"kind":"home","county":"Tillamook","class":"","situs":"12600 A ST","acres":0.0},"geometry":{"type":"Point","coordinates":[-123.89928556501076,45.718254780461734]}},{"type":"Feature","properties":{"kind":"home","county":"Tillamook","class":"","situs":"12730 A ST","acres":0.0},"geometry":{"type":"Point","coordinates":[-123.89875371877288,45.71839518874542]}},{"type":"Feature","properties":{"kind":"home","county":"Tillamook","class":"","situs":"12740 A ST","acres":0.0},"geometry":{"type":"Point","coordinates":[-123.89857388915689,45.718449212051134]}},{"type":"Feature","properties":{"kind":"home","county":"Tillamook","class":"","situs":"12760 A ST","acres":0.0},"geometry":{"type":"Point","coordinates":[-123.8982860011146,45.718535638911995]}},{"type":"Feature","properties":{"kind":"home","county":"Tillamook","class":"","situs":"12800 A ST","acres":0.0},"geometry":{"type":"Point","coordinates":[-123.89784984844734,45.71865072481696]}},{"type":"Feature","properties":{"kind":"home","county":"Tillamook","class":"","situs":"12850 A ST","acres":0.0},"geometry":{"type":"Point","coordinates":[-123.89747650004422,45.718818085206244]}},{"type":"Feature","properties":{"kind":"home","county":"Tillamook","class":"","situs":"13255 HUGO ST","acres":0.0},"geometry":{"type":"Point","coordinates":[-123.89561919351979,45.71416220078452]}},{"type":"Feature","properties":{"kind":"home","county":"Tillamook","class":"","situs":"13225 HUGO ST","acres":0.0},"geometry":{"type":"Point","coordinates":[-123.8960895870141,45.71419625118905]}},{"type":"Feature","properties":{"kind":"home","county":"Tillamook","class":"","situs":"13195 HUGO ST","acres":0.0},"geometry":{"type":"Point","coordinates":[-123.89661941821775,45.714137268961586]}},{"type":"Feature","properties":{"kind":"home","county":"Tillamook","class":"","situs":"13405 THOMPSON RD","acres":0.0},"geometry":{"type":"Point","coordinates":[-123.89926876876991,45.711458138261925]}},{"type":"Feature","properties":{"kind":"home","county":"Tillamook","class":"","situs":"13515 THOMPSON RD","acres":0.0},"geometry":{"type":"Point","coordinates":[-123.89641050999022,45.71128148573753]}},{"type":"Feature","properties":{"kind":"home","county":"Tillamook","class":"","situs":"13550 THOMPSON RD","acres":0.0},"geometry":{"type":"Point","coordinates":[-123.8962173363473,45.71288574785828]}},{"type":"Feature","properties":{"kind":"home","county":"Tillamook","class":"","situs":"13580 THOMPSON RD","acres":0.0},"geometry":{"type":"Point","coordinates":[-123.89606878496944,45.71356144868364]}},{"type":"Feature","properties":{"kind":"home","county":"Tillamook","class":"","situs":"12915 THOMPSON RD","acres":0.0},"geometry":{"type":"Point","coordinates":[-123.89529052868943,45.71250168183515]}},{"type":"Feature","properties":{"kind":"home","county":"Tillamook","class":"","situs":"13500 THOMPSON RD","acres":0.0},"geometry":{"type":"Point","coordinates":[-123.89708859372107,45.7123248566302]}},{"type":"Feature","properties":{"kind":"home","county":"Tillamook","class":"","situs":"13370 THOMPSON RD","acres":0.0},"geometry":{"type":"Point","coordinates":[-123.89814208855344,45.71202462558543]}},{"type":"Feature","properties":{"kind":"home","county":"Tillamook","class":"","situs":"13565 THOMPSON RD","acres":0.0},"geometry":{"type":"Point","coordinates":[-123.89462050172662,45.71326620958331]}},{"type":"Feature","properties":{"kind":"home","county":"Tillamook","class":"","situs":"12985 THOMPSON RD","acres":0.0},"geometry":{"type":"Point","coordinates":[-123.89469897905066,45.71364382695239]}},{"type":"Feature","properties":{"kind":"home","county":"Tillamook","class":"","situs":"36200 HWY 101  N","acres":0.0},"geometry":{"type":"Point","coordinates":[-123.90813046947147,45.718632588384395]}},{"type":"Feature","properties":{"kind":"home","county":"Tillamook","class":"","situs":"36420 HWY 101  N","acres":0.0},"geometry":{"type":"Point","coordinates":[-123.91547229044282,45.718026775299485]}},{"type":"Feature","properties":{"kind":"home","county":"Tillamook","class":"","situs":"36400 HWY 101  N","acres":0.0},"geometry":{"type":"Point","coordinates":[-123.91453840915311,45.717896679601104]}},{"type":"Feature","properties":{"kind":"home","county":"Tillamook","class":"","situs":"36380 HWY 101  N","acres":0.6},"geometry":{"type":"Point","coordinates":[-123.91344941414924,45.71832237018871]}},{"type":"Feature","properties":{"kind":"home","county":"Tillamook","class":"","situs":"36376 HWY 101  N","acres":0.0},"geometry":{"type":"Point","coordinates":[-123.91351750274846,45.717880384648566]}},{"type":"Feature","properties":{"kind":"home","county":"Tillamook","class":"","situs":"36600 PACIFIC PALISADES PL","acres":0.0},"geometry":{"type":"Point","coordinates":[-123.92096831288396,45.72287972153587]}},{"type":"Feature","properties":{"kind":"home","county":"Tillamook","class":"","situs":"36695 HWY 101  N","acres":0.0},"geometry":{"type":"Point","coordinates":[-123.92452151769601,45.720918699807335]}},{"type":"Feature","properties":{"kind":"home","county":"Tillamook","class":"","situs":"36685 HWY 101  N","acres":0.0},"geometry":{"type":"Point","coordinates":[-123.92408689260876,45.7207762038053]}},{"type":"Feature","properties":{"kind":"home","county":"Tillamook","class":"","situs":"36675 HWY 101  N","acres":0.0},"geometry":{"type":"Point","coordinates":[-123.92350228639646,45.72061519261538]}},{"type":"Feature","properties":{"kind":"home","county":"Tillamook","class":"","situs":"36655 HWY 101  N","acres":0.0},"geometry":{"type":"Point","coordinates":[-123.92210936961776,45.720435534624606]}},{"type":"Feature","properties":{"kind":"home","county":"Tillamook","class":"","situs":"10400 PACIFIC HEIGHTS CT","acres":1.1},"geometry":{"type":"Point","coordinates":[-123.92117101318753,45.720037819550015]}},{"type":"Feature","properties":{"kind":"home","county":"Tillamook","class":"","situs":"36300 PACIFIC PALISADES PL","acres":0.0},"geometry":{"type":"Point","coordinates":[-123.92125221096747,45.72051808900297]}},{"type":"Feature","properties":{"kind":"home","county":"Tillamook","class":"","situs":"36340 PACIFIC PALISADES PL","acres":0.0},"geometry":{"type":"Point","coordinates":[-123.92070939098329,45.72054721662712]}},{"type":"Feature","properties":{"kind":"home","county":"Tillamook","class":"","situs":"10450 PACIFIC HEIGHTS CT","acres":0.7},"geometry":{"type":"Point","coordinates":[-123.92123743758225,45.71967249245754]}},{"type":"Feature","properties":{"kind":"home","county":"Tillamook","class":"","situs":"36390 PACIFIC PALISADES PL","acres":0.0},"geometry":{"type":"Point","coordinates":[-123.92119432817556,45.72106211194405]}},{"type":"Feature","properties":{"kind":"home","county":"Tillamook","class":"","situs":"36370 PACIFIC PALISADES PL","acres":0.0},"geometry":{"type":"Point","coordinates":[-123.92076863842377,45.720931785460934]}},{"type":"Feature","properties":{"kind":"home","county":"Tillamook","class":"","situs":"36450 PACIFIC PALISADES PL","acres":0.0},"geometry":{"type":"Point","coordinates":[-123.92124571821496,45.72153400208557]}},{"type":"Feature","properties":{"kind":"home","county":"Tillamook","class":"","situs":"36470 PACIFIC PALISADES PL","acres":0.0},"geometry":{"type":"Point","coordinates":[-123.92077338408974,45.72161527212479]}},{"type":"Feature","properties":{"kind":"home","county":"Tillamook","class":"","situs":"36420 PACIFIC PALISADES PL","acres":0.0},"geometry":{"type":"Point","coordinates":[-123.92057995691792,45.72119834949167]}},{"type":"Feature","properties":{"kind":"home","county":"Tillamook","class":"","situs":"36295 PACIFIC PALISADES","acres":0.0},"geometry":{"type":"Point","coordinates":[-123.92016546102887,45.7201605592743]}},{"type":"Feature","properties":{"kind":"home","county":"Tillamook","class":"","situs":"10900 PACIFIC HEIGHTS CT","acres":0.0},"geometry":{"type":"Point","coordinates":[-123.91828548502356,45.72054143374343]}},{"type":"Feature","properties":{"kind":"home","county":"Tillamook","class":"","situs":"36500 HWY 101  N","acres":0.0},"geometry":{"type":"Point","coordinates":[-123.91647863812062,45.720587029184486]}},{"type":"Feature","properties":{"kind":"home","county":"Tillamook","class":"","situs":"36465 HWY 101  N","acres":0.0},"geometry":{"type":"Point","coordinates":[-123.9175162794509,45.71874511899992]}},{"type":"Feature","properties":{"kind":"home","county":"Tillamook","class":"","situs":"36480 HWY 101  N","acres":0.0},"geometry":{"type":"Point","coordinates":[-123.91826512166716,45.7188218620787]}},{"type":"Feature","properties":{"kind":"home","county":"Tillamook","class":"","situs":"36490 HWY 101  N","acres":0.0},"geometry":{"type":"Point","coordinates":[-123.91897962778043,45.71892884985378]}},{"type":"Feature","properties":{"kind":"home","county":"Tillamook","class":"","situs":"36505 HWY 101  N","acres":0.0},"geometry":{"type":"Point","coordinates":[-123.91982114942377,45.719057245929655]}},{"type":"Feature","properties":{"kind":"home","county":"Tillamook","class":"","situs":"10555 PACIFIC HEIGHTS CT","acres":0.7},"geometry":{"type":"Point","coordinates":[-123.91987983947912,45.719457291787826]}},{"type":"Feature","properties":{"kind":"home","county":"Tillamook","class":"","situs":"10565 PACIFIC HEIGHTS PL","acres":0.6},"geometry":{"type":"Point","coordinates":[-123.9198892797653,45.71983719548419]}},{"type":"Feature","properties":{"kind":"home","county":"Tillamook","class":"","situs":"10435 NEAHKAHNIE CREEK RD","acres":0.0},"geometry":{"type":"Point","coordinates":[-123.92206561489655,45.71933797159412]}},{"type":"Feature","properties":{"kind":"home","county":"Tillamook","class":"","situs":"10425 NEAHKAHNIE CREEK RD","acres":0.0},"geometry":{"type":"Point","coordinates":[-123.92180026360721,45.7189493443925]}},{"type":"Feature","properties":{"kind":"home","county":"Tillamook","class":"","situs":"36495 HWY 101  N","acres":0.0},"geometry":{"type":"Point","coordinates":[-123.91994240659342,45.718442700823346]}},{"type":"Feature","properties":{"kind":"home","county":"Tillamook","class":"","situs":"35520 SCHOONER WAY","acres":0.0},"geometry":{"type":"Point","coordinates":[-123.91915416813201,45.71498935338372]}},{"type":"Feature","properties":{"kind":"home","county":"Tillamook","class":"","situs":"35500 SCHOONER WAY","acres":0.0},"geometry":{"type":"Point","coordinates":[-123.91904476442384,45.714733848476]}},{"type":"Feature","properties":{"kind":"home","county":"Tillamook","class":"","situs":"10770 NECARNEY CITY RD","acres":0.0},"geometry":{"type":"Point","coordinates":[-123.91934821826118,45.71473579025088]}},{"type":"Feature","properties":{"kind":"home","county":"Tillamook","class":"","situs":"35550 SCHOONER WAY","acres":0.0},"geometry":{"type":"Point","coordinates":[-123.9191336722793,45.715435918270764]}},{"type":"Feature","properties":{"kind":"home","county":"Tillamook","class":"","situs":"35530 SCHOONER WAY","acres":0.0},"geometry":{"type":"Point","coordinates":[-123.91914259909026,45.71521660525222]}},{"type":"Feature","properties":{"kind":"home","county":"Tillamook","class":"","situs":"35570 SCHOONER WAY","acres":0.0},"geometry":{"type":"Point","coordinates":[-123.91910846893893,45.71566109417429]}},{"type":"Feature","properties":{"kind":"home","county":"Tillamook","class":"","situs":"35580 SCHOONER WAY","acres":0.0},"geometry":{"type":"Point","coordinates":[-123.91927116112254,45.71588687804692]}},{"type":"Feature","properties":{"kind":"home","county":"Tillamook","class":"","situs":"35595 CLIPPER CT","acres":0.0},"geometry":{"type":"Point","coordinates":[-123.91985573155982,45.716039895086446]}},{"type":"Feature","properties":{"kind":"home","county":"Tillamook","class":"","situs":"35575 CLIPPER CT","acres":0.0},"geometry":{"type":"Point","coordinates":[-123.9197526716291,45.715687262286814]}},{"type":"Feature","properties":{"kind":"home","county":"Tillamook","class":"","situs":"35555 CLIPPER CT","acres":0.0},"geometry":{"type":"Point","coordinates":[-123.91974582485491,45.715310974427915]}},{"type":"Feature","properties":{"kind":"home","county":"Tillamook","class":"","situs":"35525 CLIPPER CT","acres":0.0},"geometry":{"type":"Point","coordinates":[-123.91976080627622,45.71499735815585]}},{"type":"Feature","properties":{"kind":"home","county":"Tillamook","class":"","situs":"35515 CLIPPER CT","acres":0.0},"geometry":{"type":"Point","coordinates":[-123.91956357062237,45.714737167590314]}},{"type":"Feature","properties":{"kind":"home","county":"Tillamook","class":"","situs":"35505 CLIPPER CT","acres":0.0},"geometry":{"type":"Point","coordinates":[-123.91986702097996,45.71473910533688]}},{"type":"Feature","properties":{"kind":"home","county":"Tillamook","class":"","situs":"35510 CLIPPER CT","acres":0.0},"geometry":{"type":"Point","coordinates":[-123.92064893526015,45.71501349634343]}},{"type":"Feature","properties":{"kind":"home","county":"Tillamook","class":"","situs":"35500 CLIPPER CT","acres":0.0},"geometry":{"type":"Point","coordinates":[-123.92059387900176,45.71479123784214]}},{"type":"Feature","properties":{"kind":"home","county":"Tillamook","class":"","situs":"35550 CLIPPER CT","acres":0.0},"geometry":{"type":"Point","coordinates":[-123.92063610463558,45.71532875601339]}},{"type":"Feature","properties":{"kind":"home","county":"Tillamook","class":"","situs":"35580 CLIPPER CT","acres":0.0},"geometry":{"type":"Point","coordinates":[-123.92062215578783,45.71567143059535]}},{"type":"Feature","properties":{"kind":"home","county":"Tillamook","class":"","situs":"35590 CLIPPER CT","acres":0.0},"geometry":{"type":"Point","coordinates":[-123.9206121138865,45.715918157881546]}},{"type":"Feature","properties":{"kind":"home","county":"Tillamook","class":"","situs":"35600 CLIPPER CT","acres":0.0},"geometry":{"type":"Point","coordinates":[-123.92060207037188,45.71616488388288]}},{"type":"Feature","properties":{"kind":"home","county":"Tillamook","class":"","situs":"35640 CLIPPER CT","acres":0.0},"geometry":{"type":"Point","coordinates":[-123.9206041568073,45.71640767137467]}},{"type":"Feature","properties":{"kind":"home","county":"Tillamook","class":"","situs":"35680 CLIPPER CT","acres":0.0},"geometry":{"type":"Point","coordinates":[-123.92063095532124,45.716858227426826]}},{"type":"Feature","properties":{"kind":"home","county":"Tillamook","class":"","situs":"35740 CLIPPER CT","acres":0.0},"geometry":{"type":"Point","coordinates":[-123.92066642131216,45.71777495529962]}},{"type":"Feature","properties":{"kind":"home","county":"Tillamook","class":"","situs":"35780 CLIPPER CT","acres":0.0},"geometry":{"type":"Point","coordinates":[-123.92028271538847,45.717923913394074]}},{"type":"Feature","properties":{"kind":"home","county":"Tillamook","class":"","situs":"35715 CLIPPER CT","acres":0.0},"geometry":{"type":"Point","coordinates":[-123.91979039121611,45.71755522023749]}},{"type":"Feature","properties":{"kind":"home","county":"Tillamook","class":"","situs":"35705 CLIPPER CT","acres":0.0},"geometry":{"type":"Point","coordinates":[-123.91980107824841,45.71719964973108]}},{"type":"Feature","properties":{"kind":"home","county":"Tillamook","class":"","situs":"35685 CLIPPER CT","acres":0.0},"geometry":{"type":"Point","coordinates":[-123.91979311986704,45.71698967144879]}},{"type":"Feature","properties":{"kind":"home","county":"Tillamook","class":"","situs":"35645 CLIPPER CT","acres":0.0},"geometry":{"type":"Point","coordinates":[-123.91990369004125,45.716521991331426]}},{"type":"Feature","properties":{"kind":"home","county":"Tillamook","class":"","situs":"35595 SCHOONER WAY","acres":0.0},"geometry":{"type":"Point","coordinates":[-123.91928336448393,45.71643056665034]}},{"type":"Feature","properties":{"kind":"home","county":"Tillamook","class":"","situs":"35585 SCHOONER WAY","acres":0.0},"geometry":{"type":"Point","coordinates":[-123.91905060258476,45.71633106375315]}},{"type":"Feature","properties":{"kind":"home","county":"Tillamook","class":"","situs":"35575 SCHOONER WAY","acres":0.0},"geometry":{"type":"Point","coordinates":[-123.91884811209421,45.71624762265815]}},{"type":"Feature","properties":{"kind":"home","county":"Tillamook","class":"","situs":"35573 SCHOONER WAY","acres":0.0},"geometry":{"type":"Point","coordinates":[-123.91863063593937,45.71615507656881]}},{"type":"Feature","properties":{"kind":"home","county":"Tillamook","class":"","situs":"35571 SCHOONER WAY","acres":0.0},"geometry":{"type":"Point","coordinates":[-123.91845056596816,45.716039343538256]}},{"type":"Feature","properties":{"kind":"home","county":"Tillamook","class":"","situs":"35569 SCHOONER WAY","acres":0.0},"geometry":{"type":"Point","coordinates":[-123.91836045369635,45.71588657340285]}},{"type":"Feature","properties":{"kind":"home","county":"Tillamook","class":"","situs":"35565 SCHOONER WAY","acres":0.0},"geometry":{"type":"Point","coordinates":[-123.91840504974522,45.71557157482238]}},{"type":"Feature","properties":{"kind":"home","county":"Tillamook","class":"","situs":"35545 SCHOONER WAY","acres":0.0},"geometry":{"type":"Point","coordinates":[-123.91842200853176,45.715312071772914]}},{"type":"Feature","properties":{"kind":"home","county":"Tillamook","class":"","situs":"35535 SCHOONER WAY","acres":0.0},"geometry":{"type":"Point","coordinates":[-123.91842828578432,45.715161300194225]}},{"type":"Feature","properties":{"kind":"home","county":"Tillamook","class":"","situs":"35550 SEA FOREST WAY","acres":0.0},"geometry":{"type":"Point","coordinates":[-123.91815198966489,45.71523097378177]}},{"type":"Feature","properties":{"kind":"home","county":"Tillamook","class":"","situs":"36455 HWY 101  N","acres":8.8},"geometry":{"type":"Point","coordinates":[-123.91795113716086,45.71699212458293]}},{"type":"Feature","properties":{"kind":"home","county":"Tillamook","class":"","situs":"36475 HWY 101  N","acres":0.0},"geometry":{"type":"Point","coordinates":[-123.91874953808593,45.71791751964922]}},{"type":"Feature","properties":{"kind":"home","county":"Tillamook","class":"","situs":"36453 HWY 101  N","acres":0.0},"geometry":{"type":"Point","coordinates":[-123.91632789081247,45.717453571174545]}},{"type":"Feature","properties":{"kind":"home","county":"Tillamook","class":"","situs":"36445 NECARNEY CITY RD","acres":0.0},"geometry":{"type":"Point","coordinates":[-123.91644513230082,45.715592670097905]}},{"type":"Feature","properties":{"kind":"home","county":"Tillamook","class":"","situs":"36453 HWY 101","acres":0.2},"geometry":{"type":"Point","coordinates":[-123.9167375322806,45.71757958889172]}},{"type":"Feature","properties":{"kind":"home","county":"Tillamook","class":"","situs":"10850 NECARNEY CITY RD","acres":0.3},"geometry":{"type":"Point","coordinates":[-123.91756453789583,45.71600945117981]}},{"type":"Feature","properties":{"kind":"home","county":"Tillamook","class":"","situs":"35525 SCHOONER WAY","acres":0.0},"geometry":{"type":"Point","coordinates":[-123.91842123538352,45.71490735672358]}},{"type":"Feature","properties":{"kind":"home","county":"Tillamook","class":"","situs":"35515 SCHOONER WAY","acres":0.0},"geometry":{"type":"Point","coordinates":[-123.91842694265789,45.71477029112076]}},{"type":"Feature","properties":{"kind":"home","county":"Tillamook","class":"","situs":"35505 SCHOONER WAY","acres":0.0},"geometry":{"type":"Point","coordinates":[-123.9184340465016,45.71463374186288]}},{"type":"Feature","properties":{"kind":"home","county":"Tillamook","class":"","situs":"35532 SEA FOREST WAY","acres":0.0},"geometry":{"type":"Point","coordinates":[-123.91813063969518,45.71474520258335]}},{"type":"Feature","properties":{"kind":"home","county":"Tillamook","class":"","situs":"35547 SEA FOREST WAY","acres":0.0},"geometry":{"type":"Point","coordinates":[-123.91792213323664,45.71477199430551]}},{"type":"Feature","properties":{"kind":"home","county":"Tillamook","class":"","situs":"35545 SEA FOREST WAY","acres":0.0},"geometry":{"type":"Point","coordinates":[-123.91775990783677,45.71486659199878]}},{"type":"Feature","properties":{"kind":"home","county":"Tillamook","class":"","situs":"35555 SEA FOREST WAY","acres":0.0},"geometry":{"type":"Point","coordinates":[-123.91763951045063,45.71521421029827]}},{"type":"Feature","properties":{"kind":"home","county":"Tillamook","class":"","situs":"35557 SEA FOREST WAY","acres":0.0},"geometry":{"type":"Point","coordinates":[-123.91760724832366,45.71538301048681]}},{"type":"Feature","properties":{"kind":"home","county":"Tillamook","class":"","situs":"35565 SEA FOREST WAY","acres":0.0},"geometry":{"type":"Point","coordinates":[-123.91769957826578,45.715531030959234]}},{"type":"Feature","properties":{"kind":"home","county":"Tillamook","class":"","situs":"35567 SEA FOREST WAY","acres":0.0},"geometry":{"type":"Point","coordinates":[-123.91791160558617,45.715618045019376]}},{"type":"Feature","properties":{"kind":"home","county":"Tillamook","class":"","situs":"35575 SEA FOREST WAY","acres":0.0},"geometry":{"type":"Point","coordinates":[-123.91809378917704,45.71573374419083]}},{"type":"Feature","properties":{"kind":"home","county":"Tillamook","class":"","situs":"10800 NECARNEY CITY RD","acres":0.0},"geometry":{"type":"Point","coordinates":[-123.91765028936653,45.715760237813114]}},{"type":"Feature","properties":{"kind":"home","county":"Tillamook","class":"","situs":"10230 PINE RIDGE DR","acres":0.0},"geometry":{"type":"Point","coordinates":[-123.92323398494426,45.71376685873811]}},{"type":"Feature","properties":{"kind":"home","county":"Tillamook","class":"","situs":"10220 PINE RIDGE DR","acres":0.0},"geometry":{"type":"Point","coordinates":[-123.92366729253297,45.71360428387927]}},{"type":"Feature","properties":{"kind":"home","county":"Tillamook","class":"","situs":"10210 PINE RIDGE DR","acres":0.0},"geometry":{"type":"Point","coordinates":[-123.92383693726872,45.71345933326956]}},{"type":"Feature","properties":{"kind":"home","county":"Tillamook","class":"","situs":"10225 PINE RIDGE DR","acres":0.0},"geometry":{"type":"Point","coordinates":[-123.92313665161068,45.71331018708257]}},{"type":"Feature","properties":{"kind":"home","county":"Tillamook","class":"","situs":"10215 PINE RIDGE DR","acres":0.0},"geometry":{"type":"Point","coordinates":[-123.92335249545694,45.71317221845616]}},{"type":"Feature","properties":{"kind":"home","county":"Tillamook","class":"","situs":"10195 PINE RIDGE DR","acres":0.0},"geometry":{"type":"Point","coordinates":[-123.92350713025182,45.71301768270202]}},{"type":"Feature","properties":{"kind":"home","county":"Tillamook","class":"","situs":"10185 PINE RIDGE DR","acres":0.0},"geometry":{"type":"Point","coordinates":[-123.92363729054166,45.712858203892125]}},{"type":"Feature","properties":{"kind":"home","county":"Tillamook","class":"","situs":"10175 PINE RIDGE DR","acres":0.0},"geometry":{"type":"Point","coordinates":[-123.92375465939178,45.712678723940954]}},{"type":"Feature","properties":{"kind":"home","county":"Tillamook","class":"","situs":"10165 PINE RIDGE DR","acres":0.0},"geometry":{"type":"Point","coordinates":[-123.92383818782389,45.71248366539934]}},{"type":"Feature","properties":{"kind":"home","county":"Tillamook","class":"","situs":"10145 PINE RIDGE DR","acres":0.0},"geometry":{"type":"Point","coordinates":[-123.92387684503699,45.7122889907697]}},{"type":"Feature","properties":{"kind":"home","county":"Tillamook","class":"","situs":"10135 PINE RIDGE DR","acres":0.0},"geometry":{"type":"Point","coordinates":[-123.92389394786163,45.71208440496281]}},{"type":"Feature","properties":{"kind":"home","county":"Tillamook","class":"","situs":"10125 PINE RIDGE DR","acres":0.0},"geometry":{"type":"Point","coordinates":[-123.92393596280893,45.71187897039963]}},{"type":"Feature","properties":{"kind":"home","county":"Tillamook","class":"","situs":"10290 PINE RIDGE DR","acres":0.0},"geometry":{"type":"Point","coordinates":[-123.92263429160128,45.71442339475917]}},{"type":"Feature","properties":{"kind":"home","county":"Tillamook","class":"","situs":"10300 PINE RIDGE DR","acres":0.0},"geometry":{"type":"Point","coordinates":[-123.92239171914503,45.714620136479496]}},{"type":"Feature","properties":{"kind":"home","county":"Tillamook","class":"","situs":"10320 PINE RIDGE DR","acres":0.0},"geometry":{"type":"Point","coordinates":[-123.92203842841651,45.71472670455856]}},{"type":"Feature","properties":{"kind":"home","county":"Tillamook","class":"","situs":"10330 PINE RIDGE DR","acres":0.0},"geometry":{"type":"Point","coordinates":[-123.92164364028842,45.714668566041816]}},{"type":"Feature","properties":{"kind":"home","county":"Tillamook","class":"","situs":"10340 PINE RIDGE DR","acres":0.0},"geometry":{"type":"Point","coordinates":[-123.9213887513903,45.714560398623156]}},{"type":"Feature","properties":{"kind":"home","county":"Tillamook","class":"","situs":"10305 PINE RIDGE DR","acres":0.0},"geometry":{"type":"Point","coordinates":[-123.92220843158006,45.71403763607999]}},{"type":"Feature","properties":{"kind":"home","county":"Tillamook","class":"","situs":"10315 PINE RIDGE DR","acres":0.0},"geometry":{"type":"Point","coordinates":[-123.92204114512143,45.71419498941433]}},{"type":"Feature","properties":{"kind":"home","county":"Tillamook","class":"","situs":"10325 PINE RIDGE DR","acres":0.0},"geometry":{"type":"Point","coordinates":[-123.92180301051886,45.71430079031603]}},{"type":"Feature","properties":{"kind":"home","county":"Tillamook","class":"","situs":"10345 PINE RIDGE DR","acres":0.0},"geometry":{"type":"Point","coordinates":[-123.92155150902967,45.71414542299521]}},{"type":"Feature","properties":{"kind":"home","county":"Tillamook","class":"","situs":"10355 PINE RIDGE DR","acres":0.0},"geometry":{"type":"Point","coordinates":[-123.92167954525723,45.713947761460595]}},{"type":"Feature","properties":{"kind":"home","county":"Tillamook","class":"","situs":"10375 PINE RIDGE DR","acres":0.0},"geometry":{"type":"Point","coordinates":[-123.9222569671803,45.71371423004496]}},{"type":"Feature","properties":{"kind":"home","county":"Tillamook","class":"","situs":"10385 PINE RIDGE DR","acres":0.0},"geometry":{"type":"Point","coordinates":[-123.9220069147792,45.713526126722655]}},{"type":"Feature","properties":{"kind":"home","county":"Tillamook","class":"","situs":"10425 PINE RIDGE DR","acres":0.0},"geometry":{"type":"Point","coordinates":[-123.92203548897562,45.71275775889494]}},{"type":"Feature","properties":{"kind":"home","county":"Tillamook","class":"","situs":"10435 PINE RIDGE DR","acres":0.0},"geometry":{"type":"Point","coordinates":[-123.92204072289555,45.71255638707859]}},{"type":"Feature","properties":{"kind":"home","county":"Tillamook","class":"","situs":"10445 PINE RIDGE DR","acres":0.0},"geometry":{"type":"Point","coordinates":[-123.92204779860818,45.71236444905123]}},{"type":"Feature","properties":{"kind":"home","county":"Tillamook","class":"","situs":"10455 PINE RIDGE DR","acres":0.0},"geometry":{"type":"Point","coordinates":[-123.92205487422629,45.71217250878423]}},{"type":"Feature","properties":{"kind":"home","county":"Tillamook","class":"","situs":"10475 PINE RIDGE DR","acres":0.0},"geometry":{"type":"Point","coordinates":[-123.92207122689153,45.7117764395932]}},{"type":"Feature","properties":{"kind":"home","county":"Tillamook","class":"","situs":"10400 PINE RIDGE DR","acres":0.0},"geometry":{"type":"Point","coordinates":[-123.92143419886874,45.71314663241192]}},{"type":"Feature","properties":{"kind":"home","county":"Tillamook","class":"","situs":"10410 PINE RIDGE DR","acres":0.0},"geometry":{"type":"Point","coordinates":[-123.92143567593963,45.71294929077982]}},{"type":"Feature","properties":{"kind":"home","county":"Tillamook","class":"","situs":"10420 PINE RIDGE DR","acres":0.0},"geometry":{"type":"Point","coordinates":[-123.92143670767436,45.712757322805224]}},{"type":"Feature","properties":{"kind":"home","county":"Tillamook","class":"","situs":"10440 PINE RIDGE DR","acres":0.0},"geometry":{"type":"Point","coordinates":[-123.92143876815473,45.71237339008778]}},{"type":"Feature","properties":{"kind":"home","county":"Tillamook","class":"","situs":"10450 PINE RIDGE DR","acres":0.0},"geometry":{"type":"Point","coordinates":[-123.92143979916881,45.71218142430972]}},{"type":"Feature","properties":{"kind":"home","county":"Tillamook","class":"","situs":"10460 PINE RIDGE DR","acres":0.0},"geometry":{"type":"Point","coordinates":[-123.92144083019251,45.71198945758204]}},{"type":"Feature","properties":{"kind":"home","county":"Tillamook","class":"","situs":"10470 PINE RIDGE DR","acres":0.0},"geometry":{"type":"Point","coordinates":[-123.92143737428727,45.71179805364755]}},{"type":"Feature","properties":{"kind":"home","county":"Tillamook","class":"","situs":"10480 PINE RIDGE DR","acres":0.0},"geometry":{"type":"Point","coordinates":[-123.92138271672933,45.71159179764577]}},{"type":"Feature","properties":{"kind":"home","county":"Tillamook","class":"","situs":"10490 PINE RIDGE DR","acres":0.0},"geometry":{"type":"Point","coordinates":[-123.92150197854507,45.71141364915662]}},{"type":"Feature","properties":{"kind":"home","county":"Tillamook","class":"","situs":"10500 PINE RIDGE DR","acres":0.0},"geometry":{"type":"Point","coordinates":[-123.92177739369967,45.71129573973176]}},{"type":"Feature","properties":{"kind":"home","county":"Tillamook","class":"","situs":"35180 PONDEROSA LP","acres":0.0},"geometry":{"type":"Point","coordinates":[-123.92256369092307,45.71313869280566]}},{"type":"Feature","properties":{"kind":"home","county":"Tillamook","class":"","situs":"35174 PONDEROSA LP","acres":0.0},"geometry":{"type":"Point","coordinates":[-123.92282856178203,45.71303403880305]}},{"type":"Feature","properties":{"kind":"home","county":"Tillamook","class":"","situs":"35170 PONDEROSA LP","acres":0.0},"geometry":{"type":"Point","coordinates":[-123.92297756436452,45.712839858956194]}},{"type":"Feature","properties":{"kind":"home","county":"Tillamook","class":"","situs":"35160 PONDEROSA LP","acres":0.0},"geometry":{"type":"Point","coordinates":[-123.92302271524915,45.71263418136976]}},{"type":"Feature","properties":{"kind":"home","county":"Tillamook","class":"","situs":"35130 PONDEROSA LP","acres":0.0},"geometry":{"type":"Point","coordinates":[-123.92309380790005,45.7120516891653]}},{"type":"Feature","properties":{"kind":"home","county":"Tillamook","class":"","situs":"35120 PONDEROSA LP","acres":0.0},"geometry":{"type":"Point","coordinates":[-123.9231102094408,45.71185678517963]}},{"type":"Feature","properties":{"kind":"home","county":"Tillamook","class":"","situs":"35185 PONDEROSA LP","acres":0.0},"geometry":{"type":"Point","coordinates":[-123.92240248642788,45.71274900576128]}},{"type":"Feature","properties":{"kind":"home","county":"Tillamook","class":"","situs":"35165 PONDEROSA LP","acres":0.0},"geometry":{"type":"Point","coordinates":[-123.92244392306092,45.71255749360482]}},{"type":"Feature","properties":{"kind":"home","county":"Tillamook","class":"","situs":"35155 PONDEROSA LP","acres":0.0},"geometry":{"type":"Point","coordinates":[-123.92246306778082,45.7123659057689]}},{"type":"Feature","properties":{"kind":"home","county":"Tillamook","class":"","situs":"35145 PONDEROSA LP","acres":0.0},"geometry":{"type":"Point","coordinates":[-123.92248304049677,45.7121732293305]}},{"type":"Feature","properties":{"kind":"home","county":"Tillamook","class":"","situs":"10890 NORTH ST","acres":0.0},"geometry":{"type":"Point","coordinates":[-123.91781533891874,45.71425541320347]}},{"type":"Feature","properties":{"kind":"home","county":"Tillamook","class":"","situs":"10770 NORTH ST","acres":0.0},"geometry":{"type":"Point","coordinates":[-123.9180656380011,45.71428072515744]}},{"type":"Feature","properties":{"kind":"home","county":"Tillamook","class":"","situs":"10770 NORTH ST","acres":0.0},"geometry":{"type":"Point","coordinates":[-123.91825021893298,45.71428140895186]}},{"type":"Feature","properties":{"kind":"home","county":"Tillamook","class":"","situs":"10760 NORTH ST","acres":0.0},"geometry":{"type":"Point","coordinates":[-123.91848571161681,45.71427565178394]}},{"type":"Feature","properties":{"kind":"home","county":"Tillamook","class":"","situs":"35220 THE GLADE","acres":0.0},"geometry":{"type":"Point","coordinates":[-123.91882795922164,45.714167057075215]}},{"type":"Feature","properties":{"kind":"home","county":"Tillamook","class":"","situs":"35200 THE GLADE","acres":0.0},"geometry":{"type":"Point","coordinates":[-123.91880842114563,45.71399354955321]}},{"type":"Feature","properties":{"kind":"home","county":"Tillamook","class":"","situs":"35190 THE GLADE","acres":0.0},"geometry":{"type":"Point","coordinates":[-123.91880910295437,45.71382874178306]}},{"type":"Feature","properties":{"kind":"home","county":"Tillamook","class":"","situs":"35170 THE GLADE","acres":0.0},"geometry":{"type":"Point","coordinates":[-123.91881301829706,45.71366422628841]}},{"type":"Feature","properties":{"kind":"home","county":"Tillamook","class":"","situs":"35160 THE GLADE","acres":0.0},"geometry":{"type":"Point","coordinates":[-123.91881693334145,45.71349971211604]}},{"type":"Feature","properties":{"kind":"home","county":"Tillamook","class":"","situs":"35150 THE GLADE","acres":0.0},"geometry":{"type":"Point","coordinates":[-123.91882084962177,45.7133351975925]}},{"type":"Feature","properties":{"kind":"home","county":"Tillamook","class":"","situs":"35140 THE GLADE","acres":0.0},"geometry":{"type":"Point","coordinates":[-123.91882476376001,45.713170682573384]}},{"type":"Feature","properties":{"kind":"home","county":"Tillamook","class":"","situs":"35130 THE GLADE","acres":0.0},"geometry":{"type":"Point","coordinates":[-123.91882868231542,45.7130061670169]}},{"type":"Feature","properties":{"kind":"home","county":"Tillamook","class":"","situs":"35110 THE GLADE","acres":0.0},"geometry":{"type":"Point","coordinates":[-123.91883259802158,45.71284165104823]}},{"type":"Feature","properties":{"kind":"home","county":"Tillamook","class":"","situs":"35080 THE GLADE","acres":0.0},"geometry":{"type":"Point","coordinates":[-123.91883651263673,45.71267713612783]}},{"type":"Feature","properties":{"kind":"home","county":"Tillamook","class":"","situs":"35070 THE GLADE","acres":0.0},"geometry":{"type":"Point","coordinates":[-123.91884042970304,45.71251262077691]}},{"type":"Feature","properties":{"kind":"home","county":"Tillamook","class":"","situs":"35060 THE GLADE","acres":0.0},"geometry":{"type":"Point","coordinates":[-123.91884434445132,45.71234810656427]}},{"type":"Feature","properties":{"kind":"home","county":"Tillamook","class":"","situs":"35050 THE GLADE","acres":0.0},"geometry":{"type":"Point","coordinates":[-123.91884923920973,45.71214246354567]}},{"type":"Feature","properties":{"kind":"home","county":"Tillamook","class":"","situs":"35030 THE GLADE","acres":0.0},"geometry":{"type":"Point","coordinates":[-123.9188551121647,45.71189569170112]}},{"type":"Feature","properties":{"kind":"home","county":"Tillamook","class":"","situs":"35020 THE GLADE","acres":0.0},"geometry":{"type":"Point","coordinates":[-123.91886000723754,45.71169004701897]}},{"type":"Feature","properties":{"kind":"home","county":"Tillamook","class":"","situs":"35000 THE GLADE","acres":0.0},"geometry":{"type":"Point","coordinates":[-123.91886388437813,45.71152553741517]}},{"type":"Feature","properties":{"kind":"home","county":"Tillamook","class":"","situs":"35185 THE GLADE","acres":0.0},"geometry":{"type":"Point","coordinates":[-123.91822197089753,45.71386573766211]}},{"type":"Feature","properties":{"kind":"home","county":"Tillamook","class":"","situs":"35175 THE GLADE","acres":0.0},"geometry":{"type":"Point","coordinates":[-123.91822951195877,45.71367009699033]}},{"type":"Feature","properties":{"kind":"home","county":"Tillamook","class":"","situs":"35165 THE GLADE","acres":0.0},"geometry":{"type":"Point","coordinates":[-123.91823350381358,45.713502444456644]}},{"type":"Feature","properties":{"kind":"home","county":"Tillamook","class":"","situs":"35155 THE GLADE","acres":0.0},"geometry":{"type":"Point","coordinates":[-123.91823749489889,45.71333479202328]}},{"type":"Feature","properties":{"kind":"home","county":"Tillamook","class":"","situs":"35145 THE GLADE","acres":0.0},"geometry":{"type":"Point","coordinates":[-123.91824148286916,45.71316713943023]}},{"type":"Feature","properties":{"kind":"home","county":"Tillamook","class":"","situs":"35135 THE GLADE","acres":0.0},"geometry":{"type":"Point","coordinates":[-123.91824547658969,45.71299948583214]}},{"type":"Feature","properties":{"kind":"home","county":"Tillamook","class":"","situs":"35115 THE GLADE","acres":0.0},"geometry":{"type":"Point","coordinates":[-123.91824946647324,45.71283183074374]}},{"type":"Feature","properties":{"kind":"home","county":"Tillamook","class":"","situs":"35085 THE GLADE","acres":0.0},"geometry":{"type":"Point","coordinates":[-123.91825345823756,45.71266417857223]}},{"type":"Feature","properties":{"kind":"home","county":"Tillamook","class":"","situs":"35075 THE GLADE","acres":0.0},"geometry":{"type":"Point","coordinates":[-123.91825744827095,45.71249652619463]}},{"type":"Feature","properties":{"kind":"home","county":"Tillamook","class":"","situs":"35065 THE GLADE","acres":0.0},"geometry":{"type":"Point","coordinates":[-123.91826143852876,45.71232887253911]}},{"type":"Feature","properties":{"kind":"home","county":"Tillamook","class":"","situs":"35055 THE GLADE","acres":0.0},"geometry":{"type":"Point","coordinates":[-123.91826543017561,45.71216121871573]}},{"type":"Feature","properties":{"kind":"home","county":"Tillamook","class":"","situs":"35045 THE GLADE","acres":0.0},"geometry":{"type":"Point","coordinates":[-123.91826941908668,45.711993565697774]}},{"type":"Feature","properties":{"kind":"home","county":"Tillamook","class":"","situs":"35035 THE GLADE","acres":0.0},"geometry":{"type":"Point","coordinates":[-123.9182734095547,45.71182591348817]}},{"type":"Feature","properties":{"kind":"home","county":"Tillamook","class":"","situs":"35025 THE GLADE","acres":0.0},"geometry":{"type":"Point","coordinates":[-123.91827675255223,45.71165823880439]}},{"type":"Feature","properties":{"kind":"home","county":"Tillamook","class":"","situs":"35020 THE PROMENADE","acres":0.0},"geometry":{"type":"Point","coordinates":[-123.91789448905661,45.71165397785041]}},{"type":"Feature","properties":{"kind":"home","county":"Tillamook","class":"","situs":"35030 THE PROMENADE","acres":0.0},"geometry":{"type":"Point","coordinates":[-123.9178898414965,45.71182171087371]}},{"type":"Feature","properties":{"kind":"home","county":"Tillamook","class":"","situs":"35050 THE PROMENADE","acres":0.0},"geometry":{"type":"Point","coordinates":[-123.91788386115113,45.71207332377874]}},{"type":"Feature","properties":{"kind":"home","county":"Tillamook","class":"","situs":"35060 THE PROMENADE","acres":0.0},"geometry":{"type":"Point","coordinates":[-123.91787788088469,45.71232493675512]}},{"type":"Feature","properties":{"kind":"home","county":"Tillamook","class":"","situs":"35070 THE PROMENADE","acres":0.0},"geometry":{"type":"Point","coordinates":[-123.91787389369838,45.712492679573295]}},{"type":"Feature","properties":{"kind":"home","county":"Tillamook","class":"","situs":"35100 THE PROMENADE","acres":0.0},"geometry":{"type":"Point","coordinates":[-123.91786791268581,45.712744293690704]}},{"type":"Feature","properties":{"kind":"home","county":"Tillamook","class":"","situs":"35140 THE PROMENADE","acres":0.0},"geometry":{"type":"Point","coordinates":[-123.9178599367336,45.7130797789999]}},{"type":"Feature","properties":{"kind":"home","county":"Tillamook","class":"","situs":"35160 THE PROMENADE","acres":0.0},"geometry":{"type":"Point","coordinates":[-123.91785395514147,45.713331392197894]}},{"type":"Feature","properties":{"kind":"home","county":"Tillamook","class":"","situs":"35150 THE PROMENADE","acres":0.0},"geometry":{"type":"Point","coordinates":[-123.91784996669391,45.71349913300668]}},{"type":"Feature","properties":{"kind":"home","county":"Tillamook","class":"","situs":"35170 THE PROMENADE","acres":0.0},"geometry":{"type":"Point","coordinates":[-123.91784598143114,45.71366687572295]}},{"type":"Feature","properties":{"kind":"home","county":"Tillamook","class":"","situs":"35190 THE PROMENADE","acres":0.0},"geometry":{"type":"Point","coordinates":[-123.91785703635362,45.713844273123115]}},{"type":"Feature","properties":{"kind":"home","county":"Tillamook","class":"","situs":"10755 NECARNEY CITY RD","acres":0.0},"geometry":{"type":"Point","coordinates":[-123.92000084163476,45.71396928828632]}},{"type":"Feature","properties":{"kind":"home","county":"Tillamook","class":"","situs":"10755 NECARNEY CITY RD","acres":0.0},"geometry":{"type":"Point","coordinates":[-123.92081358017596,45.71396846138884]}},{"type":"Feature","properties":{"kind":"home","county":"Tillamook","class":"","situs":"10981 SEAMONT WAY","acres":0.0},"geometry":{"type":"Point","coordinates":[-123.91870022887753,45.711123979911875]}},{"type":"Feature","properties":{"kind":"home","county":"Tillamook","class":"","situs":"10983 SEAMONT WAY","acres":0.0},"geometry":{"type":"Point","coordinates":[-123.91834065142157,45.71114701426751]}},{"type":"Feature","properties":{"kind":"home","county":"Tillamook","class":"","situs":"10985 SEAMONT WAY","acres":0.0},"geometry":{"type":"Point","coordinates":[-123.91791755685965,45.7111648886864]}},{"type":"Feature","properties":{"kind":"home","county":"Tillamook","class":"","situs":"11015 SEAMONT WAY","acres":0.0},"geometry":{"type":"Point","coordinates":[-123.91729154721061,45.711157329861535]}},{"type":"Feature","properties":{"kind":"home","county":"Tillamook","class":"","situs":"11035 SEAMONT WAY","acres":0.0},"geometry":{"type":"Point","coordinates":[-123.91691880117136,45.71115576377237]}},{"type":"Feature","properties":{"kind":"home","county":"Tillamook","class":"","situs":"11045 SEAMONT WAY","acres":0.0},"geometry":{"type":"Point","coordinates":[-123.91666699838751,45.71115490925405]}},{"type":"Feature","properties":{"kind":"home","county":"Tillamook","class":"","situs":"11075 SEAMONT WAY","acres":0.0},"geometry":{"type":"Point","coordinates":[-123.91645618976872,45.71115419033771]}},{"type":"Feature","properties":{"kind":"home","county":"Tillamook","class":"","situs":"11004 SEAMONT WAY","acres":0.0},"geometry":{"type":"Point","coordinates":[-123.91648172809651,45.711897361881626]}},{"type":"Feature","properties":{"kind":"home","county":"Tillamook","class":"","situs":"11002 SEAMONT WAY","acres":0.0},"geometry":{"type":"Point","coordinates":[-123.91656892455222,45.711678645090544]}},{"type":"Feature","properties":{"kind":"home","county":"Tillamook","class":"","situs":"11000 SEAMONT WAY","acres":0.0},"geometry":{"type":"Point","coordinates":[-123.91688245715838,45.71189469968937]}},{"type":"Feature","properties":{"kind":"home","county":"Tillamook","class":"","situs":"10998 SEAMONT WAY","acres":0.0},"geometry":{"type":"Point","coordinates":[-123.91696535331803,45.711666428080946]}},{"type":"Feature","properties":{"kind":"home","county":"Tillamook","class":"","situs":"10996 SEAMONT WAY","acres":0.0},"geometry":{"type":"Point","coordinates":[-123.91731118704351,45.71164021245009]}},{"type":"Feature","properties":{"kind":"home","county":"Tillamook","class":"","situs":"35025 THE PROMENADE","acres":0.0},"geometry":{"type":"Point","coordinates":[-123.9173067839013,45.71182530755671]}},{"type":"Feature","properties":{"kind":"home","county":"Tillamook","class":"","situs":"11075 FERN WAY","acres":0.0},"geometry":{"type":"Point","coordinates":[-123.91667635517003,45.7123648487337]}},{"type":"Feature","properties":{"kind":"home","county":"Tillamook","class":"","situs":"11050 FERN WAY","acres":0.0},"geometry":{"type":"Point","coordinates":[-123.91662296597578,45.713025974660894]}},{"type":"Feature","properties":{"kind":"home","county":"Tillamook","class":"","situs":"35175 THE PROMENADE","acres":0.0},"geometry":{"type":"Point","coordinates":[-123.91727390129577,45.71368820623027]}},{"type":"Feature","properties":{"kind":"home","county":"Tillamook","class":"","situs":"35155 THE PROMENADE","acres":0.0},"geometry":{"type":"Point","coordinates":[-123.9172805037214,45.71341061104475]}},{"type":"Feature","properties":{"kind":"home","county":"Tillamook","class":"","situs":"11150 EVERGREEN WAY","acres":0.0},"geometry":{"type":"Point","coordinates":[-123.91589690176774,45.71433624057923]}},{"type":"Feature","properties":{"kind":"home","county":"Tillamook","class":"","situs":"35205 THE PROMENADE","acres":0.2},"geometry":{"type":"Point","coordinates":[-123.91729668838533,45.714218236371856]}},{"type":"Feature","properties":{"kind":"home","county":"Tillamook","class":"","situs":"11140 EVERGREEN WAY","acres":0.2},"geometry":{"type":"Point","coordinates":[-123.91690481788775,45.71409215670588]}},{"type":"Feature","properties":{"kind":"home","county":"Tillamook","class":"","situs":"11154 EVERGREEN WAY","acres":0.2},"geometry":{"type":"Point","coordinates":[-123.9170225953283,45.71444204353189]}},{"type":"Feature","properties":{"kind":"home","county":"Tillamook","class":"","situs":"11105 EVERGREEN WAY","acres":0.0},"geometry":{"type":"Point","coordinates":[-123.91631592769161,45.71377539976966]}},{"type":"Feature","properties":{"kind":"home","county":"Tillamook","class":"","situs":"35155 EVERGREEN PLACE RD","acres":0.0},"geometry":{"type":"Point","coordinates":[-123.91634698972638,45.71341051853336]}},{"type":"Feature","properties":{"kind":"home","county":"Tillamook","class":"","situs":"35130 EVERGREEN PL","acres":0.0},"geometry":{"type":"Point","coordinates":[-123.91683721980948,45.71341087652514]}},{"type":"Feature","properties":{"kind":"home","county":"Tillamook","class":"","situs":"35150 EVERGREEN PLACE RD","acres":0.0},"geometry":{"type":"Point","coordinates":[-123.91685246622782,45.71360559727958]}},{"type":"Feature","properties":{"kind":"home","county":"Tillamook","class":"","situs":"35170 EVERGREEN PL","acres":0.0},"geometry":{"type":"Point","coordinates":[-123.916847638192,45.71377412251711]}},{"type":"Feature","properties":{"kind":"home","county":"Tillamook","class":"","situs":"36115 UNDERHILL LN","acres":0.5},"geometry":{"type":"Point","coordinates":[-123.90579719965838,45.71818486887792]}},{"type":"Feature","properties":{"kind":"home","county":"Tillamook","class":"","situs":"35995 UNDERHILL LN","acres":0.4},"geometry":{"type":"Point","coordinates":[-123.9057041561014,45.717785955629715]}},{"type":"Feature","properties":{"kind":"home","county":"Tillamook","class":"","situs":"35980 UNDERHILL LN","acres":0.0},"geometry":{"type":"Point","coordinates":[-123.905741766628,45.71734829691663]}},{"type":"Feature","properties":{"kind":"home","county":"Tillamook","class":"","situs":"35990 UNDERHILL LN","acres":0.0},"geometry":{"type":"Point","coordinates":[-123.90618651117431,45.71728687259086]}},{"type":"Feature","properties":{"kind":"home","county":"Tillamook","class":"","situs":"36000 UNDERHILL LN","acres":0.0},"geometry":{"type":"Point","coordinates":[-123.90629226336272,45.71785386612967]}},{"type":"Feature","properties":{"kind":"home","county":"Tillamook","class":"","situs":"36180 HWY 101  N","acres":0.0},"geometry":{"type":"Point","coordinates":[-123.90699076363758,45.71810965126707]}},{"type":"Feature","properties":{"kind":"home","county":"Tillamook","class":"","situs":"35465 TOHL AVE","acres":0.0},"geometry":{"type":"Point","coordinates":[-123.9074437977926,45.717656676105605]}},{"type":"Feature","properties":{"kind":"home","county":"Tillamook","class":"","situs":"11500 PINEWOOD LN","acres":0.0},"geometry":{"type":"Point","coordinates":[-123.90745053276304,45.71745104170522]}},{"type":"Feature","properties":{"kind":"home","county":"Tillamook","class":"","situs":"11510 PINEWOOD LN","acres":0.0},"geometry":{"type":"Point","coordinates":[-123.90706002505429,45.71744867744484]}},{"type":"Feature","properties":{"kind":"home","county":"Tillamook","class":"","situs":"35460 PINEWOOD WAY","acres":0.0},"geometry":{"type":"Point","coordinates":[-123.90705231117394,45.71765373355815]}},{"type":"Feature","properties":{"kind":"home","county":"Tillamook","class":"","situs":"35455 PINEWOOD WAY","acres":0.0},"geometry":{"type":"Point","coordinates":[-123.9065507024359,45.717645181995756]}},{"type":"Feature","properties":{"kind":"home","county":"Tillamook","class":"","situs":"11605 PINEWOOD LN","acres":0.0},"geometry":{"type":"Point","coordinates":[-123.906737800988,45.71713865707018]}},{"type":"Feature","properties":{"kind":"home","county":"Tillamook","class":"","situs":"11505 PINEWOOD LN","acres":0.0},"geometry":{"type":"Point","coordinates":[-123.90708941632995,45.7171261334342]}},{"type":"Feature","properties":{"kind":"home","county":"Tillamook","class":"","situs":"35445 TOHL AVE","acres":0.0},"geometry":{"type":"Point","coordinates":[-123.90746133065056,45.71712892637161]}},{"type":"Feature","properties":{"kind":"home","county":"Tillamook","class":"","situs":"35435 TOHL AVE","acres":0.0},"geometry":{"type":"Point","coordinates":[-123.90651988958157,45.716819615345564]}},{"type":"Feature","properties":{"kind":"home","county":"Tillamook","class":"","situs":"11510 MAR SEA LN","acres":0.0},"geometry":{"type":"Point","coordinates":[-123.90756289671094,45.71639856952382]}},{"type":"Feature","properties":{"kind":"home","county":"Tillamook","class":"","situs":"35385 TOHL AVE","acres":0.0},"geometry":{"type":"Point","coordinates":[-123.90620967957464,45.71629377443702]}},{"type":"Feature","properties":{"kind":"home","county":"Tillamook","class":"","situs":"11520 MAR SEA LN","acres":0.0},"geometry":{"type":"Point","coordinates":[-123.90732601150904,45.71639872097774]}},{"type":"Feature","properties":{"kind":"home","county":"Tillamook","class":"","situs":"11530 MAR SEA LN","acres":0.0},"geometry":{"type":"Point","coordinates":[-123.90709111917619,45.716398228914954]}},{"type":"Feature","properties":{"kind":"home","county":"Tillamook","class":"","situs":"11540 MAR SEA LN","acres":0.0},"geometry":{"type":"Point","coordinates":[-123.90681380756652,45.71640939647715]}},{"type":"Feature","properties":{"kind":"home","county":"Tillamook","class":"","situs":"11545 MAR SEA LN","acres":0.0},"geometry":{"type":"Point","coordinates":[-123.90682616267871,45.71605672521818]}},{"type":"Feature","properties":{"kind":"home","county":"Tillamook","class":"","situs":"11535 MAR SEA LN","acres":0.0},"geometry":{"type":"Point","coordinates":[-123.90710271888332,45.71606812547975]}},{"type":"Feature","properties":{"kind":"home","county":"Tillamook","class":"","situs":"11525 MAR SEA LN","acres":0.0},"geometry":{"type":"Point","coordinates":[-123.90733761710446,45.716068618331754]}},{"type":"Feature","properties":{"kind":"home","county":"Tillamook","class":"","situs":"11515 MAR SEA LN","acres":0.0},"geometry":{"type":"Point","coordinates":[-123.90757439910016,45.71606846444436]}},{"type":"Feature","properties":{"kind":"home","county":"Tillamook","class":"","situs":"35345 TOHL AVE","acres":0.0},"geometry":{"type":"Point","coordinates":[-123.90750504463675,45.715862798886306]}},{"type":"Feature","properties":{"kind":"home","county":"Tillamook","class":"","situs":"35325 TOHL AVE","acres":0.0},"geometry":{"type":"Point","coordinates":[-123.9075112157825,45.71568458962615]}},{"type":"Feature","properties":{"kind":"home","county":"Tillamook","class":"","situs":"11660 BAY PLACE","acres":0.0},"geometry":{"type":"Point","coordinates":[-123.90580389752782,45.71581031883733]}},{"type":"Feature","properties":{"kind":"home","county":"Tillamook","class":"","situs":"11650 BAY PLACE","acres":0.0},"geometry":{"type":"Point","coordinates":[-123.90615916676744,45.71581948389082]}},{"type":"Feature","properties":{"kind":"home","county":"Tillamook","class":"","situs":"11640 BAY PL","acres":0.0},"geometry":{"type":"Point","coordinates":[-123.90639024689264,45.71581997155084]}},{"type":"Feature","properties":{"kind":"home","county":"Tillamook","class":"","situs":"11630 BAY  PL","acres":0.0},"geometry":{"type":"Point","coordinates":[-123.90664625446074,45.715821218730696]}},{"type":"Feature","properties":{"kind":"home","county":"Tillamook","class":"","situs":"11620 BAY PL","acres":0.0},"geometry":{"type":"Point","coordinates":[-123.90689557383226,45.71581927472085]}},{"type":"Feature","properties":{"kind":"home","county":"Tillamook","class":"","situs":"11610 BAY PL","acres":0.0},"geometry":{"type":"Point","coordinates":[-123.9071707280001,45.715786774209924]}},{"type":"Feature","properties":{"kind":"home","county":"Tillamook","class":"","situs":"11615 BAY PL","acres":0.0},"geometry":{"type":"Point","coordinates":[-123.90705944602193,45.71548259721054]}},{"type":"Feature","properties":{"kind":"home","county":"Tillamook","class":"","situs":"35400 SWAN AVE","acres":0.0},"geometry":{"type":"Point","coordinates":[-123.9070861890267,45.71525578512566]}},{"type":"Feature","properties":{"kind":"home","county":"Tillamook","class":"","situs":"35410 SWAN AVE","acres":0.0},"geometry":{"type":"Point","coordinates":[-123.90673603197372,45.715253441747464]}},{"type":"Feature","properties":{"kind":"home","county":"Tillamook","class":"","situs":"35420 SWAN AVE","acres":0.0},"geometry":{"type":"Point","coordinates":[-123.90673044833564,45.715397771644064]}},{"type":"Feature","properties":{"kind":"home","county":"Tillamook","class":"","situs":"35440 SWAN AVE","acres":0.0},"geometry":{"type":"Point","coordinates":[-123.90672656999347,45.71554402608156]}},{"type":"Feature","properties":{"kind":"home","county":"Tillamook","class":"","situs":"35445 SWAN AVE","acres":0.0},"geometry":{"type":"Point","coordinates":[-123.9062842118047,45.715522012273475]}},{"type":"Feature","properties":{"kind":"home","county":"Tillamook","class":"","situs":"11665 BAY PL","acres":0.0},"geometry":{"type":"Point","coordinates":[-123.90583794196603,45.715523890094495]}},{"type":"Feature","properties":{"kind":"home","county":"Tillamook","class":"","situs":"35405 SWAN AVE","acres":0.0},"geometry":{"type":"Point","coordinates":[-123.90583248313139,45.715262522755594]}},{"type":"Feature","properties":{"kind":"home","county":"Tillamook","class":"","situs":"35425 SWAN AVE","acres":0.0},"geometry":{"type":"Point","coordinates":[-123.9062829358685,45.71535691704661]}},{"type":"Feature","properties":{"kind":"home","county":"Tillamook","class":"","situs":"35414 SWAN AVE","acres":0.0},"geometry":{"type":"Point","coordinates":[-123.90628444243647,45.71523313057179]}},{"type":"Feature","properties":{"kind":"home","county":"Tillamook","class":"","situs":"35345 SWAN AVE","acres":0.0},"geometry":{"type":"Point","coordinates":[-123.90629395214886,45.71501625109596]}},{"type":"Feature","properties":{"kind":"home","county":"Tillamook","class":"","situs":"35325 SWAN AVE","acres":0.0},"geometry":{"type":"Point","coordinates":[-123.90630131808858,45.71485583258087]}},{"type":"Feature","properties":{"kind":"home","county":"Tillamook","class":"","situs":"35305 SWAN AVE","acres":0.0},"geometry":{"type":"Point","coordinates":[-123.90630525162751,45.71470664785244]}},{"type":"Feature","properties":{"kind":"home","county":"Tillamook","class":"","situs":"11630 ERNST CT","acres":0.0},"geometry":{"type":"Point","coordinates":[-123.90675772054662,45.71471350623338]}},{"type":"Feature","properties":{"kind":"home","county":"Tillamook","class":"","situs":"35320 SWAN AVE","acres":0.0},"geometry":{"type":"Point","coordinates":[-123.90675335076357,45.71486956441869]}},{"type":"Feature","properties":{"kind":"home","county":"Tillamook","class":"","situs":"35340 SWAN AVE","acres":0.0},"geometry":{"type":"Point","coordinates":[-123.90674910003483,45.715025679178545]}},{"type":"Feature","properties":{"kind":"home","county":"Tillamook","class":"","situs":"35360 SWAN AVE","acres":0.0},"geometry":{"type":"Point","coordinates":[-123.90709833714642,45.71501506810782]}},{"type":"Feature","properties":{"kind":"home","county":"Tillamook","class":"","situs":"11610 ERNST CT","acres":0.0},"geometry":{"type":"Point","coordinates":[-123.90737365186428,45.71480292289702]}},{"type":"Feature","properties":{"kind":"home","county":"Tillamook","class":"","situs":"11620 ERNST CT","acres":0.0},"geometry":{"type":"Point","coordinates":[-123.90704499041021,45.71477949111139]}},{"type":"Feature","properties":{"kind":"home","county":"Tillamook","class":"","situs":"11625 ERNST CT","acres":0.0},"geometry":{"type":"Point","coordinates":[-123.90690204783922,45.7144525928904]}},{"type":"Feature","properties":{"kind":"home","county":"Tillamook","class":"","situs":"11635 ERNST CT","acres":0.0},"geometry":{"type":"Point","coordinates":[-123.90666869722368,45.714446041864505]}},{"type":"Feature","properties":{"kind":"home","county":"Tillamook","class":"","situs":"11645 ERNST CT","acres":0.0},"geometry":{"type":"Point","coordinates":[-123.90645048149088,45.714445582707576]}},{"type":"Feature","properties":{"kind":"home","county":"Tillamook","class":"","situs":"11655 ERNST CT","acres":0.0},"geometry":{"type":"Point","coordinates":[-123.90623212789532,45.714445122422156]}},{"type":"Feature","properties":{"kind":"home","county":"Tillamook","class":"","situs":"11665 ERNST CT","acres":0.0},"geometry":{"type":"Point","coordinates":[-123.90586914568019,45.71445673833418]}},{"type":"Feature","properties":{"kind":"home","county":"Tillamook","class":"","situs":"11660 ERNST CT","acres":0.0},"geometry":{"type":"Point","coordinates":[-123.90586150188338,45.714723657466855]}},{"type":"Feature","properties":{"kind":"home","county":"Tillamook","class":"","situs":"35365 SWAN AVE","acres":0.0},"geometry":{"type":"Point","coordinates":[-123.90585724651274,45.714974344172575]}},{"type":"Feature","properties":{"kind":"home","county":"Tillamook","class":"","situs":"35285 TOHL AVE","acres":0.0},"geometry":{"type":"Point","coordinates":[-123.90749208583608,45.715107577081326]}},{"type":"Feature","properties":{"kind":"home","county":"Tillamook","class":"","situs":"35275 TOHL AVE","acres":0.0},"geometry":{"type":"Point","coordinates":[-123.90760592744466,45.71487338420012]}},{"type":"Feature","properties":{"kind":"home","county":"Tillamook","class":"","situs":"35255 TOHL AVE","acres":0.0},"geometry":{"type":"Point","coordinates":[-123.9073853237277,45.714461632821454]}},{"type":"Feature","properties":{"kind":"home","county":"Tillamook","class":"","situs":"35330 TOHL AVE","acres":0.0},"geometry":{"type":"Point","coordinates":[-123.90833606928867,45.71539230582432]}},{"type":"Feature","properties":{"kind":"home","county":"Tillamook","class":"","situs":"35400 TOHL AVE","acres":0.0},"geometry":{"type":"Point","coordinates":[-123.90928342991711,45.71606131794664]}},{"type":"Feature","properties":{"kind":"home","county":"Tillamook","class":"","situs":"35430 TOHL AVE","acres":0.0},"geometry":{"type":"Point","coordinates":[-123.90828529801759,45.716746178754754]}},{"type":"Feature","properties":{"kind":"home","county":"Tillamook","class":"","situs":"35450 TOHL AVE","acres":0.0},"geometry":{"type":"Point","coordinates":[-123.90814663662698,45.71712134689787]}},{"type":"Feature","properties":{"kind":"home","county":"Tillamook","class":"","situs":"36255 HWY 101 N","acres":1.9},"geometry":{"type":"Point","coordinates":[-123.90900082822199,45.717251340831744]}},{"type":"Feature","properties":{"kind":"home","county":"Tillamook","class":"","situs":"11650 SAWGRASS PL","acres":0.0},"geometry":{"type":"Point","coordinates":[-123.90887426442185,45.71541606598923]}},{"type":"Feature","properties":{"kind":"home","county":"Tillamook","class":"","situs":"11640 SAWGRASS PL","acres":0.0},"geometry":{"type":"Point","coordinates":[-123.90911341344564,45.71549356562405]}},{"type":"Feature","properties":{"kind":"home","county":"Tillamook","class":"","situs":"11630 SAWGRASS PL","acres":0.0},"geometry":{"type":"Point","coordinates":[-123.9093890870394,45.71553088272237]}},{"type":"Feature","properties":{"kind":"home","county":"Tillamook","class":"","situs":"11610 SAWGRASS PL","acres":0.0},"geometry":{"type":"Point","coordinates":[-123.91028712519484,45.71557004179156]}},{"type":"Feature","properties":{"kind":"home","county":"Tillamook","class":"","situs":"11617 SAWGRASS PL","acres":0.0},"geometry":{"type":"Point","coordinates":[-123.91011075642304,45.71487565210527]}},{"type":"Feature","properties":{"kind":"home","county":"Tillamook","class":"","situs":"11635 SAWGRASS PL","acres":0.0},"geometry":{"type":"Point","coordinates":[-123.90918407976989,45.71492432228436]}},{"type":"Feature","properties":{"kind":"home","county":"Tillamook","class":"","situs":"11645 SAWGRASS PL","acres":0.0},"geometry":{"type":"Point","coordinates":[-123.90874121114169,45.71481565122015]}},{"type":"Feature","properties":{"kind":"home","county":"Tillamook","class":"","situs":"11655 SAWGRASS PL","acres":0.0},"geometry":{"type":"Point","coordinates":[-123.9083642826021,45.71481095885333]}},{"type":"Feature","properties":{"kind":"home","county":"Tillamook","class":"","situs":"36280 HWY 101  N","acres":0.0},"geometry":{"type":"Point","coordinates":[-123.91024080643815,45.71786087006117]}},{"type":"Feature","properties":{"kind":"home","county":"Tillamook","class":"","situs":"36290 HWY 101  N","acres":0.0},"geometry":{"type":"Point","coordinates":[-123.91087703259973,45.717837449728435]}},{"type":"Feature","properties":{"kind":"home","county":"Tillamook","class":"","situs":"36310 HWY 101  N","acres":0.6},"geometry":{"type":"Point","coordinates":[-123.91135228818402,45.71781774891457]}},{"type":"Feature","properties":{"kind":"home","county":"Tillamook","class":"","situs":"36310 HWY 101  N","acres":0.2},"geometry":{"type":"Point","coordinates":[-123.91134217262046,45.717476845222215]}},{"type":"Feature","properties":{"kind":"home","county":"Tillamook","class":"","situs":"36330 HWY 101  N","acres":0.0},"geometry":{"type":"Point","coordinates":[-123.91174618534863,45.71771738492222]}},{"type":"Feature","properties":{"kind":"home","county":"Tillamook","class":"","situs":"36350 HWY 101  N","acres":0.0},"geometry":{"type":"Point","coordinates":[-123.9124092331096,45.71762741527756]}},{"type":"Feature","properties":{"kind":"home","county":"Tillamook","class":"","situs":"36360 HWY 101  N","acres":0.0},"geometry":{"type":"Point","coordinates":[-123.91287717552446,45.717465870942966]}},{"type":"Feature","properties":{"kind":"home","county":"Tillamook","class":"","situs":"36370 HWY 101  N","acres":0.0},"geometry":{"type":"Point","coordinates":[-123.91319379213395,45.71759734507488]}},{"type":"Feature","properties":{"kind":"home","county":"Tillamook","class":"","situs":"36435 HWY 101  N","acres":0.0},"geometry":{"type":"Point","coordinates":[-123.9153271041172,45.71679819701085]}},{"type":"Feature","properties":{"kind":"home","county":"Tillamook","class":"","situs":"35340 BAYSIDE GARDENS RD","acres":1.8},"geometry":{"type":"Point","coordinates":[-123.91538875546082,45.71497883571758]}},{"type":"Feature","properties":{"kind":"home","county":"Tillamook","class":"","situs":"35270 BAYSIDE GARDENS RD","acres":0.2},"geometry":{"type":"Point","coordinates":[-123.91471083791635,45.71491955359404]}},{"type":"Feature","properties":{"kind":"home","county":"Tillamook","class":"","situs":"35260 BAYSIDE GARDENS RD","acres":0.2},"geometry":{"type":"Point","coordinates":[-123.9147184814058,45.71474907987279]}},{"type":"Feature","properties":{"kind":"home","county":"Tillamook","class":"","situs":"35250 BAYSIDE GARDENS RD","acres":0.2},"geometry":{"type":"Point","coordinates":[-123.91472594951964,45.714588865148166]}},{"type":"Feature","properties":{"kind":"home","county":"Tillamook","class":"","situs":"35320 BAYSIDE GARDENS RD","acres":0.0},"geometry":{"type":"Point","coordinates":[-123.91469952932876,45.715170269584604]}},{"type":"Feature","properties":{"kind":"home","county":"Tillamook","class":"","situs":"35360 BAYSIDE GARDENS RD","acres":0.2},"geometry":{"type":"Point","coordinates":[-123.91467346364347,45.715730862608716]}},{"type":"Feature","properties":{"kind":"home","county":"Tillamook","class":"","situs":"35350 BAYSIDE GARDENS RD","acres":0.2},"geometry":{"type":"Point","coordinates":[-123.91467883035949,45.71556115698046]}},{"type":"Feature","properties":{"kind":"home","county":"Tillamook","class":"","situs":"35348 BAYSIDE GARDENS RD","acres":1.6},"geometry":{"type":"Point","coordinates":[-123.91535289141859,45.71577938315502]}},{"type":"Feature","properties":{"kind":"home","county":"Tillamook","class":"","situs":"35370 BAYSIDE GARDENS RD","acres":0.0},"geometry":{"type":"Point","coordinates":[-123.91467126722499,45.71591610864763]}},{"type":"Feature","properties":{"kind":"home","county":"Tillamook","class":"","situs":"35390 BAYSIDE GARDENS RD","acres":0.2},"geometry":{"type":"Point","coordinates":[-123.91465167003318,45.71626122608893]}},{"type":"Feature","properties":{"kind":"home","county":"Tillamook","class":"","situs":"35380 BAYSIDE GARDENS RD","acres":0.2},"geometry":{"type":"Point","coordinates":[-123.9146584955984,45.716103722011695]}},{"type":"Feature","properties":{"kind":"home","county":"Tillamook","class":"","situs":"35400 BAYSIDE GARDENS RD","acres":0.0},"geometry":{"type":"Point","coordinates":[-123.91464113272025,45.716490917595635]}},{"type":"Feature","properties":{"kind":"home","county":"Tillamook","class":"","situs":"35420 BAYSIDE GARDENS RD","acres":0.0},"geometry":{"type":"Point","coordinates":[-123.91462827448474,45.71677888789217]}},{"type":"Feature","properties":{"kind":"home","county":"Tillamook","class":"","situs":"35430 BAYSIDE GARDENS RD","acres":0.0},"geometry":{"type":"Point","coordinates":[-123.91451734598621,45.71698438787967]}},{"type":"Feature","properties":{"kind":"home","county":"Tillamook","class":"","situs":"35440 BAYSIDE GARDENS RD","acres":0.0},"geometry":{"type":"Point","coordinates":[-123.91451422755313,45.71716800639961]}},{"type":"Feature","properties":{"kind":"home","county":"Tillamook","class":"","situs":"36375 HWY 101  N","acres":0.0},"geometry":{"type":"Point","coordinates":[-123.91364518023869,45.71700547767853]}},{"type":"Feature","properties":{"kind":"home","county":"Tillamook","class":"","situs":"35325 BAYSIDE GARDENS RD","acres":0.0},"geometry":{"type":"Point","coordinates":[-123.9138548443274,45.71526445240273]}},{"type":"Feature","properties":{"kind":"home","county":"Tillamook","class":"","situs":"35355 BAYSIDE GARDENS RD","acres":0.0},"geometry":{"type":"Point","coordinates":[-123.91350854080271,45.715396478749035]}},{"type":"Feature","properties":{"kind":"home","county":"Tillamook","class":"","situs":"35385 BAYSIDE GARDENS RD","acres":0.0},"geometry":{"type":"Point","coordinates":[-123.91355643934459,45.71622105975489]}},{"type":"Feature","properties":{"kind":"home","county":"Tillamook","class":"","situs":"35357 BAYSIDE GARDENS RD","acres":0.0},"geometry":{"type":"Point","coordinates":[-123.91390249902432,45.715571789384406]}},{"type":"Feature","properties":{"kind":"home","county":"Tillamook","class":"","situs":"35363 BAYSIDE GARDENS RD","acres":0.2},"geometry":{"type":"Point","coordinates":[-123.9135943329375,45.715679383729935]}},{"type":"Feature","properties":{"kind":"home","county":"Tillamook","class":"","situs":"35395 BAYSIDE GARDENS RD","acres":0.0},"geometry":{"type":"Point","coordinates":[-123.91388101867753,45.71627498700711]}},{"type":"Feature","properties":{"kind":"home","county":"Tillamook","class":"","situs":"35365 BAYSIDE GARDENS RD","acres":0.2},"geometry":{"type":"Point","coordinates":[-123.91389283382233,45.71578844944078]}},{"type":"Feature","properties":{"kind":"home","county":"Tillamook","class":"","situs":"35373 BAYSIDE GARDENS RD","acres":0.2},"geometry":{"type":"Point","coordinates":[-123.91358281608825,45.71586966440891]}},{"type":"Feature","properties":{"kind":"home","county":"Tillamook","class":"","situs":"35401 BAYSIDE GARDENS RD","acres":0.1},"geometry":{"type":"Point","coordinates":[-123.91387491513326,45.7164122390591]}},{"type":"Feature","properties":{"kind":"home","county":"Tillamook","class":"","situs":"35411 BAYSIDE GARDENS RD","acres":0.1},"geometry":{"type":"Point","coordinates":[-123.91386265782782,45.71668644962174]}},{"type":"Feature","properties":{"kind":"home","county":"Tillamook","class":"","situs":"35379 BAYSIDE GARDENS RD","acres":0.3},"geometry":{"type":"Point","coordinates":[-123.91356565097907,45.716055789347564]}},{"type":"Feature","properties":{"kind":"home","county":"Tillamook","class":"","situs":"35375 BAYSIDE GARDENS RD","acres":0.1},"geometry":{"type":"Point","coordinates":[-123.91389295175817,45.716005082207424]}},{"type":"Feature","properties":{"kind":"home","county":"Tillamook","class":"","situs":"35315 BAYSIDE GARDENS RD","acres":0.0},"geometry":{"type":"Point","coordinates":[-123.91398383108644,45.7150346090529]}},{"type":"Feature","properties":{"kind":"home","county":"Tillamook","class":"","situs":"35295 BAYSIDE GARDENS RD","acres":0.0},"geometry":{"type":"Point","coordinates":[-123.91368139791186,45.71498240010018]}},{"type":"Feature","properties":{"kind":"home","county":"Tillamook","class":"","situs":"35265 BAYSIDE GARDENS RD","acres":0.0},"geometry":{"type":"Point","coordinates":[-123.91378887129919,45.71479393183393]}},{"type":"Feature","properties":{"kind":"home","county":"Tillamook","class":"","situs":"35255 BAYSIDE GARDENS RD","acres":0.0},"geometry":{"type":"Point","coordinates":[-123.91379605575828,45.71460168010698]}},{"type":"Feature","properties":{"kind":"home","county":"Tillamook","class":"","situs":"11300 EVERGREEN WAY","acres":0.0},"geometry":{"type":"Point","coordinates":[-123.91286071200736,45.71481772528006]}},{"type":"Feature","properties":{"kind":"home","county":"Tillamook","class":"","situs":"35315 CORDER LN","acres":2.6},"geometry":{"type":"Point","coordinates":[-123.91244732065701,45.715413404877815]}},{"type":"Feature","properties":{"kind":"home","county":"Tillamook","class":"","situs":"35310 CORDER LN","acres":0.2},"geometry":{"type":"Point","coordinates":[-123.91269409783226,45.715243924768444]}},{"type":"Feature","properties":{"kind":"home","county":"Tillamook","class":"","situs":"35320 CORDER LN","acres":0.0},"geometry":{"type":"Point","coordinates":[-123.91305004538877,45.71529120608857]}},{"type":"Feature","properties":{"kind":"home","county":"Tillamook","class":"","situs":"35315 CORDER LN","acres":0.3},"geometry":{"type":"Point","coordinates":[-123.91201334797351,45.715386102321034]}},{"type":"Feature","properties":{"kind":"home","county":"Tillamook","class":"","situs":"36355 HWY 101  N","acres":0.0},"geometry":{"type":"Point","coordinates":[-123.91306094105377,45.71696840168642]}},{"type":"Feature","properties":{"kind":"home","county":"Tillamook","class":"","situs":"36345 HWY 101  N","acres":0.5},"geometry":{"type":"Point","coordinates":[-123.91261338774724,45.717050844161136]}},{"type":"Feature","properties":{"kind":"home","county":"Tillamook","class":"","situs":"36335 HWY 101  N","acres":0.0},"geometry":{"type":"Point","coordinates":[-123.91196158108401,45.71634349231324]}},{"type":"Feature","properties":{"kind":"home","county":"Tillamook","class":"","situs":"36315 HWY 101  N","acres":0.0},"geometry":{"type":"Point","coordinates":[-123.9112421428977,45.71662769646779]}},{"type":"Feature","properties":{"kind":"home","county":"Tillamook","class":"","situs":"36305 HWY 101  N","acres":0.0},"geometry":{"type":"Point","coordinates":[-123.9108436137665,45.71663673549356]}},{"type":"Feature","properties":{"kind":"home","county":"Tillamook","class":"","situs":"11390 EVERGREEN WAY","acres":0.0},"geometry":{"type":"Point","coordinates":[-123.91094515187014,45.71421540418026]}},{"type":"Feature","properties":{"kind":"home","county":"Tillamook","class":"","situs":"11370 EVERGREEN WAY","acres":0.0},"geometry":{"type":"Point","coordinates":[-123.91133602498286,45.714217330345164]}},{"type":"Feature","properties":{"kind":"home","county":"Tillamook","class":"","situs":"11350 EVERGREEN WAY","acres":0.0},"geometry":{"type":"Point","coordinates":[-123.9116524355369,45.714095759680305]}},{"type":"Feature","properties":{"kind":"home","county":"Tillamook","class":"","situs":"11320 EVERGREEN WAY","acres":0.0},"geometry":{"type":"Point","coordinates":[-123.91213784664717,45.71437263378669]}},{"type":"Feature","properties":{"kind":"home","county":"Tillamook","class":"","situs":"11330 EVERGREEN WAY","acres":0.0},"geometry":{"type":"Point","coordinates":[-123.91177554990237,45.71427594816682]}},{"type":"Feature","properties":{"kind":"home","county":"Tillamook","class":"","situs":"11310 EVERGREEN WAY","acres":0.0},"geometry":{"type":"Point","coordinates":[-123.9121471990034,45.714098554889404]}},{"type":"Feature","properties":{"kind":"home","county":"Tillamook","class":"","situs":"11280 EVERGREEN WAY","acres":0.0},"geometry":{"type":"Point","coordinates":[-123.91276503664986,45.714225404057444]}},{"type":"Feature","properties":{"kind":"home","county":"Tillamook","class":"","situs":"11270 EVERGREEN WAY","acres":0.0},"geometry":{"type":"Point","coordinates":[-123.91322494270842,45.714227717128175]}},{"type":"Feature","properties":{"kind":"home","county":"Tillamook","class":"","situs":"35235 BAYSIDE GARDENS RD","acres":0.2},"geometry":{"type":"Point","coordinates":[-123.91401335559736,45.714397271544044]}},{"type":"Feature","properties":{"kind":"home","county":"Tillamook","class":"","situs":"35215 BAYSIDE GARDENS RD","acres":0.0},"geometry":{"type":"Point","coordinates":[-123.91381528389456,45.71409429066863]}},{"type":"Feature","properties":{"kind":"home","county":"Tillamook","class":"","situs":"35230 BAYSIDE GARDENS RD","acres":0.0},"geometry":{"type":"Point","coordinates":[-123.91483969187954,45.71437227168632]}},{"type":"Feature","properties":{"kind":"home","county":"Tillamook","class":"","situs":"11200 EVERGREEN WAY","acres":0.0},"geometry":{"type":"Point","coordinates":[-123.91459252920029,45.71409757938142]}},{"type":"Feature","properties":{"kind":"home","county":"Tillamook","class":"","situs":"11190 EVERGREEN WAY","acres":0.0},"geometry":{"type":"Point","coordinates":[-123.91499681425734,45.71409910059389]}},{"type":"Feature","properties":{"kind":"home","county":"Tillamook","class":"","situs":"11160 EVERGREEN WAY","acres":0.0},"geometry":{"type":"Point","coordinates":[-123.91546143022157,45.714238059517854]}},{"type":"Feature","properties":{"kind":"home","county":"Tillamook","class":"","situs":"11145 EVERGREEN WAY","acres":0.0},"geometry":{"type":"Point","coordinates":[-123.9159529925101,45.713578711870056]}},{"type":"Feature","properties":{"kind":"home","county":"Tillamook","class":"","situs":"11165 EVERGREEN WAY","acres":0.0},"geometry":{"type":"Point","coordinates":[-123.91553086444797,45.7135771313602]}},{"type":"Feature","properties":{"kind":"home","county":"Tillamook","class":"","situs":"35170 BAYSIDE GARDENS RD","acres":0.0},"geometry":{"type":"Point","coordinates":[-123.91487759118561,45.7137135415936]}},{"type":"Feature","properties":{"kind":"home","county":"Tillamook","class":"","situs":"35160 BAYSIDE GARDENS RD","acres":0.0},"geometry":{"type":"Point","coordinates":[-123.91488552625415,45.71343600692156]}},{"type":"Feature","properties":{"kind":"home","county":"Tillamook","class":"","situs":"35165 BAYSIDE GARDENS RD","acres":0.0},"geometry":{"type":"Point","coordinates":[-123.9138024077846,45.71343153213057]}},{"type":"Feature","properties":{"kind":"home","county":"Tillamook","class":"","situs":"11205 EVERGREEN WAY","acres":0.0},"geometry":{"type":"Point","coordinates":[-123.91410164465499,45.713710326272576]}},{"type":"Feature","properties":{"kind":"home","county":"Tillamook","class":"","situs":"11225 EVERGREEN  WAY","acres":0.0},"geometry":{"type":"Point","coordinates":[-123.9138865320184,45.713709115340535]}},{"type":"Feature","properties":{"kind":"home","county":"Tillamook","class":"","situs":"11265 EVERGREEN WAY","acres":0.0},"geometry":{"type":"Point","coordinates":[-123.9132571900124,45.713584158798405]}},{"type":"Feature","properties":{"kind":"home","county":"Tillamook","class":"","situs":"11275 EVERGREEN WAY","acres":0.0},"geometry":{"type":"Point","coordinates":[-123.91281151003713,45.71356573838709]}},{"type":"Feature","properties":{"kind":"home","county":"Tillamook","class":"","situs":"11305 EVERGREEN WAY","acres":0.0},"geometry":{"type":"Point","coordinates":[-123.91240650248166,45.71367652400983]}},{"type":"Feature","properties":{"kind":"home","county":"Tillamook","class":"","situs":"11325 EVERGREEN WAY","acres":0.0},"geometry":{"type":"Point","coordinates":[-123.91197429760528,45.71367456747088]}},{"type":"Feature","properties":{"kind":"home","county":"Tillamook","class":"","situs":"11365 EVERGREEN WAY","acres":0.0},"geometry":{"type":"Point","coordinates":[-123.91131207834742,45.71355924670001]}},{"type":"Feature","properties":{"kind":"home","county":"Tillamook","class":"","situs":"11395 EVERGREEN WAY","acres":0.3},"geometry":{"type":"Point","coordinates":[-123.91088272956229,45.71329455423455]}},{"type":"Feature","properties":{"kind":"home","county":"Tillamook","class":"","situs":"11370 FERN WAY","acres":0.0},"geometry":{"type":"Point","coordinates":[-123.91155392195216,45.71289486729771]}},{"type":"Feature","properties":{"kind":"home","county":"Tillamook","class":"","situs":"11360 FERN WAY","acres":0.0},"geometry":{"type":"Point","coordinates":[-123.91181121187931,45.71289579246619]}},{"type":"Feature","properties":{"kind":"home","county":"Tillamook","class":"","situs":"11352 FERN WAY","acres":0.2},"geometry":{"type":"Point","coordinates":[-123.91231805539317,45.71317509896842]}},{"type":"Feature","properties":{"kind":"home","county":"Tillamook","class":"","situs":"11350 FERN WAY","acres":0.3},"geometry":{"type":"Point","coordinates":[-123.91191453637444,45.71310464395473]}},{"type":"Feature","properties":{"kind":"home","county":"Tillamook","class":"","situs":"11340 FERN WAY","acres":0.0},"geometry":{"type":"Point","coordinates":[-123.91216133133616,45.71289676282035]}},{"type":"Feature","properties":{"kind":"home","county":"Tillamook","class":"","situs":"11280 FERN WAY","acres":0.0},"geometry":{"type":"Point","coordinates":[-123.91274947239057,45.713012000199136]}},{"type":"Feature","properties":{"kind":"home","county":"Tillamook","class":"","situs":"11260 FERN WAY","acres":0.0},"geometry":{"type":"Point","coordinates":[-123.91324878684131,45.71286563572066]}},{"type":"Feature","properties":{"kind":"home","county":"Tillamook","class":"","situs":"11262 FERN WAY","acres":0.0},"geometry":{"type":"Point","coordinates":[-123.91313979659508,45.71308729513133]}},{"type":"Feature","properties":{"kind":"home","county":"Tillamook","class":"","situs":"11240 FERN WAY","acres":0.0},"geometry":{"type":"Point","coordinates":[-123.91360269827821,45.713014983616546]}},{"type":"Feature","properties":{"kind":"home","county":"Tillamook","class":"","situs":"35145 BAYSIDE GARDENS RD","acres":0.0},"geometry":{"type":"Point","coordinates":[-123.9140293147808,45.71301647310722]}},{"type":"Feature","properties":{"kind":"home","county":"Tillamook","class":"","situs":"35150 BAYSIDE GARDENS RD","acres":0.0},"geometry":{"type":"Point","coordinates":[-123.91478921606763,45.71320359806551]}},{"type":"Feature","properties":{"kind":"home","county":"Tillamook","class":"","situs":"35110 BAYSIDE GARDENS RD","acres":0.1},"geometry":{"type":"Point","coordinates":[-123.91465700359551,45.712830845415525]}},{"type":"Feature","properties":{"kind":"home","county":"Tillamook","class":"","situs":"11180 FERN WAY","acres":0.0},"geometry":{"type":"Point","coordinates":[-123.91501319413155,45.712915636196385]}},{"type":"Feature","properties":{"kind":"home","county":"Tillamook","class":"","situs":"11150 FERN WAY","acres":0.0},"geometry":{"type":"Point","coordinates":[-123.91573773035581,45.71302271719602]}},{"type":"Feature","properties":{"kind":"home","county":"Tillamook","class":"","situs":"11155 FERN WAY","acres":0.0},"geometry":{"type":"Point","coordinates":[-123.91566896453216,45.712361004938565]}},{"type":"Feature","properties":{"kind":"home","county":"Tillamook","class":"","situs":"11175 FERN WAY","acres":0.0},"geometry":{"type":"Point","coordinates":[-123.91527988916569,45.712359486749236]}},{"type":"Feature","properties":{"kind":"home","county":"Tillamook","class":"","situs":"35080 BAYSIDE GARDENS RD","acres":0.2},"geometry":{"type":"Point","coordinates":[-123.91468081442129,45.7124944612436]}},{"type":"Feature","properties":{"kind":"home","county":"Tillamook","class":"","situs":"35070 BAYSIDE GARDENS RD","acres":0.0},"geometry":{"type":"Point","coordinates":[-123.9147979852177,45.71222076475986]}},{"type":"Feature","properties":{"kind":"home","county":"Tillamook","class":"","situs":"35075 BAYSIDE GARDENS RD","acres":0.0},"geometry":{"type":"Point","coordinates":[-123.91383824330025,45.71235439484719]}},{"type":"Feature","properties":{"kind":"home","county":"Tillamook","class":"","situs":"11265 FERN WAY","acres":0.0},"geometry":{"type":"Point","coordinates":[-123.91322563386082,45.71235200462694]}},{"type":"Feature","properties":{"kind":"home","county":"Tillamook","class":"","situs":"11285 FERN WAY","acres":0.0},"geometry":{"type":"Point","coordinates":[-123.91279871244751,45.71235071937743]}},{"type":"Feature","properties":{"kind":"home","county":"Tillamook","class":"","situs":"11335 FERN WAY","acres":0.0},"geometry":{"type":"Point","coordinates":[-123.91214045185463,45.71207398127693]}},{"type":"Feature","properties":{"kind":"home","county":"Tillamook","class":"","situs":"11385 FERN WAY","acres":1.1},"geometry":{"type":"Point","coordinates":[-123.91107836878889,45.71207118950926]}},{"type":"Feature","properties":{"kind":"home","county":"Tillamook","class":"","situs":"11365 FERN WAY","acres":0.3},"geometry":{"type":"Point","coordinates":[-123.91145896564308,45.71234573586564]}},{"type":"Feature","properties":{"kind":"home","county":"Tillamook","class":"","situs":"35025 BAYSIDE GARDENS RD","acres":0.0},"geometry":{"type":"Point","coordinates":[-123.9138571332389,45.71180615786461]}},{"type":"Feature","properties":{"kind":"home","county":"Tillamook","class":"","situs":"35050 BAYSIDE GARDENS RD","acres":0.0},"geometry":{"type":"Point","coordinates":[-123.91480745865134,45.711946668590144]}},{"type":"Feature","properties":{"kind":"home","county":"Tillamook","class":"","situs":"35010 BAYSIDE GARDENS RD","acres":0.0},"geometry":{"type":"Point","coordinates":[-123.91471001301525,45.71167220795754]}},{"type":"Feature","properties":{"kind":"home","county":"Tillamook","class":"","situs":"11190 SEAMONT WAY","acres":0.0},"geometry":{"type":"Point","coordinates":[-123.91500290266127,45.711673179129576]}},{"type":"Feature","properties":{"kind":"home","county":"Tillamook","class":"","situs":"11170 SEAMONT WAY","acres":0.0},"geometry":{"type":"Point","coordinates":[-123.91530006639775,45.71181124333582]}},{"type":"Feature","properties":{"kind":"home","county":"Tillamook","class":"","situs":"11140 SEAMONT WAY","acres":0.0},"geometry":{"type":"Point","coordinates":[-123.91590756482728,45.71181350466471]}},{"type":"Feature","properties":{"kind":"home","county":"Tillamook","class":"","situs":"11085 SEAMONT WAY","acres":0.0},"geometry":{"type":"Point","coordinates":[-123.9162018405123,45.711270155315134]}},{"type":"Feature","properties":{"kind":"home","county":"Tillamook","class":"","situs":"11095 SEAMONT WAY","acres":0.0},"geometry":{"type":"Point","coordinates":[-123.91582047380719,45.711289485851374]}},{"type":"Feature","properties":{"kind":"home","county":"Tillamook","class":"","situs":"11155 SEAMONT WAY","acres":0.0},"geometry":{"type":"Point","coordinates":[-123.91566514304716,45.71105490568315]}},{"type":"Feature","properties":{"kind":"home","county":"Tillamook","class":"","situs":"11165 SEAMONT WAY","acres":0.0},"geometry":{"type":"Point","coordinates":[-123.91550315775571,45.71128837582861]}},{"type":"Feature","properties":{"kind":"home","county":"Tillamook","class":"","situs":"11195 SEAMONT WAY","acres":0.0},"geometry":{"type":"Point","coordinates":[-123.9147523236867,45.71114836511632]}},{"type":"Feature","properties":{"kind":"home","county":"Tillamook","class":"","situs":"34999 BAYSIDE GARDENS RD","acres":0.0},"geometry":{"type":"Point","coordinates":[-123.91387489907909,45.711298751848325]}},{"type":"Feature","properties":{"kind":"home","county":"Tillamook","class":"","situs":"34995 BAYSIDE GARDENS RD","acres":0.0},"geometry":{"type":"Point","coordinates":[-123.91388415050369,45.71102475365226]}},{"type":"Feature","properties":{"kind":"home","county":"Tillamook","class":"","situs":"35235 TOHL AVE","acres":0.0},"geometry":{"type":"Point","coordinates":[-123.9066971288885,45.71418075466037]}},{"type":"Feature","properties":{"kind":"home","county":"Tillamook","class":"","situs":"35240 TOHL AVE","acres":0.0},"geometry":{"type":"Point","coordinates":[-123.90858370118036,45.71445304251449]}},{"type":"Feature","properties":{"kind":"home","county":"Tillamook","class":"","situs":"35200 TOHL AVE","acres":0.0},"geometry":{"type":"Point","coordinates":[-123.90826031478608,45.71413842375964]}},{"type":"Feature","properties":{"kind":"home","county":"Tillamook","class":"","situs":"11460 EVERGREEN WAY","acres":0.3},"geometry":{"type":"Point","coordinates":[-123.90878907010315,45.71414737031486]}},{"type":"Feature","properties":{"kind":"home","county":"Tillamook","class":"","situs":"11430 EVERGREEN WAY","acres":0.5},"geometry":{"type":"Point","coordinates":[-123.9096924685815,45.71427182570793]}},{"type":"Feature","properties":{"kind":"home","county":"Tillamook","class":"","situs":"11440 EVERGREEN WAY","acres":0.4},"geometry":{"type":"Point","coordinates":[-123.90937247018142,45.71426698555388]}},{"type":"Feature","properties":{"kind":"home","county":"Tillamook","class":"","situs":"11420 EVERGREEN WAY","acres":0.0},"geometry":{"type":"Point","coordinates":[-123.91001244777833,45.714277783193324]}},{"type":"Feature","properties":{"kind":"home","county":"Tillamook","class":"","situs":"11410 EVERGREEN WAY","acres":0.0},"geometry":{"type":"Point","coordinates":[-123.9103060599847,45.714282739531114]}},{"type":"Feature","properties":{"kind":"home","county":"Tillamook","class":"","situs":"11405 EVERGREEN WAY","acres":0.0},"geometry":{"type":"Point","coordinates":[-123.91058598453913,45.7135608863391]}},{"type":"Feature","properties":{"kind":"home","county":"Tillamook","class":"","situs":"11425 EVERGREEN WAY","acres":0.0},"geometry":{"type":"Point","coordinates":[-123.9102417540063,45.713475516976295]}},{"type":"Feature","properties":{"kind":"home","county":"Tillamook","class":"","situs":"11433 EVERGREEN WAY","acres":0.0},"geometry":{"type":"Point","coordinates":[-123.91015544512183,45.7136829293911]}},{"type":"Feature","properties":{"kind":"home","county":"Tillamook","class":"","situs":"11435 EVERGREEN WAY","acres":0.0},"geometry":{"type":"Point","coordinates":[-123.90967807376856,45.71354524136582]}},{"type":"Feature","properties":{"kind":"home","county":"Tillamook","class":"","situs":"11445 EVERGREEN WAY","acres":0.0},"geometry":{"type":"Point","coordinates":[-123.90924827259549,45.71364552336392]}},{"type":"Feature","properties":{"kind":"home","county":"Tillamook","class":"","situs":"11465 EVERGREEN WAY","acres":0.0},"geometry":{"type":"Point","coordinates":[-123.9089225011199,45.71363929193814]}},{"type":"Feature","properties":{"kind":"home","county":"Tillamook","class":"","situs":"11473 EVERGREEN WAY","acres":0.0},"geometry":{"type":"Point","coordinates":[-123.90867368478061,45.71352790992405]}},{"type":"Feature","properties":{"kind":"home","county":"Tillamook","class":"","situs":"11475 EVERGREEN WAY","acres":0.0},"geometry":{"type":"Point","coordinates":[-123.90823942522206,45.713520429332746]}},{"type":"Feature","properties":{"kind":"home","county":"Tillamook","class":"","situs":"35205 TOHL AVE","acres":0.0},"geometry":{"type":"Point","coordinates":[-123.90670744729424,45.71389608591996]}},{"type":"Feature","properties":{"kind":"home","county":"Tillamook","class":"","situs":"35195 TOHL AVE","acres":0.6},"geometry":{"type":"Point","coordinates":[-123.9073602890951,45.71357674958248]}},{"type":"Feature","properties":{"kind":"home","county":"Tillamook","class":"","situs":"35185 TOHL AVE","acres":0.0},"geometry":{"type":"Point","coordinates":[-123.9067328427181,45.71319645236021]}},{"type":"Feature","properties":{"kind":"home","county":"Tillamook","class":"","situs":"35130 TOHL AVE","acres":0.0},"geometry":{"type":"Point","coordinates":[-123.90820033748014,45.713039835167955]}},{"type":"Feature","properties":{"kind":"home","county":"Tillamook","class":"","situs":"11490 FERN WAY","acres":0.0},"geometry":{"type":"Point","coordinates":[-123.90820772442288,45.712826429040845]}},{"type":"Feature","properties":{"kind":"home","county":"Tillamook","class":"","situs":"11460 FERN WAY","acres":0.5},"geometry":{"type":"Point","coordinates":[-123.90882084407208,45.71284387220854]}},{"type":"Feature","properties":{"kind":"home","county":"Tillamook","class":"","situs":"11470 FERN WAY","acres":0.3},"geometry":{"type":"Point","coordinates":[-123.90899116314836,45.71313178887047]}},{"type":"Feature","properties":{"kind":"home","county":"Tillamook","class":"","situs":"11480 FERN WAY","acres":0.2},"geometry":{"type":"Point","coordinates":[-123.90858342811605,45.71312471127752]}},{"type":"Feature","properties":{"kind":"home","county":"Tillamook","class":"","situs":"11440 FERN WAY","acres":0.0},"geometry":{"type":"Point","coordinates":[-123.90942763278692,45.71298956675378]}},{"type":"Feature","properties":{"kind":"home","county":"Tillamook","class":"","situs":"11430 FERN WAY","acres":0.0},"geometry":{"type":"Point","coordinates":[-123.909835372614,45.71299649315443]}},{"type":"Feature","properties":{"kind":"home","county":"Tillamook","class":"","situs":"11422 FERN WAY","acres":0.3},"geometry":{"type":"Point","coordinates":[-123.91025833153111,45.71309199614785]}},{"type":"Feature","properties":{"kind":"home","county":"Tillamook","class":"","situs":"11426 FERN WAY","acres":0.2},"geometry":{"type":"Point","coordinates":[-123.91018314433398,45.71287394975945]}},{"type":"Feature","properties":{"kind":"home","county":"Tillamook","class":"","situs":"11420 FERN WAY","acres":0.0},"geometry":{"type":"Point","coordinates":[-123.9106060716951,45.713009123043136]}},{"type":"Feature","properties":{"kind":"home","county":"Tillamook","class":"","situs":"11415 FERN WAY","acres":0.0},"geometry":{"type":"Point","coordinates":[-123.91061310246151,45.71220171847274]}},{"type":"Feature","properties":{"kind":"home","county":"Tillamook","class":"","situs":"11425 FERN WAY","acres":0.0},"geometry":{"type":"Point","coordinates":[-123.91018139440536,45.71219429055417]}},{"type":"Feature","properties":{"kind":"home","county":"Tillamook","class":"","situs":"11435 FERN WAY","acres":0.0},"geometry":{"type":"Point","coordinates":[-123.90974968686493,45.712186859880674]}},{"type":"Feature","properties":{"kind":"home","county":"Tillamook","class":"","situs":"11445 FERN WAY","acres":0.0},"geometry":{"type":"Point","coordinates":[-123.90921985710538,45.712177594832134]}},{"type":"Feature","properties":{"kind":"home","county":"Tillamook","class":"","situs":"35000 TOHL AVE","acres":0.0},"geometry":{"type":"Point","coordinates":[-123.9084924837602,45.71137667626565]}},{"type":"Feature","properties":{"kind":"home","county":"Tillamook","class":"","situs":"35010 TOHL AVE","acres":0.0},"geometry":{"type":"Point","coordinates":[-123.90848519736359,45.71160291876405]}},{"type":"Feature","properties":{"kind":"home","county":"Tillamook","class":"","situs":"35020 TOHL AVE","acres":0.0},"geometry":{"type":"Point","coordinates":[-123.90847905209549,45.71177975901141]}},{"type":"Feature","properties":{"kind":"home","county":"Tillamook","class":"","situs":"11495 FERN WAY","acres":0.2},"geometry":{"type":"Point","coordinates":[-123.90867857376246,45.712431307373045]}},{"type":"Feature","properties":{"kind":"home","county":"Tillamook","class":"","situs":"35060 TOHL AVE","acres":0.2},"geometry":{"type":"Point","coordinates":[-123.90823961251684,45.71218854877689]}},{"type":"Feature","properties":{"kind":"home","county":"Tillamook","class":"","situs":"11475 FERN WAY","acres":0.3},"geometry":{"type":"Point","coordinates":[-123.90872135183555,45.71224115404751]}},{"type":"Feature","properties":{"kind":"home","county":"Tillamook","class":"","situs":"35030 TOHL AVE","acres":0.3},"geometry":{"type":"Point","coordinates":[-123.90857820946492,45.71195558614194]}},{"type":"Feature","properties":{"kind":"home","county":"Tillamook","class":"","situs":"35050 TOHL AVE","acres":0.2},"geometry":{"type":"Point","coordinates":[-123.90824545747654,45.712019786535485]}},{"type":"Feature","properties":{"kind":"home","county":"Tillamook","class":"","situs":"11497 FERN WAY","acres":0.2},"geometry":{"type":"Point","coordinates":[-123.90842418680425,45.712427041274594]}},{"type":"Feature","properties":{"kind":"home","county":"Tillamook","class":"","situs":"11499 FERN WAY","acres":0.2},"geometry":{"type":"Point","coordinates":[-123.90815318813574,45.71242250257314]}},{"type":"Feature","properties":{"kind":"home","county":"Tillamook","class":"","situs":"10005 EFFENBERGER RD","acres":0.0},"geometry":{"type":"Point","coordinates":[-123.92691549563278,45.722900618343694]}},{"type":"Feature","properties":{"kind":"home","county":"Tillamook","class":"","situs":"36765 101 HWY N","acres":0.0},"geometry":{"type":"Point","coordinates":[-123.92775337276224,45.72130543541256]}},{"type":"Feature","properties":{"kind":"home","county":"Tillamook","class":"","situs":"37175 HWY 101  N","acres":0.0},"geometry":{"type":"Point","coordinates":[-123.92795668603492,45.72222315366024]}},{"type":"Feature","properties":{"kind":"home","county":"Tillamook","class":"","situs":"36725 HWY 101  N","acres":0.0},"geometry":{"type":"Point","coordinates":[-123.92616657903872,45.72034886175991]}},{"type":"Feature","properties":{"kind":"home","county":"Tillamook","class":"","situs":"36725 HWY 101  N","acres":0.0},"geometry":{"type":"Point","coordinates":[-123.92628576190374,45.719934254776]}},{"type":"Feature","properties":{"kind":"home","county":"Tillamook","class":"","situs":"9395 SANDPIPER LN","acres":0.0},"geometry":{"type":"Point","coordinates":[-123.93213622972206,45.70197442927387]}},{"type":"Feature","properties":{"kind":"home","county":"Tillamook","class":"","situs":"34995 TOHL AVE","acres":0.0},"geometry":{"type":"Point","coordinates":[-123.90757436003894,45.71133727901216]}},{"type":"Feature","properties":{"kind":"home","county":"Tillamook","class":"","situs":"34085 MALLARD CIR","acres":0.0},"geometry":{"type":"Point","coordinates":[-123.91395387528787,45.710693493142145]}},{"type":"Feature","properties":{"kind":"home","county":"Tillamook","class":"","situs":"34075 MALLARD CIR","acres":0.0},"geometry":{"type":"Point","coordinates":[-123.91374548478471,45.71059390226014]}},{"type":"Feature","properties":{"kind":"home","county":"Tillamook","class":"","situs":"34065 MALLARD CIR","acres":0.0},"geometry":{"type":"Point","coordinates":[-123.91362070370698,45.71044471938581]}},{"type":"Feature","properties":{"kind":"home","county":"Tillamook","class":"","situs":"11260 OCEAN WAY","acres":0.0},"geometry":{"type":"Point","coordinates":[-123.91325101424675,45.71041912039168]}},{"type":"Feature","properties":{"kind":"home","county":"Tillamook","class":"","situs":"34080 PINTAIL AVE","acres":0.0},"geometry":{"type":"Point","coordinates":[-123.91324886465632,45.71068240358984]}},{"type":"Feature","properties":{"kind":"home","county":"Tillamook","class":"","situs":"34075 PINTAIL AVE","acres":0.0},"geometry":{"type":"Point","coordinates":[-123.91272154135243,45.710548645323044]}},{"type":"Feature","properties":{"kind":"home","county":"Tillamook","class":"","situs":"34065 PINTAIL AVE","acres":0.0},"geometry":{"type":"Point","coordinates":[-123.9127225702663,45.71041700589917]}},{"type":"Feature","properties":{"kind":"home","county":"Tillamook","class":"","situs":"34050 MALLARD AVE","acres":0.0},"geometry":{"type":"Point","coordinates":[-123.91415416245276,45.710082709086095]}},{"type":"Feature","properties":{"kind":"home","county":"Tillamook","class":"","situs":"34040 MALLARD AVE","acres":0.0},"geometry":{"type":"Point","coordinates":[-123.91415543506828,45.709918163990906]}},{"type":"Feature","properties":{"kind":"home","county":"Tillamook","class":"","situs":"34030 MALLARD AVE","acres":0.0},"geometry":{"type":"Point","coordinates":[-123.91415668374519,45.70975361461515]}},{"type":"Feature","properties":{"kind":"home","county":"Tillamook","class":"","situs":"34020 MALLARD AVE","acres":0.0},"geometry":{"type":"Point","coordinates":[-123.91415792957025,45.709589065523396]}},{"type":"Feature","properties":{"kind":"home","county":"Tillamook","class":"","situs":"34010 MALLARD AVE","acres":0.0},"geometry":{"type":"Point","coordinates":[-123.91415917742894,45.709424516992875]}},{"type":"Feature","properties":{"kind":"home","county":"Tillamook","class":"","situs":"34000 MALLARD AVE","acres":0.0},"geometry":{"type":"Point","coordinates":[-123.91416042278011,45.709259967631944]}},{"type":"Feature","properties":{"kind":"home","county":"Tillamook","class":"","situs":"33180 MALLARD AVE","acres":0.0},"geometry":{"type":"Point","coordinates":[-123.91416291933136,45.70893086746479]}},{"type":"Feature","properties":{"kind":"home","county":"Tillamook","class":"","situs":"11205 NEPTUNE WAY","acres":0.0},"geometry":{"type":"Point","coordinates":[-123.91423934720899,45.70853349811375]}},{"type":"Feature","properties":{"kind":"home","county":"Tillamook","class":"","situs":"11215 NEPTUNE WAY","acres":0.0},"geometry":{"type":"Point","coordinates":[-123.9140142672969,45.70853265966585]}},{"type":"Feature","properties":{"kind":"home","county":"Tillamook","class":"","situs":"11255 NEPTUNE WAY","acres":0.0},"geometry":{"type":"Point","coordinates":[-123.9135641041593,45.70853098093376]}},{"type":"Feature","properties":{"kind":"home","county":"Tillamook","class":"","situs":"33185 MALLARD AVE","acres":0.0},"geometry":{"type":"Point","coordinates":[-123.91363447541531,45.708928913579484]}},{"type":"Feature","properties":{"kind":"home","county":"Tillamook","class":"","situs":"33195 MALLARD AVE","acres":0.0},"geometry":{"type":"Point","coordinates":[-123.91363322505038,45.709093461377456]}},{"type":"Feature","properties":{"kind":"home","county":"Tillamook","class":"","situs":"34005 MALLARD AVE","acres":0.0},"geometry":{"type":"Point","coordinates":[-123.91363197568664,45.70925800987555]}},{"type":"Feature","properties":{"kind":"home","county":"Tillamook","class":"","situs":"34015 MALLARD AVE","acres":0.0},"geometry":{"type":"Point","coordinates":[-123.91363072540754,45.70942255791836]}},{"type":"Feature","properties":{"kind":"home","county":"Tillamook","class":"","situs":"34025 MALLARD AVE","acres":0.0},"geometry":{"type":"Point","coordinates":[-123.91362947649554,45.70958710448972]}},{"type":"Feature","properties":{"kind":"home","county":"Tillamook","class":"","situs":"34035 MALLARD AVE","acres":0.0},"geometry":{"type":"Point","coordinates":[-123.91362822720608,45.70975165219086]}},{"type":"Feature","properties":{"kind":"home","county":"Tillamook","class":"","situs":"34045 MALLARD AVE","acres":0.0},"geometry":{"type":"Point","coordinates":[-123.91362697784601,45.709916199686624]}},{"type":"Feature","properties":{"kind":"home","county":"Tillamook","class":"","situs":"34055 MALLARD AVE","acres":0.0},"geometry":{"type":"Point","coordinates":[-123.91362572777743,45.710080746923815]}},{"type":"Feature","properties":{"kind":"home","county":"Tillamook","class":"","situs":"34050 PINTAIL AVE","acres":0.0},"geometry":{"type":"Point","coordinates":[-123.91325389433662,45.71007926414291]}},{"type":"Feature","properties":{"kind":"home","county":"Tillamook","class":"","situs":"34040 PINTAIL AVE","acres":0.0},"geometry":{"type":"Point","coordinates":[-123.9132552378498,45.70991471665793]}},{"type":"Feature","properties":{"kind":"home","county":"Tillamook","class":"","situs":"34020 PINTAIL AVE","acres":0.0},"geometry":{"type":"Point","coordinates":[-123.91325792462784,45.70958562153615]}},{"type":"Feature","properties":{"kind":"home","county":"Tillamook","class":"","situs":"34010 PINTAIL AVE","acres":0.0},"geometry":{"type":"Point","coordinates":[-123.91325937956934,45.70940736352354]}},{"type":"Feature","properties":{"kind":"home","county":"Tillamook","class":"","situs":"34000 PINTAIL AVE","acres":0.0},"geometry":{"type":"Point","coordinates":[-123.91326094561207,45.70921539105832]}},{"type":"Feature","properties":{"kind":"home","county":"Tillamook","class":"","situs":"33180 PINTAIL AVE","acres":0.0},"geometry":{"type":"Point","coordinates":[-123.91328511122788,45.708983559066844]}},{"type":"Feature","properties":{"kind":"home","county":"Tillamook","class":"","situs":"33165 PINTAIL AVE","acres":0.0},"geometry":{"type":"Point","coordinates":[-123.91305269681806,45.70863838758812]}},{"type":"Feature","properties":{"kind":"home","county":"Tillamook","class":"","situs":"33175 PINTAIL AVE","acres":0.0},"geometry":{"type":"Point","coordinates":[-123.91287817280279,45.70874992461238]}},{"type":"Feature","properties":{"kind":"home","county":"Tillamook","class":"","situs":"34005 PINTAIL AVE","acres":0.0},"geometry":{"type":"Point","coordinates":[-123.91272866499857,45.7092255518808]}},{"type":"Feature","properties":{"kind":"home","county":"Tillamook","class":"","situs":"34015 PINTAIL AVE","acres":0.0},"geometry":{"type":"Point","coordinates":[-123.91273146895935,45.709391378981195]}},{"type":"Feature","properties":{"kind":"home","county":"Tillamook","class":"","situs":"34035 PINTAIL AVE","acres":0.0},"geometry":{"type":"Point","coordinates":[-123.91272835631743,45.70974789798753]}},{"type":"Feature","properties":{"kind":"home","county":"Tillamook","class":"","situs":"34045 PINTAIL AVE","acres":0.0},"geometry":{"type":"Point","coordinates":[-123.91272619823117,45.70999471941097]}},{"type":"Feature","properties":{"kind":"home","county":"Tillamook","class":"","situs":"34040 WOOD DUCK AVE","acres":0.0},"geometry":{"type":"Point","coordinates":[-123.9123550414578,45.709910851724246]}},{"type":"Feature","properties":{"kind":"home","county":"Tillamook","class":"","situs":"11325 BANTAILED PIGEON WAY","acres":0.0},"geometry":{"type":"Point","coordinates":[-123.9124282810411,45.70936951098145]}},{"type":"Feature","properties":{"kind":"home","county":"Tillamook","class":"","situs":"11335 BANTAILED PIGEON WAY","acres":0.0},"geometry":{"type":"Point","coordinates":[-123.91219241798225,45.70937120568501]}},{"type":"Feature","properties":{"kind":"home","county":"Tillamook","class":"","situs":"34025 WOOD DUCK AVE","acres":0.0},"geometry":{"type":"Point","coordinates":[-123.91184337290365,45.70957800484408]}},{"type":"Feature","properties":{"kind":"home","county":"Tillamook","class":"","situs":"34035 WOOD DUCK AVE","acres":0.0},"geometry":{"type":"Point","coordinates":[-123.91182795758756,45.70975089203165]}},{"type":"Feature","properties":{"kind":"home","county":"Tillamook","class":"","situs":"34039 WOOD DUCK AVE","acres":0.0},"geometry":{"type":"Point","coordinates":[-123.9118263988197,45.70992915057662]}},{"type":"Feature","properties":{"kind":"home","county":"Tillamook","class":"","situs":"34055 WOOD DUCK AVE","acres":0.0},"geometry":{"type":"Point","coordinates":[-123.911824836959,45.71010740990839]}},{"type":"Feature","properties":{"kind":"home","county":"Tillamook","class":"","situs":"34065 WOOD DUCK AVE","acres":0.0},"geometry":{"type":"Point","coordinates":[-123.91182239130885,45.71039136136563]}},{"type":"Feature","properties":{"kind":"home","county":"Tillamook","class":"","situs":"34075 WOOD DUCK AVE","acres":0.0},"geometry":{"type":"Point","coordinates":[-123.91182112898134,45.710561501231055]}},{"type":"Feature","properties":{"kind":"home","county":"Tillamook","class":"","situs":"34085 WOOD DUCK AVE","acres":0.0},"geometry":{"type":"Point","coordinates":[-123.9118198533837,45.71073153364423]}},{"type":"Feature","properties":{"kind":"home","county":"Tillamook","class":"","situs":"34095 WOOD DUCK AVE","acres":0.0},"geometry":{"type":"Point","coordinates":[-123.91181857735606,45.710901564719016]}},{"type":"Feature","properties":{"kind":"home","county":"Tillamook","class":"","situs":"34105 WOOD DUCK AVE","acres":0.0},"geometry":{"type":"Point","coordinates":[-123.91179456325868,45.711080779929766]}},{"type":"Feature","properties":{"kind":"home","county":"Tillamook","class":"","situs":"34115 WOOD DUCK AVE","acres":0.0},"geometry":{"type":"Point","coordinates":[-123.91186666368446,45.711253413808315]}},{"type":"Feature","properties":{"kind":"home","county":"Tillamook","class":"","situs":"34160 PINTAIL AVE","acres":0.0},"geometry":{"type":"Point","coordinates":[-123.91211234163985,45.71130165822334]}},{"type":"Feature","properties":{"kind":"home","county":"Tillamook","class":"","situs":"34140 PINTAIL AVE","acres":0.0},"geometry":{"type":"Point","coordinates":[-123.91259262978353,45.711288275315304]}},{"type":"Feature","properties":{"kind":"home","county":"Tillamook","class":"","situs":"34130 PINTAIL AVE","acres":0.0},"geometry":{"type":"Point","coordinates":[-123.91281252812887,45.71129590605912]}},{"type":"Feature","properties":{"kind":"home","county":"Tillamook","class":"","situs":"34120 PINTAIL AVE","acres":0.0},"geometry":{"type":"Point","coordinates":[-123.91308526434526,45.71130361777853]}},{"type":"Feature","properties":{"kind":"home","county":"Tillamook","class":"","situs":"34110 PINTAIL AVE","acres":0.0},"geometry":{"type":"Point","coordinates":[-123.9132745539117,45.71120358185674]}},{"type":"Feature","properties":{"kind":"home","county":"Tillamook","class":"","situs":"34100 PINTAIL AVE","acres":0.0},"geometry":{"type":"Point","coordinates":[-123.91327355258838,45.71100599098042]}},{"type":"Feature","properties":{"kind":"home","county":"Tillamook","class":"","situs":"34090 PINTAIL AVE","acres":0.0},"geometry":{"type":"Point","coordinates":[-123.9132627216628,45.710843648015874]}},{"type":"Feature","properties":{"kind":"home","county":"Tillamook","class":"","situs":"34095 PINTAIL AVE","acres":0.0},"geometry":{"type":"Point","coordinates":[-123.91271964182323,45.71081163032589]}},{"type":"Feature","properties":{"kind":"home","county":"Tillamook","class":"","situs":"34105 PINTAIL AVE","acres":0.0},"geometry":{"type":"Point","coordinates":[-123.91271866055855,45.710943269353265]}},{"type":"Feature","properties":{"kind":"home","county":"Tillamook","class":"","situs":"34090 WOOD DUCK AVE","acres":0.0},"geometry":{"type":"Point","coordinates":[-123.91234689433628,45.710925448434324]}},{"type":"Feature","properties":{"kind":"home","county":"Tillamook","class":"","situs":"34080 WOOD DUCK AVE","acres":0.0},"geometry":{"type":"Point","coordinates":[-123.91234812494969,45.7107608998671]}},{"type":"Feature","properties":{"kind":"home","county":"Tillamook","class":"","situs":"34070 WOOD DUCK AVE","acres":0.0},"geometry":{"type":"Point","coordinates":[-123.91234935758324,45.71059635243801]}},{"type":"Feature","properties":{"kind":"home","county":"Tillamook","class":"","situs":"34060 WOOD DUCK AVE","acres":0.0},"geometry":{"type":"Point","coordinates":[-123.91235054518123,45.71043186024231]}},{"type":"Feature","properties":{"kind":"home","county":"Tillamook","class":"","situs":"34950 BAYSIDE GARDENS RD","acres":0.0},"geometry":{"type":"Point","coordinates":[-123.91475109662872,45.71073254787337]}},{"type":"Feature","properties":{"kind":"home","county":"Tillamook","class":"","situs":"11090 OCEAN WAY","acres":0.0},"geometry":{"type":"Point","coordinates":[-123.91476033362903,45.7104553878589]}},{"type":"Feature","properties":{"kind":"home","county":"Tillamook","class":"","situs":"11070 OCEAN WAY","acres":0.0},"geometry":{"type":"Point","coordinates":[-123.9151818555938,45.71059518003826]}},{"type":"Feature","properties":{"kind":"home","county":"Tillamook","class":"","situs":"11040 OCEAN WAY","acres":0.0},"geometry":{"type":"Point","coordinates":[-123.91584681844846,45.71059898147469]}},{"type":"Feature","properties":{"kind":"home","county":"Tillamook","class":"","situs":"11010 OCEAN WAY","acres":0.0},"geometry":{"type":"Point","coordinates":[-123.91658213810936,45.71067724768583]}},{"type":"Feature","properties":{"kind":"home","county":"Tillamook","class":"","situs":"11020 OCEAN WAY","acres":0.0},"geometry":{"type":"Point","coordinates":[-123.91633897689842,45.71059939417404]}},{"type":"Feature","properties":{"kind":"home","county":"Tillamook","class":"","situs":"11030 OCEAN WAY","acres":0.0},"geometry":{"type":"Point","coordinates":[-123.91614322292256,45.710598722666866]}},{"type":"Feature","properties":{"kind":"home","county":"Tillamook","class":"","situs":"34700 ROSEMARY LN","acres":0.0},"geometry":{"type":"Point","coordinates":[-123.91683470618584,45.7104365851018]}},{"type":"Feature","properties":{"kind":"home","county":"Tillamook","class":"","situs":"34800 ROSEMARY LN","acres":0.0},"geometry":{"type":"Point","coordinates":[-123.91701585335603,45.710558813705276]}},{"type":"Feature","properties":{"kind":"home","county":"Tillamook","class":"","situs":"35010 ROSEMARY LN","acres":0.0},"geometry":{"type":"Point","coordinates":[-123.91826469431922,45.710773939307145]}},{"type":"Feature","properties":{"kind":"home","county":"Tillamook","class":"","situs":"34705 ROSEMARY LN","acres":0.0},"geometry":{"type":"Point","coordinates":[-123.91754967359711,45.71046168962526]}},{"type":"Feature","properties":{"kind":"home","county":"Tillamook","class":"","situs":"10915 OCEAN WAY","acres":0.0},"geometry":{"type":"Point","coordinates":[-123.91714639450889,45.709934538236716]}},{"type":"Feature","properties":{"kind":"home","county":"Tillamook","class":"","situs":"11075 OCEAN WAY","acres":0.0},"geometry":{"type":"Point","coordinates":[-123.91520528502299,45.709931974615415]}},{"type":"Feature","properties":{"kind":"home","county":"Tillamook","class":"","situs":"11095 OCEAN WAY","acres":0.0},"geometry":{"type":"Point","coordinates":[-123.91478989359847,45.71011258484198]}},{"type":"Feature","properties":{"kind":"home","county":"Tillamook","class":"","situs":"34870 BAYSIDE GARDENS RD","acres":0.0},"geometry":{"type":"Point","coordinates":[-123.91479599007133,45.70992752364026]}},{"type":"Feature","properties":{"kind":"home","county":"Tillamook","class":"","situs":"34830 BAYSIDE GARDENS RD","acres":0.0},"geometry":{"type":"Point","coordinates":[-123.9148019178869,45.70974528210896]}},{"type":"Feature","properties":{"kind":"home","county":"Tillamook","class":"","situs":"34820 BAYSIDE GARDENS RD","acres":0.0},"geometry":{"type":"Point","coordinates":[-123.91488759255341,45.7095769862172]}},{"type":"Feature","properties":{"kind":"home","county":"Tillamook","class":"","situs":"11090 NEPTUNE WAY","acres":0.0},"geometry":{"type":"Point","coordinates":[-123.91472292850837,45.709222539053144]}},{"type":"Feature","properties":{"kind":"home","county":"Tillamook","class":"","situs":"34810 BAYSIDE GARDENS RD","acres":0.0},"geometry":{"type":"Point","coordinates":[-123.9148924955558,45.709423326413024]}},{"type":"Feature","properties":{"kind":"home","county":"Tillamook","class":"","situs":"11082 NEPTUNE WAY","acres":0.0},"geometry":{"type":"Point","coordinates":[-123.91501651319172,45.70922360089764]}},{"type":"Feature","properties":{"kind":"home","county":"Tillamook","class":"","situs":"10810 NEPTUNE WAY","acres":0.0},"geometry":{"type":"Point","coordinates":[-123.91811378258069,45.70924931745169]}},{"type":"Feature","properties":{"kind":"home","county":"Tillamook","class":"","situs":"10770 NEPTUNE WAY","acres":0.0},"geometry":{"type":"Point","coordinates":[-123.91833188970566,45.70925463861858]}},{"type":"Feature","properties":{"kind":"home","county":"Tillamook","class":"","situs":"10750 NEPTUNE WAY","acres":0.0},"geometry":{"type":"Point","coordinates":[-123.91855501288646,45.709255534706664]}},{"type":"Feature","properties":{"kind":"home","county":"Tillamook","class":"","situs":"10720 NEPTUNE PL","acres":0.0},"geometry":{"type":"Point","coordinates":[-123.91877637110154,45.70925642552996]}},{"type":"Feature","properties":{"kind":"home","county":"Tillamook","class":"","situs":"10700 NEPTUNE WAY","acres":0.0},"geometry":{"type":"Point","coordinates":[-123.9189987842161,45.709256996453256]}},{"type":"Feature","properties":{"kind":"home","county":"Tillamook","class":"","situs":"10715 NEPTUNE WAY","acres":0.0},"geometry":{"type":"Point","coordinates":[-123.91895060326726,45.70891816265864]}},{"type":"Feature","properties":{"kind":"home","county":"Tillamook","class":"","situs":"34700 NEPTUNE CT","acres":0.0},"geometry":{"type":"Point","coordinates":[-123.91895306660184,45.70876241261085]}},{"type":"Feature","properties":{"kind":"home","county":"Tillamook","class":"","situs":"34680 NEPTUNE CT","acres":0.0},"geometry":{"type":"Point","coordinates":[-123.91893483349105,45.70862228420618]}},{"type":"Feature","properties":{"kind":"home","county":"Tillamook","class":"","situs":"34660 NEPTUNE CT","acres":0.0},"geometry":{"type":"Point","coordinates":[-123.9188813191145,45.70850014874828]}},{"type":"Feature","properties":{"kind":"home","county":"Tillamook","class":"","situs":"34640 NEPTUNE CT","acres":0.0},"geometry":{"type":"Point","coordinates":[-123.91875660635608,45.708357779429086]}},{"type":"Feature","properties":{"kind":"home","county":"Tillamook","class":"","situs":"34620 NEPTUNE CT","acres":0.0},"geometry":{"type":"Point","coordinates":[-123.91852819817069,45.70825003227537]}},{"type":"Feature","properties":{"kind":"home","county":"Tillamook","class":"","situs":"34665 NEPTUNE CT","acres":0.0},"geometry":{"type":"Point","coordinates":[-123.91826783147904,45.708386277938665]}},{"type":"Feature","properties":{"kind":"home","county":"Tillamook","class":"","situs":"34705 NEPTUNE CT","acres":0.0},"geometry":{"type":"Point","coordinates":[-123.91842802103139,45.70875223224081]}},{"type":"Feature","properties":{"kind":"home","county":"Tillamook","class":"","situs":"34725 NEPTUNE CT","acres":0.0},"geometry":{"type":"Point","coordinates":[-123.91845484351396,45.70891559331387]}},{"type":"Feature","properties":{"kind":"home","county":"Tillamook","class":"","situs":"10788 NEPTUNE WAY","acres":0.0},"geometry":{"type":"Point","coordinates":[-123.91813934170956,45.70889069867002]}},{"type":"Feature","properties":{"kind":"home","county":"Tillamook","class":"","situs":"34055 NECARNEY CITY RD","acres":0.0},"geometry":{"type":"Point","coordinates":[-123.92011966095636,45.710146727542835]}},{"type":"Feature","properties":{"kind":"home","county":"Tillamook","class":"","situs":"34610 CREEKSIDE DR","acres":0.0},"geometry":{"type":"Point","coordinates":[-123.92058129761134,45.70903566886569]}},{"type":"Feature","properties":{"kind":"home","county":"Tillamook","class":"","situs":"34620 CREEKSIDE DR","acres":0.0},"geometry":{"type":"Point","coordinates":[-123.92058343364296,45.70917895626072]}},{"type":"Feature","properties":{"kind":"home","county":"Tillamook","class":"","situs":"34630 CREEKSIDE DR","acres":0.0},"geometry":{"type":"Point","coordinates":[-123.92058090085878,45.709321555874865]}},{"type":"Feature","properties":{"kind":"home","county":"Tillamook","class":"","situs":"34650 CREEKSIDE DR","acres":0.0},"geometry":{"type":"Point","coordinates":[-123.92058773602884,45.709630489505265]}},{"type":"Feature","properties":{"kind":"home","county":"Tillamook","class":"","situs":"10550 MEADOW LARK LN","acres":0.0},"geometry":{"type":"Point","coordinates":[-123.92023943108904,45.70987459512388]}},{"type":"Feature","properties":{"kind":"home","county":"Tillamook","class":"","situs":"10560 MEADOW LARK LN","acres":0.0},"geometry":{"type":"Point","coordinates":[-123.92002023356947,45.70987244725759]}},{"type":"Feature","properties":{"kind":"home","county":"Tillamook","class":"","situs":"10570 MEADOW LARK LN","acres":0.0},"geometry":{"type":"Point","coordinates":[-123.91980103107772,45.70987030302576]}},{"type":"Feature","properties":{"kind":"home","county":"Tillamook","class":"","situs":"10580 MEADOW LARK LN","acres":0.0},"geometry":{"type":"Point","coordinates":[-123.91958183308867,45.70986815041512]}},{"type":"Feature","properties":{"kind":"home","county":"Tillamook","class":"","situs":"10590 MEADOW LARK LN","acres":0.0},"geometry":{"type":"Point","coordinates":[-123.91936291379069,45.7098671527088]}},{"type":"Feature","properties":{"kind":"home","county":"Tillamook","class":"","situs":"10595 MEADOW LARK LN","acres":0.0},"geometry":{"type":"Point","coordinates":[-123.91936516425679,45.70948589683719]}},{"type":"Feature","properties":{"kind":"home","county":"Tillamook","class":"","situs":"10585 MEADOW LARK LN","acres":0.0},"geometry":{"type":"Point","coordinates":[-123.91956056131197,45.70948867325684]}},{"type":"Feature","properties":{"kind":"home","county":"Tillamook","class":"","situs":"10575 MEADOW LARK LN","acres":0.0},"geometry":{"type":"Point","coordinates":[-123.91974907291298,45.70949031471861]}},{"type":"Feature","properties":{"kind":"home","county":"Tillamook","class":"","situs":"10565 MEADOW LARK LN","acres":0.0},"geometry":{"type":"Point","coordinates":[-123.91993758387441,45.70949196131984]}},{"type":"Feature","properties":{"kind":"home","county":"Tillamook","class":"","situs":"10555 MEADOW LARK LN","acres":0.0},"geometry":{"type":"Point","coordinates":[-123.92013280111763,45.70949242374718]}},{"type":"Feature","properties":{"kind":"home","county":"Tillamook","class":"","situs":"10650 NEPTUNE WAY","acres":0.0},"geometry":{"type":"Point","coordinates":[-123.92013781884853,45.70921013174223]}},{"type":"Feature","properties":{"kind":"home","county":"Tillamook","class":"","situs":"10660 NEPTUNE WAY","acres":0.0},"geometry":{"type":"Point","coordinates":[-123.91994264875588,45.70920716778356]}},{"type":"Feature","properties":{"kind":"home","county":"Tillamook","class":"","situs":"10670 NEPTUNE WAY","acres":0.0},"geometry":{"type":"Point","coordinates":[-123.91975413705087,45.70920550709045]}},{"type":"Feature","properties":{"kind":"home","county":"Tillamook","class":"","situs":"10680 NEPTUNE WAY","acres":0.0},"geometry":{"type":"Point","coordinates":[-123.9195656282105,45.70920384517582]}},{"type":"Feature","properties":{"kind":"home","county":"Tillamook","class":"","situs":"34670 BAYSIDE MEADOWS DR","acres":0.0},"geometry":{"type":"Point","coordinates":[-123.9193725375235,45.7092080442228]}},{"type":"Feature","properties":{"kind":"home","county":"Tillamook","class":"","situs":"34620 PINYON DR","acres":0.0},"geometry":{"type":"Point","coordinates":[-123.92596793563196,45.71032917910217]}},{"type":"Feature","properties":{"kind":"home","county":"Tillamook","class":"","situs":"34590 PINYON DR","acres":0.0},"geometry":{"type":"Point","coordinates":[-123.92594947177045,45.709906478049255]}},{"type":"Feature","properties":{"kind":"home","county":"Tillamook","class":"","situs":"34570 PINYON DR","acres":0.0},"geometry":{"type":"Point","coordinates":[-123.92590607527072,45.70951761063947]}},{"type":"Feature","properties":{"kind":"home","county":"Tillamook","class":"","situs":"34560 PINYON DR","acres":0.0},"geometry":{"type":"Point","coordinates":[-123.92588066635035,45.70931267626587]}},{"type":"Feature","properties":{"kind":"home","county":"Tillamook","class":"","situs":"34540 PINYON DR","acres":0.0},"geometry":{"type":"Point","coordinates":[-123.92582981004703,45.70890290433785]}},{"type":"Feature","properties":{"kind":"home","county":"Tillamook","class":"","situs":"34530 PINYON DR","acres":0.0},"geometry":{"type":"Point","coordinates":[-123.9258088773587,45.7086939719511]}},{"type":"Feature","properties":{"kind":"home","county":"Tillamook","class":"","situs":"34510 PINYON DR","acres":0.0},"geometry":{"type":"Point","coordinates":[-123.92564778904439,45.70828110180787]}},{"type":"Feature","properties":{"kind":"home","county":"Tillamook","class":"","situs":"34500 PINYON DR","acres":0.0},"geometry":{"type":"Point","coordinates":[-123.92556272370908,45.70807028463586]}},{"type":"Feature","properties":{"kind":"home","county":"Tillamook","class":"","situs":"34490 PINYON DR","acres":0.0},"geometry":{"type":"Point","coordinates":[-123.92551112204296,45.70783259120884]}},{"type":"Feature","properties":{"kind":"home","county":"Tillamook","class":"","situs":"34480 PINYON DR","acres":0.0},"geometry":{"type":"Point","coordinates":[-123.92538216709428,45.70763120344476]}},{"type":"Feature","properties":{"kind":"home","county":"Tillamook","class":"","situs":"34470 PINYON DR","acres":0.0},"geometry":{"type":"Point","coordinates":[-123.92507399764514,45.70763267992018]}},{"type":"Feature","properties":{"kind":"home","county":"Tillamook","class":"","situs":"34460 PINYON DR","acres":0.0},"geometry":{"type":"Point","coordinates":[-123.92479909456608,45.70761750477772]}},{"type":"Feature","properties":{"kind":"home","county":"Tillamook","class":"","situs":"34475 PINYON DR","acres":0.0},"geometry":{"type":"Point","coordinates":[-123.92490259068492,45.70801141198844]}},{"type":"Feature","properties":{"kind":"home","county":"Tillamook","class":"","situs":"34505 PINYON DR","acres":0.0},"geometry":{"type":"Point","coordinates":[-123.92503623546753,45.70821464942532]}},{"type":"Feature","properties":{"kind":"home","county":"Tillamook","class":"","situs":"34515 PINYON DR","acres":0.0},"geometry":{"type":"Point","coordinates":[-123.92511549702547,45.70841269979039]}},{"type":"Feature","properties":{"kind":"home","county":"Tillamook","class":"","situs":"34525 PINYON DR","acres":0.0},"geometry":{"type":"Point","coordinates":[-123.92520124759926,45.708609383918116]}},{"type":"Feature","properties":{"kind":"home","county":"Tillamook","class":"","situs":"34535 PINYON DR","acres":0.0},"geometry":{"type":"Point","coordinates":[-123.92524636049603,45.70880890632883]}},{"type":"Feature","properties":{"kind":"home","county":"Tillamook","class":"","situs":"34545 PINYON DR","acres":0.0},"geometry":{"type":"Point","coordinates":[-123.92527042279208,45.70901789622402]}},{"type":"Feature","properties":{"kind":"home","county":"Tillamook","class":"","situs":"10000 PINE RIDGE DR","acres":0.0},"geometry":{"type":"Point","coordinates":[-123.92497233979894,45.70992284091408]}},{"type":"Feature","properties":{"kind":"home","county":"Tillamook","class":"","situs":"9990 PINE RIDGE DR","acres":0.0},"geometry":{"type":"Point","coordinates":[-123.92494491441626,45.70971906538404]}},{"type":"Feature","properties":{"kind":"home","county":"Tillamook","class":"","situs":"9980 PINE RIDGE DR","acres":0.0},"geometry":{"type":"Point","coordinates":[-123.92491946590228,45.70951415228855]}},{"type":"Feature","properties":{"kind":"home","county":"Tillamook","class":"","situs":"9970 PINE RIDGE DR","acres":0.0},"geometry":{"type":"Point","coordinates":[-123.92489402094782,45.7093092389803]}},{"type":"Feature","properties":{"kind":"home","county":"Tillamook","class":"","situs":"9960 PINE RIDGE DR","acres":0.0},"geometry":{"type":"Point","coordinates":[-123.92486856971588,45.709104326001324]}},{"type":"Feature","properties":{"kind":"home","county":"Tillamook","class":"","situs":"9950 PINE RIDGE DR","acres":0.0},"geometry":{"type":"Point","coordinates":[-123.92484312493663,45.708899412214286]}},{"type":"Feature","properties":{"kind":"home","county":"Tillamook","class":"","situs":"9940 PINE RIDGE DR","acres":0.0},"geometry":{"type":"Point","coordinates":[-123.92481126569955,45.70868728296194]}},{"type":"Feature","properties":{"kind":"home","county":"Tillamook","class":"","situs":"9930 PINE RIDGE DR","acres":0.0},"geometry":{"type":"Point","coordinates":[-123.92471951813609,45.708473715788664]}},{"type":"Feature","properties":{"kind":"home","county":"Tillamook","class":"","situs":"9920 PINE RIDGE DR","acres":0.0},"geometry":{"type":"Point","coordinates":[-123.92461777174954,45.708262394950076]}},{"type":"Feature","properties":{"kind":"home","county":"Tillamook","class":"","situs":"34455 PINYON DR","acres":0.0},"geometry":{"type":"Point","coordinates":[-123.92452293284298,45.708007550598204]}},{"type":"Feature","properties":{"kind":"home","county":"Tillamook","class":"","situs":"34450 PINYON DR","acres":0.0},"geometry":{"type":"Point","coordinates":[-123.92452526319452,45.7076123364444]}},{"type":"Feature","properties":{"kind":"home","county":"Tillamook","class":"","situs":"34560 LODGEPOLE DR","acres":0.0},"geometry":{"type":"Point","coordinates":[-123.9242513665029,45.70760718560105]}},{"type":"Feature","properties":{"kind":"home","county":"Tillamook","class":"","situs":"34580 LODGEPOLE DR","acres":0.0},"geometry":{"type":"Point","coordinates":[-123.92370511753624,45.70759643208981]}},{"type":"Feature","properties":{"kind":"home","county":"Tillamook","class":"","situs":"34590 LODGEPOLE DR","acres":0.0},"geometry":{"type":"Point","coordinates":[-123.92340329634338,45.70758987105817]}},{"type":"Feature","properties":{"kind":"home","county":"Tillamook","class":"","situs":"34600 LODGEPOLE DR","acres":0.0},"geometry":{"type":"Point","coordinates":[-123.92308608316996,45.70762173022662]}},{"type":"Feature","properties":{"kind":"home","county":"Tillamook","class":"","situs":"34595 LODGEPOLE DR","acres":0.0},"geometry":{"type":"Point","coordinates":[-123.92344002340998,45.70797042953184]}},{"type":"Feature","properties":{"kind":"home","county":"Tillamook","class":"","situs":"34585 LODGEPOLE DR","acres":0.0},"geometry":{"type":"Point","coordinates":[-123.92373548396733,45.70800705414888]}},{"type":"Feature","properties":{"kind":"home","county":"Tillamook","class":"","situs":"34575 LODGEPOLE DR","acres":0.0},"geometry":{"type":"Point","coordinates":[-123.92402110316,45.70800566883159]}},{"type":"Feature","properties":{"kind":"home","county":"Tillamook","class":"","situs":"9915 PINE RIDGE DR","acres":0.0},"geometry":{"type":"Point","coordinates":[-123.92403429611004,45.70825002612899]}},{"type":"Feature","properties":{"kind":"home","county":"Tillamook","class":"","situs":"9925 PINE RIDGE DR","acres":0.0},"geometry":{"type":"Point","coordinates":[-123.92412636064618,45.708458775137416]}},{"type":"Feature","properties":{"kind":"home","county":"Tillamook","class":"","situs":"9945 PINE RIDGE DR","acres":0.0},"geometry":{"type":"Point","coordinates":[-123.9242698663119,45.70887143324521]}},{"type":"Feature","properties":{"kind":"home","county":"Tillamook","class":"","situs":"9955 PINE RIDGE DR","acres":0.0},"geometry":{"type":"Point","coordinates":[-123.92429533520979,45.709076338076486]}},{"type":"Feature","properties":{"kind":"home","county":"Tillamook","class":"","situs":"9965 PINE RIDGE DR","acres":0.0},"geometry":{"type":"Point","coordinates":[-123.92432078320793,45.709281251423775]}},{"type":"Feature","properties":{"kind":"home","county":"Tillamook","class":"","situs":"9975 PINE RIDGE DR","acres":0.0},"geometry":{"type":"Point","coordinates":[-123.92434400359448,45.70948527983552]}},{"type":"Feature","properties":{"kind":"home","county":"Tillamook","class":"","situs":"34815 LODGEPOLE DR","acres":0.0},"geometry":{"type":"Point","coordinates":[-123.92406409357692,45.70991060936269]}},{"type":"Feature","properties":{"kind":"home","county":"Tillamook","class":"","situs":"9970 SHORE PINE LN","acres":0.0},"geometry":{"type":"Point","coordinates":[-123.92393699468234,45.70951938316524]}},{"type":"Feature","properties":{"kind":"home","county":"Tillamook","class":"","situs":"9960 SHORE PINE LN","acres":0.0},"geometry":{"type":"Point","coordinates":[-123.92391384089508,45.70932670077766]}},{"type":"Feature","properties":{"kind":"home","county":"Tillamook","class":"","situs":"9950 SHORE PINE LN","acres":0.0},"geometry":{"type":"Point","coordinates":[-123.92389009227811,45.70913544889991]}},{"type":"Feature","properties":{"kind":"home","county":"Tillamook","class":"","situs":"9940 SHORE PINE LN","acres":0.0},"geometry":{"type":"Point","coordinates":[-123.92386634412547,45.70894419754772]}},{"type":"Feature","properties":{"kind":"home","county":"Tillamook","class":"","situs":"9930 SHORE PINE LN","acres":0.0},"geometry":{"type":"Point","coordinates":[-123.92383722679928,45.70873938099463]}},{"type":"Feature","properties":{"kind":"home","county":"Tillamook","class":"","situs":"9920 SHORE PINE LN","acres":0.0},"geometry":{"type":"Point","coordinates":[-123.9237510892551,45.70851779168289]}},{"type":"Feature","properties":{"kind":"home","county":"Tillamook","class":"","situs":"9910 SHORE PINE LN","acres":0.0},"geometry":{"type":"Point","coordinates":[-123.92361247007727,45.708319121552925]}},{"type":"Feature","properties":{"kind":"home","county":"Tillamook","class":"","situs":"9900 SHORE PINE LN","acres":0.0},"geometry":{"type":"Point","coordinates":[-123.92334829578309,45.70820453392992]}},{"type":"Feature","properties":{"kind":"home","county":"Tillamook","class":"","situs":"9890 SHORE PINE LN","acres":0.0},"geometry":{"type":"Point","coordinates":[-123.92308336855447,45.70809055887551]}},{"type":"Feature","properties":{"kind":"home","county":"Tillamook","class":"","situs":"34610 LODGEPOLE DR","acres":0.0},"geometry":{"type":"Point","coordinates":[-123.92282365241478,45.70775562143347]}},{"type":"Feature","properties":{"kind":"home","county":"Tillamook","class":"","situs":"34620 LODGEPOLE DR","acres":0.0},"geometry":{"type":"Point","coordinates":[-123.92259029290774,45.70792124105947]}},{"type":"Feature","properties":{"kind":"home","county":"Tillamook","class":"","situs":"9850 SHORE PINE CT","acres":0.0},"geometry":{"type":"Point","coordinates":[-123.92254338781824,45.70761710377819]}},{"type":"Feature","properties":{"kind":"home","county":"Tillamook","class":"","situs":"9840 SHORE PINE CT","acres":0.0},"geometry":{"type":"Point","coordinates":[-123.92219058614755,45.70759073836488]}},{"type":"Feature","properties":{"kind":"home","county":"Tillamook","class":"","situs":"9830 SHORE PINE CT","acres":0.0},"geometry":{"type":"Point","coordinates":[-123.92188258702588,45.70768974928548]}},{"type":"Feature","properties":{"kind":"home","county":"Tillamook","class":"","situs":"9845 SHORE PINE CT","acres":0.0},"geometry":{"type":"Point","coordinates":[-123.92173229335766,45.70794842758293]}},{"type":"Feature","properties":{"kind":"home","county":"Tillamook","class":"","situs":"9855 SHORE PINE CT","acres":0.0},"geometry":{"type":"Point","coordinates":[-123.92190729505263,45.70825497007108]}},{"type":"Feature","properties":{"kind":"home","county":"Tillamook","class":"","situs":"34655 LODGEPOLE DR","acres":0.0},"geometry":{"type":"Point","coordinates":[-123.92222439291884,45.708394555041664]}},{"type":"Feature","properties":{"kind":"home","county":"Tillamook","class":"","situs":"34665 LODGEPOLE DR","acres":0.0},"geometry":{"type":"Point","coordinates":[-123.92220454767885,45.7085810129258]}},{"type":"Feature","properties":{"kind":"home","county":"Tillamook","class":"","situs":"34675 LODGEPOLE DR","acres":0.0},"geometry":{"type":"Point","coordinates":[-123.92228870057676,45.70877222249237]}},{"type":"Feature","properties":{"kind":"home","county":"Tillamook","class":"","situs":"34685 LODGEPOLE DR","acres":0.0},"geometry":{"type":"Point","coordinates":[-123.92231718459284,45.708964695567744]}},{"type":"Feature","properties":{"kind":"home","county":"Tillamook","class":"","situs":"34695 LODGEPOLE DR","acres":0.0},"geometry":{"type":"Point","coordinates":[-123.92234092064304,45.70915593895038]}},{"type":"Feature","properties":{"kind":"home","county":"Tillamook","class":"","situs":"34705 LODGEPOLE DR","acres":0.0},"geometry":{"type":"Point","coordinates":[-123.92236465716299,45.709347181925175]}},{"type":"Feature","properties":{"kind":"home","county":"Tillamook","class":"","situs":"34725 LODGEPOLE DR","acres":0.0},"geometry":{"type":"Point","coordinates":[-123.92239007334659,45.70953806726453]}},{"type":"Feature","properties":{"kind":"home","county":"Tillamook","class":"","situs":"34735 LODGEPOLE DR","acres":0.0},"geometry":{"type":"Point","coordinates":[-123.92241324585507,45.70972899045219]}},{"type":"Feature","properties":{"kind":"home","county":"Tillamook","class":"","situs":"34745 LODGEPOLE DR","acres":0.0},"geometry":{"type":"Point","coordinates":[-123.92241536791319,45.70991228823536]}},{"type":"Feature","properties":{"kind":"home","county":"Tillamook","class":"","situs":"34755 LODGEPOLE DR","acres":0.0},"geometry":{"type":"Point","coordinates":[-123.92252704098527,45.710075137608]}},{"type":"Feature","properties":{"kind":"home","county":"Tillamook","class":"","situs":"34765 LODGEPOLE DR","acres":0.0},"geometry":{"type":"Point","coordinates":[-123.92274562787229,45.71023265041033]}},{"type":"Feature","properties":{"kind":"home","county":"Tillamook","class":"","situs":"34775 LODGEPOLE DR","acres":0.0},"geometry":{"type":"Point","coordinates":[-123.92298855617109,45.710320886789674]}},{"type":"Feature","properties":{"kind":"home","county":"Tillamook","class":"","situs":"9975 SHORE PINE LN","acres":0.0},"geometry":{"type":"Point","coordinates":[-123.92335949950824,45.70970167582915]}},{"type":"Feature","properties":{"kind":"home","county":"Tillamook","class":"","situs":"9965 SHORE PINE LN","acres":0.0},"geometry":{"type":"Point","coordinates":[-123.92336275627102,45.70947706164207]}},{"type":"Feature","properties":{"kind":"home","county":"Tillamook","class":"","situs":"9955 SHORE PINE LN","acres":0.0},"geometry":{"type":"Point","coordinates":[-123.92333900799817,45.70928580722274]}},{"type":"Feature","properties":{"kind":"home","county":"Tillamook","class":"","situs":"9945 SHORE PINE LN","acres":0.0},"geometry":{"type":"Point","coordinates":[-123.92331526261152,45.70909455178555]}},{"type":"Feature","properties":{"kind":"home","county":"Tillamook","class":"","situs":"9925 SHORE PINE LN","acres":0.0},"geometry":{"type":"Point","coordinates":[-123.92329109552526,45.708899923758786]}},{"type":"Feature","properties":{"kind":"home","county":"Tillamook","class":"","situs":"9915 SHORE PINE LN","acres":0.0},"geometry":{"type":"Point","coordinates":[-123.92326443228491,45.7087028028312]}},{"type":"Feature","properties":{"kind":"home","county":"Tillamook","class":"","situs":"9905 SHORE PINE LN","acres":0.0},"geometry":{"type":"Point","coordinates":[-123.92308652663095,45.70853975161268]}},{"type":"Feature","properties":{"kind":"home","county":"Tillamook","class":"","situs":"34670 LODGEPOLE DR","acres":0.0},"geometry":{"type":"Point","coordinates":[-123.922843054609,45.70876310350725]}},{"type":"Feature","properties":{"kind":"home","county":"Tillamook","class":"","situs":"34690 LODGEPOLE DR","acres":0.0},"geometry":{"type":"Point","coordinates":[-123.9228900969214,45.70899311042673]}},{"type":"Feature","properties":{"kind":"home","county":"Tillamook","class":"","situs":"34720 LODGEPOLE DR","acres":0.0},"geometry":{"type":"Point","coordinates":[-123.92293928908362,45.709389269403275]}},{"type":"Feature","properties":{"kind":"home","county":"Tillamook","class":"","situs":"34740 LODGEPOLE DR","acres":0.0},"geometry":{"type":"Point","coordinates":[-123.92296303725114,45.70958052148512]}},{"type":"Feature","properties":{"kind":"home","county":"Tillamook","class":"","situs":"34760 LODGEPOLE DR","acres":0.0},"geometry":{"type":"Point","coordinates":[-123.92301018519542,45.709795916372826]}},{"type":"Feature","properties":{"kind":"home","county":"Tillamook","class":"","situs":"34865 RIVERWAY DR","acres":0.0},"geometry":{"type":"Point","coordinates":[-123.89134856038591,45.70841617222151]}},{"type":"Feature","properties":{"kind":"home","county":"Tillamook","class":"","situs":"34725 RIVERWAY DR","acres":0.0},"geometry":{"type":"Point","coordinates":[-123.89098720027378,45.707331287016466]}},{"type":"Feature","properties":{"kind":"home","county":"Tillamook","class":"","situs":"34735 NEHALEM POINT DR","acres":0.0},"geometry":{"type":"Point","coordinates":[-123.8916265066584,45.70745457975621]}},{"type":"Feature","properties":{"kind":"home","county":"Tillamook","class":"","situs":"34805 RIVERWAY DR","acres":0.0},"geometry":{"type":"Point","coordinates":[-123.89183719946655,45.707985082375075]}},{"type":"Feature","properties":{"kind":"home","county":"Tillamook","class":"","situs":"34865 NEHALEM POINT DR","acres":0.0},"geometry":{"type":"Point","coordinates":[-123.89212311023994,45.70853805557552]}},{"type":"Feature","properties":{"kind":"home","county":"Tillamook","class":"","situs":"34840 NEHALEM POINT DR","acres":0.0},"geometry":{"type":"Point","coordinates":[-123.89257511310983,45.708133000179664]}},{"type":"Feature","properties":{"kind":"home","county":"Tillamook","class":"","situs":"34790 NEHALEM POINT DR","acres":0.0},"geometry":{"type":"Point","coordinates":[-123.89249040013635,45.70786516516485]}},{"type":"Feature","properties":{"kind":"home","county":"Tillamook","class":"","situs":"34750 NEHALEM POINT DR","acres":0.0},"geometry":{"type":"Point","coordinates":[-123.89238846014615,45.707603672591745]}},{"type":"Feature","properties":{"kind":"home","county":"Tillamook","class":"","situs":"34715 BAYLOOP RD","acres":0.0},"geometry":{"type":"Point","coordinates":[-123.89283750038994,45.70728028670583]}},{"type":"Feature","properties":{"kind":"home","county":"Tillamook","class":"","situs":"34775 BAYLOOP RD","acres":0.0},"geometry":{"type":"Point","coordinates":[-123.89304599625771,45.707798590634546]}},{"type":"Feature","properties":{"kind":"home","county":"Tillamook","class":"","situs":"34825 BAYLOOP RD","acres":0.0},"geometry":{"type":"Point","coordinates":[-123.89306506552431,45.7080690485268]}},{"type":"Feature","properties":{"kind":"home","county":"Tillamook","class":"","situs":"34845 BAYLOOP RD","acres":0.0},"geometry":{"type":"Point","coordinates":[-123.89305816916391,45.708346868926384]}},{"type":"Feature","properties":{"kind":"home","county":"Tillamook","class":"","situs":"34910 NEHALEM POINT DR","acres":0.3},"geometry":{"type":"Point","coordinates":[-123.89299385316474,45.70881956680947]}},{"type":"Feature","properties":{"kind":"home","county":"Tillamook","class":"","situs":"34840 BAYLOOP RD","acres":0.0},"geometry":{"type":"Point","coordinates":[-123.89378446023511,45.70840319111887]}},{"type":"Feature","properties":{"kind":"home","county":"Tillamook","class":"","situs":"34830 BAYLOOP RD","acres":0.0},"geometry":{"type":"Point","coordinates":[-123.89381551958465,45.708072702605975]}},{"type":"Feature","properties":{"kind":"home","county":"Tillamook","class":"","situs":"34790 BAYLOOP RD","acres":0.0},"geometry":{"type":"Point","coordinates":[-123.89375179822622,45.707819212153595]}},{"type":"Feature","properties":{"kind":"home","county":"Tillamook","class":"","situs":"34720 BAYLOOP RD","acres":0.0},"geometry":{"type":"Point","coordinates":[-123.89350922329595,45.707272832317386]}},{"type":"Feature","properties":{"kind":"home","county":"Tillamook","class":"","situs":"34930 NEHALEM POINT DR","acres":0.3},"geometry":{"type":"Point","coordinates":[-123.8928096973868,45.709281345459864]}},{"type":"Feature","properties":{"kind":"home","county":"Tillamook","class":"","situs":"34655 RIVERWAY DR","acres":0.0},"geometry":{"type":"Point","coordinates":[-123.89085711360273,45.70678645689734]}},{"type":"Feature","properties":{"kind":"home","county":"Tillamook","class":"","situs":"34635 RIVERWAY DR","acres":0.0},"geometry":{"type":"Point","coordinates":[-123.89079788421647,45.70651917777663]}},{"type":"Feature","properties":{"kind":"home","county":"Tillamook","class":"","situs":"34605 RIVERWAY DR","acres":0.0},"geometry":{"type":"Point","coordinates":[-123.89074339733172,45.70626822002824]}},{"type":"Feature","properties":{"kind":"home","county":"Tillamook","class":"","situs":"34745 RIVERWAY DR","acres":0.0},"geometry":{"type":"Point","coordinates":[-123.8906124779218,45.705937684413485]}},{"type":"Feature","properties":{"kind":"home","county":"Tillamook","class":"","situs":"34650 RIVERWAY DR","acres":0.0},"geometry":{"type":"Point","coordinates":[-123.89142421241769,45.70661619848541]}},{"type":"Feature","properties":{"kind":"home","county":"Tillamook","class":"","situs":"34670 BAYLOOP RD","acres":0.0},"geometry":{"type":"Point","coordinates":[-123.89293324415455,45.70674656985338]}},{"type":"Feature","properties":{"kind":"home","county":"Tillamook","class":"","situs":"34630 NEHALEM POINT DR","acres":0.0},"geometry":{"type":"Point","coordinates":[-123.8922980672429,45.706403264884656]}},{"type":"Feature","properties":{"kind":"home","county":"Tillamook","class":"","situs":"34600 NEHALEM POINT DR","acres":0.5},"geometry":{"type":"Point","coordinates":[-123.89090703235334,45.70458392612855]}},{"type":"Feature","properties":{"kind":"home","county":"Tillamook","class":"","situs":"34400 NEHALEM POINT DR","acres":0.4},"geometry":{"type":"Point","coordinates":[-123.89003515849716,45.70194004078914]}},{"type":"Feature","properties":{"kind":"home","county":"Tillamook","class":"","situs":"34500 NEHALEM POINT DR","acres":0.7},"geometry":{"type":"Point","coordinates":[-123.89117995104372,45.70324033643935]}},{"type":"Feature","properties":{"kind":"home","county":"Tillamook","class":"","situs":"34480 NEHALEM POINT DR","acres":0.3},"geometry":{"type":"Point","coordinates":[-123.89075742056616,45.70291638659421]}},{"type":"Feature","properties":{"kind":"home","county":"Tillamook","class":"","situs":"34755 HWY 53","acres":0.0},"geometry":{"type":"Point","coordinates":[-123.87049835977852,45.70822910291289]}},{"type":"Feature","properties":{"kind":"home","county":"Tillamook","class":"","situs":"34850 HWY 53","acres":0.0},"geometry":{"type":"Point","coordinates":[-123.86521531335792,45.70844421752949]}},{"type":"Feature","properties":{"kind":"home","county":"Tillamook","class":"","situs":"33555 HWY 53","acres":0.0},"geometry":{"type":"Point","coordinates":[-123.87833665630524,45.70690897575301]}},{"type":"Feature","properties":{"kind":"home","county":"Tillamook","class":"","situs":"13500 TIDELAND RD","acres":0.0},"geometry":{"type":"Point","coordinates":[-123.88720335328419,45.70726853698603]}},{"type":"Feature","properties":{"kind":"home","county":"Tillamook","class":"","situs":"14945 OLD MOHLER RD","acres":0.0},"geometry":{"type":"Point","coordinates":[-123.87519941275742,45.703092077422454]}},{"type":"Feature","properties":{"kind":"home","county":"Tillamook","class":"","situs":"14955 OLD MOHLER RD","acres":0.0},"geometry":{"type":"Point","coordinates":[-123.87630736674012,45.70157689285332]}},{"type":"Feature","properties":{"kind":"home","county":"Tillamook","class":"","situs":"15015 OLD MOHLER RD","acres":0.0},"geometry":{"type":"Point","coordinates":[-123.87292058161967,45.70350415019054]}},{"type":"Feature","properties":{"kind":"home","county":"Tillamook","class":"","situs":"15495 OLD MOHLER RD","acres":0.0},"geometry":{"type":"Point","coordinates":[-123.86954213018687,45.70474900269828]}},{"type":"Feature","properties":{"kind":"home","county":"Tillamook","class":"","situs":"34890 HWY 53","acres":0.0},"geometry":{"type":"Point","coordinates":[-123.86320485869611,45.708551670210994]}},{"type":"Feature","properties":{"kind":"home","county":"Tillamook","class":"","situs":"34895 HWY 53","acres":0.0},"geometry":{"type":"Point","coordinates":[-123.86300639848244,45.707605505690765]}},{"type":"Feature","properties":{"kind":"home","county":"Tillamook","class":"","situs":"34965 HWY 53","acres":0.0},"geometry":{"type":"Point","coordinates":[-123.86401858720818,45.707814198593326]}},{"type":"Feature","properties":{"kind":"home","county":"Tillamook","class":"","situs":"15900 OLD MOHLER RD","acres":0.0},"geometry":{"type":"Point","coordinates":[-123.86526301604552,45.70763909488597]}},{"type":"Feature","properties":{"kind":"home","county":"Tillamook","class":"","situs":"15750 OLD MOHLER RD","acres":0.0},"geometry":{"type":"Point","coordinates":[-123.8659606148263,45.70765059133923]}},{"type":"Feature","properties":{"kind":"home","county":"Tillamook","class":"","situs":"15650 OLD MOHLER RD","acres":0.0},"geometry":{"type":"Point","coordinates":[-123.86646279863683,45.707636484129885]}},{"type":"Feature","properties":{"kind":"home","county":"Tillamook","class":"","situs":"15600 OLD MOHLER RD","acres":0.0},"geometry":{"type":"Point","coordinates":[-123.86720923925884,45.70752253809216]}},{"type":"Feature","properties":{"kind":"home","county":"Tillamook","class":"","situs":"15895 OLD MOHLER RD","acres":0.0},"geometry":{"type":"Point","coordinates":[-123.86568303866667,45.70697361834042]}},{"type":"Feature","properties":{"kind":"home","county":"Tillamook","class":"","situs":"15955 OLD MOHLER RD","acres":0.0},"geometry":{"type":"Point","coordinates":[-123.86441939663949,45.70719276483398]}},{"type":"Feature","properties":{"kind":"home","county":"Tillamook","class":"","situs":"16005 OLD MOHLER RD","acres":0.0},"geometry":{"type":"Point","coordinates":[-123.8635696027755,45.706839942079945]}},{"type":"Feature","properties":{"kind":"home","county":"Tillamook","class":"","situs":"15550 OLD MOHLER RD","acres":0.0},"geometry":{"type":"Point","coordinates":[-123.86837739624119,45.70730954815354]}},{"type":"Feature","properties":{"kind":"home","county":"Tillamook","class":"","situs":"33995 MIAMI FOLEY RD","acres":0.0},"geometry":{"type":"Point","coordinates":[-123.84412300863185,45.702494934662745]}},{"type":"Feature","properties":{"kind":"home","county":"Tillamook","class":"","situs":"34000 MIAMI FOLEY RD","acres":0.0},"geometry":{"type":"Point","coordinates":[-123.84596005037791,45.70237806755023]}},{"type":"Feature","properties":{"kind":"home","county":"Tillamook","class":"","situs":"34005 MIAMI FOLEY RD","acres":0.0},"geometry":{"type":"Point","coordinates":[-123.84685454190908,45.703335893291666]}},{"type":"Feature","properties":{"kind":"home","county":"Tillamook","class":"","situs":"34105 MIAMI FOLEY RD","acres":0.0},"geometry":{"type":"Point","coordinates":[-123.84850938500358,45.70361487388514]}},{"type":"Feature","properties":{"kind":"home","county":"Tillamook","class":"","situs":"34135 MIAMI FOLEY RD","acres":0.0},"geometry":{"type":"Point","coordinates":[-123.84905562307416,45.70379259318672]}},{"type":"Feature","properties":{"kind":"home","county":"Tillamook","class":"","situs":"34145 MIAMI FOLEY RD","acres":0.0},"geometry":{"type":"Point","coordinates":[-123.84941307837818,45.70390503465837]}},{"type":"Feature","properties":{"kind":"home","county":"Tillamook","class":"","situs":"17135 TOMLINSON RD","acres":0.0},"geometry":{"type":"Point","coordinates":[-123.85412989953687,45.704715126066205]}},{"type":"Feature","properties":{"kind":"home","county":"Tillamook","class":"","situs":"17125 TOMLINSON RD","acres":0.0},"geometry":{"type":"Point","coordinates":[-123.85490668730708,45.704244218935415]}},{"type":"Feature","properties":{"kind":"home","county":"Tillamook","class":"","situs":"16955 TOMLINSON RD","acres":0.0},"geometry":{"type":"Point","coordinates":[-123.85633558638013,45.70436968744745]}},{"type":"Feature","properties":{"kind":"home","county":"Tillamook","class":"","situs":"16335 OLD MOHLER RD","acres":0.0},"geometry":{"type":"Point","coordinates":[-123.86341241681913,45.706109717068905]}},{"type":"Feature","properties":{"kind":"home","county":"Tillamook","class":"","situs":"16215 OLD MOHLER RD","acres":0.0},"geometry":{"type":"Point","coordinates":[-123.86055393257068,45.70644946373717]}},{"type":"Feature","properties":{"kind":"home","county":"Tillamook","class":"","situs":"17655 LOMMEN RD","acres":0.0},"geometry":{"type":"Point","coordinates":[-123.857871552478,45.697235726577695]}},{"type":"Feature","properties":{"kind":"home","county":"Tillamook","class":"","situs":"18811 LOMMEN RD S","acres":0.0},"geometry":{"type":"Point","coordinates":[-123.85549634234292,45.698321259181505]}},{"type":"Feature","properties":{"kind":"home","county":"Tillamook","class":"","situs":"33580 LOMMEN RD","acres":0.0},"geometry":{"type":"Point","coordinates":[-123.85138272333911,45.70085004329355]}},{"type":"Feature","properties":{"kind":"home","county":"Tillamook","class":"","situs":"33905 LOMMEN RD","acres":0.0},"geometry":{"type":"Point","coordinates":[-123.84780074682214,45.70061063007589]}},{"type":"Feature","properties":{"kind":"home","county":"Tillamook","class":"","situs":"18005 FOSS RD","acres":0.0},"geometry":{"type":"Point","coordinates":[-123.84350954062987,45.700826804619]}},{"type":"Feature","properties":{"kind":"home","county":"Tillamook","class":"","situs":"34575 MIAMI FOLEY RD","acres":0.0},"geometry":{"type":"Point","coordinates":[-123.85606085097864,45.707799803533284]}},{"type":"Feature","properties":{"kind":"home","county":"Tillamook","class":"","situs":"16700 MARSHALL WAY","acres":0.0},"geometry":{"type":"Point","coordinates":[-123.85664936267565,45.708577452655504]}},{"type":"Feature","properties":{"kind":"home","county":"Tillamook","class":"","situs":"16500 MARSHALL WAY","acres":0.0},"geometry":{"type":"Point","coordinates":[-123.85676743354485,45.70917189583019]}},{"type":"Feature","properties":{"kind":"home","county":"Tillamook","class":"","situs":"16995 MARSHALL WAY","acres":0.0},"geometry":{"type":"Point","coordinates":[-123.85515769437268,45.709565657973094]}},{"type":"Feature","properties":{"kind":"home","county":"Tillamook","class":"","situs":"16900 MARSHALL WAY","acres":0.0},"geometry":{"type":"Point","coordinates":[-123.85456610087394,45.708497454785736]}},{"type":"Feature","properties":{"kind":"home","county":"Tillamook","class":"","situs":"17100 MARSHALL WAY","acres":0.0},"geometry":{"type":"Point","coordinates":[-123.85392227398317,45.70863365938797]}},{"type":"Feature","properties":{"kind":"home","county":"Tillamook","class":"","situs":"34775 MIAMI FOLEY RD","acres":0.0},"geometry":{"type":"Point","coordinates":[-123.85740341215026,45.70882711396331]}},{"type":"Feature","properties":{"kind":"home","county":"Tillamook","class":"","situs":"34955 HWY 53","acres":0.0},"geometry":{"type":"Point","coordinates":[-123.85644365871825,45.709669703832624]}},{"type":"Feature","properties":{"kind":"home","county":"Tillamook","class":"","situs":"34920 HWY 53","acres":0.0},"geometry":{"type":"Point","coordinates":[-123.8581014368729,45.709845910849666]}},{"type":"Feature","properties":{"kind":"home","county":"Tillamook","class":"","situs":"34910 HWY 53","acres":0.0},"geometry":{"type":"Point","coordinates":[-123.85798736896953,45.70948988679076]}},{"type":"Feature","properties":{"kind":"home","county":"Tillamook","class":"","situs":"34850 MIAMI FOLEY RD","acres":0.0},"geometry":{"type":"Point","coordinates":[-123.85800102772639,45.70900199101907]}},{"type":"Feature","properties":{"kind":"home","county":"Tillamook","class":"","situs":"34800 MIAMI FOLEY RD","acres":0.0},"geometry":{"type":"Point","coordinates":[-123.85784467434017,45.70873394417095]}},{"type":"Feature","properties":{"kind":"home","county":"Tillamook","class":"","situs":"34700 MIAMI FOLEY RD","acres":0.0},"geometry":{"type":"Point","coordinates":[-123.85769832659945,45.70837653788488]}},{"type":"Feature","properties":{"kind":"home","county":"Tillamook","class":"","situs":"34690 MIAMI FOLEY RD","acres":0.0},"geometry":{"type":"Point","coordinates":[-123.85736953437512,45.70801149707201]}},{"type":"Feature","properties":{"kind":"home","county":"Tillamook","class":"","situs":"34650 MIAMI FOLEY RD","acres":0.0},"geometry":{"type":"Point","coordinates":[-123.85740043718833,45.707857188388125]}},{"type":"Feature","properties":{"kind":"home","county":"Tillamook","class":"","situs":"34590 MIAMI FOLEY RD","acres":0.0},"geometry":{"type":"Point","coordinates":[-123.85697610456428,45.707469027767964]}},{"type":"Feature","properties":{"kind":"home","county":"Tillamook","class":"","situs":"16205 TOMLINSON RD","acres":0.0},"geometry":{"type":"Point","coordinates":[-123.85672951401865,45.70718479445452]}},{"type":"Feature","properties":{"kind":"home","county":"Tillamook","class":"","situs":"16235 TOMLINSON RD","acres":0.0},"geometry":{"type":"Point","coordinates":[-123.85644870529487,45.707032239486225]}},{"type":"Feature","properties":{"kind":"home","county":"Tillamook","class":"","situs":"16800 TOMLINSON RD","acres":0.0},"geometry":{"type":"Point","coordinates":[-123.85641970421902,45.706523231090934]}},{"type":"Feature","properties":{"kind":"home","county":"Tillamook","class":"","situs":"31300 MIAMI FOLEY RD","acres":0.0},"geometry":{"type":"Point","coordinates":[-123.84076956460622,45.68212813042264]}},{"type":"Feature","properties":{"kind":"home","county":"Tillamook","class":"","situs":"31550 MIAMI FOLEY RD","acres":0.0},"geometry":{"type":"Point","coordinates":[-123.83997407016261,45.68536805283435]}},{"type":"Feature","properties":{"kind":"home","county":"Tillamook","class":"","situs":"20995 FOSS RD","acres":0.0},"geometry":{"type":"Point","coordinates":[-123.80895053226588,45.69531525751123]}},{"type":"Feature","properties":{"kind":"home","county":"Tillamook","class":"","situs":"20935 FOSS RD","acres":0.0},"geometry":{"type":"Point","coordinates":[-123.81293922641308,45.695018266393625]}},{"type":"Feature","properties":{"kind":"home","county":"Tillamook","class":"","situs":"20955 FOSS RD","acres":0.0},"geometry":{"type":"Point","coordinates":[-123.81251113652108,45.69505925707817]}},{"type":"Feature","properties":{"kind":"home","county":"Tillamook","class":"","situs":"20905 FOSS RD","acres":0.0},"geometry":{"type":"Point","coordinates":[-123.81335509598838,45.6950802748012]}},{"type":"Feature","properties":{"kind":"home","county":"Tillamook","class":"","situs":"20900 FOSS RD","acres":0.0},"geometry":{"type":"Point","coordinates":[-123.81396607091004,45.695062467872305]}},{"type":"Feature","properties":{"kind":"home","county":"Tillamook","class":"","situs":"20890 FOSS RD","acres":0.0},"geometry":{"type":"Point","coordinates":[-123.81824144007525,45.69466027285735]}},{"type":"Feature","properties":{"kind":"home","county":"Tillamook","class":"","situs":"20890 FOSS RD","acres":0.0},"geometry":{"type":"Point","coordinates":[-123.8146994771217,45.69519015811921]}},{"type":"Feature","properties":{"kind":"home","county":"Tillamook","class":"","situs":"20805 FOSS RD","acres":0.0},"geometry":{"type":"Point","coordinates":[-123.81626972888834,45.692770202489996]}},{"type":"Feature","properties":{"kind":"home","county":"Tillamook","class":"","situs":"34245 SHIFFMAN RD","acres":0.0},"geometry":{"type":"Point","coordinates":[-123.82079923581918,45.68963111072746]}},{"type":"Feature","properties":{"kind":"home","county":"Tillamook","class":"","situs":"34295 SHIFFMAN RD","acres":0.0},"geometry":{"type":"Point","coordinates":[-123.81701388314221,45.69007832054979]}},{"type":"Feature","properties":{"kind":"home","county":"Tillamook","class":"","situs":"32865 MIAMI FOLEY RD","acres":0.0},"geometry":{"type":"Point","coordinates":[-123.84259315062312,45.69475445950926]}},{"type":"Feature","properties":{"kind":"home","county":"Tillamook","class":"","situs":"32300 MIAMI FOLEY RD","acres":0.0},"geometry":{"type":"Point","coordinates":[-123.84268298705528,45.689317747257356]}},{"type":"Feature","properties":{"kind":"home","county":"Tillamook","class":"","situs":"32315 MIAMI FOLEY RD","acres":0.0},"geometry":{"type":"Point","coordinates":[-123.83994998259789,45.68955554679854]}},{"type":"Feature","properties":{"kind":"home","county":"Tillamook","class":"","situs":"31055 MIAMI FOLEY RD","acres":0.0},"geometry":{"type":"Point","coordinates":[-123.83634860854602,45.68162844251849]}},{"type":"Feature","properties":{"kind":"home","county":"Tillamook","class":"","situs":"31025 MIAMI FOLEY RD","acres":0.0},"geometry":{"type":"Point","coordinates":[-123.83718370270942,45.68105043337952]}},{"type":"Feature","properties":{"kind":"home","county":"Tillamook","class":"","situs":"30995 MIAMI FOLEY RD","acres":0.0},"geometry":{"type":"Point","coordinates":[-123.83699386549502,45.68032730653505]}},{"type":"Feature","properties":{"kind":"home","county":"Tillamook","class":"","situs":"31515 MIAMI FOLEY RD","acres":0.0},"geometry":{"type":"Point","coordinates":[-123.83034260248746,45.67995420657187]}},{"type":"Feature","properties":{"kind":"home","county":"Tillamook","class":"","situs":"30300 MIAMI FOLEY RD","acres":0.0},"geometry":{"type":"Point","coordinates":[-123.84045984982497,45.673603534594804]}},{"type":"Feature","properties":{"kind":"home","county":"Tillamook","class":"","situs":"30500 MIAMI FOLEY RD","acres":0.0},"geometry":{"type":"Point","coordinates":[-123.84016231438432,45.67534223153065]}},{"type":"Feature","properties":{"kind":"home","county":"Tillamook","class":"","situs":"30380 MIAMI FOLEY RD","acres":0.0},"geometry":{"type":"Point","coordinates":[-123.84073098888578,45.67602328306739]}},{"type":"Feature","properties":{"kind":"home","county":"Tillamook","class":"","situs":"30400 MIAMI FOLEY RD","acres":0.0},"geometry":{"type":"Point","coordinates":[-123.84195243240023,45.67496196709696]}},{"type":"Feature","properties":{"kind":"home","county":"Tillamook","class":"","situs":"30210 MIAMI FOLEY RD","acres":0.0},"geometry":{"type":"Point","coordinates":[-123.83974803116777,45.673131288994334]}},{"type":"Feature","properties":{"kind":"home","county":"Tillamook","class":"","situs":"30130 MIAMI FOLEY RD","acres":0.0},"geometry":{"type":"Point","coordinates":[-123.84133636584043,45.67210768713865]}},{"type":"Feature","properties":{"kind":"home","county":"Tillamook","class":"","situs":"30115 MIAMI FOLEY RD","acres":0.0},"geometry":{"type":"Point","coordinates":[-123.83796253132928,45.668767016872124]}},{"type":"Feature","properties":{"kind":"home","county":"Tillamook","class":"","situs":"30155 MIAMI FOLEY RD","acres":0.0},"geometry":{"type":"Point","coordinates":[-123.8384014248109,45.66991292610274]}},{"type":"Feature","properties":{"kind":"home","county":"Tillamook","class":"","situs":"29830 MIAMI FOLEY RD","acres":0.0},"geometry":{"type":"Point","coordinates":[-123.83950957307687,45.66666850429474]}},{"type":"Feature","properties":{"kind":"home","county":"Tillamook","class":"","situs":"29805 MIAMI FOLEY RD","acres":0.0},"geometry":{"type":"Point","coordinates":[-123.83557069182761,45.66523289416005]}},{"type":"Feature","properties":{"kind":"home","county":"Tillamook","class":"","situs":"41905 FOSS RD","acres":0.0},"geometry":{"type":"Point","coordinates":[-123.62966691151402,45.76794483089786]}},{"type":"Feature","properties":{"kind":"home","county":"Tillamook","class":"","situs":"36005 FOSS RD","acres":0.0},"geometry":{"type":"Point","coordinates":[-123.66372240533383,45.743892348293286]}},{"type":"Feature","properties":{"kind":"home","county":"Tillamook","class":"","situs":"40010 FOSS RD","acres":47.2},"geometry":{"type":"Point","coordinates":[-123.65486308463318,45.748093613104416]}},{"type":"Feature","properties":{"kind":"home","county":"Tillamook","class":"","situs":"40247 FOSS RD","acres":0.0},"geometry":{"type":"Point","coordinates":[-123.6506710377235,45.74808912117101]}},{"type":"Feature","properties":{"kind":"home","county":"Tillamook","class":"","situs":"40251 FOSS RD","acres":0.0},"geometry":{"type":"Point","coordinates":[-123.64895287321622,45.74765343186659]}},{"type":"Feature","properties":{"kind":"home","county":"Tillamook","class":"","situs":"39650 BUICK CANYON RD","acres":0.0},"geometry":{"type":"Point","coordinates":[-123.64873247597868,45.74686891697136]}},{"type":"Feature","properties":{"kind":"home","county":"Tillamook","class":"","situs":"39670 BUICK CANYON RD","acres":0.0},"geometry":{"type":"Point","coordinates":[-123.64847204471673,45.74710828274246]}},{"type":"Feature","properties":{"kind":"home","county":"Tillamook","class":"","situs":"39700 BUICK CANYON RD","acres":0.0},"geometry":{"type":"Point","coordinates":[-123.64718912017314,45.74690802527786]}},{"type":"Feature","properties":{"kind":"home","county":"Tillamook","class":"","situs":"39720 BUICK CANYON RD","acres":0.0},"geometry":{"type":"Point","coordinates":[-123.64663631013167,45.746748130759805]}},{"type":"Feature","properties":{"kind":"home","county":"Tillamook","class":"","situs":"37400 FOSS RD","acres":0.0},"geometry":{"type":"Point","coordinates":[-123.79122147613944,45.71862645218206]}},{"type":"Feature","properties":{"kind":"home","county":"Tillamook","class":"","situs":"25100 FOSS RD","acres":0.0},"geometry":{"type":"Point","coordinates":[-123.75840554547241,45.70428311354535]}},{"type":"Feature","properties":{"kind":"home","county":"Tillamook","class":"","situs":"24920 FOSS RD","acres":0.0},"geometry":{"type":"Point","coordinates":[-123.75833248986945,45.70277143260188]}},{"type":"Feature","properties":{"kind":"home","county":"Tillamook","class":"","situs":"24995 COOK CREEK RD","acres":0.0},"geometry":{"type":"Point","coordinates":[-123.75163588014733,45.70132388045549]}},{"type":"Feature","properties":{"kind":"home","county":"Tillamook","class":"","situs":"18650 FOSS RD","acres":0.0},"geometry":{"type":"Point","coordinates":[-123.83676816154401,45.703794448574946]}},{"type":"Feature","properties":{"kind":"home","county":"Tillamook","class":"","situs":"33355 SHIFFMAN RD","acres":0.0},"geometry":{"type":"Point","coordinates":[-123.8376052346404,45.69958404328724]}},{"type":"Feature","properties":{"kind":"home","county":"Tillamook","class":"","situs":"33100 SHIFFMAN RD","acres":0.0},"geometry":{"type":"Point","coordinates":[-123.84003739793995,45.69663461933227]}},{"type":"Feature","properties":{"kind":"home","county":"Tillamook","class":"","situs":"33100 SHIFFMAN RD","acres":0.0},"geometry":{"type":"Point","coordinates":[-123.84119890535675,45.69827060116387]}},{"type":"Feature","properties":{"kind":"home","county":"Tillamook","class":"","situs":"33525 SHIFFMAN RD","acres":0.0},"geometry":{"type":"Point","coordinates":[-123.83483208737472,45.700090913588234]}},{"type":"Feature","properties":{"kind":"home","county":"Tillamook","class":"","situs":"33855 SHIFFMAN RD","acres":0.0},"geometry":{"type":"Point","coordinates":[-123.82886834110124,45.69742033573971]}},{"type":"Feature","properties":{"kind":"home","county":"Tillamook","class":"","situs":"23005 FOSS RD","acres":0.0},"geometry":{"type":"Point","coordinates":[-123.78120770194715,45.6967432459583]}},{"type":"Feature","properties":{"kind":"home","county":"Tillamook","class":"","situs":"22095 FOSS RD","acres":0.0},"geometry":{"type":"Point","coordinates":[-123.79130525072131,45.69601856822584]}},{"type":"Feature","properties":{"kind":"home","county":"Tillamook","class":"","situs":"23100 FOSS RD","acres":0.0},"geometry":{"type":"Point","coordinates":[-123.78427507022994,45.697360404074786]}},{"type":"Feature","properties":{"kind":"home","county":"Tillamook","class":"","situs":"23200 FOSS RD","acres":0.0},"geometry":{"type":"Point","coordinates":[-123.78213993495578,45.6979825029941]}},{"type":"Feature","properties":{"kind":"home","county":"Tillamook","class":"","situs":"23400 FOSS RD","acres":0.0},"geometry":{"type":"Point","coordinates":[-123.78764145657576,45.698127790865676]}},{"type":"Feature","properties":{"kind":"home","county":"Tillamook","class":"","situs":"23120 FOSS RD","acres":0.0},"geometry":{"type":"Point","coordinates":[-123.78353075446361,45.69757893538177]}},{"type":"Feature","properties":{"kind":"home","county":"Tillamook","class":"","situs":"22880 FOSS RD","acres":0.0},"geometry":{"type":"Point","coordinates":[-123.79120914316395,45.697894740873544]}},{"type":"Feature","properties":{"kind":"home","county":"Tillamook","class":"","situs":"22090 FOSS RD","acres":0.0},"geometry":{"type":"Point","coordinates":[-123.79935269843585,45.69780326286934]}},{"type":"Feature","properties":{"kind":"home","county":"Tillamook","class":"","situs":"22100 FOSS RD","acres":0.0},"geometry":{"type":"Point","coordinates":[-123.80142579573952,45.69643915718732]}},{"type":"Feature","properties":{"kind":"home","county":"Tillamook","class":"","situs":"22095 FOSS RD","acres":0.0},"geometry":{"type":"Point","coordinates":[-123.7996726619979,45.69581321942313]}},{"type":"Feature","properties":{"kind":"home","county":"Tillamook","class":"","situs":"24105 FOSS RD","acres":0.0},"geometry":{"type":"Point","coordinates":[-123.7778726769441,45.69705176657249]}},{"type":"Feature","properties":{"kind":"home","county":"Tillamook","class":"","situs":"24150 FOSS RD","acres":0.0},"geometry":{"type":"Point","coordinates":[-123.77654215249989,45.698854319924315]}},{"type":"Feature","properties":{"kind":"home","county":"Tillamook","class":"","situs":"24100 FOSS RD","acres":0.0},"geometry":{"type":"Point","coordinates":[-123.77785364743023,45.698779237038366]}},{"type":"Feature","properties":{"kind":"home","county":"Tillamook","class":"","situs":"24370 FOSS RD","acres":0.0},"geometry":{"type":"Point","coordinates":[-123.77217124631535,45.70094027413729]}},{"type":"Feature","properties":{"kind":"home","county":"Tillamook","class":"","situs":"24450 FOSS RD","acres":0.0},"geometry":{"type":"Point","coordinates":[-123.76968655049983,45.70055657142219]}},{"type":"Feature","properties":{"kind":"home","county":"Tillamook","class":"","situs":"24720 FOSS RD","acres":0.0},"geometry":{"type":"Point","coordinates":[-123.7609366446388,45.7021061315371]}},{"type":"Feature","properties":{"kind":"home","county":"Tillamook","class":"","situs":"24780 FOSS RD","acres":0.0},"geometry":{"type":"Point","coordinates":[-123.75885918882653,45.702224183986374]}},{"type":"Feature","properties":{"kind":"home","county":"Tillamook","class":"","situs":"11152 EVERGREEN WAY","acres":0.0},"geometry":{"type":"Point","coordinates":[-123.91697757952103,45.714286548810826]}},{"type":"Feature","properties":{"kind":"home","county":"Tillamook","class":"","situs":"35050 HWY 101  N","acres":0.0},"geometry":{"type":"Point","coordinates":[-123.89321350218002,45.70949884017506]}},{"type":"Feature","properties":{"kind":"home","county":"Tillamook","class":"","situs":"26215 DAVID AVE","acres":0.0},"geometry":{"type":"Point","coordinates":[-123.93711336297048,45.64774988098052]}},{"type":"Feature","properties":{"kind":"home","county":"Tillamook","class":"","situs":"26185 DAVID AVE","acres":0.0},"geometry":{"type":"Point","coordinates":[-123.93719397085016,45.64748531729743]}},{"type":"Feature","properties":{"kind":"home","county":"Tillamook","class":"","situs":"25985 BEACH DR","acres":0.0},"geometry":{"type":"Point","coordinates":[-123.93996818444244,45.64591206188994]}},{"type":"Feature","properties":{"kind":"home","county":"Tillamook","class":"","situs":"11089 SEAMONT WAY","acres":0.0},"geometry":{"type":"Point","coordinates":[-123.91609965789245,45.71107684340636]}}]}