{"type":"FeatureCollection","features":[{"type":"Feature","geometry":{"type":"Polygon","coordinates":[[[-123.36971834971632,46.09480310779691],[-123.3700542378859,46.0950721190674],[-123.37009300917356,46.095132893950954],[-123.3703183587491,46.095486146324134],[-123.37080376880276,46.095907310607714],[-123.37131773180775,46.096000109233],[-123.3716817902463,46.09566460529327],[-123.37186441774357,46.09538196748729],[-123.37198160207407,46.09520061027398],[-123.37212436952552,46.09489365942681],[-123.3725231164088,46.09443700693677],[-123.37277874370099,46.094230496535445],[-123.37329127389307,46.09381643929376],[-123.37342005188064,46.09354665627237],[-123.37355087712871,46.09337798849512],[-123.37384165819292,46.09300309114785],[-123.37452267280645,46.092392255751996],[-123.37455020078004,46.09237085266755],[-123.3750284764137,46.09199900483284],[-123.37540112184809,46.09157090362593],[-123.37594835755283,46.09113092733038],[-123.37684573319918,46.09090334541203],[-123.37726076743687,46.09023041194063],[-123.37734175774624,46.089664666745925],[-123.37775811160907,46.08923549078645],[-123.37840506031037,46.089060188399834],[-123.37874950313642,46.08904303985321],[-123.37900648508807,46.08899069142846],[-123.37909214573862,46.08889075429494],[-123.37884943981345,46.08873371030714],[-123.3784436636131,46.08857397815308],[-123.37826809597566,46.088491668716145],[-123.37748954498352,46.088251635322536],[-123.37670696325071,46.08814882843217],[-123.37564081841701,46.08806816564755],[-123.37500653865615,46.08808362733728],[-123.374316812181,46.08808520048316],[-123.37339726431682,46.08787143166836],[-123.37263223296974,46.087760246162496],[-123.37239766667938,46.087774143506316],[-123.37221303144744,46.087785082693394],[-123.37164797496406,46.087696447677345],[-123.37138621756839,46.087507786901014],[-123.3712845740923,46.08739214346369],[-123.37112607714019,46.087211817271466],[-123.37108422732604,46.08707631196574],[-123.37107125116175,46.08681820792579],[-123.37107207312023,46.08680490285457],[-123.37109057482185,46.086505684007754],[-123.37119769891947,46.08612763528778],[-123.37131353487872,46.08578350554203],[-123.37188007987056,46.08562343711739],[-123.3722246242062,46.085507778514625],[-123.37266763827002,46.08539947238182],[-123.37290300226437,46.0853437578498],[-123.37310389700292,46.085296205342246],[-123.37338950826266,46.085123468041715],[-123.37376204050932,46.08500712239855],[-123.37395395389167,46.084652105670834],[-123.3739864055313,46.08459208374161],[-123.37420730844617,46.0843867900938],[-123.37469317125075,46.08415553475207],[-123.37475798649513,46.084140810302316],[-123.37510191189156,46.08406268255049],[-123.37518237219491,46.083573133411726],[-123.37520523701384,46.083192259473684],[-123.37518537885617,46.08279779710213],[-123.3754681613211,46.08243008872997],[-123.37551360349806,46.08221931876145],[-123.37546205187884,46.082030416807726],[-123.37533169105974,46.0816679043414],[-123.37514840150415,46.08150659272487],[-123.37496479035165,46.08135941263758],[-123.37487094964213,46.081284190846645],[-123.37466901016289,46.08103069188959],[-123.37444253499827,46.08056812842235],[-123.3747493572785,46.08039974497595],[-123.37565015820103,46.080060851083736],[-123.3760184845355,46.079861710095],[-123.3763907490842,46.07946256106324],[-123.3767064044986,46.07919156314562],[-123.37704193963026,46.0790371018377],[-123.37733720418608,46.07891775295049],[-123.37735630506396,46.078910681029654],[-123.37761920870996,46.07881335463165],[-123.37803109794582,46.07878379943656],[-123.37819969824993,46.07875395072979],[-123.3786699860641,46.07867068882318],[-123.37906063283843,46.07891469835937],[-123.37949609207072,46.07907472331318],[-123.37986084041543,46.07922184531286],[-123.38012553350548,46.07946892753541],[-123.3802370117373,46.079734378301985],[-123.38033212985115,46.07985051510328],[-123.3805580633316,46.08012635951158],[-123.38089433687846,46.08026442358072],[-123.38114847206893,46.080235410651284],[-123.38143772240393,46.080202388571486],[-123.38179265216257,46.08015470950119],[-123.3824052780335,46.08007635115869],[-123.3828421000101,46.08012418482993],[-123.38306336045446,46.080141140490255],[-123.38351734654117,46.08017593849129],[-123.38432150760373,46.08028304790305],[-123.38489597034648,46.08042014886799],[-123.38547141854106,46.080576728003486],[-123.38594299184439,46.08061882362245],[-123.38646193510932,46.080489102688915],[-123.38695900349873,46.08020388529869],[-123.38713722116627,46.07984845693437],[-123.38717061603694,46.07948896724351],[-123.38757927493104,46.079500805996716],[-123.38795604453088,46.079591439454134],[-123.38829126076062,46.079760727648086],[-123.38829195515832,46.07976111336063],[-123.38829243755363,46.079761395634925],[-123.38836405484136,46.0798088152034],[-123.38851466907684,46.07990853885916],[-123.38864505145548,46.08009258090089],[-123.38869253460479,46.08014877056686],[-123.38883107099127,46.08031270697855],[-123.38926200181622,46.08049874662104],[-123.38957820071138,46.08060053153247],[-123.38964874630898,46.08062033591619],[-123.38981935075448,46.080668227688356],[-123.38997401549355,46.08070391952185],[-123.39014355184217,46.08070689425566],[-123.39031308819082,46.08065633061305],[-123.39062188945962,46.08052159432758],[-123.3908661072494,46.08038610685951],[-123.39099264034704,46.08031590854758],[-123.39133465862012,46.08025135371307],[-123.39173874778437,46.080172792994674],[-123.39201500488707,46.08013793330297],[-123.39250929748228,46.08006964079512],[-123.39272641309994,46.080084390633054],[-123.3927792798527,46.080087983533716],[-123.3931275539934,46.080235468601145],[-123.39335332398052,46.08035475419592],[-123.39361825692072,46.08027335969197],[-123.39401154564032,46.08007023338089],[-123.39459009392095,46.07980638752192],[-123.39485955526852,46.07963750325202],[-123.39506046977,46.079584813153325],[-123.39550566763829,46.07945767575959],[-123.39597680076716,46.079372015254954],[-123.39646148138881,46.07930483283494],[-123.39668946931636,46.079202495310874],[-123.3969586935087,46.079030375769506],[-123.39695968075719,46.0790297426691],[-123.39715687174183,46.07886959233525],[-123.39729149057536,46.078694652696804],[-123.39782885469349,46.07823832471739],[-123.39792879945537,46.077998703471756],[-123.39800445197534,46.07772223151298],[-123.39792182763046,46.077331066998156],[-123.39798741722262,46.07703299758197],[-123.39802629361314,46.076738706621335],[-123.39804330051813,46.076366937236834],[-123.39801873878162,46.075971223358806],[-123.39796957218948,46.07553242630718],[-123.39775292010253,46.075150795167445],[-123.39756461345604,46.074709176692195],[-123.39735460710556,46.07445844748373],[-123.39706188747695,46.07425655859827],[-123.3967851336059,46.074104205424234],[-123.3966410662922,46.073848889913535],[-123.39670769074357,46.07350624716745],[-123.39687901204466,46.07325878364691],[-123.39690756589431,46.07287806909082],[-123.39674576224363,46.07264012341865],[-123.39659347714172,46.072326034707324],[-123.39628890603959,46.072088089147975],[-123.39610806618974,46.071850141939535],[-123.39710058420445,46.071306631615876],[-123.39710621843791,46.070975708343795],[-123.39702650912612,46.07081851488773],[-123.39701876295341,46.070665796361226],[-123.39726257200972,46.070522498103095],[-123.39748751914006,46.070360939512476],[-123.39760852400545,46.070183212612896],[-123.39780402166579,46.07005982410907],[-123.39805304184904,46.070019376985634],[-123.39846643037313,46.07003730238362],[-123.39903415844618,46.06973936870025],[-123.39904510172296,46.06957013826156],[-123.39906442717968,46.069362415423264],[-123.39906740150158,46.069299954949464],[-123.39900494074158,46.06919882790266],[-123.39888001922152,46.06907688000519],[-123.39875509680319,46.069002522113344],[-123.39875212337958,46.06883595939896],[-123.39883243007104,46.0687407810136],[-123.39906740150158,46.06862478225136],[-123.39973664728657,46.068651721508544],[-123.40011130854043,46.068701798800376],[-123.40020246777883,46.068705797552695],[-123.40043033802706,46.06871579567863],[-123.40070847979523,46.06863093744647],[-123.40086534001686,46.068364945884476],[-123.40087584940736,46.06833016661177],[-123.40096129715721,46.06804740182866],[-123.40098282887624,46.06785339363075],[-123.40100499121264,46.0676718530402],[-123.40112923719958,46.067381697362514],[-123.40121024278032,46.067211190106946],[-123.40120443157876,46.06700849251147],[-123.4012732551059,46.06684009261872],[-123.40128817342784,46.06680359154125],[-123.40143586724032,46.06662208115471],[-123.40142894661939,46.0663975662232],[-123.40123139810525,46.06605386626187],[-123.4012273215505,46.066046775864],[-123.4010739557753,46.06576345089747],[-123.40116637984164,46.06546471753406],[-123.4013895096801,46.06535624553029],[-123.40165325235256,46.065253015147896],[-123.40194270660511,46.06521468492224],[-123.4022535524395,46.065244480493554],[-123.40250766157885,46.0652163808843],[-123.4028596403718,46.06517338907154],[-123.40324101922737,46.06517960137059],[-123.40371353037187,46.0652147740522],[-123.40415006398922,46.065247711608045],[-123.40447335328695,46.06534584914008],[-123.40469191698882,46.06541223953164],[-123.40485963963891,46.06550414082463],[-123.40505162308985,46.06560933906157],[-123.40546042481607,46.06580210671737],[-123.40585916541116,46.06597327588337],[-123.40610297446746,46.06609521380916],[-123.40644303531153,46.066258466480285],[-123.40694666858904,46.06646449510359],[-123.40732932484893,46.0664956269185],[-123.40779213688332,46.06642804363958],[-123.40802072308884,46.066250770909036],[-123.40807212289276,46.06620264785432],[-123.40838017586492,46.0659142371128],[-123.40857614514077,46.06571280188457],[-123.4085613876173,46.06542294692802],[-123.40856977698373,46.06523550081165],[-123.40882430114475,46.06495148543979],[-123.4088736554848,46.0646881319958],[-123.40898883118231,46.064572947464626],[-123.40941996772146,46.06449989678685],[-123.40972284460098,46.06446121636989],[-123.41027054922633,46.064388404889755],[-123.41076788980527,46.064294990244846],[-123.41098670862868,46.06410234946566],[-123.41116316469996,46.06387018510345],[-123.41139051841691,46.06349321293767],[-123.4115492210832,46.063264607597745],[-123.4117048443247,46.063151541219085],[-123.41194521912168,46.06303014094162],[-123.41220858450174,46.063008031473174],[-123.41252774424409,46.06302511269166],[-123.41291453994081,46.06304988493694],[-123.41330870002625,46.06304326475291],[-123.4135667940922,46.06300568034314],[-123.41375727825495,46.0628730264575],[-123.41413641491555,46.06283556971112],[-123.4142446870601,46.06284173427815],[-123.41428927943083,46.06284427427904],[-123.4145533877176,46.063012501237885],[-123.4149144098505,46.063147125070294],[-123.41527082003275,46.06319136445613],[-123.41558711864091,46.06315233531556],[-123.41587525506495,46.06317641687696],[-123.4161187568974,46.06329209985184],[-123.41652344254301,46.06340379466772],[-123.41657742230844,46.0634086926121],[-123.41707833728391,46.06335709962146],[-123.41729941267533,46.0632981465627],[-123.41736387308516,46.063280956973095],[-123.41795992683578,46.06278840794555],[-123.41829543142472,46.06267062583684],[-123.41890219399178,46.06266705611145],[-123.4194054499769,46.06279554675707],[-123.41994439782486,46.06295972981776],[-123.42046906874799,46.06304182116498],[-123.42088666498088,46.06303825146359],[-123.42119004581525,46.06298471401824],[-123.42135779810974,46.062956160111064],[-123.42154339633564,46.06310606577738],[-123.4216290569862,46.063541507893326],[-123.42163262689114,46.063951965316484],[-123.4215897952184,46.06439097536096],[-123.42161478006139,46.0645337429086],[-123.42168259478048,46.06476217158804],[-123.42190745387587,46.06499773784905],[-123.42216800483416,46.065208320545224],[-123.42237501889645,46.065436748303256],[-123.42255704721741,46.06557237781122],[-123.42265341578614,46.06565803792215],[-123.42269941851183,46.06578272209232],[-123.42274224928626,46.06583031073942],[-123.42279175723822,46.065889402578414],[-123.42281601175087,46.065918351373554],[-123.42285884162699,46.06598973477669],[-123.42297543576434,46.066244338091266],[-123.42321433373101,46.06639805050627],[-123.42347131568263,46.066466578702574],[-123.42370164731474,46.06650465064772],[-123.4241147223268,46.066557950329624],[-123.4244402331582,46.06659792505727],[-123.42467627448227,46.066613153428314],[-123.42491612466311,46.066620767923865],[-123.42517501014486,46.06657317808841],[-123.4252669302563,46.06654804405699],[-123.4254186673859,46.066506553496396],[-123.42586695725538,46.06638996042264],[-123.42593890781806,46.066420579326156],[-123.42634652376813,46.066483890708135],[-123.42668263741486,46.06641089927686],[-123.42694247421245,46.06641185101444],[-123.42720326322427,46.06639281563641],[-123.42736887393511,46.06636235814534],[-123.42759349497696,46.066284311176204],[-123.42768581753366,46.066284311176204],[-123.42774197301867,46.066290022861104],[-123.42790187313925,46.066281455956826],[-123.42794660654546,46.06627003507777],[-123.42800656909068,46.066265275754205],[-123.42804749543673,46.06626622811758],[-123.42807890503062,46.06627669788076],[-123.42815028875637,46.06628716764202],[-123.428219768952,46.06629573329884],[-123.428255936922,46.066300492619774],[-123.42828068371142,46.06629954025704],[-123.42830638091844,46.0662966850384],[-123.42833513419406,46.06629271104258],[-123.42835173146725,46.06629980078561],[-123.42822283939367,46.06639426973235],[-123.42815502467455,46.06644423875302],[-123.42815145656623,46.06660842155823],[-123.42816411382856,46.066812450677304],[-123.4283693734811,46.06706873301393],[-123.42880857778981,46.06730924561736],[-123.42904854834494,46.067534103996756],[-123.42916501581983,46.06764323736163],[-123.42913181678189,46.068063096617195],[-123.42914313196121,46.068283760558465],[-123.42938089445734,46.06843784872342],[-123.42970728384108,46.068612590276196],[-123.42991013600866,46.06873985923201],[-123.4299628473529,46.06885992380397],[-123.43001721159726,46.068983753130524],[-123.43008417830676,46.06904354461204],[-123.4301004926106,46.069058111047646],[-123.43028393308322,46.06918490842891],[-123.43044049147093,46.069462913322845],[-123.43027866805733,46.06959173404768],[-123.4301144784813,46.069722436642834],[-123.42993995199126,46.069947718961906],[-123.42992979563866,46.07017653407744],[-123.43000006904668,46.070479539714476],[-123.430207379553,46.070659957368036],[-123.43029796925954,46.0707387958771],[-123.43072979211153,46.07104805182182],[-123.43121745424163,46.07137877585403],[-123.43148764232627,46.071524434497384],[-123.43211430976342,46.071790748614724],[-123.43273395776495,46.07213342133112],[-123.43306702163125,46.07243750932625],[-123.4335004273148,46.0725638651946],[-123.43416693862808,46.072752989011505],[-123.43502439224486,46.07303640149576],[-123.43580806093914,46.073374976454765],[-123.43627950847835,46.073732128507686],[-123.43641175036966,46.07383230997224],[-123.43684717366934,46.07442335173487],[-123.43719474892076,46.07500896117673],[-123.43740487384885,46.07547609235],[-123.43783389665214,46.0757600897138],[-123.43792619405602,46.075821188112776],[-123.4383772516349,46.07628993387624],[-123.43866627289945,46.07680080846348],[-123.43886626483118,46.0772834271978],[-123.4392080055248,46.07775489427634],[-123.43955629583517,46.07817896817826],[-123.43969854675537,46.0783521702736],[-123.44016876450095,46.07876709946691],[-123.44092244922771,46.07894639394026],[-123.44157470787066,46.07911226874123],[-123.44193192653665,46.07920311033859],[-123.44242325199646,46.07960226685535],[-123.4427646441438,46.08006611394384],[-123.44318297070696,46.08053565737381],[-123.44374653958025,46.080849199003595],[-123.44500328805262,46.081229237332046],[-123.44640802767985,46.081506519821914],[-123.44773899316438,46.08183896199537],[-123.44886378900298,46.08220702012477],[-123.44892557243328,46.08223225793622],[-123.44947406488113,46.082456306562534],[-123.44984802544909,46.08260905913241],[-123.4504207652231,46.08331089814762],[-123.4504380622839,46.083645693407334],[-123.45046923382425,46.08390479924232],[-123.45047644280439,46.08396472222741],[-123.45053288125875,46.08406711821046],[-123.45076639652021,46.08449078284149],[-123.45100711267702,46.08491141301318],[-123.45163488144873,46.08540616215927],[-123.45214859112878,46.08581233798361],[-123.45221467389604,46.0860316287819],[-123.4521962530428,46.08625704639277],[-123.45218784750668,46.08635990665275],[-123.45237185840948,46.08653053356446],[-123.452477628746,46.08658129742829],[-123.45261071954522,46.08661982963516],[-123.45262163138098,46.08662298909425],[-123.4527548802837,46.08667057846378],[-123.4528928893591,46.086708649556016],[-123.45298330928405,46.086708649556016],[-123.45312131746114,46.08670389074879],[-123.45323077268694,46.086680096083526],[-123.45334974556314,46.086637266158654],[-123.45348775374026,46.08658967613733],[-123.45360196824043,46.0865468461422],[-123.45371142346622,46.08651829320901],[-123.45383515651515,46.08651829320901],[-123.45403502986923,46.0865658814228],[-123.4541825574934,46.08664678378415],[-123.45429677199357,46.08669437313315],[-123.45442050324583,46.086741961818035],[-123.4546013430957,46.08682286392115],[-123.45474411054715,46.08687997132655],[-123.45492019112262,46.08694659500055],[-123.45508199387498,46.08697514895814],[-123.4551724137999,46.08700846168228],[-123.45527710975132,46.087017979243726],[-123.45529432416711,46.08701563162855],[-123.45530065998481,46.08698997233782],[-123.45532541036752,46.086889721927754],[-123.45548790302598,46.08623154687273],[-123.4554989810501,46.08615953482378],[-123.45570911136807,46.08479367001055],[-123.45641891429152,46.08348830113899],[-123.45658429413534,46.08309657497849],[-123.45697481604384,46.08217154796991],[-123.45726625377654,46.08175403421419],[-123.45747409428888,46.08145627905635],[-123.45754739591773,46.08135126305961],[-123.45784149535861,46.080825454777376],[-123.45797236552245,46.080480432682265],[-123.45822220856255,46.080218692427486],[-123.45888373781924,46.079921826276944],[-123.4588877209492,46.079908113890994],[-123.45905098076894,46.0793462171904],[-123.45830895617459,46.07918198192101],[-123.45765056473319,46.07915278273002],[-123.45682541094074,46.07907442981903],[-123.45551051182507,46.078840731963],[-123.45457830220698,46.07859743185071],[-123.45360944941011,46.078492182344625],[-123.45306732062771,46.07817053023978],[-123.4527441840436,46.07763768436872],[-123.45269674760671,46.07714364885729],[-123.45252875366543,46.076783403104564],[-123.45240134920196,46.07651019664036],[-123.45228230356219,46.07637586774773],[-123.452125501731,46.07620503556661],[-123.45203024258169,46.076134392605454],[-123.45186904798878,46.07601485298315],[-123.4514821849184,46.07564381468401],[-123.45129513501499,46.075408202872566],[-123.45131601455716,46.0752048361782],[-123.45136788417997,46.07512258095156],[-123.45154395307733,46.07484337378924],[-123.45169882173398,46.074543033150896],[-123.4518523689689,46.07413037985101],[-123.45203529470682,46.07359216543158],[-123.45210220572076,46.073325231826416],[-123.45206261427126,46.07307968943541],[-123.45195915260501,46.07288960077859],[-123.45194866657073,46.07287033518083],[-123.45161565390838,46.07276008540317],[-123.4515483296694,46.07271194496491],[-123.45139217462524,46.07260028331619],[-123.45128096948129,46.072443912131675],[-123.45121451301489,46.07219904137642],[-123.45150677270604,46.071954554055495],[-123.45190285967774,46.07181044959119],[-123.452175140837,46.07161327061915],[-123.45268400590274,46.07113554754208],[-123.45287455294752,46.0709185682717],[-123.45306748322278,46.07066096076001],[-123.45345571891892,46.0701051162017],[-123.45352826057304,46.06999094824735],[-123.45367131818037,46.06976580134666],[-123.45383164230573,46.069571422130075],[-123.4542171049026,46.069308988815365],[-123.4545816250752,46.06907516484121],[-123.45494262744518,46.06863783181265],[-123.45500775260832,46.068558933587006],[-123.45518638889077,46.068198695988755],[-123.45539487708844,46.06772224534306],[-123.45548213224863,46.067588988880175],[-123.45557708417414,46.06742401807274],[-123.45562610883246,46.06733884373048],[-123.45579916927196,46.06704428043753],[-123.45611187282233,46.066849199186265],[-123.45618694592896,46.066653832411156],[-123.45626819315655,46.06631788009358],[-123.45641796836553,46.06617993445601],[-123.45659569824785,46.06597575216588],[-123.45667508506446,46.065777157449],[-123.45674103847429,46.065578899213385],[-123.4569649507454,46.06531426479503],[-123.45714856638946,46.06505064070478],[-123.45748453001754,46.064698935519615],[-123.4576243761477,46.06454251265462],[-123.45787800738333,46.06424592368307],[-123.45802982985286,46.064061113242865],[-123.45837965718071,46.06363103938156],[-123.45865102834657,46.0633308820638],[-123.4590227143802,46.062917886882005],[-123.45907917439413,46.06285514984468],[-123.4591548790164,46.062672248325896],[-123.45915459784369,46.06261246427929],[-123.45915398519267,46.0624819069112],[-123.45930543306474,46.06220348164618],[-123.45943917693918,46.06201600278201],[-123.45976656435123,46.06184550700268],[-123.46006789523013,46.061691267044004],[-123.46033788478707,46.06153781391748],[-123.46062377272794,46.06151815228406],[-123.46092309138061,46.0614981515531],[-123.46107445930261,46.061391365965015],[-123.46134827478437,46.061225331309515],[-123.46146765459741,46.06110686581022],[-123.4615630332227,46.06095779497032],[-123.4617076592885,46.060807488899165],[-123.46199522438398,46.060647348017866],[-123.46213959173498,46.06040301585513],[-123.462201456912,46.06022217633394],[-123.46225380443855,46.06006513240036],[-123.4622109745624,46.05993188238746],[-123.462149943022,46.05965419103497],[-123.46233917133998,46.059499640759356],[-123.46273352905476,46.05932433240603],[-123.46312728489832,46.05922393448545],[-123.46302611034281,46.05900178440168],[-123.46293993316097,46.05872308538588],[-123.46298116044264,46.058394371923185],[-123.46310178981223,46.05795443773882],[-123.46322747759521,46.05769849895678],[-123.46346130367377,46.05753970427112],[-123.46388589868101,46.05742916641833],[-123.46410936179444,46.05732992453002],[-123.46440305789176,46.057029191239266],[-123.46491400525234,46.056682421391315],[-123.46508337002273,46.056490917285835],[-123.46533592148342,46.05631153178106],[-123.46552865682423,46.056197317220274],[-123.46569997812534,46.05596175081271],[-123.46587843743968,46.05576901425372],[-123.46597837501503,46.055597693134374],[-123.4660783125904,46.055462064057465],[-123.4660783125904,46.05528360469755],[-123.46601323054637,46.055147450569834],[-123.4661520049864,46.054884938085415],[-123.46633759243252,46.054574433922305],[-123.46656131156583,46.054394042244745],[-123.46696942967414,46.05431199289975],[-123.46726838361081,46.05428574424034],[-123.4675389157502,46.05431638294863],[-123.46775777948939,46.05430151089294],[-123.46793198258592,46.054203501477126],[-123.46811368122516,46.054077218287475],[-123.46845427566849,46.054162262848294],[-123.46864280509719,46.05417549724095],[-123.46881417670396,46.054187527200746],[-123.46884750150605,46.05405249625332],[-123.46888043464267,46.053988560917134],[-123.46903479485287,46.05368889168027],[-123.46910743711834,46.05353414578718],[-123.46909756193841,46.05334409891873],[-123.46906364424824,46.05325422095931],[-123.46903508950031,46.05292942496219],[-123.46910647412435,46.05281164177172],[-123.4692706565139,46.052772380236824],[-123.46956684184285,46.05283497536808],[-123.46981221756103,46.05283568108641],[-123.47004830739408,46.05283635937393],[-123.47016024646165,46.05274404984596],[-123.47038390720446,46.05255961236851],[-123.4704738096998,46.05248547474287],[-123.47057901409764,46.05226749138015],[-123.47060018020237,46.05213789894027],[-123.47062661402792,46.0519760621073],[-123.47076266567433,46.05174793713358],[-123.47094029943693,46.051543733264246],[-123.47124602217924,46.0513893510618],[-123.47147018957189,46.051411677153105],[-123.47185478439616,46.05136455051754],[-123.47200164996197,46.05115585829695],[-123.47201572207088,46.050954471467335],[-123.47211090037187,46.05078790916265],[-123.47240833346076,46.050645142230984],[-123.47284799501196,46.05053631753954],[-123.47325795646323,46.0504005924894],[-123.47387303653151,46.05006364536089],[-123.47441733294869,46.04968086428037],[-123.47487705208354,46.04892285997302],[-123.47498368659936,46.048822300366204],[-123.47532292099335,46.0487817803231],[-123.47567268184585,46.04871332307327],[-123.47566932394331,46.048719775390914],[-123.47588852904232,46.04879389812033],[-123.47592886789015,46.04880753905591],[-123.47631486408626,46.04887546374493],[-123.47643476043062,46.049188674000526],[-123.47646712762861,46.04950409515274],[-123.47671360468131,46.04995280949315],[-123.47697818727858,46.05029010518563],[-123.47728821025618,46.050581868796385],[-123.47768519194992,46.05086033894821],[-123.47786212053501,46.05104450092613],[-123.47789975006394,46.05106325044676],[-123.47814528208899,46.05110040408003],[-123.4783701420827,46.05105400411713],[-123.47863783105421,46.05108612717253],[-123.47875561456101,46.05115751167319],[-123.47899118157459,46.05119260849926],[-123.47911491372518,46.05124495600207],[-123.4791720196278,46.05128778659039],[-123.47942424320337,46.051354411468296],[-123.47959556450446,46.05135917083036],[-123.4798573057305,46.051311580931696],[-123.4799001356066,46.0512544741213],[-123.48014284063343,46.05116405410478],[-123.4804140995099,46.05115929597276],[-123.48053074934279,46.051188988156255],[-123.4806758398376,46.05122592038225],[-123.4806913079285,46.051235899853374],[-123.48085667878912,46.05128421737598],[-123.48101372316543,46.05139367276434],[-123.4810803485151,46.05149361048292],[-123.4812183566922,46.05159354677375],[-123.48138016124116,46.05166493124199],[-123.48148257547176,46.05174335797865],[-123.48175225421164,46.051839389229826],[-123.48260894965033,46.051947182060786],[-123.48270675642185,46.051959488064654],[-123.48277398633769,46.051915757131596],[-123.48299960900108,46.051768991266165],[-123.48341240553539,46.051586554892644],[-123.48378005633677,46.05145519090414],[-123.48443765815907,46.0513830617745],[-123.48489182929872,46.05138265778377],[-123.48539186931511,46.051497599259704],[-123.48583736452572,46.051636112129884],[-123.48610069936306,46.051795882639276],[-123.48624496161118,46.05195918133417],[-123.48635478155296,46.05208349183259],[-123.48653610559477,46.05206815159953],[-123.48682284783344,46.052043891878235],[-123.48720467135506,46.051878870254306],[-123.48770891189372,46.051921571299694],[-123.48826047478322,46.052107318873055],[-123.48868110642344,46.05237960437755],[-123.48909017315268,46.05273540291133],[-123.48931647314582,46.05279624064514],[-123.4898464656887,46.05272177105036],[-123.49022293794617,46.05260680718495],[-123.49066265249796,46.05263448741041],[-123.49134777780223,46.052783544562615],[-123.49178169193223,46.05270040681403],[-123.49229489496248,46.05260970675155],[-123.49297927556336,46.05259233116959],[-123.49353894125673,46.0526280517592],[-123.49407328164563,46.05263667127985],[-123.49461645247374,46.052661710025816],[-123.49513981455152,46.05276492155821],[-123.49551616014654,46.0527997424318],[-123.4956169843591,46.05281415168616],[-123.49614239908729,46.05288923772415],[-123.49673171457492,46.052847516205695],[-123.49675370623139,46.05284595888769],[-123.4971590907663,46.05267475650281],[-123.49735843950425,46.05252543784004],[-123.49767866464853,46.0522614347332],[-123.4978931077782,46.05208463770529],[-123.49833459919762,46.051690590750326],[-123.49818377745132,46.0515340331502],[-123.49811548662512,46.05146314601912],[-123.49796799583187,46.051233877400584],[-123.49771182505894,46.050907507161554],[-123.49764431307204,46.0505319539986],[-123.49773769833575,46.05018559909791],[-123.49798925176812,46.049968372888415],[-123.49839762679458,46.04970277271965],[-123.49884916766712,46.049652448759815],[-123.49909516142621,46.04978489188198],[-123.4994331318906,46.049989591668876],[-123.49948196071617,46.050019164777254],[-123.49982656434065,46.04990498084473],[-123.4999655283252,46.049744061437984],[-123.50005190852629,46.049644033269026],[-123.50036555171448,46.04954727997114],[-123.50097711398013,46.049509517416105],[-123.50154383773668,46.049528375940426],[-123.50206990194683,46.04953162169085],[-123.50232172756874,46.04931992741513],[-123.50214122997703,46.049069312315154],[-123.50210959670261,46.048770521667585],[-123.50228844408916,46.04838314658075],[-123.50257752643917,46.048425715034455],[-123.50294122016172,46.04849004211817],[-123.50318072898278,46.04853240474292],[-123.50337704051678,46.04847747036426],[-123.50372162797154,46.04836327451596],[-123.50417664891745,46.04837941694518],[-123.50464962538928,46.048433938056895],[-123.5051376414556,46.04847142951208],[-123.50548300954635,46.04852365115816],[-123.50555961428051,46.04866296392095],[-123.50562310361155,46.048878777491986],[-123.50569448823559,46.04909292930021],[-123.50570043598107,46.049211902514635],[-123.50575397467371,46.049265439598166],[-123.50589079348138,46.04935467003364],[-123.50618227792646,46.04942605303131],[-123.5066224775685,46.04962830768222],[-123.5069437052326,46.04947959177769],[-123.50711621590315,46.04924759411723],[-123.50736605894323,46.04908103102947],[-123.50759261854948,46.048996517945184],[-123.50816055592996,46.04927589699867],[-123.50828548373823,46.04931921541725],[-123.50842634676128,46.04938584079937],[-123.50848155093044,46.04942581549133],[-123.50862007204559,46.04953585937119],[-123.50869389739225,46.049579093418366],[-123.50907303045959,46.04985113514502],[-123.50938491384815,46.04990979768998],[-123.50977752433968,46.04987410589177],[-123.51017727464114,46.049809860222894],[-123.5106769607213,46.04978844560679],[-123.51109098704923,46.04980272160279],[-123.51210463793097,46.04995262744327],[-123.51240444975873,46.04997404324261],[-123.51261146292273,46.04961712339123],[-123.51290413673722,46.04930303460778],[-123.51328247120227,46.04904605256762],[-123.51345543103045,46.04890841291865],[-123.51352243007929,46.04885510056211],[-123.5138683712952,46.04858138364264],[-123.51432121202993,46.04847327562251],[-123.51454509645325,46.04841982505779],[-123.51490242471368,46.04809444074561],[-123.51527017163484,46.04751357542319],[-123.515544347341,46.047273538969264],[-123.51557355875742,46.04709443028158],[-123.51559250692169,46.04697825448034],[-123.5156739571685,46.04670986039181],[-123.51584468737815,46.04647246906452],[-123.51620462793943,46.04619694714942],[-123.51634032654796,46.04595512611803],[-123.51659943930343,46.045757319826144],[-123.51686356016666,46.045707350788],[-123.51722047879534,46.045728766362814],[-123.517348969322,46.04567165939181],[-123.51779154949956,46.04550747667728],[-123.51780311530884,46.0454959673273],[-123.51802067918581,46.04527946839422],[-123.51808858104151,46.04521190092031],[-123.51839913222848,46.04490352467845],[-123.51896030888815,46.044667224851324],[-123.51940588494719,46.044655810101105],[-123.52002786946676,46.044967214267096],[-123.52058559030753,46.045256516936135],[-123.52129739288078,46.04521696633259],[-123.52137310828283,46.04522146808958],[-123.52209026751011,46.04526410382503],[-123.52249409167136,46.04518628142458],[-123.52309597908142,46.044996853662894],[-123.52347176592431,46.044678291052584],[-123.52358518990702,46.044412619929645],[-123.52362959902142,46.044095456257416],[-123.52373792686154,46.04382991576655],[-123.52434566589731,46.04355866183407],[-123.52450646343486,46.043331541524985],[-123.52450697637289,46.04333081884982],[-123.52484672370491,46.0430060748632],[-123.52515136038409,46.042788756194476],[-123.52563703544074,46.04262005109609],[-123.526085703501,46.04261918187936],[-123.5265600076828,46.04263075293574],[-123.52672390530638,46.042634751705705],[-123.52690857826752,46.04246311735488],[-123.52713984953743,46.04220861950183],[-123.52733286515266,46.041809517427446],[-123.52746174914142,46.04145112124534],[-123.52760908183116,46.041248489332425],[-123.52804756299605,46.04107484655702],[-123.52808851539324,46.04105862903684],[-123.52858356257327,46.041067211702305],[-123.52906859533452,46.04117547451716],[-123.52939350788793,46.041341114885086],[-123.52983100899088,46.04151451114342],[-123.52992783390377,46.041573884039195],[-123.53013668502082,46.041701948621004],[-123.5303066013568,46.04191335969359],[-123.53036596742066,46.041987222183266],[-123.53037008799288,46.042161107768536],[-123.53030815723888,46.04229399535753],[-123.53023274456908,46.0424558088051],[-123.53016836590592,46.04287646381121],[-123.53025209607695,46.04282706519961],[-123.5304452500327,46.042713106462756],[-123.53064216343793,46.04258021302286],[-123.53109349230803,46.04243722409589],[-123.53128529789255,46.04240033338279],[-123.53157723958009,46.04242478066151],[-123.53166303857118,46.042504243128164],[-123.53175203646303,46.042643987597415],[-123.53186535354622,46.042857674099274],[-123.53198566491221,46.042908516174286],[-123.53207920917771,46.04294804535961],[-123.53229686558116,46.042821715857876],[-123.53249924433658,46.04269577952132],[-123.53259468764058,46.04257259396475],[-123.53261811570317,46.04254228794864],[-123.53272351683209,46.04240593966534],[-123.53294229882462,46.04230088553005],[-123.53304206931331,46.04226673770203],[-123.53322274836471,46.04220489568485],[-123.53346792914849,46.042116917006126],[-123.53357543682672,46.04202892821051],[-123.53366371516803,46.041866866586915],[-123.53369138148216,46.04181120537871],[-123.53378349473138,46.041625877126684],[-123.53397417652347,46.04147183260663],[-123.53426499172366,46.04137912371672],[-123.53465292289091,46.04138688947494],[-123.53494689207606,46.04151098120491],[-123.53504932696791,46.04155422278013],[-123.5352552666451,46.04159152934451],[-123.53552973250711,46.04156864993349],[-123.53568676700195,46.04155555905507],[-123.53600076951626,46.04161138513876],[-123.53603433596516,46.04161857345458],[-123.53634117261844,46.041684284020846],[-123.53647286294414,46.04170727063488],[-123.53666026678376,46.041739977781624],[-123.53708327177297,46.04192792580466],[-123.53732805819631,46.04212046436522],[-123.53770919989664,46.042288183917286],[-123.53802830124849,46.04224800078406],[-123.53837424426104,46.04234188733873],[-123.53853014687856,46.04238419731239],[-123.53886810746152,46.04241099099344],[-123.53913760923326,46.04230106698165],[-123.53937410600317,46.04204995798815],[-123.53957118559674,46.041824722081444],[-123.53974959370709,46.041631924339455],[-123.53989442997866,46.04138317869723],[-123.54013808632138,46.041170943123284],[-123.54047452695485,46.040881744394795],[-123.54075778552686,46.04074305427743],[-123.5410370825285,46.04062577014079],[-123.5413301435169,46.040479723178734],[-123.54152400534511,46.04029007412515],[-123.54180857455911,46.04008032925603],[-123.54209277007399,46.039959365888556],[-123.54229681430593,46.03986532625142],[-123.54265436355193,46.03968565228181],[-123.54287348870089,46.03949179821951],[-123.54283010007266,46.03925145939392],[-123.54294380702468,46.039088734239485],[-123.54304544061931,46.038890811695246],[-123.54300582761022,46.0387213919136],[-123.54303447757958,46.038493395532655],[-123.54308990812419,46.0382895642094],[-123.54319380008344,46.03803831974831],[-123.54331466570997,46.037818595662735],[-123.54330937193798,46.037623432977895],[-123.5433037008736,46.0374211798952],[-123.54343852362472,46.03727211121913],[-123.54387525127817,46.03704777814581],[-123.5441205596227,46.036675699664855],[-123.5442240733912,46.03651323632451],[-123.54448806130375,46.03630046506917],[-123.54505527554048,46.036133119594425],[-123.54516803297322,46.03604853618833],[-123.54540713395915,46.03594293053659],[-123.54588157378656,46.03585254844181],[-123.5461321660216,46.03567562842464],[-123.54645214682411,46.035461404646284],[-123.54679948402199,46.03537785542644],[-123.54719152138837,46.035367717808164],[-123.54777250769672,46.035363344338315],[-123.54873948121799,46.03523535361955],[-123.5490747549399,46.035212474070995],[-123.54969419992217,46.03516448548432],[-123.55014108841982,46.03503573846911],[-123.5503039574724,46.034743898983315],[-123.55062747673882,46.03440529040856],[-123.55099403159556,46.034299924834315],[-123.55146941465404,46.034323124061764],[-123.55211058179817,46.03449116413224],[-123.55224615374422,46.03445214339417],[-123.55260683451732,46.03423684783178],[-123.55281572336361,46.034043238452355],[-123.55299462824233,46.03386105722672],[-123.55317426884127,46.03359718630804],[-123.55338708332532,46.03328629430527],[-123.55342056802756,46.03307492443771],[-123.55343283452275,46.03299748400363],[-123.55359175008978,46.03282292222885],[-123.55370974829391,46.03264586965266],[-123.55362589505371,46.03251778096276],[-123.55359317212287,46.032467795584424],[-123.55348168850118,46.03228958810327],[-123.55331702191968,46.032070147376594],[-123.55325453331189,46.031759287321776],[-123.5532258114773,46.03150791650141],[-123.55333104372295,46.03135464643469],[-123.55347650522198,46.03114277772684],[-123.5533827561406,46.03108987045131],[-123.55293508610866,46.03083722553802],[-123.55248909772294,46.030600217549846],[-123.55216399023509,46.03043109416809],[-123.55162012321261,46.030079437918666],[-123.5512887751285,46.029793293333064],[-123.55105981612212,46.02951515044736],[-123.55094832621222,46.029241066399415],[-123.55095411765086,46.02896749554114],[-123.55090016213994,46.02881620365764],[-123.550888246886,46.028695048481005],[-123.55086672055687,46.0284761816326],[-123.55077429289726,46.02827262146957],[-123.55058532868401,46.028075112371894],[-123.55054762818817,46.028065061980236],[-123.5505382398951,46.028050091171885],[-123.55033283741047,46.027928961135416],[-123.54988648520703,46.027588975441134],[-123.54950217335207,46.027265137501765],[-123.54915275924927,46.0270220666328],[-123.54869813266377,46.026717800854065],[-123.54847334273865,46.02642178963806],[-123.54833547380042,46.02613063006055],[-123.54815614042532,46.025922215503066],[-123.54791439749414,46.02569055802334],[-123.54788344873599,46.02549250703029],[-123.54773746980734,46.0251447433006],[-123.54783565926117,46.02488298641811],[-123.5480053034076,46.02462293111866],[-123.54839665625778,46.0243145266658],[-123.54847034865381,46.02416703315737],[-123.54862925433936,46.023992475928274],[-123.54883548686735,46.023845101944985],[-123.54888100719775,46.02383153406269],[-123.54903117586883,46.02378677350056],[-123.54924099896301,46.02370677326176],[-123.54942065752824,46.02363465593135],[-123.54955431426612,46.02356017758868],[-123.54974905374837,46.02348411729716],[-123.54985742919918,46.02331796930513],[-123.54997352566986,46.02310545912911],[-123.55003005126079,46.02292289815609],[-123.55003037375597,46.02290644014969],[-123.55003416105322,46.02271328697353],[-123.5500179078348,46.02250420270431],[-123.55017171468279,46.022329776206796],[-123.55019769755407,46.022148005487125],[-123.55022988868228,46.021891505316916],[-123.5503572958407,46.02170000659536],[-123.55052563204012,46.02160687404863],[-123.5506837867341,46.02151400582755],[-123.55072335303079,46.02139580010062],[-123.55081626218737,46.02122650009613],[-123.55072009843452,46.02100218547788],[-123.55048215268204,46.02070475323174],[-123.55044646081917,46.020478704228495],[-123.55035128161988,46.0202645525423],[-123.55043456263324,46.020086093001936],[-123.55061302194758,46.019919530577276],[-123.55072009753619,46.01981245562638],[-123.55095804328866,46.01951502197055],[-123.55105322248795,46.019241384263935],[-123.55107701796152,46.01907482178987],[-123.5512316818023,46.018706005236204],[-123.55145773116546,46.0184680594171],[-123.55175516335602,46.01807544826127],[-123.55201690368371,46.01775422080662],[-123.55215967203351,46.0175519667505],[-123.55242141236121,46.01709986948914],[-123.5526017204084,46.016862301038934],[-123.5528124373263,46.01670414878863],[-123.55295128003829,46.016330115485],[-123.55301942893067,46.016262443365434],[-123.55313884737127,46.01617753447335],[-123.55330985516035,46.01589811531825],[-123.55340537931272,46.01579337261915],[-123.55350537348194,46.0157112384934],[-123.55363021415359,46.015605734971764],[-123.55368398281493,46.015452077071444],[-123.55377046183071,46.015361202939374],[-123.55394487243808,46.01520668843644],[-123.55401724610725,46.01515708604459],[-123.55406773591778,46.01513415888201],[-123.55417647698295,46.01508477976417],[-123.55428672452283,46.01501147023378],[-123.55439009456087,46.01493152030663],[-123.55448272254476,46.01483366812619],[-123.5545923628235,46.01474901219739],[-123.55478657319803,46.01465988932393],[-123.55497331408098,46.01461413813732],[-123.55524907621195,46.01452517163496],[-123.55556259094107,46.01441022560653],[-123.55585715031935,46.014245773452274],[-123.55610406215668,46.014105284020864],[-123.55634795655294,46.01396941582213],[-123.5567032231798,46.013903381579766],[-123.55682469067759,46.013775280651764],[-123.55689084531005,46.01370551295374],[-123.55695950085229,46.013633107451895],[-123.55698754625544,46.01342557098172],[-123.55699303496182,46.01322316571287],[-123.55689874239972,46.01298471591625],[-123.55686590897608,46.01291966185584],[-123.55684168590446,46.0128624785536],[-123.55677259018773,46.01269936687997],[-123.55676423405897,46.01248400031389],[-123.55676395737787,46.01247687558763],[-123.55673928155532,46.012259343901746],[-123.55659346612006,46.01197223238495],[-123.55652675992204,46.011893635644476],[-123.55643682598567,46.01178767002439],[-123.5563128611714,46.01154317102068],[-123.55619591489446,46.01136894203339],[-123.55617758656771,46.01124862082554],[-123.55616074225783,46.01113804836515],[-123.55613958872952,46.01098633147686],[-123.55603749789243,46.01085638890295],[-123.55601009927625,46.01082151663768],[-123.55593094242836,46.010744029429674],[-123.55582435821823,46.01051953253205],[-123.55564903132927,46.010351362810006],[-123.55559322798382,46.01010054912027],[-123.55553960934117,46.00989058548356],[-123.5555222556865,46.009837017111096],[-123.55546149364068,46.0096494422346],[-123.55537713914055,46.009535727662474],[-123.55519292881175,46.009506416143196],[-123.55498920797329,46.009600332741705],[-123.55487468085941,46.00968086312812],[-123.55474087410292,46.00977494851054],[-123.55455175807434,46.00989802936134],[-123.55438519514932,46.01001597953263],[-123.55421993478144,46.010036173599936],[-123.55408263807004,46.00996928364827],[-123.55387067339221,46.00990887417416],[-123.55355352857106,46.009894370125586],[-123.55342167205701,46.009868245109566],[-123.5532415499611,46.00979337325213],[-123.55304320553962,46.00968261070848],[-123.55292000159841,46.009513085794204],[-123.55281370305254,46.00941584544696],[-123.55268736488928,46.009248674381354],[-123.55253667878858,46.00917531094468],[-123.55239720725586,46.00906756693605],[-123.55222504333504,46.008958397681575],[-123.55203985294428,46.008849566377584],[-123.55189180878884,46.008703409862655],[-123.55156460732806,46.00843917364633],[-123.55141368407212,46.00836126943658],[-123.55117541851943,46.00823563079952],[-123.55115138319566,46.00809080662683],[-123.55103145720693,46.00798255512061],[-123.55095446440055,46.007805490367026],[-123.55086044851957,46.00758927553262],[-123.55080469458143,46.00746118056969],[-123.55066648608003,46.00731948529874],[-123.5506425396895,46.00729493513889],[-123.55062403978457,46.00707042486589],[-123.55060640046563,46.0069231623885],[-123.55066177351806,46.00684483488075],[-123.55070950639902,46.00677731525211],[-123.55077027293639,46.00663256650261],[-123.55077046697248,46.00662958528176],[-123.55078819163136,46.006357114867384],[-123.55078345750981,46.00620724424272],[-123.55085036133723,46.00599415666133],[-123.55094322288308,46.005900846664346],[-123.55103681026773,46.00582115373997],[-123.55120889873004,46.00562352138105],[-123.55135205155878,46.00549481849651],[-123.5514543310421,46.0054558066156],[-123.55151909059093,46.0053859491798],[-123.55169120240947,46.005311038185106],[-123.55176128537467,46.00528362002563],[-123.55180940363284,46.005264795069586],[-123.5519331609363,46.00526158790044],[-123.55209201541788,46.00524383490551],[-123.55222191001135,46.00517229000371],[-123.55239846040568,46.00499726723038],[-123.55256357075491,46.00491344608796],[-123.55272241176178,46.00483433140709],[-123.55285749951588,46.00479901357569],[-123.55307579282484,46.00467290573411],[-123.55328613334864,46.00458109166186],[-123.55343870052157,46.00450668437012],[-123.55376276686198,46.00434601586854],[-123.55380293233497,46.00431741043312],[-123.55388529527012,46.00425875127378],[-123.55396777229127,46.00415434406849],[-123.55411670128731,46.004011850996136],[-123.55423306276101,46.00387020304778],[-123.5543667985506,46.00374855828965],[-123.55448750517535,46.00362725021398],[-123.55462714559128,46.003494088695874],[-123.55471673996449,46.003400859343714],[-123.55486893972645,46.00331964154295],[-123.55505455232539,46.00325346542039],[-123.55535679858757,46.0031729000931],[-123.55559088877084,46.003117542483864],[-123.55583056198358,46.00301989902899],[-123.55623219695046,46.00285342684622],[-123.55665682429706,46.00265167926369],[-123.55691261687927,46.00254967576835],[-123.55713261608899,46.002453102709914],[-123.55733010621263,46.00246009644052],[-123.55765669322575,46.002496060350985],[-123.55804739659393,46.00253843826869],[-123.5584160193725,46.00260158888115],[-123.55867356546612,46.00264742363585],[-123.55896199923248,46.002728816517056],[-123.5592913943792,46.002817225427684],[-123.55967160093331,46.00288007121488],[-123.56003098543742,46.00287881387553],[-123.56048792877806,46.00285885867933],[-123.56086425011857,46.00284907825939],[-123.5610419970689,46.002812135537276],[-123.56130762800011,46.00268402327237],[-123.56152201543422,46.002573404363126],[-123.5616742277726,46.00249268142298],[-123.56192767126035,46.00246185111298],[-123.56222466327642,46.00248645021736],[-123.56247084927499,46.00253661246338],[-123.56285576479782,46.00257912388459],[-123.5632335962063,46.00259757847869],[-123.56354514991315,46.00256927227998],[-123.5638936028186,46.00258040868645],[-123.56426586107906,46.00260304403253],[-123.56470927668983,46.002547062483586],[-123.56497256571309,46.002483646611374],[-123.56538167466316,46.002436635490874],[-123.56579911728413,46.002328802229066],[-123.56622905277572,46.00234589035596],[-123.56662365573058,46.00246086332975],[-123.56685977969964,46.00253955896119],[-123.56717933739564,46.00266052497817],[-123.56737428528704,46.002728172557894],[-123.5674327350693,46.00276411632637],[-123.5676200957898,46.00287933802692],[-123.56762139924527,46.00288140093703],[-123.56775314706317,46.00309000717559],[-123.5678377189556,46.00326153417679],[-123.5680566949842,46.00334471511814],[-123.56832258283357,46.003329707040685],[-123.56882091964417,46.003324802520915],[-123.56927959583498,46.0033370900269],[-123.56987982136175,46.00339417023619],[-123.570391745191,46.003534352420886],[-123.57052258301552,46.00359558564881],[-123.57082175254784,46.003660509656385],[-123.57114045774269,46.00376532525243],[-123.57124002431382,46.00389201795867],[-123.57128812370739,46.00397323679102],[-123.57135779434587,46.00407845862713],[-123.57140536103849,46.00415029821204],[-123.57148566772995,46.00418599021859],[-123.57162248743593,46.004191939196104],[-123.57165212016218,46.00417981598547],[-123.57168792161953,46.0041651700402],[-123.57178012559861,46.004099734964555],[-123.57185151022266,46.00397778808213],[-123.57189017550913,46.00391532666441],[-123.5719823803865,46.003939121439096],[-123.57213407080371,46.004019428572114],[-123.57226791528944,46.004034299187566],[-123.57248504168689,46.00402240244591],[-123.57266534254757,46.003998214601495],[-123.57272331801938,46.00398261392289],[-123.57295221234702,46.00414229198281],[-123.57310968162645,46.00426747006456],[-123.57342477289887,46.004412777218356],[-123.57358332734316,46.00455812954038],[-123.57377813958892,46.00473081569168],[-123.57394786278714,46.00483843149874],[-123.5740902646243,46.00492872204136],[-123.574279506417,46.005105593838806],[-123.5743781486217,46.00523109420178],[-123.57441020140936,46.005271873927704],[-123.57439955547493,46.00539740011981],[-123.57435931005188,46.00551157806645],[-123.57472398383642,46.00571619104119],[-123.57503778692471,46.00583728675883],[-123.57533979333671,46.005954647840426],[-123.5758011653717,46.00612441140358],[-123.57615781899737,46.00617973979801],[-123.57669099067809,46.00628297888749],[-123.57715121107286,46.006323478931954],[-123.57753848018173,46.00630123819731],[-123.57803437896465,46.00614282924974],[-123.57841882556691,46.0060681364159],[-123.57903999890776,46.005975132281584],[-123.57944694830789,46.00588772674676],[-123.58000435473832,46.00568729617376],[-123.58023485974527,46.005661067465425],[-123.58072250480735,46.00567255266617],[-123.58113684105409,46.005722318306056],[-123.58164416820402,46.00566863982384],[-123.58168815151697,46.00540891158165],[-123.58175124289433,46.00518100553069],[-123.58184681735234,46.00480275863212],[-123.58184303993657,46.00462508593686],[-123.58185149488004,46.00445921260547],[-123.5820325521222,46.004268621296774],[-123.5824557655205,46.00416057758218],[-123.58279814132308,46.00405868856063],[-123.58298302538834,46.00383163367026],[-123.58330006510661,46.0036900033559],[-123.58368174220284,46.0036719291305],[-123.58412479489422,46.003716890674],[-123.58448570743265,46.00374380106627],[-123.58497738682871,46.003722840325956],[-123.58529329017814,46.003775168532336],[-123.58534005377689,46.00376478301404],[-123.58569090069255,46.00383747598549],[-123.58612816733522,46.003882582157445],[-123.58647454243741,46.0039623901905],[-123.58695068816557,46.004083239532804],[-123.58724744572136,46.004317877789305],[-123.58742405809946,46.004474859323565],[-123.58755840115022,46.004600626928806],[-123.58780131548448,46.00480435162256],[-123.5881912777426,46.00493957781193],[-123.58854946209753,46.00502311126668],[-123.58872346397142,46.00513167555491],[-123.58890138968647,46.00531286140299],[-123.58909385283778,46.005441143537276],[-123.58929549856794,46.005524740502544],[-123.58953845063147,46.005514326610516],[-123.58989152986064,46.00539597561598],[-123.59019281402713,46.00539211017517],[-123.59059613243689,46.00534516392232],[-123.5908673769403,46.00532188389726],[-123.59118372854907,46.005382265311056],[-123.59152246886967,46.00553498467552],[-123.5919201979617,46.00570635684206],[-123.59243864176331,46.00585839644751],[-123.59300963341579,46.00601713440956],[-123.59297294532128,46.00576759952111],[-123.59306035768661,46.005454200540754],[-123.59313323890395,46.00519370756023],[-123.59299397937365,46.00487010159223],[-123.59293106496439,46.00479860238072],[-123.5927715852554,46.0046173630588],[-123.59264827351633,46.004374142078014],[-123.59264053542847,46.0041238472636],[-123.59245922755638,46.003773061976986],[-123.59236619083902,46.00333915229595],[-123.59218270545067,46.00294802116082],[-123.59194743757607,46.00267137744986],[-123.59179748360232,46.00236421149282],[-123.59179618643503,46.00224147829266],[-123.59179325882553,46.001964332472674],[-123.59184472690143,46.00173672298443],[-123.5918837452258,46.00149328029732],[-123.59182238041042,46.001216110761085],[-123.59169394378266,46.000985144759056],[-123.59150904354773,46.000674855607265],[-123.59135205127374,46.000610441036585],[-123.59112959068015,46.0005191649885],[-123.59102736868901,46.00034407320453],[-123.59092078537718,46.00008829185938],[-123.5909142204891,45.99991061775184],[-123.59090825926889,45.99974923449832],[-123.59114738001773,45.999561143665304],[-123.59127781449867,45.999400146914525],[-123.59154217161877,45.999142708145264],[-123.59186201767402,45.99883936665524],[-123.59214526187299,45.99860971244393],[-123.59235729212782,45.9983496040947],[-123.59240637517662,45.9980993101064],[-123.59243454544561,45.997955664428346],[-123.59247456898477,45.99789509767983],[-123.5926274595512,45.99766373527279],[-123.59268841832807,45.997504561468794],[-123.59278192935587,45.997304129230436],[-123.59274415699481,45.997034420512776],[-123.59266978906571,45.99683839803688],[-123.59247167371463,45.99660522268429],[-123.59229092908619,45.996371590783006],[-123.59211422777487,45.99610553017946],[-123.59202075267969,45.99587768503027],[-123.59192531566387,45.99561353108736],[-123.59202746758642,45.995251259399396],[-123.59212502103301,45.995018398759385],[-123.59227597932325,45.99480837662858],[-123.59218141546992,45.99456036012958],[-123.59205555251545,45.99441944063012],[-123.5919346024473,45.994284019599895],[-123.59182267415953,45.99403645820852],[-123.59177955682252,45.99377496971288],[-123.59187928868366,45.99358245496051],[-123.59205405322724,45.99338393011031],[-123.59202709209062,45.993206863566655],[-123.59202841800396,45.99301693186444],[-123.59201925788302,45.9928474800747],[-123.59202048228676,45.99284411616002],[-123.5920190395924,45.99284344462524],[-123.59198672539502,45.99267459893427],[-123.59197320305505,45.99242445402707],[-123.59206355560632,45.992058450493964],[-123.592128454394,45.99175776197746],[-123.59217477781827,45.991542408118235],[-123.59247598742463,45.991538537340716],[-123.59287243102747,45.99158064779108],[-123.59324976387101,45.991590935737726],[-123.59351503817106,45.991672853538205],[-123.59387237631296,45.99184932022317],[-123.59423692972325,45.991944787761796],[-123.59455124664792,45.99196885043611],[-123.59479435861158,45.991962459520664],[-123.59510922440685,45.99188953687613],[-123.59547269355059,45.991750690751985],[-123.59597736977214,45.99175762217567],[-123.59640450521503,45.991831237760906],[-123.59663647627254,45.99183321682751],[-123.59690405115802,45.9918504211605],[-123.59713995324319,45.99192502334545],[-123.59738219204438,45.99211662704404],[-123.59767346987694,45.99225037639528],[-123.59787661130204,45.99236220112487],[-123.59821955034828,45.99248650839328],[-123.59861884430555,45.99258104928376],[-123.59886840168136,45.992586603201865],[-123.59918567136836,45.992558049728416],[-123.599474655802,45.99254236219381],[-123.59980481272005,45.99253771010496],[-123.60010865259355,45.99258223508499],[-123.60040397733647,45.99268354859701],[-123.6006600825324,45.992595997866225],[-123.6008582005784,45.992615021853844],[-123.60108723055166,45.99266959361319],[-123.60141149991136,45.99277014243827],[-123.60171643483118,45.99283483637274],[-123.60217043978253,45.99276226936869],[-123.60256602190103,45.992788208991136],[-123.60290033981549,45.9928602061554],[-123.60311986112147,45.99284634046281],[-123.60338678652496,45.99285142565307],[-123.60358945543624,45.99290791754191],[-123.60365164490504,45.99292525072991],[-123.60372403294726,45.992898902384674],[-123.60387902197819,45.99284249037187],[-123.60407667739184,45.992639301425385],[-123.60416294171024,45.9925198569148],[-123.60434279161666,45.9923090570237],[-123.60454995390096,45.99217430362052],[-123.6047649701558,45.9919706553703],[-123.60490288939967,45.9918417678173],[-123.6050981283452,45.99159419799751],[-123.60540346750692,45.991452811593845],[-123.60589578291014,45.991338816834315],[-123.60633500877844,45.991358464749645],[-123.60640712283451,45.99136168957596],[-123.60676981134223,45.99131575622308],[-123.60704804833183,45.99110235539595],[-123.60720376409982,45.990981075140496],[-123.60723126063235,45.99084701752448],[-123.60718513573578,45.990638135447924],[-123.60722056169732,45.990503066535894],[-123.60724275906797,45.99041843578208],[-123.6073019167227,45.9902269759963],[-123.60735506644481,45.99003163655148],[-123.6075339291027,45.98990974479307],[-123.60795238771826,45.989716882057365],[-123.60825564817839,45.9896442304512],[-123.60860161903872,45.98961085398309],[-123.60891101768718,45.98965116775589],[-123.6092658459362,45.98967412046057],[-123.60948996032825,45.98974496826908],[-123.60989797962185,45.98978671558784],[-123.61015528856028,45.98982840420623],[-123.6104924496426,45.98995282763758],[-123.61090823307522,45.99003073093211],[-123.61119067148536,45.99010811546179],[-123.6112252961497,45.99012737685115],[-123.61136401309754,45.99020454467167],[-123.61196164788302,45.99032208059234],[-123.6123280572127,45.9903447184567],[-123.612633731446,45.99031643594793],[-123.61293098307517,45.9902398899192],[-123.61314456472051,45.990117071156746],[-123.61327755311181,45.99000506526078],[-123.61337734426178,45.98992101793673],[-123.61352374270362,45.989735329706974],[-123.61369819912507,45.98953273664167],[-123.61399450213331,45.989225911553724],[-123.61411837172618,45.98912606469414],[-123.61422771556087,45.98903792538363],[-123.61439015252378,45.9888275691072],[-123.61439382124343,45.98868201817401],[-123.61439756721813,45.988431414569924],[-123.61428379648574,45.98815159684868],[-123.61425876582865,45.98811358137546],[-123.61413214739105,45.987921266009764],[-123.61409200527427,45.98771626890328],[-123.61408241845355,45.98754014793433],[-123.61407288463343,45.98736502631696],[-123.61407267891926,45.98736122640203],[-123.61407580236148,45.987360280168225],[-123.61430646637025,45.98729039613987],[-123.61449512425801,45.987135910579596],[-123.6148585907068,45.986891951132144],[-123.61501281706802,45.9866373665632],[-123.6149794473502,45.986483419091535],[-123.61494315092114,45.986315978368985],[-123.61483040516647,45.98616138647574],[-123.61501085424914,45.985962672719296],[-123.6154080847762,45.98580670601419],[-123.61579022001322,45.985586491568505],[-123.61597652521324,45.98528257204862],[-123.61618021730563,45.985097758353604],[-123.61624715347241,45.98503702460597],[-123.61649147726337,45.984840658149196],[-123.61671587282808,45.98449128301594],[-123.61683110871272,45.98426601044147],[-123.6167983821886,45.98410583745624],[-123.61676788348639,45.98395657383123],[-123.61711798659701,45.983680636027294],[-123.61728347962855,45.9835946765166],[-123.61738341630557,45.98347332488052],[-123.61744766291639,45.98333055695455],[-123.61754046158019,45.983198496388944],[-123.617658245087,45.98313068198881],[-123.61786525735265,45.98309499013305],[-123.61806513250336,45.983059298878494],[-123.61816442149508,45.98304156809784],[-123.61816507007873,45.98304145261834],[-123.61821860697471,45.98298077591512],[-123.61818938298187,45.98286653274767],[-123.61818081395239,45.98283303484027],[-123.61817934700352,45.98282730079349],[-123.61811428023086,45.98271283633645],[-123.61808636328678,45.98251963516684],[-123.61816481765213,45.98236402143385],[-123.61831531690326,45.982223525314794],[-123.61839645094308,45.9821477852031],[-123.61842215803158,45.9819814474817],[-123.6184891741484,45.98161603407976],[-123.61850674429704,45.98130041585939],[-123.61851923806601,45.98104475561079],[-123.61852592243002,45.980907987835934],[-123.61854078325977,45.98064900793738],[-123.61875549947729,45.980760490925384],[-123.61894743711417,45.98098570972235],[-123.61909798756926,45.98119586171099],[-123.61915188918125,45.98131553977681],[-123.61917711297612,45.98137154342962],[-123.61940824680379,45.98157147967857],[-123.61964985588594,45.98175093678497],[-123.62005065092808,45.981873647392476],[-123.62040096963437,45.98192092754596],[-123.62060280131577,45.981856496138874],[-123.62075984479374,45.98180636383549],[-123.62092950151661,45.98172913748987],[-123.6212354102102,45.98159981472129],[-123.62150476914984,45.98154418646181],[-123.62178944526337,45.98155683960953],[-123.62210145261942,45.98164553453557],[-123.62253763589385,45.98177941967781],[-123.6226315547568,45.98182807695687],[-123.62284181533052,45.98193700823217],[-123.62299112251725,45.982017895991845],[-123.6230647169969,45.981773518853096],[-123.62312315150784,45.981569947193805],[-123.62313478289411,45.98154039925615],[-123.62324530531846,45.981259634696215],[-123.62345819436271,45.98112366584882],[-123.6236149261253,45.98102356217104],[-123.62375035434087,45.9808502708047],[-123.62381280971101,45.98061426894594],[-123.62382626557566,45.98053927385009],[-123.62382973397095,45.980461520749095],[-123.62384080480851,45.98045824035438],[-123.62386828157811,45.98045010023041],[-123.62390682828696,45.980425829045295],[-123.62390254511969,45.98034873436226],[-123.62388541245058,45.980261646661845],[-123.62386805520266,45.980140072979346],[-123.62390962384413,45.97983997830075],[-123.62392087703968,45.97962149551706],[-123.62394884608605,45.97955561254342],[-123.62404924988705,45.97931909764658],[-123.6242653072893,45.97903053232308],[-123.62456788952139,45.978840681197006],[-123.62499017406171,45.97872037913786],[-123.62528056705372,45.97883792258833],[-123.62577350319283,45.97895008716885],[-123.6263568305108,45.979019444239185],[-123.62665655160872,45.97908145994767],[-123.62672025294214,45.97909463990765],[-123.62692730922524,45.97904369856149],[-123.62703735913574,45.97902585287975],[-123.62715335679175,45.978960418039954],[-123.62723366438154,45.97886821421397],[-123.62727233056631,45.97871949767966],[-123.62740320073016,45.97852021722201],[-123.6275162258609,45.97840124415274],[-123.6276887356331,45.978317962664924],[-123.62781663147504,45.97821386172141],[-123.62786918920737,45.97816713774682],[-123.62814695997133,45.978159756396494],[-123.62840758998135,45.978156870403154],[-123.62858438561578,45.97799863370948],[-123.62892586130641,45.97788450574022],[-123.62941685977945,45.97785528982126],[-123.6298332432867,45.977945230479094],[-123.63010983995258,45.97798218855395],[-123.63046374383516,45.978029475151835],[-123.6310795793866,45.97805753982567],[-123.63169408992303,45.97806139406642],[-123.63180543520416,45.97804989189759],[-123.63203958108298,45.97802112491603],[-123.63206713241274,45.97801317733326],[-123.63228704448586,45.977949741460584],[-123.63233939291074,45.977806973649336],[-123.63228704448586,45.9776166164112],[-123.63209682981771,45.97726682986225],[-123.63205932695124,45.97700519908893],[-123.63223712600386,45.97654793720641],[-123.63235740862378,45.976310389373644],[-123.6324985860572,45.97613693342626],[-123.63281048831034,45.9759064071373],[-123.63313877134271,45.97534008538646],[-123.63313436510624,45.975306327586395],[-123.6331188035906,45.9751870797863],[-123.63329120197172,45.974843091427374],[-123.63339504542193,45.97470624153293],[-123.63346956157305,45.974608037261405],[-123.63357490790476,45.97441533098289],[-123.6336397878278,45.974118649618696],[-123.63370285045907,45.97379511851283],[-123.63373478826239,45.97363126421439],[-123.63379469062049,45.97351406182849],[-123.63382899997613,45.97344693480694],[-123.63385178574329,45.973228143354866],[-123.6339810182784,45.972836817498184],[-123.63403197431455,45.972630199337246],[-123.6340331762604,45.97262532331313],[-123.63407649482004,45.97225244729697],[-123.63441159606542,45.97181119296054],[-123.63469638357004,45.9714036016564],[-123.63493634873527,45.97123559087526],[-123.63505037997912,45.97099012535802],[-123.63528544034288,45.97083840638973],[-123.63546532797854,45.9706315897212],[-123.63558020453706,45.97050731454036],[-123.63584441253684,45.97035885838516],[-123.63604095403954,45.97024452861198],[-123.63619433957767,45.970082862803196],[-123.63630487637508,45.96998348964677],[-123.63637002040286,45.96979938785375],[-123.63642636992398,45.969664550309346],[-123.63644332293003,45.96951067114983],[-123.63644958508588,45.96945382696617],[-123.63640915730483,45.969244799231944],[-123.63667199357718,45.96917718627108],[-123.6371865000629,45.96915539139133],[-123.6372220167543,45.96915887787336],[-123.6377690772876,45.9692125892743],[-123.63815935395603,45.96925952934356],[-123.63834653231854,45.96928204158185],[-123.63848862513524,45.96931133008006],[-123.6387978054931,45.969375059311226],[-123.63892231827967,45.969393269611786],[-123.63900902456919,45.96940595113519],[-123.63912491712232,45.96942290207741],[-123.63914918331311,45.96942058130525],[-123.63947653299591,45.96938927865565],[-123.63976782430318,45.96941787280101],[-123.6401545669993,45.96949644434413],[-123.64072001424984,45.969558125443584],[-123.64112004572395,45.96960551413837],[-123.641332412847,45.96963067166914],[-123.64184736669372,45.969616924406466],[-123.64230135727202,45.96954823674232],[-123.6426200534837,45.9694427544469],[-123.64252597741557,45.969206878791766],[-123.6424966977272,45.969105210750655],[-123.64241858292505,45.968833981009745],[-123.64240575857605,45.968494921361426],[-123.64237175913917,45.96829784500748],[-123.64224698584114,45.96803046313008],[-123.64226772255115,45.96787911692911],[-123.64228421382313,45.96775875546643],[-123.64223753646266,45.96754181533254],[-123.6420778016321,45.967376378436406],[-123.64190292749404,45.96725175253651],[-123.6419147726794,45.96704537141471],[-123.64216651565629,45.96677601726591],[-123.64256962206365,45.96657167116168],[-123.6427178072546,45.966464477336096],[-123.64282131473489,45.966371678254674],[-123.64304617293197,45.966282449350814],[-123.64315621026607,45.96622836171554],[-123.64321610813259,45.96605302095654],[-123.64342089257634,45.96577279603301],[-123.64349969818295,45.96562523258238],[-123.6435084118412,45.965467420896715],[-123.64351380083457,45.96524908996089],[-123.64357837353386,45.965053420108205],[-123.64384856700836,45.964803771060254],[-123.64395142051515,45.96456667426326],[-123.64401446338347,45.96423770855861],[-123.64405165812781,45.96407105290337],[-123.64399721842494,45.963712902088176],[-123.64399556732145,45.9636300637132],[-123.64399391711628,45.96354733011909],[-123.64415772490835,45.96336517078337],[-123.64426827967205,45.96330823849194],[-123.64442254106758,45.963228797697155],[-123.64469247762395,45.96308016654901],[-123.64507747489347,45.9628112845554],[-123.64543599970986,45.962482500131784],[-123.64569351076923,45.962107929142256],[-123.64584305870446,45.96198271627047],[-123.64597970503559,45.96183360407317],[-123.645950353482,45.96172125370685],[-123.64601179106091,45.961574152801404],[-123.64618091148954,45.96148882027182],[-123.64640231656271,45.96140612968996],[-123.6466510789295,45.96139947796976],[-123.6468693614587,45.96136535698055],[-123.64720112636108,45.96128779551839],[-123.64744833284581,45.961252899506675],[-123.64773670103516,45.96122902455729],[-123.64791672072317,45.96113127535024],[-123.64810008304234,45.96098899247679],[-123.64814549287996,45.9608665621832],[-123.6480907773943,45.960714485768214],[-123.6480516746283,45.960319560107386],[-123.64807150044663,45.960153368512906],[-123.64816497733845,45.95995692130226],[-123.64824777326157,45.959776923337],[-123.64841556957349,45.959641368226194],[-123.64866382618877,45.959382192076],[-123.64885054551215,45.959156228461296],[-123.64906645918394,45.95896736395772],[-123.64939430563511,45.95883863562444],[-123.64961251180749,45.95878883781575],[-123.65001329786644,45.95877469381111],[-123.65041898064202,45.95867161463912],[-123.65085006148561,45.958496131309396],[-123.65118220457879,45.95839160342382],[-123.65159559759444,45.95825074360371],[-123.65187301352384,45.958130604149474],[-123.65215005036418,45.958003641819616],[-123.65220926820605,45.95797578430809],[-123.65238871926044,45.957891367369584],[-123.65264130126384,45.957853862566694],[-123.653068223806,45.957780943704776],[-123.65343402497622,45.95766526153425],[-123.6536975107305,45.95764795290281],[-123.65404600226353,45.957662519356795],[-123.654519559047,45.957724964280786],[-123.65488535303069,45.95778688205803],[-123.65493507298504,45.957806915330586],[-123.65525095836819,45.957934189110475],[-123.65553625970915,45.95804607878468],[-123.65585823566991,45.9581125837397],[-123.656180776671,45.95810051725605],[-123.65625309554294,45.95809495987818],[-123.65638558536925,45.95808477686704],[-123.65651518890856,45.95815596735425],[-123.6565156910668,45.95815624338057],[-123.65652193705299,45.95815967684841],[-123.65652617440617,45.95813243516667],[-123.65655447313425,45.95795045911515],[-123.65668536934925,45.957748850732095],[-123.65691368246691,45.95744899505453],[-123.6570754178456,45.95718508052285],[-123.65725633225561,45.9568250179115],[-123.65736916784184,45.95656241500568],[-123.65745247490635,45.95629718914175],[-123.65751923410498,45.95608705445456],[-123.65761683516229,45.955903414836015],[-123.65773757053311,45.95587285147374],[-123.65776790394531,45.95585498770876],[-123.6579320261477,45.95575833754575],[-123.65815750418234,45.95549612553321],[-123.65835176126929,45.95520059625673],[-123.65842867053233,45.954997018719574],[-123.65855184033757,45.9547443834331],[-123.65874458106829,45.95424396581346],[-123.65889031206189,45.95395656888243],[-123.65900877649167,45.95370747376544],[-123.65911727411337,45.95345523106127],[-123.65925003163764,45.95328772418876],[-123.65936793192543,45.95311719898072],[-123.65943167458136,45.952941298971744],[-123.65960955897391,45.95270426882634],[-123.65954968626023,45.95249421669696],[-123.65941881519805,45.9522681675342],[-123.65934743147233,45.952107554114136],[-123.65936527740375,45.95197668320579],[-123.65943071338398,45.951827966286785],[-123.65943371465536,45.95176384462808],[-123.65938515442603,45.951654913335545],[-123.65932760385736,45.95149934652984],[-123.65923413774532,45.95140280806328],[-123.65915664547565,45.95106334068489],[-123.65919498736858,45.95069343929284],[-123.65916620355026,45.9504380512217],[-123.65909097054355,45.95013950945912],[-123.65897098885925,45.94991730939003],[-123.65889933204565,45.94968356476879],[-123.65889236561063,45.949468576908664],[-123.65877370534812,45.949359052113714],[-123.65864376224565,45.94922250589446],[-123.65867421872704,45.94906457565907],[-123.65863340826368,45.94894613018562],[-123.65851061575086,45.948850378014036],[-123.65835163550514,45.948778941347335],[-123.6582093693136,45.94871501540866],[-123.65817006352833,45.94853504963238],[-123.65824414579319,45.948369118756375],[-123.65832292804359,45.94819964461746],[-123.65842211732233,45.94815140188807],[-123.65857564569261,45.948076731976386],[-123.65861381241405,45.947969827163476],[-123.65881782430667,45.94776283642377],[-123.65889698115456,45.9476001830788],[-123.65892228669611,45.94758111614069],[-123.65899099613725,45.947529348802355],[-123.65925161446916,45.94754967372984],[-123.65928341123694,45.94755532773112],[-123.65951862880591,45.947597150582865],[-123.65977511758246,45.94772004992133],[-123.66017037540914,45.94778457351087],[-123.66045168194206,45.947824834039004],[-123.66068578649838,45.94780829747579],[-123.66107276634972,45.947811561066096],[-123.66158289714168,45.94765098719875],[-123.6616627843199,45.947537429429744],[-123.66176902806856,45.94738640701177],[-123.66193786103632,45.94716327771772],[-123.66223419189235,45.94703235453451],[-123.66247955683072,45.94686523050601],[-123.66262470751265,45.94674520128697],[-123.66284880304006,45.946651946306496],[-123.66309852840084,45.94654802507702],[-123.66333787103355,45.94636056798595],[-123.66364321558514,45.94621573680326],[-123.66383555297232,45.94606369825873],[-123.66399555100928,45.94594668365016],[-123.66416194684764,45.945856819706],[-123.66435204383652,45.94584146061312],[-123.66461923064979,45.945803532274084],[-123.66488567365799,45.94584076664609],[-123.66507089459147,45.9459143383437],[-123.66530819715021,45.94595577078959],[-123.66535741225134,45.94596962199084],[-123.6657955951756,45.946092937818136],[-123.6659871249773,45.946178986145924],[-123.66604663656825,45.94620572400675],[-123.66629484916608,45.94626735295922],[-123.66657370150166,45.94626326227053],[-123.66684596379629,45.946228609146864],[-123.66710937768535,45.94612246843951],[-123.66737222204254,45.946006095450855],[-123.66757960890568,45.94594927899431],[-123.66780336127664,45.94592276150479],[-123.66800961446587,45.945845480749455],[-123.66821971513944,45.9457834590582],[-123.66836609830995,45.94574024565225],[-123.6685710300774,45.94563909109618],[-123.66879251420228,45.9455716467109],[-123.66909672957156,45.94549514126478],[-123.66935226613393,45.945512165109875],[-123.66960834797364,45.94545061714533],[-123.66978623595946,45.945433134797526],[-123.66989564896443,45.94542238291352],[-123.67007256676975,45.945345890378846],[-123.67022428413641,45.945256413986456],[-123.67038540057587,45.94515985277819],[-123.67057792571093,45.94510001531455],[-123.67061307049978,45.94502734202061],[-123.67060719731447,45.944921315196765],[-123.67060419244983,45.94486705242133],[-123.67072711970994,45.94469979443703],[-123.67089220131308,45.94467485170683],[-123.67096046339323,45.94463831178306],[-123.6712012738731,45.94450940587052],[-123.67148082509793,45.9443413410091],[-123.67167878953208,45.94416195632612],[-123.67169060866624,45.94415124604721],[-123.6720346301824,45.943909715778666],[-123.67219760523619,45.94375845235452],[-123.67233653777973,45.94370347320876],[-123.67248384980819,45.94366709068299],[-123.6725538788745,45.943649793920635],[-123.67268416872669,45.94361554081831],[-123.67294212894365,45.94358808959783],[-123.67315395977252,45.94334670554505],[-123.67331617395324,45.94318179920165],[-123.67354496317802,45.9430697458382],[-123.67369383378352,45.942929108183385],[-123.67372016250619,45.942900176164855],[-123.67382765940467,45.94278204609429],[-123.67392070151189,45.94269414784846],[-123.67403516215047,45.94255102305492],[-123.6743115638819,45.942591381084576],[-123.6746453320274,45.94269508547546],[-123.67474263484405,45.94271822505537],[-123.67509680552627,45.942802443349834],[-123.67532069983106,45.942690518525936],[-123.67559310136457,45.94257045278224],[-123.67577955837987,45.94240147377033],[-123.67581375993768,45.94237158322986],[-123.67595699541141,45.94224640009688],[-123.67610437571187,45.942167278923826],[-123.67628426963573,45.94205653907629],[-123.67646416445791,45.94194580088162],[-123.67676775010816,45.94177024147554],[-123.67697038129018,45.941628146268656],[-123.6771737365143,45.94141089205127],[-123.67719584135851,45.94119170045856],[-123.67717398624595,45.94106250042554],[-123.6772918083803,45.94089195821974],[-123.67747636366217,45.94068887035662],[-123.6777711089917,45.940530625326204],[-123.67793705477413,45.94034511817447],[-123.67808401466307,45.9401703714278],[-123.67825913224456,45.939885565240985],[-123.67840003120023,45.93960168402591],[-123.67845767339708,45.939405441330464],[-123.67859447334013,45.939224135943974],[-123.67869538648586,45.93910186496833],[-123.67894184377563,45.93904397130865],[-123.6792704142689,45.938877975165],[-123.67961645340117,45.938673935982806],[-123.67971959975874,45.93850378562327],[-123.68005911622375,45.938446789056165],[-123.68036502042575,45.93848975138914],[-123.68058009237612,45.93853449912461],[-123.68058293913727,45.938535091979205],[-123.68062141667585,45.93851975959471],[-123.68081283239154,45.93844348680686],[-123.6810370779376,45.938338370723685],[-123.6812295707333,45.938278515901864],[-123.68131991160648,45.938253673985955],[-123.68142244082141,45.93822548106855],[-123.68160871727537,45.93814188553888],[-123.68166453140059,45.938089142943916],[-123.68179476465892,45.9379660748197],[-123.6819076164148,45.93786486172337],[-123.6819439802175,45.93783224806849],[-123.68217314942964,45.937815800983515],[-123.68234953812724,45.937906664398184],[-123.6826654073407,45.93795276637604],[-123.68297335610832,45.93794443321333],[-123.68308279157117,45.93794147203221],[-123.68315421392445,45.93793953851827],[-123.68324139901604,45.937834712600704],[-123.68327473190297,45.937553735233124],[-123.68320788107619,45.937319871632006],[-123.6831745293246,45.93716024382862],[-123.68320054992513,45.936923866515684],[-123.6832548027784,45.936755036473926],[-123.68333648658718,45.936551306846454],[-123.68343805909636,45.93626506765747],[-123.68361014755872,45.93601449048423],[-123.68378526873346,45.93581847749437],[-123.68392014538348,45.93560306226222],[-123.6840713857447,45.93549187447843],[-123.68410826338375,45.93546476347278],[-123.68436234377702,45.93528027583566],[-123.68462790553795,45.93512621621191],[-123.68492639863886,45.93503615979723],[-123.68515498753933,45.935009475276345],[-123.6854369615205,45.934974515235865],[-123.68553130259164,45.934910479665085],[-123.68589285473057,45.9349860757049],[-123.68618028597707,45.93496121107226],[-123.68651735363461,45.93494866285961],[-123.6868575097001,45.93496436608671],[-123.6869835927418,45.93497018568213],[-123.6873005399336,45.934947934394714],[-123.6874410508171,45.93474602429513],[-123.68756243836481,45.93464026707247],[-123.68764847001955,45.93451497526884],[-123.6876566294173,45.93430981982509],[-123.68765653239925,45.934132213877795],[-123.6877748791497,45.933971890904694],[-123.68789773184965,45.93380461254699],[-123.68792904981542,45.93366372522394],[-123.68803050284863,45.93355167699047],[-123.68813181484639,45.933525022993855],[-123.68838616203931,45.9335215430163],[-123.68882016689915,45.933403894031635],[-123.68923855275115,45.933269588314126],[-123.68958718352303,45.93311326453883],[-123.68989372193563,45.93299223651597],[-123.68999815737561,45.93284594966208],[-123.68998338907234,45.932668740760974],[-123.68991504973711,45.93249639960387],[-123.68978564113222,45.93237011767151],[-123.68969648334027,45.93225050379178],[-123.68965338307123,45.93219267982772],[-123.68949389078581,45.932053550936985],[-123.68940885087113,45.931932896724845],[-123.68932191281627,45.93177813865736],[-123.68917262808739,45.93173436889188],[-123.68905361838024,45.931706856182444],[-123.68906671132552,45.93159037108687],[-123.68905080755171,45.931392698622545],[-123.68902754657576,45.93115082411725],[-123.68899475267798,45.9310014277754],[-123.68900105795296,45.93085097199233],[-123.68896000763944,45.930729124914315],[-123.68895729921884,45.930592574669504],[-123.68907677425331,45.93045271136648],[-123.68910509723591,45.93038816448094],[-123.68917233074504,45.93023493975713],[-123.68918689153746,45.93005693400234],[-123.68912610344051,45.92993220729593],[-123.68900609570508,45.92979883726444],[-123.68886616064168,45.929659178773676],[-123.68877322902723,45.92961855953047],[-123.68875579093095,45.92961093740517],[-123.68838729211993,45.929497967501405],[-123.68819023049267,45.929387181107],[-123.68816175749143,45.92922742050096],[-123.68823947523825,45.92904087207054],[-123.68840834234199,45.92882111234971],[-123.68853194244024,45.928667475910146],[-123.68861098699873,45.92850480090752],[-123.68875557892854,45.9283989568037],[-123.68877088711928,45.928387751114315],[-123.6888922567007,45.92828199176408],[-123.68897149170202,45.92812272659105],[-123.68897120064786,45.92794170797928],[-123.68891269876329,45.927788043485585],[-123.68890813621998,45.92777605475297],[-123.68888891676447,45.927694602908595],[-123.68894333400944,45.9275291788851],[-123.68898607764729,45.927329916097065],[-123.68903427675386,45.92714075193877],[-123.68921447969817,45.927036812257946],[-123.68933413709064,45.92690036039663],[-123.68938442567857,45.92674871002712],[-123.6894828747455,45.926670897667975],[-123.68964371719882,45.92657089865982],[-123.68977637680672,45.926492156898156],[-123.69000340892677,45.92643818101401],[-123.69005917364467,45.926428245251614],[-123.69014812123082,45.926400098809786],[-123.69024434247585,45.92637016402695],[-123.6903538947197,45.92631595682859],[-123.69038375561807,45.926307789377795],[-123.69038824449954,45.92629995247305],[-123.69049330516697,45.92623907989304],[-123.69079783314997,45.926124862160115],[-123.69100217292763,45.926094089297855],[-123.69119624765658,45.926073685896014],[-123.69140363631634,45.926032739102034],[-123.69154703528345,45.92601118781683],[-123.69171181145938,45.92598401094069],[-123.69186238976226,45.925896673432206],[-123.69196678477805,45.92588879397905],[-123.69209686891602,45.925887786083784],[-123.69217599791614,45.92588059209822],[-123.69222120024293,45.92586799809098],[-123.69228634876227,45.92584984596933],[-123.69242613829857,45.92582839209098],[-123.69253939609297,45.92578495255459],[-123.69272198226773,45.92586210005805],[-123.69297425704728,45.92593923058306],[-123.69325874002304,45.92602154918093],[-123.6936794570032,45.92602950984649],[-123.69402107283102,45.92599829515793],[-123.69419466147988,45.9259824325532],[-123.69451816098338,45.92596346565585],[-123.69492961273973,45.92595228759302],[-123.69526828748329,45.926009252012385],[-123.6953857017825,45.9260874970747],[-123.69565046404281,45.92619227583887],[-123.6960586513214,45.92632065822038],[-123.69642532565406,45.926354447119095],[-123.69680684554513,45.92639497252545],[-123.69702409052019,45.92643232990556],[-123.69726374576662,45.926675211623504],[-123.69730878729497,45.926771334514015],[-123.69739208807127,45.92694911212202],[-123.69760484236821,45.927167275912005],[-123.69796461853781,45.927340722726576],[-123.69825218453161,45.927396523516734],[-123.69860902860015,45.92738681849215],[-123.69909118675248,45.92733552904634],[-123.69930439200371,45.92731163198739],[-123.69934422599835,45.92732149885905],[-123.69949620387641,45.92707501337026],[-123.69958996822913,45.92692294358184],[-123.69953161187166,45.92657870365896],[-123.6995489637297,45.92634464630983],[-123.6996159034897,45.92611977021735],[-123.69963355179178,45.92583573792386],[-123.69959614145178,45.925664043510096],[-123.69959614145178,45.92549272160749],[-123.69959614055347,45.92536357247699],[-123.69964857341996,45.92517097547508],[-123.69969264476781,45.92494832540411],[-123.69966980779664,45.92477299962308],[-123.69961502493737,45.9247310839445],[-123.6993538101241,45.92458140911467],[-123.69930146169924,45.924457676767275],[-123.69912538202209,45.924062685840006],[-123.69914441732296,45.92393419512774],[-123.69927766712397,45.923853293160896],[-123.69936808704891,45.92380570474276],[-123.69949484742034,45.92375749765103],[-123.69956758760216,45.923693849678585],[-123.69973890890327,45.92356535748715],[-123.69982456955381,45.923493974474134],[-123.69995306008046,45.92335120692281],[-123.70009582843025,45.92325126941826],[-123.70021004203213,45.92313705553176],[-123.7003242565323,45.92296573394875],[-123.70033853345709,45.92286579637473],[-123.70038136333321,45.92280869000138],[-123.70045274705896,45.92273730538992],[-123.70049557783337,45.922637368029264],[-123.70049557783337,45.92250887776524],[-123.70052413078466,45.922294726247245],[-123.70052413078466,45.922137681650305],[-123.70049557693505,45.92198063660883],[-123.70045274705896,45.9218378689125],[-123.70036708640838,45.92173793180641],[-123.70028142575784,45.921680825521975],[-123.70019576510731,45.92159516473532],[-123.70015293433288,45.92150950319155],[-123.70009582843025,45.92139529009371],[-123.700038720731,45.92130962949108],[-123.70001016688138,45.921152584605395],[-123.69996733610695,45.92100981727792],[-123.69992450623084,45.92086704958308],[-123.69989595327954,45.92078138878986],[-123.69983884558029,45.92063862113211],[-123.69973890800492,45.92049585373198],[-123.69962469440307,45.92039591608332],[-123.69956758760216,45.92031025581253],[-123.69948192695159,45.92016748756747],[-123.69941054232754,45.92003899720765],[-123.6993121687191,45.91985817844009],[-123.69925506101985,45.91979393293921],[-123.69922293906194,45.91969756486089],[-123.69916583136269,45.919504828202136],[-123.69912787574529,45.91926666395033],[-123.69911073049981,45.91921094434787],[-123.69906789972538,45.919068176398824],[-123.69896796304835,45.918725534447],[-123.6989822390748,45.91861131999291],[-123.6991392834511,45.91841144522613],[-123.69923922192476,45.918254401511334],[-123.69936771155311,45.91802597292824],[-123.69942481925236,45.9178403754963],[-123.6994819260533,45.91762622283237],[-123.69955330977903,45.917412071841746],[-123.69963896953126,45.917169367053205],[-123.69978173788104,45.91694093900305],[-123.69988167545641,45.91679817083797],[-123.69990445493539,45.91673552419313],[-123.69993878225735,45.916641126307034],[-123.70003282329117,45.91642371045179],[-123.70005682897049,45.91626676485566],[-123.70014544687496,45.91609309905242],[-123.70016696511928,45.915855892610914],[-123.7001462706301,45.915641069816914],[-123.6999991598242,45.91534171445529],[-123.69976204681004,45.91526514355075],[-123.69959196518403,45.91521021802676],[-123.69944328502136,45.91503831573483],[-123.69940734522348,45.9149207969161],[-123.69947515994257,45.91471378342044],[-123.69952155972364,45.91461027732047],[-123.69961746296502,45.91444854294981],[-123.69963896953126,45.9143711208302],[-123.69964823834837,45.91424134707073],[-123.69967333278584,45.914127057137826],[-123.69981231473668,45.9137086572394],[-123.69991417111352,45.913550227097794],[-123.7000856927389,45.913446088205006],[-123.70011404536588,45.91342887514088],[-123.70031035150998,45.91339675211525],[-123.70050308774915,45.91335035222591],[-123.70064942420726,45.91330752166865],[-123.7007743466256,45.913353921593796],[-123.70089926814565,45.91343601261631],[-123.70105274351529,45.91341459768737],[-123.70129544854213,45.91331822915484],[-123.7015702755269,45.91330395292278],[-123.70173088890981,45.91332893726392],[-123.70180941244541,45.91330395292278],[-123.70208423943018,45.91321472295198],[-123.7022801718751,45.913186148556036],[-123.70271249149549,45.91311094030547],[-123.70298326977327,45.9129791848399],[-123.70313119804604,45.912869374837875],[-123.70329930158181,45.91278701422498],[-123.70338555691707,45.91272455367872],[-123.70341530013613,45.912659118031016],[-123.70339447988277,45.912605580568666],[-123.70336823829669,45.91255601310388],[-123.70336771098565,45.91255501746659],[-123.70335878801991,45.91248660782864],[-123.70340935149231,45.9124092748483],[-123.70351118541123,45.91235569089425],[-123.70356733281143,45.912290472315384],[-123.70381931204527,45.91199778402985],[-123.70405903825862,45.911466435832246],[-123.70425086180943,45.9109333599761],[-123.70428304395448,45.91049867519916],[-123.70428755349721,45.910409179454774],[-123.70430142618015,45.91034981264382],[-123.70431855884925,45.910304126495014],[-123.70433378708995,45.910237501679376],[-123.70433569062003,45.91017278063906],[-123.70433569062003,45.910098540860126],[-123.70431475178908,45.91004333770701],[-123.70429896479627,45.90995147983849],[-123.70429704958809,45.909923715060884],[-123.70427477586061,45.90982062005303],[-123.70426145115002,45.909765417248515],[-123.70423099377031,45.90967975681813],[-123.70421005583766,45.90960932412904],[-123.70416817637911,45.90954269910439],[-123.70418340551811,45.909516049197215],[-123.7042367052589,45.909510338813625],[-123.70428239087927,45.9095141459444],[-123.70431226165911,45.90951765993027],[-123.70434711180057,45.90952175958016],[-123.70444038657145,45.9095141459444],[-123.70454413120699,45.90951224206652],[-123.70459124514868,45.90950367649041],[-123.70468689955678,45.909490827498715],[-123.7047597107055,45.90946370128415],[-123.70482113840292,45.90944608695757],[-123.70490824084952,45.909453054308514],[-123.70498956712882,45.90946370128415],[-123.70507665430405,45.90947797725394],[-123.70515660436433,45.909455134450454],[-123.7052194217555,45.90942943644156],[-123.7052237058211,45.9093808962118],[-123.70521774190594,45.90932876506156],[-123.70517848013812,45.909143166668564],[-123.70511423442564,45.909007537738965],[-123.70503571268665,45.90881123241846],[-123.70498574389897,45.908704156269145],[-123.70504781299354,45.90854897086711],[-123.70548124472822,45.90822416683391],[-123.70568410498063,45.90808136686781],[-123.7058533502751,45.90796222941485],[-123.70611819877371,45.907958039641215],[-123.70667657628292,45.907918539617484],[-123.7070621700338,45.90782004571016],[-123.70723473550159,45.90774602155604],[-123.70750776046589,45.90762890483778],[-123.70773930841689,45.907340459298354],[-123.70804861723381,45.90704382384649],[-123.70819075227134,45.90660455806456],[-123.7085915985174,45.90641924559888],[-123.7088750071081,45.90628106344424],[-123.70896684457453,45.906204508792335],[-123.70911580231662,45.90608033728747],[-123.70938826493555,45.90581248896266],[-123.70941630045728,45.905742916483206],[-123.70944723304576,45.905700086306105],[-123.70953021671677,45.90567407651645],[-123.70960665705924,45.90565011699508],[-123.70972087066109,45.905550179488294],[-123.70969300761593,45.90551674359555],[-123.70964948783366,45.90546451942868],[-123.70945913033339,45.90530747533023],[-123.70936871040847,45.90514567134356],[-123.70943057738207,45.90496007334085],[-123.70963521001055,45.90486965477837],[-123.70990646888698,45.904826823302415],[-123.71025387076355,45.90476971711676],[-123.71051561198958,45.904779234818406],[-123.71081542291903,45.904826823302415],[-123.71121544540998,45.90484820341414],[-123.71153820829494,45.90481079024476],[-123.71172028063333,45.90478968453539],[-123.71201284575173,45.904815060893185],[-123.71256251858584,45.90494073482752],[-123.71275287608613,45.904958191185024],[-123.71305986904629,45.904986342878594],[-123.71355411492908,45.904945852467534],[-123.7141150068228,45.90495175209882],[-123.71447469585584,45.9050116897671],[-123.71499427063638,45.90518340308354],[-123.71548842489102,45.905266092525146],[-123.71602608994479,45.90540003223178],[-123.7166161636105,45.90553860225801],[-123.71735265368439,45.905730801095324],[-123.71779699905149,45.905827849766226],[-123.71838639898075,45.905799579108425],[-123.71891718293944,45.905733473331786],[-123.71918168109505,45.905723196315876],[-123.71951423831156,45.90568678574756],[-123.71989488593844,45.905601362806365],[-123.72004186648861,45.90548728073781],[-123.72021379774577,45.90537639326255],[-123.72045132129008,45.905272809739834],[-123.72082164368109,45.90513524919762],[-123.72114527883018,45.905069250145765],[-123.7212856316102,45.90504062779971],[-123.72152850372365,45.90480037928765],[-123.72159604086335,45.90462657133663],[-123.72169173479729,45.90438029632131],[-123.72181728693468,45.90414022935676],[-123.72202936210526,45.90397059941217],[-123.72250416395374,45.90379805032781],[-123.72292676110781,45.90362443052176],[-123.72322679661607,45.90347362106612],[-123.72327309309087,45.903372972015376],[-123.72324097023461,45.90330158740472],[-123.72323383222137,45.90318737433719],[-123.72336946076128,45.90309457495287],[-123.72347296734327,45.90303746761044],[-123.72355326594987,45.902991822951826],[-123.72367462475151,45.90270595943691],[-123.72370386401569,45.902453363425124],[-123.72371532382377,45.90229782798256],[-123.72374328388698,45.901918359382016],[-123.72389816871332,45.90165928343609],[-123.72442479976043,45.901365740794304],[-123.7251015078505,45.901268299864924],[-123.72536443395437,45.901240064393264],[-123.72555261573504,45.9011850568497],[-123.72569538408482,45.90115828853007],[-123.72588276726319,45.90115828853007],[-123.7261088148297,45.90117018486805],[-123.72637947991977,45.901253466663896],[-123.72655199059031,45.901298080654726],[-123.72684942278087,45.90137243910178],[-123.72703085731543,45.90139325979919],[-123.72718849637643,45.90143192553767],[-123.72735883492061,45.90144185264848],[-123.72756536928253,45.90142515972302],[-123.72781807166017,45.901205863864405],[-123.72790076876859,45.90107000987117],[-123.7279236506555,45.9009504816624],[-123.72793316830592,45.90081723200228],[-123.7280140696821,45.90066018726016],[-123.72809497195661,45.90060783912244],[-123.72820918645677,45.90055549093537],[-123.72827581090813,45.90049362551445],[-123.72839954216039,45.900369893215554],[-123.72859941731113,45.9003223034117],[-123.72890874768764,45.90027471481733],[-123.72913241651528,45.90018429487533],[-123.72929081734765,45.900121827648725],[-123.7291171532403,45.89989300560391],[-123.72886527192283,45.899751648312176],[-123.72856610508546,45.899553737996804],[-123.72838764577112,45.89932530996015],[-123.72817349279727,45.899118296435596],[-123.72810924798308,45.89903263582906],[-123.72790937373068,45.898961252514525],[-123.72771048672679,45.898833454496696],[-123.72749058812839,45.89871378768805],[-123.72718601702626,45.898661440215896],[-123.72705276722522,45.89860909206925],[-123.7271336686014,45.89855198511437],[-123.72726216002637,45.89849487747559],[-123.72744775735396,45.89847108302557],[-123.72772853477916,45.89846632425936],[-123.72775232845609,45.89839969961424],[-123.72777612303133,45.898290243996776],[-123.72784750765538,45.898199824574085],[-123.72796648053159,45.89812368139331],[-123.72806641810696,45.89796187835044],[-123.72816159640796,45.8977905578134],[-123.72825460258258,45.89761717616798],[-123.72844901058647,45.897366108698066],[-123.72866240628053,45.89722069693036],[-123.7289927760993,45.89704172437513],[-123.7290834511458,45.89690129072351],[-123.72906525397308,45.89673637631993],[-123.72901928268838,45.89653741681976],[-123.72931967572616,45.89631680563632],[-123.72964490089329,45.89607427492886],[-123.72998761356409,45.8956795802428],[-123.73019416768894,45.8954130065384],[-123.73050217035545,45.8950192624659],[-123.73090361577782,45.894719101899014],[-123.73113571798937,45.89438904144168],[-123.73135172508594,45.89421321646695],[-123.73150471087379,45.89396961745465],[-123.73140807730204,45.89367167074673],[-123.7312274557428,45.89347337988318],[-123.73104126642545,45.8930992873201],[-123.7309522200246,45.89275286120316],[-123.73090878558229,45.89252537179988],[-123.73089056774835,45.89242995174476],[-123.73054112040788,45.89224236862469],[-123.72996231790401,45.89222490826912],[-123.72974430217444,45.892133821845434],[-123.72962202978617,45.89189145293862],[-123.72955266457488,45.89166279893075],[-123.72952766985041,45.89129640909617],[-123.72942493941285,45.89093822389141],[-123.72928907731094,45.890762969476896],[-123.72905625015899,45.89056307570275],[-123.72872587584861,45.89040530104588],[-123.72853275692717,45.89039629796784],[-123.72831643092864,45.89038621256794],[-123.72798991308579,45.89037394564293],[-123.72792243253998,45.89017860923714],[-123.72790357690215,45.890013742397564],[-123.72788819145629,45.88987921534086],[-123.7277942474405,45.88959966265686],[-123.72770098704265,45.88933222503376],[-123.72764564273632,45.888966668946146],[-123.72766440405104,45.88875986253813],[-123.72813850431527,45.88846167153457],[-123.7283312046218,45.88833503113301],[-123.72853172386458,45.88819300475531],[-123.72875560828787,45.88792595616483],[-123.72893550580501,45.88757213812812],[-123.72944165706025,45.8873033988895],[-123.73003957391676,45.887044268509776],[-123.73020182492843,45.886916988950254],[-123.73036838875176,45.88678632686308],[-123.73067775146764,45.886574703778656],[-123.73076743567235,45.88639324948089],[-123.73073545115663,45.88622905986547],[-123.73067573744477,45.885922513047944],[-123.73063291116189,45.88570222988089],[-123.73064315195614,45.88557087521774],[-123.73066064305304,45.8853465242391],[-123.73055982782365,45.88517637477013],[-123.73037575403877,45.88499334510581],[-123.73027869556391,45.8848898336125],[-123.7302333144724,45.884851759163475],[-123.73008263376155,45.88472533689808],[-123.73035335275054,45.88444182748731],[-123.73071250189608,45.88415411943173],[-123.73090508542164,45.883904497517065],[-123.73101930082014,45.883633237950995],[-123.73114029041417,45.883452438151245],[-123.73139266131344,45.88330594751557],[-123.73175209252999,45.88313224112203],[-123.73221429101504,45.88292855970959],[-123.73279932603033,45.88259983683483],[-123.73284398936795,45.88250028745222],[-123.73293437785182,45.882298816830904],[-123.73327822239987,45.882080029517056],[-123.73361960825896,45.881894678972415],[-123.73397047673421,45.88156951576367],[-123.73403401457428,45.881309900873774],[-123.73382900285677,45.88106374569528],[-123.73398949047554,45.880828765323855],[-123.73417040219061,45.880677917720114],[-123.73431306903078,45.88055895910414],[-123.73444176527165,45.88029734643513],[-123.73445760436674,45.880265147954255],[-123.73465909378999,45.879994262103075],[-123.73484867334925,45.87981308711731],[-123.73493064102567,45.879495323729486],[-123.73498824010336,45.879164609957364],[-123.735239116206,45.878804242717486],[-123.73546109799757,45.87865857784755],[-123.73576627007265,45.8786016342423],[-123.7360466809852,45.878490764369545],[-123.73629942019375,45.878274475517266],[-123.73647803042506,45.8781300037635],[-123.73654491269289,45.8780068120111],[-123.7366654342647,45.87783360375255],[-123.73677045001637,45.87781736840173],[-123.73692809087397,45.87779299660464],[-123.73718704283104,45.87760990571698],[-123.73721055174204,45.87750425660061],[-123.73725632629565,45.87729855576256],[-123.73737732487284,45.87725371798333],[-123.73759241838279,45.87717401316591],[-123.73788365579115,45.87717812208358],[-123.73812536817958,45.87707438026354],[-123.73817552830845,45.87680906376956],[-123.73831472585498,45.87652340756954],[-123.73851304692026,45.87640234116704],[-123.73879304101452,45.876361251403495],[-123.73912136357276,45.876406807253524],[-123.73943199830306,45.876446782495236],[-123.73982634074649,45.87635399721213],[-123.74022444713096,45.87632784984383],[-123.74048030439188,45.876320792653985],[-123.74087026754827,45.87629497924219],[-123.74116558869791,45.876150202141346],[-123.74144070044865,45.876090153891106],[-123.74154743018585,45.8760668570563],[-123.74165783493092,45.875945495711846],[-123.74165192581297,45.87564714336024],[-123.7416887441632,45.875596259527704],[-123.7417988641423,45.87544407056537],[-123.74225511398355,45.87530988223007],[-123.74255950182935,45.87514700890856],[-123.74279600309083,45.87502823296005],[-123.74302953901356,45.87493380792937],[-123.74325445200789,45.874763776674214],[-123.74347718568933,45.87447852274834],[-123.74358342045481,45.87436030826497],[-123.74366814236589,45.874245719200246],[-123.74398260302101,45.874096356658505],[-123.74404938198258,45.87399856078956],[-123.74429403365863,45.873870454526845],[-123.74444485450663,45.8738141308333],[-123.74457474730346,45.873765622636625],[-123.74477319143791,45.87374193892794],[-123.74506850450274,45.873588161882566],[-123.74497092590333,45.87347557578553],[-123.74467444053704,45.87330173921144],[-123.74462284759535,45.873157544112956],[-123.74469319197031,45.87283005686983],[-123.74487370124011,45.87264489187648],[-123.74509014222299,45.87258946071987],[-123.74549583937161,45.87231431684019],[-123.74581029912841,45.87203865871798],[-123.74613874745079,45.87185665969826],[-123.74632723465862,45.87165729083501],[-123.74652684121307,45.87142424279351],[-123.74664908305863,45.871205467701124],[-123.74672977153409,45.870866490827304],[-123.74676318167612,45.870689609391704],[-123.74672707838486,45.87051048379273],[-123.7466725784949,45.8702400833001],[-123.74663382068194,45.87009250138416],[-123.74659493800318,45.86986604380687],[-123.74676688273509,45.86975814384312],[-123.74704739875055,45.86965027619543],[-123.74738292220414,45.86945047595891],[-123.7475199602007,45.86917608152115],[-123.74765491141089,45.869060876285815],[-123.74787621048283,45.86887195637167],[-123.74818355019265,45.86885435731538],[-123.74864393857241,45.86870207295375],[-123.74902159930099,45.868546007008455],[-123.74898966958254,45.86842627869537],[-123.74893887793806,45.86823581725254],[-123.749159612868,45.868151757853056],[-123.74935122172147,45.86807879171924],[-123.74944850297852,45.86780306129807],[-123.74971239207638,45.86763193734768],[-123.7500911999536,45.867572916370236],[-123.75047546150292,45.8673802576923],[-123.75072123517475,45.86718640047884],[-123.75106959824866,45.867136282666735],[-123.75152546630592,45.86728748792211],[-123.75160012528917,45.86745531333914],[-123.75180407968958,45.867641066090066],[-123.75216319020757,45.867871686123934],[-123.75256036414075,45.868009007455065],[-123.7529277113116,45.868198235549606],[-123.75340664720699,45.86837306575096],[-123.75381556212096,45.86846185362696],[-123.75410242293728,45.86846604325326],[-123.75461040855234,45.86841106767482],[-123.75499245485616,45.86853846406541],[-123.75537873312328,45.86845703224113],[-123.75572251029767,45.86839384690302],[-123.75617812682661,45.868387286607614],[-123.7564865328367,45.86840916238756],[-123.75676240995203,45.86842873004748],[-123.75699889684047,45.86813907631071],[-123.75715717909522,45.86796271787868],[-123.7574565938676,45.86780576038021],[-123.75781481505346,45.867613798705975],[-123.75798148487802,45.8675550854623],[-123.75824481612207,45.86746231848594],[-123.75852694641013,45.86715414748699],[-123.75879114902001,45.86698906219239],[-123.75902290358353,45.86686431446436],[-123.75909701818773,45.86671663726292],[-123.75926623563446,45.86640856346537],[-123.75945517649151,45.866218260248715],[-123.75963648795688,45.865913527787434],[-123.75966832514887,45.865766378513314],[-123.75970101124881,45.86550610803938],[-123.75970109479213,45.86550544434424],[-123.75970120618322,45.86550455983443],[-123.75974376027655,45.86540387762549],[-123.75989113518709,45.865270438841094],[-123.76010400087515,45.86496693413017],[-123.760243082539,45.864829668464],[-123.76033986702771,45.86465604005347],[-123.76043046841232,45.864583285145],[-123.76058649230248,45.86473064335546],[-123.76078485289361,45.86495110475145],[-123.76083425394602,45.86498874307195],[-123.76092467297262,45.86507916276339],[-123.76102936982237,45.86517910054103],[-123.76110551282247,45.865255243221],[-123.76131014634926,45.86539801069948],[-123.7615290559025,45.865497948529466],[-123.76168134100443,45.86551698363089],[-123.76184790482776,45.86555505443979],[-123.7620477799785,45.86556457323258],[-123.76222385965566,45.86556457323258],[-123.76242373390805,45.8655693316901],[-123.76255698370912,45.865578849229415],[-123.762709268811,45.86558360893675],[-123.76281396655905,45.86558360893675],[-123.76291390233779,45.865578849229415],[-123.76300432226272,45.86557409077276],[-123.76324508692852,45.865576597923365],[-123.76379068230959,45.86557169621858],[-123.7643540176209,45.86561501586395],[-123.76473013414552,45.86552176586287],[-123.76489161979256,45.865481728340924],[-123.76512058598544,45.86538373027747],[-123.76523267776659,45.865335753937664],[-123.76534460515605,45.86519608835649],[-123.76551840401069,45.86501532990197],[-123.76605531268298,45.865064112216835],[-123.76629288832953,45.86511818219336],[-123.76663902986976,45.86517226525362],[-123.76687158123895,45.865214339133324],[-123.76716103369482,45.86525903524549],[-123.76753750774895,45.86531716728599],[-123.7681723157192,45.86523409745663],[-123.76878134743069,45.8651876516864],[-123.76888804482856,45.865165968556376],[-123.7690605554991,45.86510648205966],[-123.76918547701915,45.86504699549929],[-123.76926875893082,45.86499940608006],[-123.7693698858756,45.86493991940507],[-123.76947696146419,45.86488043266646],[-123.76958998569663,45.864838792036664],[-123.76967326670999,45.864814997555825],[-123.76977439365477,45.86480310031156],[-123.76988741788719,45.86480310031156],[-123.76998259708651,45.86480310031156],[-123.77007777538746,45.864797151375676],[-123.77015510775702,45.86477930581541],[-123.77022054283894,45.86478525475315],[-123.77029787520851,45.86480310031156],[-123.77036331118875,45.86482094648976],[-123.77044064355829,45.864844740968095],[-123.7705179750295,45.86486853606176],[-123.77062505151645,45.86491612434195],[-123.77073807574888,45.86495181599454],[-123.77087489545484,45.86502914939366],[-123.77095817556989,45.86506484097363],[-123.77105335476917,45.8651124309624],[-123.77114258352805,45.86516001903381],[-123.7712258654397,45.8652076089411],[-123.77128535187785,45.86524924929463],[-123.77136268424736,45.86530873563858],[-123.77145191390454,45.865356325418595],[-123.77153519581624,45.865397965035186],[-123.77166011733627,45.86543365762946],[-123.77185642258205,45.865505040872655],[-123.77193970359541,45.86555263048458],[-123.77202893415088,45.86559427120522],[-123.7720943683345,45.865618065978055],[-123.77229067447861,45.865671603710624],[-123.77242154464244,45.86571324434214],[-123.77249887701198,45.86576083377583],[-123.77258810756749,45.865820320197884],[-123.77271302908753,45.865885754750714],[-123.77287075528511,45.86593623775023],[-123.77330222599755,45.86603949931192],[-123.77361056912557,45.86611585349378],[-123.77396037758875,45.86608183275607],[-123.77425536905672,45.86615248955202],[-123.77440085750517,45.86626675251366],[-123.77451738247224,45.86640609263283],[-123.77454150672921,45.86645828347313],[-123.77461152771066,45.866609767054804],[-123.7747875525906,45.86665036673638],[-123.77504613983164,45.86661585341215],[-123.77545422829553,45.866537730304735],[-123.77627905060965,45.86660877497222],[-123.77655635784289,45.86667385204819],[-123.77690147799866,45.86670973148039],[-123.77716413999784,45.86665938930077],[-123.77729932746493,45.866680428809495],[-123.77762831208156,45.8668138385629],[-123.77778958303124,45.86705204333129],[-123.7778936232125,45.86727667585424],[-123.77799782958209,45.86760431028873],[-123.77806091646787,45.86770364491113],[-123.77813522510817,45.8678903363491],[-123.77834519013616,45.86798591427623],[-123.77864984029004,45.86803017593326],[-123.77896565380796,45.8680055308748],[-123.77928161734454,45.868049476008785],[-123.77957586141413,45.86804389897259],[-123.77986216168173,45.86799978307015],[-123.78016673368217,45.8680140590671],[-123.78064743117385,45.867961212276775],[-123.78065761627253,45.86797665923751],[-123.78076736165417,45.86793973164283],[-123.78110312855117,45.86796372557484],[-123.7814515563038,45.8679812973907],[-123.78134437291737,45.86808137319243],[-123.78121412169276,45.868157823399834],[-123.78127343206108,45.868359431614664],[-123.78117890054708,45.868603283051726],[-123.7815406808581,45.86884926387121],[-123.78173138870135,45.86899072045769],[-123.78183975966057,45.8690711037922],[-123.7822397866431,45.86928820595585],[-123.78253716762973,45.86932571436448],[-123.78335362752684,45.86949662856444],[-123.78390498649875,45.86956919752631],[-123.78419167933014,45.86957028337981],[-123.78460048105636,45.869731780704875],[-123.78482248620408,45.86981658767604],[-123.78502106957743,45.86972002024423],[-123.7852448039821,45.869683425317604],[-123.78547061169843,45.86953148662258],[-123.78574741407851,45.86943576373668],[-123.78617060501895,45.86946943214576],[-123.78666889511717,45.8695252698566],[-123.78708012139637,45.86957747278008],[-123.7874351553596,45.86963428239526],[-123.78791818308112,45.86965110121773],[-123.78830217064424,45.86960698096146],[-123.78880270832731,45.86955049469763],[-123.78917647755408,45.86963104485423],[-123.78955717907992,45.86968106033857],[-123.78996822659438,45.86965438003997],[-123.7902030623793,45.869659937524375],[-123.79041865355593,45.86970850810068],[-123.79075598891141,45.869683889431464],[-123.79100746149543,45.86960099876316],[-123.79147488548048,45.86964857861359],[-123.7917322842504,45.86974451630143],[-123.79196764285483,45.86975915776163],[-123.79230203263452,45.869758886924664],[-123.79254761586353,45.86972469953428],[-123.79270907635775,45.86966253205942],[-123.79282661192953,45.869606987841834],[-123.79277521661719,45.86960318047669],[-123.79272191597809,45.8695974703667],[-123.79266480917718,45.86958604826851],[-123.79261912355678,45.8695651099383],[-123.79257914942495,45.869542266351736],[-123.7925486911469,45.869530845493216],[-123.79249539140616,45.869509905891206],[-123.79239640604501,45.86950038777395],[-123.79232216657499,45.869490870280565],[-123.792226988274,45.86946993066349],[-123.79215084437557,45.86945660578971],[-123.79206328109325,45.86944328091272],[-123.79198713719484,45.86943947353635],[-123.79191099509305,45.86942995603254],[-123.79184056268318,45.869407113015974],[-123.79177203470172,45.86938617461832],[-123.79167685640076,45.869346199301624],[-123.79162926725027,45.869329067014235],[-123.79159690634046,45.869317645486404],[-123.79154741365988,45.86930241719597],[-123.79150553509966,45.86929099566261],[-123.79141120570661,45.86925526613886],[-123.79116850067979,45.86916960576002],[-123.79099717937868,45.86906966827598],[-123.79075018309975,45.868915145217905],[-123.7906461087825,45.86876879452228],[-123.7904974915019,45.86862708904663],[-123.79038327790005,45.86842721445008],[-123.79039837408837,45.868189249514344],[-123.79034044802393,45.86798463510935],[-123.79027940480542,45.86785283385246],[-123.79031918669779,45.86771247777434],[-123.79045466162577,45.867613438410125],[-123.79054409789546,45.867463897286676],[-123.79051254906268,45.867261488914295],[-123.79048162905059,45.867000581779934],[-123.7903338642712,45.8667875046788],[-123.7901251092739,45.86641461544077],[-123.78991080538309,45.86622289416989],[-123.7897681960351,45.866115638936826],[-123.78972536615898,45.86598714856778],[-123.78966825935807,45.865830103546024],[-123.78961115255713,45.86555884519273],[-123.78961115255713,45.865358970197605],[-123.78955404485791,45.86515909636044],[-123.78949693895528,45.86503060503156],[-123.78947374804793,45.864769996445894],[-123.78945466783128,45.86452578414092],[-123.78956832178272,45.86441670340745],[-123.78965398243325,45.86428821286479],[-123.7897069408142,45.86419846310432],[-123.78983936865676,45.86407500651178],[-123.79001090196027,45.863845633724054],[-123.7899889462364,45.863625243011185],[-123.79003683452586,45.863417824307184],[-123.79011083863729,45.86330311634512],[-123.79013939248694,45.86320317832285],[-123.79021093611279,45.8630422043945],[-123.79034414638795,45.86286895762735],[-123.79048802775037,45.86267958377512],[-123.79052574351758,45.862629944214],[-123.79068044868085,45.86247801376404],[-123.79084087701082,45.862286934517684],[-123.7910388279702,45.86197537610456],[-123.7912387022226,45.86178977833249],[-123.79149568417425,45.861518520283155],[-123.7916420350054,45.861245233388466],[-123.79178431736662,45.86108529476799],[-123.79199454380435,45.86078977914586],[-123.79209543179726,45.86060315206985],[-123.79226663002916,45.86046203948613],[-123.79246563022082,45.860317074751336],[-123.79263242221623,45.86016758782056],[-123.79277279475917,45.86004390394292],[-123.79296823852057,45.85990753636988],[-123.79315047794563,45.85981888122142],[-123.79332729064808,45.859635693582256],[-123.79353726106594,45.85931989809091],[-123.79365147556612,45.859205684037306],[-123.79375141314149,45.8590343622043],[-123.79382775287263,45.858911522883865],[-123.7941368856198,45.85884876462441],[-123.7943619109035,45.85877400828723],[-123.79464618457179,45.85872704536799],[-123.7948241354397,45.858702558844776],[-123.79495831409875,45.858679301017006],[-123.7952836569452,45.858653464396745],[-123.79547212259348,45.858673239440954],[-123.7955932756809,45.858770094451444],[-123.79586324547492,45.85882100057057],[-123.79602943380247,45.85886924841758],[-123.79624893534555,45.858874227663584],[-123.7964474387688,45.8589299233681],[-123.7966184061337,45.858991960832434],[-123.79676597957193,45.85906301013834],[-123.79693513413656,45.85909146912352],[-123.79710645453935,45.85913429958731],[-123.79723494506601,45.85916285237731],[-123.79749192791597,45.85919140702952],[-123.79769180127003,45.85919140702952],[-123.79780601577022,45.85919140702952],[-123.7979202302704,45.85914857660977],[-123.7979916139961,45.85906291629686],[-123.7981772113237,45.85892014818979],[-123.79848482681635,45.85880309928926],[-123.79870368965722,45.85879695264331],[-123.79871756683174,45.85889960122861],[-123.79875405999184,45.859048958939134],[-123.79887128025496,45.85928516375553],[-123.79899102029243,45.859426612773994],[-123.79909312460424,45.85967716731963],[-123.79917911224156,45.859786145369725],[-123.7994640883924,45.85995915525701],[-123.79953925761876,45.86008793169381],[-123.79964928327475,45.860199019077804],[-123.7997519894578,45.86032145267021],[-123.79980476278581,45.86044776154973],[-123.80006174653407,45.86057625221017],[-123.80036155746352,45.86071901981844],[-123.80047577196368,45.86074757429706],[-123.80058998646386,45.860804680707915],[-123.80080413764105,45.860861787685714],[-123.80094690509254,45.86089034209101],[-123.80104684266789,45.86091889523045],[-123.80127526987162,45.86093317179467],[-123.80144659207104,45.860961724912116],[-123.8015893595225,45.860976002090936],[-123.80174640389878,45.860990278014896],[-123.80188917224858,45.86101883235421],[-123.8019748320008,45.861033109518374],[-123.8021604302267,45.86110449278177],[-123.80236030537742,45.861161600077224],[-123.80248879590408,45.86123298317566],[-123.80263156425389,45.86127581386651],[-123.80276906667947,45.86128653889407],[-123.80308842045791,45.861161600077224],[-123.8033739562592,45.861118769923934],[-123.8035468828497,45.86101959557139],[-123.80378016275256,45.86097083660781],[-123.80391647311379,45.860861787685714],[-123.80413062429098,45.860633359422586],[-123.80427339174247,45.86036210073596],[-123.80438817577453,45.860263511217504],[-123.80454836515261,45.860000012537796],[-123.80462709799569,45.85984462971601],[-123.80469941866428,45.85957803293672],[-123.8047279949718,45.859382289213265],[-123.80500150682298,45.85920568278612],[-123.8050838796396,45.859169072804626],[-123.80536206812015,45.85918064468694],[-123.80554313704037,45.85900288712151],[-123.80568679202734,45.858777379716194],[-123.80581528255401,45.85860605781467],[-123.80595341829188,45.858445506005324],[-123.80609346474637,45.85838586654873],[-123.80620549634041,45.858324230055025],[-123.80638635325822,45.85822058629847],[-123.80657195148414,45.85822058567284],[-123.80674327188692,45.85817775450528],[-123.80689353488111,45.85815463784815],[-123.80706008433145,45.85793813596754],[-123.80721440501578,45.85786366619282],[-123.80737595623982,45.857748224174934],[-123.80749613465517,45.857758765323695],[-123.80767126301643,45.85779228252236],[-123.80779975264478,45.85777800577729],[-123.80792824317145,45.85774945227611],[-123.80805673459643,45.85773517552004],[-123.80818522602142,45.857649514906576],[-123.8083422703977,45.857592407757636],[-123.80852786682698,45.85749247010586],[-123.80869918992471,45.85737825667799],[-123.80887050942918,45.85724976488355],[-123.80899899995585,45.85710699712614],[-123.80905610855339,45.85696422962777],[-123.80911321625264,45.856850015740555],[-123.80921315382798,45.856750078631414],[-123.80931308960672,45.85665014071706],[-123.80944158013338,45.856593033793025],[-123.8096129023328,45.85652165036834],[-123.8097985005587,45.8564074355721],[-123.80994126801018,45.856336051909175],[-123.81004120468721,45.85632177479022],[-123.81024108073626,45.85627894466258],[-123.81039812421423,45.85623611450199],[-123.81056944641364,45.85617900715276],[-123.81072648989161,45.856107623822254],[-123.81082642746695,45.8561361769152],[-123.81099774876805,45.85623611450199],[-123.8112547307197,45.85626466752896],[-123.81175441679986,45.85623611450199],[-123.81192573989759,45.856221837357374],[-123.8121684440261,45.856150454081806],[-123.81238259520332,45.85607906946335],[-123.81265385407978,45.85607906946335],[-123.8128965591066,45.856093346644656],[-123.81319637183266,45.856093346644656],[-123.8134247999347,45.856093346644656],[-123.81368178098803,45.856093346644656],[-123.81392448601486,45.85606479352972],[-123.81421002181612,45.85605051634107],[-123.81449555761739,45.85605051634107],[-123.81466687802015,45.85603623914881],[-123.81480964547166,45.85597913159432],[-123.81492385997181,45.85587919542266],[-123.81499524369755,45.85582208833256],[-123.81512373512253,45.855650766084686],[-123.81522367179956,45.855536552627974],[-123.81542354784861,45.85536523075175],[-123.81569480492843,45.85519390959905],[-123.81585185020302,45.855065419013805],[-123.81620876883171,45.85485126696155],[-123.81632298333187,45.85480843695266],[-123.81665454701167,45.854921678383384],[-123.81716531291255,45.855065419013805],[-123.8174508478155,45.85522246378682],[-123.81759361616527,45.85536523075175],[-123.81782204426732,45.855550829322915],[-123.81796481171877,45.855764980558135],[-123.81823607149356,45.85595057842073],[-123.8183931140732,45.85605051571547],[-123.81860726614873,45.85615045345616],[-123.81899273952537,45.856250391017284],[-123.81932110520275,45.856250391017284],[-123.81963519305698,45.856250391017284],[-123.81984118124323,45.85619901894402],[-123.82006352685245,45.856184378291736],[-123.82036163637274,45.85617038017032],[-123.8206560861566,45.85616205537186],[-123.82102269221727,45.85622966538733],[-123.82133175399754,45.85640472780324],[-123.82157683416996,45.85646454143544],[-123.82176243239587,45.85655020199745],[-123.82190063460907,45.85666155733998],[-123.82210507499805,45.85682146051161],[-123.82220501167512,45.856935675083115],[-123.82229067322396,45.85700705797631],[-123.82241916375064,45.85709271957948],[-123.82256193299875,45.85710699587485],[-123.82266186877746,45.85710699587485],[-123.8228760199547,45.85710699587485],[-123.82314727883112,45.85710699587485],[-123.82341853770758,45.85710699587485],[-123.82351847438461,45.85710699587485],[-123.82386510281174,45.85713510300499],[-123.8241752057394,45.85723548737355],[-123.82444820285592,45.85722442497537],[-123.82494548594269,45.85727718374859],[-123.82524574962305,45.85736893918728],[-123.82544970492178,45.857449495108575],[-123.82570028188543,45.857509236921125],[-123.82587988206019,45.85758212871485],[-123.82603335024334,45.85761677027011],[-123.82628816725516,45.85762095883692],[-123.82642422159651,45.85755278682324],[-123.82653542314722,45.857477230442754],[-123.82670219358307,45.85724976300667],[-123.82681640808325,45.85709271895383],[-123.82688951298107,45.85698541294753],[-123.82697022391442,45.85679653895827],[-123.82703614228994,45.856693951556835],[-123.82718760453506,45.856478817892146],[-123.82730181723858,45.8563074964163],[-123.82728166353522,45.85611934023954],[-123.82724385883476,45.855811286547706],[-123.82716169532564,45.85556297442722],[-123.82720024832267,45.85540314208924],[-123.82733902635597,45.85518477318185],[-123.82765374213263,45.85504496572783],[-123.82798710244298,45.85499403362817],[-123.82808703912004,45.85493692750606],[-123.82817270066887,45.854851265710266],[-123.82818697849201,45.85477988255235],[-123.82812987079278,45.854651391636104],[-123.82807276309353,45.85443723986649],[-123.82812517889205,45.854240694088794],[-123.8284011287709,45.85412315107302],[-123.82871521842178,45.85415170455923],[-123.82900075152813,45.8541659816097],[-123.8292720122012,45.85419453444824],[-123.82942905478085,45.8541088740116],[-123.82944333260397,45.853880446161035],[-123.82939916513641,45.85373671748387],[-123.8294353465811,45.85360480110998],[-123.82987163585672,45.85365201737226],[-123.83002868113132,45.85365201737226],[-123.83017144858277,45.85360918769106],[-123.83041415271131,45.8535520801469],[-123.83064258081333,45.85345214274193],[-123.8307279836474,45.85335370740093],[-123.83090041077462,45.85323463523668],[-123.83102810180065,45.853100122989645],[-123.83121627998807,45.85297781865405],[-123.83149603063892,45.852922539321135],[-123.83172761542083,45.85298100898774],[-123.83195828212455,45.852990186436074],[-123.83210479375411,45.85279806410992],[-123.83239862370041,45.852552706149886],[-123.83255566717837,45.85239566197151],[-123.83275554232908,45.85221006413262],[-123.83289830978057,45.85212440376773],[-123.83306963197995,45.85205301961242],[-123.8332837831572,45.85192452865276],[-123.83352648908235,45.851824591451646],[-123.83381202398529,45.85169610058995],[-123.83408328196344,45.851596162978346],[-123.834397370716,45.851467672214625],[-123.83459724586672,45.851367734818254],[-123.83479712101743,45.85126779724232],[-123.83501127129632,45.85119641261326],[-123.8352780296132,45.85113866375281],[-123.8355155549541,45.851042799073014],[-123.8356537266246,45.85083949372486],[-123.83573842697608,45.850763545918305],[-123.83593600154137,45.850666031235356],[-123.83632473400584,45.85059678887395],[-123.83632682169056,45.85059646350729],[-123.83678159020988,45.850525405260775],[-123.83725558626958,45.850400173210005],[-123.83777455109403,45.8502099716248],[-123.83806873946813,45.8501292012347],[-123.83841781849931,45.85003294499677],[-123.83879183476279,45.849885850051244],[-123.83909138787577,45.849760365648955],[-123.83918858648782,45.84971861232918],[-123.83922291740302,45.84951175369796],[-123.83930491562218,45.84938946775143],[-123.83952447735233,45.84932752469514],[-123.83976543515595,45.849383263124544],[-123.83997958633314,45.849368986097744],[-123.84010807865644,45.84931187983109],[-123.84025084610789,45.849211942315435],[-123.84035078278498,45.84911200462025],[-123.84046499728514,45.849012067371206],[-123.8405934878118,45.8489121299426],[-123.84072197833848,45.84882646950415],[-123.84087902271476,45.84876936205477],[-123.84119311236563,45.848683701396446],[-123.84160015429224,45.84863350996362],[-123.84190594171326,45.84854682853342],[-123.84227538555194,45.848458336108045],[-123.84255794703131,45.84838345379689],[-123.84272214289555,45.848192189079384],[-123.84281990834457,45.84809193355671],[-123.84301852405727,45.84794424716439],[-123.84314106144852,45.84779037247025],[-123.84329533631877,45.847702431367765],[-123.84336541569074,45.84760574855649],[-123.84346017627512,45.847522286832756],[-123.8436207124029,45.84733669400666],[-123.84369714016897,45.84707551878496],[-123.8439316408823,45.84685996996041],[-123.84409129576281,45.84674206092645],[-123.84409396914909,45.84656849805338],[-123.84410949473217,45.84635640141978],[-123.84419208044947,45.84620087722453],[-123.84413988743316,45.84605754733214],[-123.84412268828875,45.84589929524826],[-123.84414511023822,45.84577407530919],[-123.84428966623544,45.84567770452951],[-123.84453413735011,45.84557719792474],[-123.84470441031726,45.84549597839323],[-123.8448086247717,45.84536175718342],[-123.84507242313971,45.84517043639502],[-123.84528246991438,45.84501406472316],[-123.8455068061903,45.84482943660097],[-123.84576865341752,45.84460474967867],[-123.84593404763439,45.84436610080592],[-123.84599519685406,45.844116497918044],[-123.84592847987625,45.843792560486555],[-123.84573332716896,45.84345278817283],[-123.84550934842257,45.84323358948302],[-123.84535608954687,45.842928828045],[-123.84545959882381,45.84269595181647],[-123.84554882848097,45.84242231333637],[-123.8455812208318,45.84206153014658],[-123.84574540322133,45.84189377764494],[-123.84589174147607,45.841822394753166],[-123.84603648611947,45.841769841601675],[-123.8462784033238,45.84168200612958],[-123.84642661905748,45.841988405237466],[-123.8465372106521,45.842176020344034],[-123.8466889666463,45.84232697369784],[-123.84676388614103,45.842440753695385],[-123.84687526555814,45.84250186147324],[-123.84706086198743,45.842716012264866],[-123.84728929008944,45.8428873343072],[-123.84753199511628,45.84301582486694],[-123.84768904039088,45.84307293196526],[-123.84786036169196,45.84311576225053],[-123.84817445044455,45.84318714536022],[-123.84840170714342,45.84322081339503],[-123.84866946438692,45.8432701767886],[-123.8489668974758,45.8432701767886],[-123.84919592116084,45.843216639388345],[-123.84937438047517,45.84316607568456],[-123.84958258390692,45.84319284441544],[-123.84976996618697,45.84326720242042],[-123.8499008354525,45.843285048627166],[-123.85006442405562,45.8432285356194],[-123.85032021573954,45.84334156095176],[-123.85044673446413,45.8433599859872],[-123.85048728711101,45.843387019958136],[-123.85058722468638,45.84340129726877],[-123.8507871007354,45.84347268063789],[-123.85081567614458,45.84348437093091],[-123.85090764117182,45.84348028142498],[-123.8512014783046,45.843536701560915],[-123.851444686388,45.84357296263362],[-123.8517101879618,45.84367339526233],[-123.8518105746948,45.843804461600705],[-123.85189786219433,45.843922940689126],[-123.85201802443999,45.84407504511586],[-123.85209498580532,45.844228382532705],[-123.85220973390479,45.84439360111601],[-123.85240395685572,45.84454359101983],[-123.8526309242971,45.84461919688682],[-123.85279794087135,45.844726759540904],[-123.85294820835712,45.844865041650316],[-123.85296811682046,45.84499408457599],[-123.85314508852468,45.84516616804395],[-123.85339990643482,45.84540083237688],[-123.85348771944876,45.84573963663207],[-123.85353761277797,45.84595855261756],[-123.85358954079129,45.84623977286291],[-123.85362808300856,45.84644849401047],[-123.85373528975119,45.84669601458031],[-123.85384110051189,45.84681396375975],[-123.85387768260519,45.84676834485909],[-123.85407157497612,45.846526555238086],[-123.854225968424,45.846206754311055],[-123.85438905397058,45.845929910447666],[-123.85471927736394,45.84565693115611],[-123.85496146406288,45.845464233453086],[-123.85524104762706,45.84517109782985],[-123.85533618550384,45.8450233135721],[-123.85567466621134,45.84486923931255],[-123.8559844816781,45.84467028616974],[-123.85598496317509,45.84466824052178],[-123.85604390074256,45.84441800382825],[-123.85632588370689,45.84427168939573],[-123.85674478878512,45.844246752831886],[-123.8571915200776,45.844169174008385],[-123.8576580286794,45.84411263123561],[-123.85802023479181,45.8439640181368],[-123.85825020619949,45.8438796736046],[-123.85854062524265,45.84377199667193],[-123.85864337634148,45.84362648404641],[-123.85879950263953,45.84333686942848],[-123.85888687907229,45.843139950251874],[-123.85918093808897,45.84298896280808],[-123.85946355795882,45.842959275289815],[-123.85975622638344,45.84290437148723],[-123.85995271758048,45.842867511095776],[-123.86016138633951,45.84273624605083],[-123.8602564424696,45.84256502867689],[-123.86040855599332,45.842418101721975],[-123.86065136432639,45.84234202414094],[-123.86078081335548,45.84223030845313],[-123.86099337451462,45.8420600482495],[-123.86116298722004,45.84189533589445],[-123.8612849999952,45.841762230567994],[-123.86128308209206,45.84162403148798],[-123.86114456367189,45.8414297784499],[-123.86110920149072,45.841288334346096],[-123.86106637161463,45.84117412018206],[-123.86103552975597,45.84107131559386],[-123.86110080493776,45.84083428994721],[-123.86123652600416,45.84061870317153],[-123.86132515109516,45.84044334824767],[-123.86143829210855,45.840347901331754],[-123.86148418703641,45.84030918243612],[-123.86187451401052,45.84022898030958],[-123.86194838337464,45.840213802252975],[-123.8621807110633,45.84006457419377],[-123.8623923981617,45.83998506450236],[-123.8624688286227,45.83994520760453],[-123.86270989332583,45.83981949488048],[-123.86284824376104,45.83974734581826],[-123.86315284899918,45.839565801827],[-123.86341278820474,45.83957131663359],[-123.8635858297796,45.83957068016535],[-123.86358390558824,45.83943248127415],[-123.86354967438602,45.83932115714744],[-123.8635457164089,45.83930828190533],[-123.86354015044739,45.839213392537076],[-123.86363079135789,45.83907254047094],[-123.86365046625923,45.83902228091182],[-123.8637060531107,45.83888028495783],[-123.86362492086748,45.838761637419395],[-123.86339745665778,45.83867742456229],[-123.86325739852519,45.838607989538836],[-123.86319945988433,45.83857231226842],[-123.86317933223206,45.838518641424244],[-123.86319360915687,45.8383615970501],[-123.8632221639048,45.83824738313662],[-123.863231079684,45.83822732358039],[-123.86334833947298,45.83815605802435],[-123.86339730035093,45.838042323713076],[-123.8633539530452,45.83793555422691],[-123.86334609458308,45.837865271504945],[-123.86335065443146,45.83783335698656],[-123.86339348430758,45.83767631255584],[-123.86339348430758,45.837519267681905],[-123.86336492955965,45.83734794663369],[-123.86330782365702,45.83720517910782],[-123.86326499288262,45.83699102713219],[-123.8632792698074,45.83684825994232],[-123.86330782365702,45.83669121523484],[-123.86330782365702,45.836577001022036],[-123.86335065353317,45.83646278720068],[-123.8634363132854,45.83636284975822],[-123.86350769790944,45.836305742657075],[-123.86356480471036,45.83619152890479],[-123.86357908163518,45.83610586765442],[-123.86359335766168,45.83603448422154],[-123.86362191240961,45.83594882335529],[-123.86376468075942,45.83583460887045],[-123.86389317128605,45.83577750185309],[-123.86410732156497,45.835691841217134],[-123.86426436683955,45.83563473405327],[-123.86435002659181,45.83553479762719],[-123.86439285736621,45.83543485976987],[-123.86439285736621,45.835277815454695],[-123.86439285736621,45.835206431585455],[-123.86439285736621,45.83510649439021],[-123.86432147364049,45.83494944977427],[-123.86426436594122,45.8348066817277],[-123.86427864286605,45.83470674444046],[-123.86430719671569,45.83464963689153],[-123.86440713429103,45.834563976397135],[-123.86450707096806,45.83447831639673],[-123.86462128636657,45.834392655638595],[-123.8647212221453,45.834335548393234],[-123.8648354384421,45.834249888041235],[-123.86490682037119,45.83416422755737],[-123.86502103487138,45.83402145999992],[-123.86506386474747,45.83395007577091],[-123.86514952629634,45.83383586219096],[-123.86526373989821,45.833778754374286],[-123.86539223042487,45.83367881711877],[-123.86556355172596,45.83359315638181],[-123.86566348930133,45.83347894206936],[-123.86574914905356,45.83337900552727],[-123.86584908662893,45.833236237833106],[-123.86590619432815,45.83313630022933],[-123.8659775789522,45.83299353253846],[-123.86604896177964,45.83289359512467],[-123.8661369858977,45.832830721130925],[-123.86620912241163,45.83266052855397],[-123.86652813932184,45.83240943355954],[-123.86675045438837,45.83219567497834],[-123.86702678155966,45.83195444418244],[-123.86740597122086,45.83167569796233],[-123.8676387660335,45.83160026040418],[-123.86764795939209,45.831594409315116],[-123.86777645081708,45.83140881154909],[-123.86783355761798,45.83119465917452],[-123.8678884931909,45.8310738013828],[-123.8679027593359,45.83097881034304],[-123.86805744832952,45.83077130930417],[-123.8683239542198,45.83057356136485],[-123.86873414204653,45.83040193225627],[-123.86887876631569,45.83023360379522],[-123.86887844022723,45.83001758849315],[-123.86890313850768,45.829701485241074],[-123.86911629794479,45.829647841519716],[-123.8693353727881,45.829589707243294],[-123.86952081291051,45.8294850134395],[-123.86972070872248,45.82931077579318],[-123.86983447586162,45.829143332250204],[-123.86993881877514,45.82901255937223],[-123.86994651913376,45.82898176022409],[-123.86994651913376,45.82876760915222],[-123.86990368835933,45.82852490377504],[-123.86986396485746,45.82840573276772],[-123.86987508240743,45.82825646615634],[-123.86984931333518,45.82802822070787],[-123.86985933763543,45.82779673434657],[-123.86985980296276,45.82778597156253],[-123.86997695136063,45.827570905112324],[-123.87013238326098,45.82737634010856],[-123.87055893659554,45.827273361048235],[-123.87102943641213,45.827182080523315],[-123.87143899901143,45.82710551012988],[-123.871915918189,45.827018361985836],[-123.87224299208901,45.82690527344913],[-123.87254350639935,45.82683579744613],[-123.87262711080618,45.826816466790284],[-123.87274441640925,45.82670940534532],[-123.87290034417963,45.82652346265257],[-123.87289619935292,45.82624275057609],[-123.87283042470781,45.82595308866801],[-123.87283042470781,45.82582659503156],[-123.8728447016326,45.82568382736979],[-123.87288753240706,45.825498229300344],[-123.87295891613279,45.825326907552494],[-123.87301602293373,45.82519841683461],[-123.87307312973464,45.82506992644615],[-123.87309228001986,45.82499811507653],[-123.87308008000001,45.824850584600654],[-123.87306444033091,45.82447947117866],[-123.87306798598134,45.824224458691816],[-123.87293479457078,45.823956094861245],[-123.87279205227213,45.82373552916514],[-123.872660300861,45.82359674006066],[-123.87257587449565,45.82342202386491],[-123.87260138125981,45.82329434694829],[-123.87258772057929,45.82325677744041],[-123.87255916583136,45.82307117816538],[-123.87255916583136,45.82292841157536],[-123.87251391050397,45.82271345406569],[-123.87244699410016,45.82259619062036],[-123.87228811716068,45.82231128128731],[-123.87212789005333,45.8221085000967],[-123.87199876351947,45.82190914692163],[-123.87190149573715,45.82172615933265],[-123.87191315856445,45.82160917113964],[-123.87197866012171,45.821563966665195],[-123.87200237205195,45.821500734303385],[-123.87215941642823,45.82144362697686],[-123.87235928978234,45.82141507423072],[-123.872459228256,45.8213865202178],[-123.87257344275619,45.82130085934337],[-123.8726305495571,45.82117236872367],[-123.87270193328285,45.82104387843344],[-123.87287325368564,45.820915386594635],[-123.87308740665945,45.82085828054586],[-123.87327300308871,45.820801173186425],[-123.87343004926166,45.82071551266351],[-123.8735442628635,45.820487084166714],[-123.873529986837,45.8203443165846],[-123.87351570901389,45.82021582500948],[-123.87360136966444,45.820115888443084],[-123.87374413801422,45.8200587809482],[-123.8739011823905,45.8200302268658],[-123.87410105664291,45.82001595107122],[-123.8742295480679,45.819987396966816],[-123.87444370014343,45.819973120535224],[-123.87458646669657,45.81991601351997],[-123.87467212734713,45.81988745936436],[-123.87487200249784,45.8198160757894],[-123.87505759982541,45.81977324572566],[-123.87524319715301,45.81973041562904],[-123.87542879627725,45.81968758487336],[-123.87560011668003,45.81967330773879],[-123.87568577733057,45.81963047756529],[-123.8758999303044,45.81963047756529],[-123.87601414300796,45.819659030600604],[-123.87611407968498,45.819701861378206],[-123.8762711249596,45.819858905820126],[-123.87651383088473,45.82010161079228],[-123.87664232141142,45.82020154863641],[-123.87678508886287,45.820287208698],[-123.87698496401359,45.82035859229501],[-123.8771991151908,45.82041569948233],[-123.87742754329281,45.8204728066111],[-123.87764169536834,45.82052991430735],[-123.87777018589502,45.8206155744898],[-123.87801289092184,45.820758342002364],[-123.87826987287352,45.820886832951544],[-123.87846974802423,45.821001047436134],[-123.87872672997585,45.821215198337136],[-123.87885522050252,45.82135796619028],[-123.87896003323493,45.8214547158982],[-123.87903000391071,45.82157730489378],[-123.87916379898915,45.8217505932711],[-123.87942670982166,45.82180783174877],[-123.87963696320887,45.821810417874126],[-123.8797714113625,45.821784944127536],[-123.88003838347841,45.82178105773837],[-123.88017863385045,45.82179290158358],[-123.88029717373873,45.821871929558846],[-123.88048277196461,45.821957590180695],[-123.88065409326572,45.821957590180695],[-123.88093962816866,45.82198614390068],[-123.88111095036807,45.82200041981615],[-123.88132510154529,45.82202897414022],[-123.88141076219584,45.8220718043468],[-123.88156780657212,45.82211463452044],[-123.88165346722266,45.822157464661075],[-123.88179623467416,45.82221457188144],[-123.88201038674966,45.822285955511475],[-123.88215315330282,45.822285955511475],[-123.8822959216526,45.82227167904318],[-123.88248151898021,45.822285955511475],[-123.88261001220182,45.82232878552037],[-123.88272422490535,45.82237161549631],[-123.88285271633033,45.822443000177],[-123.88292410005606,45.822471553022055],[-123.88302403763143,45.82251438351415],[-123.8831668050829,45.82251438351415],[-123.88333812548568,45.82251438351415],[-123.88350944768509,45.82251438351415],[-123.88378070745988,45.82251438351415],[-123.88393775003952,45.82255721334732],[-123.88419473199117,45.82255721334732],[-123.88446599086761,45.82251438351415],[-123.88458020536777,45.822471553022055],[-123.88475152577055,45.822471553022055],[-123.88480145413405,45.82246020638237],[-123.8849389188304,45.82239194056703],[-123.88507913865972,45.8222883500514],[-123.88528183721537,45.822238262514965],[-123.88537121419625,45.82222306014461],[-123.88547761784504,45.82220496365926],[-123.8855020367494,45.82208259265059],[-123.88550510719104,45.82206755926477],[-123.88553272140287,45.82193238944944],[-123.88556356954973,45.82178494663165],[-123.88559889040839,45.82174932180506],[-123.88567951510346,45.82161494752858],[-123.8857366228027,45.82145790303144],[-123.88576517575402,45.82130085809132],[-123.88580800742676,45.82114381458632],[-123.88590794320548,45.8208868323255],[-123.88590794410379,45.820672680787496],[-123.88589366717899,45.82052991305528],[-123.88583656037807,45.8203728686278],[-123.88576517575402,45.820272931091175],[-123.88565767795724,45.82018334944831],[-123.88562688999748,45.820110205805776],[-123.88554210430601,45.81994674318415],[-123.88538902329678,45.8198322579609],[-123.88523394982421,45.819751011492386],[-123.88509418005086,45.81966102770983],[-123.88498977874684,45.81956725803287],[-123.88497003557355,45.81952422180581],[-123.88495347243632,45.81948811660063],[-123.88496010469805,45.819399440224146],[-123.88505228442261,45.819322142290815],[-123.88506938475238,45.81930780308293],[-123.88511679962969,45.81924007243808],[-123.88510763950875,45.81915185206337],[-123.88511411007374,45.819060415479875],[-123.88500230216022,45.81897515483588],[-123.88495842484848,45.81893726312215],[-123.8848814607882,45.81887079980194],[-123.88481226715514,45.81877048518357],[-123.88479146666471,45.81861900150951],[-123.88475813108286,45.81852318284243],[-123.88467807322473,45.81843977265526],[-123.88474441291015,45.818357669572485],[-123.8848165314578,45.81823945284098],[-123.8848761643213,45.81809018213433],[-123.88489923036283,45.81803244649048],[-123.88490785598621,45.81791053085706],[-123.88490415043566,45.817780675710594],[-123.88487720097714,45.8174579297789],[-123.88481180272612,45.81723117645636],[-123.88480759950892,45.81721660380801],[-123.88480489557992,45.81718628209394],[-123.88478423522669,45.81695458849294],[-123.88478842407083,45.816824505726636],[-123.88479591063044,45.816683266421855],[-123.88476668753592,45.81659009465251],[-123.88476676568935,45.81645736518242],[-123.8847732748819,45.81629956296808],[-123.88467185239138,45.8161891173052],[-123.88466125496598,45.81615938731506],[-123.88463868120122,45.81609605803192],[-123.88473203502384,45.816041419484506],[-123.88473724794743,45.816032731807184],[-123.8848657393724,45.815961347673046],[-123.88496567604946,45.81588996407351],[-123.88508683722172,45.81580810704354],[-123.8852216411082,45.81578144221938],[-123.88536676933226,45.81570176071896],[-123.88556452086564,45.81563522216161],[-123.88576592674559,45.81561024083378],[-123.88585502435042,45.81559918894047],[-123.8861084947876,45.815605702871025],[-123.88639195278562,45.8155173327353],[-123.8864905213285,45.81544535877998],[-123.88649207990551,45.815442496248714],[-123.88654206576119,45.8154183356525],[-123.88663046268006,45.81530410658568],[-123.88675027188783,45.815233232417455],[-123.88684593797402,45.81523935319831],[-123.88699297601634,45.81526178582929],[-123.88717857514058,45.81531889323523],[-123.88740576536415,45.8152728484333],[-123.88752121774276,45.81520467836486],[-123.88766398519424,45.815161848510684],[-123.88780076537435,45.81511334799836],[-123.88807801152217,45.8151761255498],[-123.88822077987197,45.81521895539298],[-123.88844920707567,45.815233232417455],[-123.88880612750097,45.81527606284284],[-123.88914876920485,45.815304615606614],[-123.88928003103418,45.815304615606614],[-123.8893944081294,45.81533387084188],[-123.88970741890364,45.81534418524017],[-123.88996059469342,45.8152788039188],[-123.89028022694961,45.81520044089859],[-123.89051265345296,45.81518543007257],[-123.8907549946621,45.815070586319386],[-123.89086264517249,45.81493421116793],[-123.89088008147215,45.81491212276352],[-123.89112754307843,45.814750123123545],[-123.89130936388857,45.814614904864285],[-123.89146501767279,45.814505331163346],[-123.8915006771963,45.814441249917245],[-123.89156510975835,45.814325467338186],[-123.8917114596912,45.81416960379512],[-123.89181064088508,45.8140639756271],[-123.89206253477896,45.813910139347485],[-123.89235390244305,45.81375516310552],[-123.89268337843812,45.81370969053655],[-123.89302058533454,45.81366122883124],[-123.89345830742302,45.81357391187684],[-123.8939224714219,45.81346741915579],[-123.89407425346727,45.81339152865304],[-123.89425985169315,45.81332014426388],[-123.89438834221981,45.81327731421256],[-123.8945311096713,45.81322020784368],[-123.89464532417146,45.813163100790156],[-123.89480236944608,45.81307743978693],[-123.89491658304792,45.813020332586966],[-123.89504507267628,45.81297750230512],[-123.89513073512344,45.81292039500267],[-123.8952592247518,45.812891842268705],[-123.89553048362826,45.81283473487843],[-123.89573035877898,45.8127776274296],[-123.89584457238082,45.812734796961095],[-123.89584758802525,45.81273328861169],[-123.89604665199724,45.812542280783205],[-123.8962436148098,45.81232919226274],[-123.89654748702264,45.81211853860317],[-123.8967815825958,45.81199838950972],[-123.89703457243432,45.81193023233872],[-123.89729853699069,45.811980659749565],[-123.89748217419432,45.81200120150073],[-123.89759310086055,45.81201360844677],[-123.89768984941664,45.811911260294785],[-123.89772540204062,45.81186203626362],[-123.89777756002267,45.81178981777191],[-123.89795575882557,45.81159386079847],[-123.89812636416939,45.81147001694308],[-123.89833443375211,45.81144463426598],[-123.89850022592266,45.811439832356605],[-123.89866255868102,45.81144342705765],[-123.8986882828375,45.81144610633384],[-123.8987512250945,45.811404911586656],[-123.8988575245387,45.81126357400639],[-123.89900542316708,45.81115697793613],[-123.89920323488758,45.81102195946068],[-123.89922965344178,45.81100392695908],[-123.89933676945456,45.81087639062714],[-123.89933731922352,45.81074870497873],[-123.899337428818,45.81072322053605],[-123.8993378411447,45.81062749285041],[-123.89935665546002,45.8105772132393],[-123.89940270310146,45.81045417298681],[-123.89940737254432,45.81026600511155],[-123.89933421644254,45.81016581212095],[-123.89932389210497,45.810058268446596],[-123.89937985355392,45.809934980339754],[-123.89939468384095,45.809851593606],[-123.89937844589386,45.80980731319654],[-123.89942804188071,45.80970812249706],[-123.89948514868162,45.80955107823071],[-123.89954225548256,45.80933692567564],[-123.89954225548256,45.80915132821576],[-123.89954225548256,45.80885151663956],[-123.89954225548256,45.80862308831504],[-123.89952937633633,45.80853937588321],[-123.89946013688918,45.80842009571981],[-123.89935461179276,45.80824064994265],[-123.89919265902175,45.80810984800145],[-123.89910439595182,45.80795478924369],[-123.89908111161967,45.8078261820397],[-123.89907501116058,45.807792494470014],[-123.89899546264719,45.807651009335295],[-123.89883843803386,45.807536654753775],[-123.89855246924463,45.80744815596896],[-123.89839675617158,45.80735588549296],[-123.89815224553104,45.807233002813135],[-123.89793024936647,45.80715647574305],[-123.89790020161851,45.80713791160384],[-123.89782764828628,45.807093082995586],[-123.89771783283607,45.806974594377415],[-123.89773105783367,45.80685110281915],[-123.89773565541131,45.806808167601474],[-123.89763357176071,45.80668668952994],[-123.89762376036118,45.80668121216785],[-123.89747818926772,45.80659993711864],[-123.89726673034141,45.80650098304721],[-123.89708946309145,45.80644528244119],[-123.89698740010212,45.80640346217664],[-123.89691927456592,45.80637554858539],[-123.89673427731293,45.80632283609469],[-123.89655965200822,45.806244936387756],[-123.89644932361996,45.80618453022486],[-123.8962110823218,45.806033810100544],[-123.8960774525334,45.80584688096123],[-123.89605052912601,45.80572599193537],[-123.8958172941389,45.805513145981585],[-123.8957245296111,45.80542849080883],[-123.8956375861663,45.80529551368326],[-123.89541780704384,45.80505577193946],[-123.89540338010039,45.80494558139295],[-123.89528524355569,45.804686307553894],[-123.89531909566887,45.80459309191704],[-123.8953532406328,45.80449907267944],[-123.89521828223609,45.80435642191568],[-123.89515574871255,45.80433523421165],[-123.89505286645966,45.80430037474116],[-123.89490296548652,45.804105618825254],[-123.89485937563568,45.80397005284058],[-123.89480606511513,45.80380425083432],[-123.89460355161243,45.80358889573433],[-123.89440743591118,45.80341483254561],[-123.89417024833682,45.80314794090416],[-123.89402740273194,45.80300551776333],[-123.89392549515114,45.802886796882476],[-123.89380665881886,45.802749210176465],[-123.89375065604742,45.8027093591784],[-123.89364982285171,45.802637608522694],[-123.89356253265723,45.80256547388631],[-123.89376286055885,45.802500750151616],[-123.89380693909321,45.80248650931673],[-123.89396682753568,45.802382336308774],[-123.89414119771887,45.802255623793194],[-123.89429896344232,45.80211556434489],[-123.89442300371508,45.802006899167715],[-123.89461645231822,45.80186857256264],[-123.89459631298786,45.80166176525569],[-123.89457317597942,45.80163127725627],[-123.89457393775079,45.801627472752564],[-123.89457393775079,45.80149898245469],[-123.89448827710024,45.80129910709484],[-123.8944026164497,45.80111350915684],[-123.89430267887433,45.80091363429291],[-123.89421701822377,45.800685205983136],[-123.8940314208962,45.800399671001124],[-123.89383154574548,45.80015696533515],[-123.89368877739568,45.79994281424091],[-123.8933033058157,45.799628725941766],[-123.89307487681536,45.79938602067519],[-123.89271795728837,45.798700735441265],[-123.89258946586338,45.79851513761592],[-123.89248952918634,45.798229602159985],[-123.89248952828801,45.798058281060925],[-123.89243242058876,45.7976299782008],[-123.89237531468616,45.797458657137035],[-123.89227537890743,45.79728733617285],[-123.8922611010843,45.797144568613504],[-123.8922611010843,45.79701607674576],[-123.89227537800912,45.79690186317362],[-123.89246097623503,45.79674481850342],[-123.89257518893857,45.79661632821916],[-123.89288927769115,45.79657349784977],[-123.89310342976665,45.796530667447485],[-123.89328902889089,45.79648783701228],[-123.89331758094387,45.796459283370524],[-123.89337468954142,45.796387899828424],[-123.89351745609459,45.796302239331936],[-123.8937030543205,45.79621657807746],[-123.89396003537381,45.796173747400836],[-123.89414563449805,45.79611664165974],[-123.8944168924762,45.79608808720149],[-123.89470242737914,45.79603098011995],[-123.89508790075577,45.795973873606265],[-123.89530205193296,45.79594531907481],[-123.8955590329863,45.79593104211676],[-123.89583029276105,45.79588821184701],[-123.89600161406217,45.79583110581335],[-123.896244319089,45.79573116807799],[-123.89635853269085,45.79561695375128],[-123.89651557706713,45.795545570382785],[-123.8966155146425,45.795459909844155],[-123.8967725599171,45.7954028027452],[-123.89705809482004,45.79537424854747],[-123.89752922705058,45.79543135567568],[-123.89782903977664,45.79544563276175],[-123.89801463800254,45.795459909844155],[-123.8982716208525,45.79550273981676],[-123.8984286643305,45.795517015631916],[-123.89861426165807,45.79555984618697],[-123.89887124450803,45.79558840028961],[-123.89901401195952,45.79558840028961],[-123.89922816403505,45.79555984618697],[-123.89939948623444,45.79553129269599],[-123.89954225278761,45.795517015631916],[-123.8997564030665,45.79547418567024],[-123.8999134483411,45.795374247921174],[-123.9000704936157,45.79528858774548],[-123.90015615246963,45.79521720395637],[-123.900484518147,45.795003052040485],[-123.90062728559847,45.7948174544256],[-123.90078433087308,45.794646133483496],[-123.90092709832456,45.7945319188119],[-123.90095953379453,45.7944873205729],[-123.90121887382377,45.79434297310598],[-123.90136922125963,45.794170108030826],[-123.90162359180874,45.79408496022984],[-123.901743242913,45.79401756030885],[-123.90189853467618,45.79393008541317],[-123.90214881339917,45.79377592357199],[-123.90239803660168,45.79370820572045],[-123.90276827634774,45.793598091066876],[-123.90286412479192,45.79350676723671],[-123.90288520376005,45.79348668278862],[-123.90289084877331,45.79347002257497],[-123.9029325144328,45.79334704976322],[-123.90305381484394,45.79320526925872],[-123.90313098192347,45.793160597301316],[-123.90319710511491,45.7930614120365],[-123.90328276486714,45.79286153710068],[-123.90333987256638,45.792690216409284],[-123.90338921612663,45.79255205082372],[-123.9034825528813,45.79241511130717],[-123.9036293079543,45.79218185774118],[-123.90366866045196,45.79201220985737],[-123.90374733580286,45.79177661074181],[-123.90387149914478,45.791474882921754],[-123.9039556712869,45.791218974533585],[-123.90402515687245,45.79113404834462],[-123.90416792342562,45.790962726727564],[-123.9042678627976,45.79081995987705],[-123.90436779947464,45.79074857537504],[-123.90446773525339,45.79062008504551],[-123.90458195065186,45.79047731731731],[-123.90469616515203,45.790405932376515],[-123.9048817624796,45.790291719037114],[-123.90495314620536,45.79024888881789],[-123.90508163673202,45.790120397336416],[-123.90508622802143,45.79011236206767],[-123.90507850789987,45.790061556567615],[-123.90509935779762,45.78989244530801],[-123.90518211778813,45.7897258566324],[-123.90532087785512,45.789566283668634],[-123.90553052847275,45.78945650158904],[-123.90565697712879,45.7894001061849],[-123.90541829565609,45.7893344595124],[-123.90530092088278,45.78922985037371],[-123.9053497820477,45.78901239939125],[-123.90553325845289,45.78877375519153],[-123.90566919960652,45.78856673641824],[-123.9058929924017,45.788383089916955],[-123.90615531124443,45.78822424913654],[-123.90635160032053,45.78809756894402],[-123.90663110932455,45.78802032090223],[-123.90688337422263,45.78800435186276],[-123.90727872188086,45.78800583018773],[-123.90775035716796,45.78804397596919],[-123.90800930014188,45.78803645280331],[-123.90827903637393,45.7880026906264],[-123.90830357295759,45.78799440636803],[-123.9083224627314,45.787950329081404],[-123.90827963285528,45.78759340920554],[-123.90829390978008,45.78736498078895],[-123.9083224627314,45.78715083002091],[-123.90839384735544,45.78697950806243],[-123.90846523018286,45.78687957136742],[-123.90860799763435,45.78670824982806],[-123.90876504290894,45.786536929015035],[-123.90893636331172,45.78642271401194],[-123.90910768461282,45.78635133076901],[-123.90929328194042,45.78620856338254],[-123.90937894348927,45.78609434833303],[-123.90946460503812,45.78595158091479],[-123.90949315709113,45.78573742972835],[-123.90957881774166,45.7855661090638],[-123.90973586211797,45.78546617171416],[-123.90993573726868,45.78538051134413],[-123.91024982602124,45.78525201928937],[-123.91053536182253,45.785223466155266],[-123.91073523607493,45.78516635859028],[-123.91106360354893,45.785009314050974],[-123.91132058370393,45.78488082364645],[-123.91150618103153,45.78476660963527],[-123.91150998719337,45.78475994864232],[-123.9117756720235,45.784695074551024],[-123.91170559085492,45.78434713654527],[-123.91157719285474,45.78405706313705],[-123.91132937192238,45.783627880873475],[-123.91105559955975,45.783281546214404],[-123.91086298369483,45.783053829333326],[-123.91069608300324,45.782635254868424],[-123.91074775230176,45.78236154728817],[-123.91085053035006,45.7821165979617],[-123.91082284067973,45.781754464763175],[-123.91042300324172,45.78115687315379],[-123.91016774246216,45.78080999751941],[-123.91003693428208,45.78069906925795],[-123.9099227206802,45.78053845553488],[-123.9098299220164,45.7803956876711],[-123.90972998444106,45.78023864284924],[-123.90951940227046,45.780010214993474],[-123.90939269669627,45.779917623418186],[-123.90933380404454,45.779874586000766],[-123.90918746758646,45.779824616945646],[-123.90903756122341,45.779738956678145],[-123.9088956247136,45.77972293138717],[-123.90881627023634,45.77971397240864],[-123.90860211905913,45.77970683404389],[-123.90849861337546,45.77972824913545],[-123.90836655294386,45.779678280575695],[-123.90830587623799,45.779581911886055],[-123.90817586127028,45.7793132283085],[-123.9081560965374,45.779274133659634],[-123.90806548077975,45.77905116376242],[-123.90806547988144,45.778870304588175],[-123.90806547988144,45.778670430764045],[-123.9081939704081,45.77847055559696],[-123.90833673875788,45.778342065158576],[-123.90857944288639,45.77817074306925],[-123.90872221033787,45.778085082767],[-123.90889353163898,45.7778994845763],[-123.9089649144664,45.7777852712993],[-123.90912195974101,45.77764250327759],[-123.90929328194042,45.77757111881645],[-123.90945032541836,45.777485458846066],[-123.90957881594503,45.77737124409448],[-123.90960711557143,45.77734577445741],[-123.90970778437546,45.77722421711491],[-123.90988159670482,45.77705591899332],[-123.9099644797645,45.7769912614891],[-123.9100239662026,45.77696746702751],[-123.91014055944164,45.77690798020251],[-123.91025001466744,45.776841355209],[-123.910319018756,45.77677235118218],[-123.91037374681805,45.77671048581929],[-123.9105509943051,45.77652087634339],[-123.91058262039297,45.776487045164885],[-123.91071677210256,45.77633073115761],[-123.91079280460988,45.776209722958846],[-123.91080661800399,45.77605778144538],[-123.91087800083143,45.775843630473226],[-123.91096366148199,45.775743692612],[-123.91119209048233,45.77562947930523],[-123.91137768870823,45.775515264511476],[-123.91159183898712,45.77535821972788],[-123.91180599196097,45.77520117575519],[-123.91194875941244,45.77507268404869],[-123.9120486969878,45.77491564052498],[-123.91210580199211,45.77473004243659],[-123.91222001739057,45.77455872052777],[-123.91234850791723,45.77438739997232],[-123.9124341685678,45.774158971955224],[-123.91253410614314,45.773901989082624],[-123.91253410614314,45.773673560956944],[-123.91260549076719,45.773473687302555],[-123.91271970436907,45.77334519537523],[-123.9129338564446,45.773216705031615],[-123.91313373069698,45.77308821439192],[-123.91329077507326,45.77295972345624],[-123.91341926559994,45.77278840174813],[-123.91354775702492,45.77261708076687],[-123.91359058690104,45.77241720583247],[-123.91356203305142,45.77223160820137],[-123.91357630997622,45.77200317949982],[-123.91363341767547,45.77187468919722],[-123.91371907652939,45.77178902862221],[-123.91381901500304,45.77167481410859],[-123.91387612270229,45.77150349346614],[-123.91396178335285,45.77127506491542],[-123.91400461322897,45.771203680449],[-123.91407599605638,45.77103235961258],[-123.91417593363174,45.770832484638234],[-123.914233041331,45.77066116391484],[-123.91424731825579,45.77048984203854],[-123.91441863865857,45.770332798141716],[-123.91457568393317,45.7702614137225],[-123.91477555908388,45.77019003046517],[-123.91486121883611,45.77013292316689],[-123.91497543423462,45.769990155605356],[-123.91507537001333,45.76980455741698],[-123.91518958361517,45.76966178964152],[-123.91531807504016,45.769561852607914],[-123.91543228864204,45.76946191476857],[-123.91561788776625,45.769376254247554],[-123.91588914664268,45.76927631670234],[-123.91617468154566,45.769162103309384],[-123.91648877029822,45.76909071864513],[-123.91656375896319,45.7690551979731],[-123.91689703034035,45.7689210875877],[-123.91709690459273,45.76884018544724],[-123.91729677974344,45.76873548960174],[-123.91748237796935,45.76860699866403],[-123.91759183319517,45.76848802591308],[-123.91771080607138,45.768402364523006],[-123.91792495814688,45.76824532101499],[-123.91812959077537,45.76814062405298],[-123.91830567135084,45.768088275811586],[-123.91849602885112,45.76803592814767],[-123.91873397460358,45.767964543295435],[-123.91889101808155,45.7679074374784],[-123.91905282352883,45.76787888298138],[-123.9192098661085,45.7678408123847],[-123.91929076838296,45.76781701777861],[-123.91935263535659,45.76778846448858],[-123.91942877656008,45.76773611529004],[-123.91946684895846,45.76765997262259],[-123.91944781275927,45.76760286649375],[-123.91943829421054,45.76755527706845],[-123.91936690958646,45.76750768697587],[-123.9192860091086,45.76748389222772],[-123.91920510773245,45.7674696167525],[-123.91900523258174,45.767426786545215],[-123.91878632213012,45.767369678924396],[-123.91861500172735,45.76733160735354],[-123.91839609127575,45.76730781253023],[-123.91816290479767,45.76726022410647],[-123.91798206404951,45.76724118860029],[-123.91781074454505,45.767250706040855],[-123.91765369837213,45.76725546476057],[-123.91746810014624,45.76720787629215],[-123.91735388654439,45.767146009091924],[-123.91724918969466,45.76705559066448],[-123.91720635981854,45.766993723922006],[-123.91720160144249,45.76691282274595],[-123.91723015439378,45.766803367658234],[-123.91726822589385,45.76664632278165],[-123.91733009196915,45.766536867797676],[-123.91739195714611,45.76642265318197],[-123.91747761869497,45.76630368015858],[-123.91752996711986,45.766246572641236],[-123.91764893999608,45.766175189258995],[-123.91772984137224,45.76614187694092],[-123.9177964658236,45.766094287522485],[-123.91787736809812,45.766008626842975],[-123.91797254550077,45.765889654189856],[-123.91804393012482,45.76576592181006],[-123.9181105554745,45.7656517081225],[-123.91817717992585,45.76557556511643],[-123.9182485636516,45.765470868783396],[-123.9183104288286,45.76539472553049],[-123.91831994827565,45.76532334231153],[-123.9183247066517,45.76518533324246],[-123.91830191908791,45.76505039324601],[-123.91828764306139,45.76487907293622],[-123.91824481138866,45.76469347466132],[-123.91810204483549,45.76440793952807],[-123.91801638328663,45.764208064629216],[-123.9179449995609,45.76407957391611],[-123.9177879551846,45.76387969846747],[-123.91773916318995,45.76382006419921],[-123.91748853053073,45.76364227086688],[-123.91714599842133,45.76338436719081],[-123.91696087001431,45.76317804439425],[-123.91712880736173,45.76299167777853],[-123.91745671938989,45.762842279089604],[-123.91745958860892,45.762837495552446],[-123.91755952618429,45.762651896752374],[-123.91758808093222,45.76242346829961],[-123.91757380310908,45.76220931761664],[-123.91753097323297,45.76206654982907],[-123.91750241938335,45.76190950477814],[-123.9174167587328,45.76178101441138],[-123.91735965103355,45.76165252374871],[-123.9174167587328,45.761552586153165],[-123.91751669630817,45.76153830916008],[-123.91763091080834,45.76152403279012],[-123.9177879542863,45.76149547878579],[-123.91793072173779,45.76148120177814],[-123.9181734258663,45.76138126512911],[-123.91838757704349,45.761309880534846],[-123.9185160702651,45.76122422065605],[-123.91864456079178,45.76113856001897],[-123.91875877439361,45.76105289925037],[-123.91898720339397,45.76096723772358],[-123.91912996994711,45.76085302423894],[-123.91925846137212,45.76069597953246],[-123.91931556907134,45.760510381755594],[-123.91931556907134,45.760339060664904],[-123.91931556907134,45.7601249088751],[-123.91928701432342,45.75999641815879],[-123.91925846137212,45.75982509737011],[-123.91925846137212,45.75971088280094],[-123.91925846137212,45.75962522234733],[-123.91927273829691,45.759511007995755],[-123.91932984509782,45.759411070951394],[-123.91940122882357,45.759282579844644],[-123.91948688947413,45.75915408906874],[-123.91950116639894,45.75903987563296],[-123.9195011655006,45.75889710788271],[-123.91951544332375,45.75876861621914],[-123.91955827230154,45.75861157191308],[-123.91955827230154,45.75845452716507],[-123.91960110397429,45.75828320665601],[-123.91964393474872,45.75816899206435],[-123.91969009827285,45.757967546123496],[-123.91975814745226,45.757812073327344],[-123.9198438081028,45.75771213574708],[-123.9199092009639,45.757669195888155],[-123.92002575288045,45.75759266154954],[-123.92058620100646,45.757412323185825],[-123.92092884271031,45.75736949277796],[-123.92132859211344,45.757269555031804],[-123.92161412791468,45.75721244892142],[-123.92188538589284,45.75709823464507],[-123.92205670719393,45.75694118939833],[-123.92214236784447,45.75684125213859],[-123.92227085926946,45.75666993106366],[-123.92232796517207,45.75656999394487],[-123.92235651992002,45.75644150319015],[-123.92234224209687,45.75629873505934],[-123.92228513529597,45.75622735211048],[-123.92217092169409,45.75615596781675],[-123.9219995994947,45.755998923052005],[-123.92192821666727,45.755898986611804],[-123.92178544831746,45.75571338854784],[-123.92165695779079,45.755556343791135],[-123.92157129714028,45.75544212925898],[-123.92145708264009,45.755270808275974],[-123.92138569801604,45.755113763527284],[-123.92131431518862,45.75481395204815],[-123.92131431518862,45.75472829159829],[-123.921285761339,45.754471309459895],[-123.92127148441419,45.75424288136144],[-123.9212429314629,45.75402872936584],[-123.92120009979014,45.75374319480952],[-123.9211144391396,45.75352904277686],[-123.92105733233866,45.753200677070765],[-123.92105733233866,45.75295797147771],[-123.92105733233866,45.752758097555656],[-123.9211001631131,45.752515392545114],[-123.9211144391396,45.752315517664805],[-123.9211001631131,45.75211564269554],[-123.92097167168811,45.751844384096465],[-123.92090028796238,45.751730169489086],[-123.92091456488717,45.75151601850739],[-123.9211144391396,45.75124476012809],[-123.92125720659108,45.75101633198632],[-123.92141425186567,45.75078790416334],[-123.92154274239232,45.75064513598583],[-123.92169978676863,45.75048809138362],[-123.92177117049435,45.75037387650807],[-123.92194249179545,45.7503024935025],[-123.92209953617173,45.75031677023626],[-123.9221994737471,45.750359600415706],[-123.92239934889781,45.75045953800008],[-123.92251356249966,45.75050236806996],[-123.92272771457519,45.75051664412577],[-123.9231131870535,45.75055947477867],[-123.92327023053144,45.7505737514467],[-123.92357004325753,45.7505737514467],[-123.92401262253678,45.7505737514467],[-123.9243980959134,45.75050236806996],[-123.92462652401541,45.750430983975086],[-123.92481212134301,45.75037387650807],[-123.9249977195689,45.75030249287565],[-123.92519759471962,45.75008834205751],[-123.92541174679518,45.749831359865844],[-123.92561162104755,45.74961720849376],[-123.9257115577246,45.749502993716554],[-123.92582577312308,45.74934594903494],[-123.92602564647719,45.74920318155698],[-123.92631118227843,45.749160351117],[-123.92652533435398,45.749146075341095],[-123.92683942310654,45.74911752127096],[-123.92715351096078,45.7491032448573],[-123.92743904676206,45.74904613728547],[-123.92766747486408,45.748989030282104],[-123.9278245201387,45.74887481547321],[-123.9279101798909,45.748831985408074],[-123.92802439439107,45.748717772158415],[-123.92811005504161,45.74863211112746],[-123.92826710031623,45.74851789684195],[-123.9287667863964,45.74824663830921],[-123.92919508964914,45.74807531655041],[-123.92946634762727,45.74806104049704],[-123.92966622277798,45.74801821043435],[-123.92982326715426,45.74797537971198],[-123.93008024910588,45.747946825669835],[-123.93033723105756,45.747918272866826],[-123.93057993518607,45.747889718168594],[-123.93083691803601,45.74787544206772],[-123.93106534613804,45.74777550487145],[-123.93132232719138,45.74763273713774],[-123.93145081861636,45.747518522687905],[-123.93157931004134,45.74734720182872],[-123.93166496979357,45.7472615412019],[-123.93173635441762,45.747204433626436],[-123.93212182599763,45.747147326619434],[-123.93233597807316,45.747133050328685],[-123.93256440617516,45.74707594324865],[-123.93289277185254,45.74707594324865],[-123.93324969137953,45.74706166631277],[-123.93346384345506,45.7470473887464],[-123.9337636543845,45.74703311305698],[-123.93410629698668,45.74684751497106],[-123.93430617213743,45.746690470340646],[-123.93453460023943,45.74653342526835],[-123.93477730526627,45.74630499727825],[-123.93493434964256,45.74616222954481],[-123.9351485017181,45.74599090828424],[-123.93527699224477,45.745876693609475],[-123.93539120674492,45.745748203309844],[-123.93560535792214,45.74547694510913],[-123.93581950999767,45.74536273000964],[-123.93597655347564,45.7452342397808],[-123.93614787567505,45.745091471816494],[-123.93641913365317,45.744977258435895],[-123.93671894548095,45.74486304356787],[-123.93699020435741,45.744691722708396],[-123.93694737358295,45.74452040069621],[-123.93689026678204,45.744377633413905],[-123.93673322240576,45.744220589357745],[-123.93654762417984,45.744020714237635],[-123.93633347300263,45.74386366980435],[-123.93616215080321,45.74374945641946],[-123.93597655347564,45.743635241547054],[-123.93574812537362,45.74352102832171],[-123.9355768040725,45.743463920681066],[-123.93524843839512,45.74336398310971],[-123.9349914564435,45.74330687593534],[-123.93464881473962,45.74319266266514],[-123.93436327893836,45.74307844790747],[-123.9340777431371,45.74296423354303],[-123.93383503811027,45.74279291249863],[-123.93369227065878,45.742635868999955],[-123.93357805615862,45.742435993848396],[-123.93343528780882,45.742221841688384],[-123.93313547598106,45.74202196756227],[-123.93297843160478,45.74193630628698],[-123.93280711030367,45.741836369742686],[-123.93267861977701,45.74163649486352],[-123.93256440527685,45.74139378976585],[-123.93246446770148,45.74117963862366],[-123.93232170025001,45.74103687094821],[-123.9321075490728,45.74077988846313],[-123.93193622687339,45.740551460754006],[-123.9317934594219,45.740337309515695],[-123.93165069107215,45.74003749702912],[-123.93155075529342,45.73979479187702],[-123.93150792451895,45.739452149246596],[-123.93145081681973,45.73913806056821],[-123.93132232539475,45.73893818543371],[-123.93115100499196,45.73879541766944],[-123.93082263931458,45.73869548177274],[-123.93063704108867,45.738566989992016],[-123.93047999581407,45.73833856200707],[-123.93042288991145,45.738053026181994],[-123.93042288991145,45.73776749077769],[-123.93038005913705,45.73753906265696],[-123.9303086754113,45.737253527132374],[-123.93020873783594,45.73715358973005],[-123.92999458665874,45.737010823045686],[-123.92952345263156,45.73685377833079],[-123.929209363879,45.73673956377228],[-123.92908087245401,45.73661107313359],[-123.92896665885216,45.73639692245702],[-123.92890955205122,45.73615421715511],[-123.92890955115291,45.73595434199868],[-123.92899521180347,45.735711636654194],[-123.92909514937882,45.735554592674504],[-123.92919508695417,45.73539754825321],[-123.92926646978158,45.73514056552025],[-123.92935213133045,45.734812200108884],[-123.92942351505621,45.73458377181199],[-123.92950917570676,45.73444100420062],[-123.92962339020691,45.734226853353185],[-123.92970904995916,45.73401270105758],[-123.9298089875345,45.733784273252546],[-123.92983754048582,45.733598675012146],[-123.92989464818504,45.73334169403361],[-123.92995175498598,45.73321320310088],[-123.93002313871173,45.7330276042167],[-123.93005169256132,45.732856283406925],[-123.93012307628707,45.73268496269865],[-123.93028012066335,45.73238514988106],[-123.93040861119003,45.732170998674654],[-123.93052282569019,45.731956846647044],[-123.93065131621685,45.731771248604],[-123.93069414699129,45.73168558853248],[-123.93066559404,45.73149999021504],[-123.93062276236725,45.73110024161217],[-123.93057993159282,45.7308289818454],[-123.93045144106614,45.730657661188786],[-123.93035150349077,45.73044351025613],[-123.93028012066335,45.73032929575525],[-123.93012307538876,45.73012942044369],[-123.92996603101248,45.72995810014956],[-123.92978043278657,45.729772501735106],[-123.92956628160935,45.72950124367181],[-123.92933785350735,45.72930136853238],[-123.92900948782996,45.72904438659258],[-123.92885244255537,45.72881595853293],[-123.92865256740465,45.72863036008581],[-123.9283813094265,45.72833054870464],[-123.92829564877596,45.728045013754254],[-123.92828137185116,45.7278308615836],[-123.92835275557687,45.727673817390816],[-123.92835275557687,45.727374005265126],[-123.9281671582493,45.727202684044606],[-123.92801011297469,45.72693142604309],[-123.92796728309858,45.72666016672438],[-123.92798156002337,45.72643173832094],[-123.92801011297469,45.726274694584305],[-123.92801011297469,45.7260890964728],[-123.92786734552321,45.72590349774459],[-123.92772457717344,45.72571789965398],[-123.927653194346,45.72551802602713],[-123.9276674703725,45.72528959797014],[-123.92779596179749,45.725061168352],[-123.92786734462489,45.724889847563524],[-123.92795300527544,45.72471852687678],[-123.9280672197756,45.724504374495645],[-123.92809577272693,45.72417600926141],[-123.92809577272693,45.723947580733885],[-123.92808149670043,45.72374770579005],[-123.92803866682434,45.723505001958685],[-123.92795300527544,45.723319404052155],[-123.92788162154972,45.72314808231218],[-123.92798155912509,45.72297676130108],[-123.92811004965175,45.72286254658374],[-123.92826709492634,45.72271977911295],[-123.92833847775375,45.722577011277366],[-123.92845269225391,45.72199166422886],[-123.92858118278059,45.72162046840591],[-123.92863829047984,45.721306379780835],[-123.92873822715687,45.72086379952415],[-123.9288096108826,45.7202784514599],[-123.92876678010819,45.72002147003096],[-123.9286240126567,45.719821595465916],[-123.92850979815654,45.71969310478932],[-123.92832419993064,45.71949322967681],[-123.92812432567823,45.719279078589906],[-123.92792445142582,45.719093481069955],[-123.92773885319991,45.71893643614711],[-123.92756753189882,45.71876511539212],[-123.92739621059773,45.718622347486],[-123.92723916622145,45.71850813264759],[-123.92708212184516,45.71835108921553],[-123.92689652361926,45.71827970477913],[-123.92658243486667,45.71827970477913],[-123.92622551533968,45.718408195570035],[-123.92593997953843,45.71852240998555],[-123.92546884640956,45.71870800814804],[-123.92519758843143,45.71877939141007],[-123.92498343725421,45.71880794594372],[-123.92471217837775,45.718907882933465],[-123.92448374937743,45.718907882933465],[-123.92431242807632,45.71883649858124],[-123.92422676832409,45.71873656146378],[-123.9240697230495,45.71860807080076],[-123.92391267957152,45.7183939194573],[-123.92378418724823,45.718236875077025],[-123.92368425057118,45.71800844672684],[-123.92362714377028,45.71773718861209],[-123.92357003607103,45.71748020615762],[-123.92361286684546,45.71729460830736],[-123.92369852659769,45.71712328753606],[-123.92379846417306,45.71696624272069],[-123.92388412482357,45.71673781419383],[-123.92411255292562,45.71642372571834],[-123.924283875125,45.71610963610467],[-123.92434098102763,45.71579554786172],[-123.92438381180206,45.71562422688504],[-123.92436953487726,45.71549573596464],[-123.92435525795244,45.715295860891146],[-123.9242553203771,45.715110263312546],[-123.92416965972654,45.71492466511754],[-123.92409827689912,45.71476762039555],[-123.92405544612468,45.71452491518844],[-123.92401261535025,45.71429648734497],[-123.92401261535025,45.71412516616328],[-123.92408399907598,45.7138396307387],[-123.92414110677522,45.713568372458965],[-123.92404116919988,45.713339944469155],[-123.92394123162451,45.71316862223683],[-123.92391267867319,45.71299730198831],[-123.92395550854931,45.71279742676035],[-123.92408399907598,45.712326293409006],[-123.92419821267785,45.711969374486515],[-123.92429815025322,45.71175522216441],[-123.92446947155429,45.711426856645836],[-123.92456940912963,45.7111555985734],[-123.92465506978021,45.710884339811685],[-123.92474073043076,45.71075584928424],[-123.92484066710779,45.71061308161532],[-123.9249977114841,45.71055597419473],[-123.92526897036053,45.71055597419473],[-123.92551167448904,45.71054169733051],[-123.92572582656457,45.71052742108984],[-123.92592570171529,45.71048458983699],[-123.92625406739266,45.71049886671584],[-123.9264824954947,45.71049886671584],[-123.92688224489781,45.71054169733051],[-123.92725344045131,45.71059880413835],[-123.92762463690312,45.71075584928424],[-123.92786734192994,45.710855786874546],[-123.92808149400548,45.71089861658842],[-123.92838130583324,45.71084150945958],[-123.92866684073618,45.710713018833665],[-123.92890954576302,45.71055597419473],[-123.92913797386505,45.710398929114575],[-123.92926646529001,45.710298991334625],[-123.92943778659114,45.71015622375332],[-123.92960910789223,45.70995634965598],[-123.92973759841887,45.709756474843886],[-123.92986608984388,45.70964226007579],[-123.93003741024664,45.70941383234855],[-123.93013734782201,45.70917112710077],[-123.93022300847255,45.708956975975426],[-123.93019445552126,45.70872854795682],[-123.9301659007733,45.7084572893348],[-123.93020873154774,45.70832879761896],[-123.93029439129997,45.70817175380863],[-123.93043715964974,45.70797187888798],[-123.93055137414993,45.7077148973204],[-123.93059420402605,45.707500745634334],[-123.93055137414993,45.70712954952607],[-123.93047998952586,45.70681546099884],[-123.93039432887531,45.706487095316184],[-123.93026583834867,45.70625866724129],[-123.93010879307408,45.70598740792525],[-123.92992319574647,45.705716149802235],[-123.92966621379483,45.70544489161764],[-123.9294377856928,45.70525929331911],[-123.92930929426784,45.705073695659],[-123.92920935759078,45.70473105268874],[-123.92920935759078,45.70444551757619],[-123.92935212504227,45.704202812085725],[-123.92949489159541,45.70407432125519],[-123.9296233830204,45.70406004461741],[-123.9297947043215,45.70406004461741],[-123.9299803025474,45.70415998163256],[-123.93018017769812,45.7042456431334],[-123.9303800519505,45.704331303875605],[-123.93066558775178,45.704331303875605],[-123.93090829188031,45.7042456431334],[-123.93139370283227,45.704202812085725],[-123.93170779068653,45.70417425887214],[-123.9323645220413,45.70418853548075],[-123.9345488681811,45.704231365912044],[-123.93607648206782,45.70427419568312],[-123.93703302614868,45.70424564250604],[-123.93794673855678,45.704231365284684],[-123.93830365898208,45.704231365284684],[-123.9385749169602,45.70417425824482],[-123.93871768441171,45.703960106796245],[-123.93883189801355,45.70376023187268],[-123.93894611251373,45.7033604817638],[-123.93901749623946,45.70308922344127],[-123.9390746030404,45.702875072227904],[-123.9390746030404,45.70267519781664],[-123.93901749623946,45.70243249216898],[-123.93903177316425,45.70223261743018],[-123.9390746030404,45.70196135865426],[-123.93908887996521,45.701732930907625],[-123.9390746030404,45.70150450285506],[-123.93904605008908,45.70134745806675],[-123.93898894238984,45.70114758384067],[-123.93900321931464,45.70099053930456],[-123.93908887996521,45.700847771161726],[-123.9391317098413,45.70066217328579],[-123.93910315599166,45.700405191366485],[-123.9390746030404,45.70020531690884],[-123.93898894238984,45.6999340589627],[-123.93896038943855,45.69970562983464],[-123.93896038943855,45.69944864853809],[-123.93893183469059,45.69916311279718],[-123.93886045186318,45.69892040758851],[-123.93880334416393,45.69860631936695],[-123.93877479121262,45.69833506056496],[-123.93871768351337,45.69813518560873],[-123.93868912966377,45.69792103361483],[-123.93868912966377,45.69766405227279],[-123.9387605133895,45.69752128504741],[-123.93886045096484,45.69730713383951],[-123.93886045096484,45.697107258973475],[-123.93886045096484,45.69690738339301],[-123.9387605133895,45.696650402412004],[-123.93870340569025,45.69633631273333],[-123.93870340569025,45.695993671428305],[-123.93860346811488,45.69565102865121],[-123.93858919119008,45.69535121598925],[-123.93861774503969,45.69509423475875],[-123.93863202196451,45.694751592117676],[-123.93861774503969,45.694451779653235],[-123.93858919119008,45.69418052140361],[-123.9385749151636,45.693866432284025],[-123.93856063734047,45.6935808969013],[-123.93856063734047,45.693295361943136],[-123.93856063734047,45.6930098261546],[-123.93860346811488,45.692724290790665],[-123.93860346811488,45.69241020227725],[-123.93860346721658,45.69209611388235],[-123.93860346721658,45.69186768536427],[-123.93860346721658,45.69148221290896],[-123.93858919029176,45.69112529266908],[-123.93858919029176,45.69082548147156],[-123.93857491426529,45.69052566866689],[-123.93853208349083,45.69014019574733],[-123.93851780656604,45.68959767940548],[-123.93854635951733,45.68916937635182],[-123.93854635951733,45.68895522516394],[-123.93854635951733,45.688726796995795],[-123.93850352964124,45.68848409167258],[-123.93850352964124,45.688298493548814],[-123.93850352964124,45.68811289606426],[-123.9384892536147,45.687884467593854],[-123.93848925271642,45.68768459293678],[-123.93848925271642,45.68748471756551],[-123.93848925271642,45.687327672936746],[-123.93851780656604,45.68701358423916],[-123.93851780566771,45.68669949566054],[-123.9384749757916,45.686285469793724],[-123.93846069886678,45.68589999651975],[-123.93846069886678,45.68562873821143],[-123.93841786809234,45.685157604942304],[-123.93841786809234,45.68468647147076],[-123.93843214501717,45.68438665902141],[-123.93847497489328,45.68382986531997],[-123.93847497489328,45.68360143693166],[-123.93847497489328,45.68327307172517],[-123.9385035278446,45.68294470584651],[-123.9384892518181,45.68274483111173],[-123.9384892518181,45.68217376018206],[-123.9385035278446,45.68188822598313],[-123.93853208169419,45.681431368108214],[-123.93856063554384,45.68113155704258],[-123.93860346541994,45.680503378598075],[-123.93860346541994,45.680160735690286],[-123.93863201926956,45.67986092471969],[-123.93867484914568,45.67957538938684],[-123.93873195594662,45.67927557653497],[-123.93874623287144,45.6789186574869],[-123.93874623287144,45.67854746179743],[-123.93874623287144,45.6781905418707],[-123.93880333967235,45.67779079286677],[-123.93883189262364,45.67754808779707],[-123.93883189262364,45.677291106361835],[-123.93883189262364,45.67709123151467],[-123.93883189262364,45.67680569648395],[-123.93884616954847,45.67652016062385],[-123.93886044647329,45.67629173251868],[-123.93886044647329,45.675977643999154],[-123.93890327634941,45.67564927861265],[-123.93890327634941,45.675406573041904],[-123.93888899942458,45.675163868301524],[-123.93883189172533,45.67486405566399],[-123.93883189172533,45.67459279719964],[-123.93883189172533,45.67430726197407],[-123.93880333877404,45.67409311038343],[-123.93880333877404,45.67386468241409],[-123.93883189172533,45.67365053038521],[-123.93890327634941,45.673450656343896],[-123.93900321392475,45.673207951280816],[-123.93900321392475,45.672965245792895],[-123.93900321392475,45.672708263398185],[-123.93900321392475,45.67247983542563],[-123.93903176687607,45.67226568437466],[-123.93907459675216,45.67206580978143],[-123.93907459675216,45.67180882827842],[-123.93903176687607,45.671466185485144],[-123.93903176687607,45.67128058739729],[-123.93904604380089,45.671009329139864],[-123.93906031982736,45.67075234718003],[-123.93907459675216,45.67055247220409],[-123.93908887367701,45.6702669364518],[-123.9391174266283,45.670009955477425],[-123.93918881125235,45.669710142849425],[-123.93920308727886,45.66952454458806],[-123.93927447100458,45.66919617900218],[-123.93927447100458,45.66889636766489],[-123.93928874792937,45.66851089448259],[-123.93934585473033,45.668239636612526],[-123.93937440857992,45.66799693092296],[-123.93938868460643,45.6677542260643],[-123.93940296153124,45.66756862822277],[-123.93941723845604,45.66741158293178],[-123.9394743461553,45.66718315531337],[-123.9394886221818,45.667097494794604],[-123.93949576019502,45.666579962556426],[-123.93952431404466,45.66635867185205],[-123.93953859007114,45.6661587975086],[-123.9395314520579,45.66589467676821],[-123.93951717603142,45.66562341877555],[-123.93953859007114,45.66548065075088],[-123.9395814208456,45.665159423875224],[-123.93958855885882,45.66488102684683],[-123.93960997469519,45.66462404437345],[-123.93958855885882,45.66442417074219],[-123.93956000590752,45.66423857253212],[-123.93948148237189,45.663924482914254],[-123.93946006833215,45.66373174680036],[-123.93941723755775,45.66338910478606],[-123.93938868370812,45.66312498416201],[-123.93930302305756,45.66293224780686],[-123.93927447010627,45.6627894798249],[-123.93923163933184,45.66262529729422],[-123.93920308548222,45.662482529785116],[-123.93915311669453,45.66231120867032],[-123.93908887188037,45.66213274869673],[-123.93905318001748,45.6619828434614],[-123.93899607231823,45.66175441503657],[-123.93896751846864,45.66144032592176],[-123.93891754968095,45.66125472786487],[-123.93888899672966,45.66109054522826],[-123.93886044377834,45.660890670282704],[-123.93883188903041,45.66074076423307],[-123.93881047499065,45.66060513484348],[-123.93873195145504,45.66046950575309],[-123.93862487676473,45.6603338763342],[-123.93849638444146,45.660198247214616],[-123.93837503282634,45.660098310121874],[-123.93823940338811,45.659976957025286],[-123.93805380516221,45.65984846629562],[-123.93786106892307,45.659712837255874],[-123.93774685442288,45.65963431526139],[-123.93755411908205,45.65953437778992],[-123.93721147647987,45.65937733319029],[-123.93705443120525,45.659305949421125],[-123.93691166375379,45.6592559810425],[-123.93679031124039,45.65919887391073],[-123.93666182071371,45.6591417660928],[-123.93656902204991,45.65905610582639],[-123.93650477633743,45.65900613722476],[-123.93646908447457,45.65894902983817],[-123.93649763742587,45.6588348161459],[-123.93656902204991,45.65874915603773],[-123.93666182071371,45.658663494542814],[-123.93678317322713,45.658570695383865],[-123.9369901863911,45.658442204566384],[-123.93724716744443,45.65836368267363],[-123.93742562675875,45.65829229824004],[-123.93775399243616,45.65817094625213],[-123.93799669746298,45.6580924246068],[-123.9382783112197,45.65799130775804],[-123.93873516922038,45.657915164857215],[-123.93934431052635,45.65780095031187],[-123.9401438093326,45.65764866514469],[-123.94086716603701,45.657496379563405],[-123.94118268221256,45.65743570305381],[-123.94136209374112,45.6574012013357],[-123.94187605764441,45.657291745671515],[-123.9424328514238,45.65719894675066],[-123.9431966592655,45.65709187097829],[-123.94390890919975,45.656990175929295],[-123.94435126839171,45.656927016232615],[-123.94434226727259,45.65691333409195],[-123.94432842782734,45.656892297582246],[-123.94429750242534,45.656877656031234],[-123.94430123223042,45.65679656516394],[-123.94433768766129,45.65600377158689],[-123.94437426526304,45.655208360374864],[-123.94437819090082,45.6551229653441],[-123.94439474415655,45.655100953659876],[-123.94440097756632,45.655070485395726],[-123.94375963884396,45.65507474256496],[-123.9430695952635,45.6550866394047],[-123.94268128680383,45.655082905905786],[-123.94183227465577,45.65507474256496],[-123.9411303337877,45.655098537497736],[-123.94052357032231,45.65514612607716],[-123.93991680775521,45.65519371587193],[-123.93931004518814,45.65527699728754],[-123.93872707719632,45.65534838054193],[-123.93827497936833,45.65544355974725],[-123.93773960142529,45.65556253289852],[-123.93729940178325,45.65564581376564],[-123.93693058496864,45.65572909450895],[-123.93658556272923,45.655800478442806],[-123.93627623235272,45.65589565687973],[-123.93593121101168,45.6560146296984],[-123.9357408544097,45.65608601452407],[-123.93572895622377,45.6560146296984],[-123.93575275079901,45.655788581126814],[-123.9359074155381,45.65563391641679],[-123.93615725947649,45.65547925190754],[-123.93666487857894,45.65514711815953],[-123.93747389503562,45.65467122553079],[-123.93789807771614,45.65441124313988],[-123.93799493945995,45.65435187561746],[-123.93821152686822,45.65421912855976],[-123.93823074183216,45.65420777405064],[-123.93873500842194,45.653909798206236],[-123.93949643662644,45.65329113865252],[-123.93997232813135,45.65276765601787],[-123.94028165850786,45.652220380507686],[-123.94036667326974,45.65192282924889],[-123.94042442595935,45.651720693651605],[-123.94063857713655,45.65110203440543],[-123.94066514840436,45.65098056259636],[-123.94077757885036,45.650466598850954],[-123.94080513916326,45.650340606278164],[-123.9408527292121,45.64974574155391],[-123.94088909211648,45.64935482706325],[-123.94094790661475,45.64872257246114],[-123.94109067406623,45.64746145809267],[-123.94110615203854,45.64730667493129],[-123.94120964694245,45.64627172773871],[-123.94120964694245,45.64560547885651],[-123.94135241439393,45.64472507742931],[-123.94135241439393,45.64405157154093],[-123.94135241439393,45.643916061247545],[-123.94125723609294,45.64332119612142],[-123.94111446774316,45.64284530349215],[-123.94082893284022,45.64229802774898],[-123.94050734944321,45.64193861004193],[-123.94042442416274,45.641845929503944],[-123.94014448935725,45.64165656288386],[-123.93961540680773,45.641298653419284],[-123.93941216746627,45.641136079764834],[-123.9393556562484,45.64106767046494],[-123.93931104052149,45.64100521005456],[-123.93924560543954,45.640918953652076],[-123.93920991357668,45.640862442064105],[-123.93918017035764,45.64082377551375],[-123.93914745281667,45.640779161196406],[-123.93910283798807,45.640743469088875],[-123.93904037632974,45.64072562271257],[-123.93899873582306,45.64070777633058],[-123.93892437777544,45.64069290570202],[-123.93883812244017,45.64069587957685],[-123.93876971303634,45.64071669983632],[-123.93867453473533,45.64072264883936],[-123.93858827940007,45.640719674337916],[-123.93855258663888,45.64071075146072],[-123.93851094613221,45.640678033813415],[-123.93847822948955,45.64065423903467],[-123.93842469079694,45.640627470367505],[-123.93834438500382,45.640597726551626],[-123.93827300037975,45.64055608593654],[-123.93820161755234,45.64051444529046],[-123.93808859242161,45.6404698307268],[-123.93803802894921,45.640449011003675],[-123.93796961954537,45.64042521612761],[-123.93784469712702,45.64039249831362],[-123.9377911593327,45.64035680721593],[-123.93773464721649,45.64031814031658],[-123.93764541845763,45.640240807694035],[-123.93758890544314,45.640181321520124],[-123.93752644378479,45.64013373215866],[-123.9374610096012,45.640074245242985],[-123.93739854794285,45.64002665579058],[-123.93733608808114,45.63997609238491],[-123.93729147325254,45.63993742647899],[-123.93720224269707,45.639851171573014],[-123.93714870490277,45.63980953103117],[-123.93699057805655,45.63970355191578],[-123.93676214995455,45.63957506114723],[-123.93657655172863,45.63950367788767],[-123.93629101682568,45.63938946347832],[-123.93611969552455,45.6393038031466],[-123.93587699049773,45.63918958832983],[-123.93566283932054,45.639089650802234],[-123.93527736594393,45.638904052781584],[-123.93503466091711,45.6387612850899],[-123.93483478576637,45.63861851766256],[-123.93453497483692,45.63844719702329],[-123.93429226891178,45.6382615987589],[-123.93406384080974,45.63810455417327],[-123.93384968873423,45.638004617850896],[-123.9336069837074,45.63791895603012],[-123.93337855560537,45.637804742787125],[-123.93319295737945,45.63773335852842],[-123.93296452927744,45.637619144907134],[-123.93273610117544,45.637547760412],[-123.9323220748475,45.637404993033186],[-123.93199370917013,45.63726222529063],[-123.9318081109442,45.63716228746596],[-123.93157968284217,45.63706235134736],[-123.93137980769146,45.63699096677102],[-123.93119421036388,45.636962413794336],[-123.93096578226185,45.636848199229775],[-123.93075163018634,45.63673398568865],[-123.93058030888521,45.63663404817808],[-123.93043754143376,45.636505556651734],[-123.93019483550862,45.636305682522],[-123.93000923818101,45.63617719212704],[-123.92985219380473,45.63604870018125],[-123.92963804172922,45.635934486894925],[-123.92945244440162,45.635863102138],[-123.9292382932244,45.635805995020704],[-123.9290384180737,45.63577744206836],[-123.92863866777225,45.63562039742987],[-123.92845306954635,45.635563291321496],[-123.92818181156821,45.635477629537355],[-123.92795338346619,45.635434799224285],[-123.92773923228897,45.63537769292683],[-123.92751080418694,45.63529203148707],[-123.92731092903622,45.6352349256722],[-123.92713960683682,45.63516354128041],[-123.92691117873481,45.63509215805391],[-123.92673985833203,45.6350350507791],[-123.92652570715481,45.634963666132705],[-123.92626872430485,45.63493511337931],[-123.92585469887523,45.634906559983236],[-123.92519796752048,45.634906559983236],[-123.92488387876789,45.63486372986184],[-123.92456978911702,45.63489228327974],[-123.9243841908911,45.634906559983236],[-123.92414148586427,45.634963666132705],[-123.9239701645632,45.63500649680586],[-123.92379884416042,45.63502077348026],[-123.92351330835915,45.63512071135543],[-123.9232563264075,45.635177818542935],[-123.92307072818161,45.63524920166027],[-123.92289940777883,45.63527775613804],[-123.92269953262812,45.635334862537384],[-123.92249965747737,45.63539196950662],[-123.92229978322496,45.635449077045834],[-123.92205707819812,45.63550618452681],[-123.9218000962465,45.63559184501109],[-123.92157166814447,45.635677505364384],[-123.92135751696725,45.635734612612616],[-123.92117191874136,45.63579171980261],[-123.9209292137145,45.63586310339421],[-123.92068650868768,45.63596304102345],[-123.92038669685994,45.636077255507836],[-123.92007260720904,45.636191469131305],[-123.91981562615572,45.6363056837782],[-123.91964430395632,45.63641989693609],[-123.91950153650482,45.63654838865885],[-123.91924455545153,45.636762540037914],[-123.91898757260155,45.63696241505053],[-123.91883052912357,45.637105182928885],[-123.91850216344619,45.637333610777624],[-123.9181309678927,45.637547761668216],[-123.91777404746736,45.63767625394521],[-123.91757417411328,45.637747637020496],[-123.91736002203778,45.63781902063294],[-123.91713159393574,45.63781902063294],[-123.91687461108577,45.63781902063294],[-123.91663190695729,45.63776191425275],[-123.91646058475787,45.63769052993945],[-123.91628926435509,45.637633422800235],[-123.9159466217529,45.63753348626572],[-123.91573247057568,45.637462101661406],[-123.91550404247364,45.637462101661406],[-123.91517567679627,45.63749065501157],[-123.9149044170215,45.637519208975256],[-123.9144761146671,45.637576316230906],[-123.91420485579063,45.63759059287866],[-123.91389076703805,45.63759059287866],[-123.91366233893604,45.63759059287866],[-123.91300560758128,45.63749065501157],[-123.9128628401298,45.63739071885049],[-123.9127057948552,45.63727650390274],[-123.91257730432854,45.63716228935025],[-123.91237742917782,45.63699096865531],[-123.91230158441839,45.636915123817275],[-123.91224893865116,45.63686247794739],[-123.9121204481245,45.636748263807256],[-123.91200623362433,45.636605495647665],[-123.91190629604895,45.63640562187439],[-123.91181720113907,45.63619672706275],[-123.91175355909448,45.636041159668146],[-123.91171820320152,45.63592801855992],[-123.91166870423272,45.635829021159076],[-123.91161213372602,45.63572295223151],[-123.91155556321934,45.63557445552129],[-123.91149899361092,45.635425958417486],[-123.91144242220591,45.63530574717519],[-123.91139292323712,45.635178463626346],[-123.91133635362874,45.63507946552947],[-123.91129392619787,45.634916827348455],[-123.91123735569118,45.634768330386436],[-123.91116664300696,45.634478407419785],[-123.91110300096231,45.63430162631731],[-123.91103935981603,45.634082416573776],[-123.9109686471318,45.63391270517515],[-123.91093329123886,45.63374299451888],[-123.91086964919424,45.633594498215245],[-123.91080600714962,45.63346014353931],[-123.91070700921205,45.63327629070487],[-123.91057972691944,45.633099509579246],[-123.9104524437285,45.63297929711539],[-123.91028273310673,45.632859085649955],[-123.91012009402286,45.63276715957852],[-123.90987259917893,45.63268230446459],[-123.90958974754373,45.63256209173395],[-123.90929982616724,45.63244895113952],[-123.90913011554545,45.632342882724046],[-123.90900283145622,45.63225095643408],[-123.90883312173274,45.632116602306134],[-123.9086940221026,45.6320083774179],[-123.90852270169981,45.63187988659224],[-123.9083228265491,45.63172284296643],[-123.90819433602243,45.63160862840162],[-123.90810867447357,45.63148013791584],[-123.9079659079204,45.63120887841866],[-123.90786597034503,45.63098045010238],[-123.90779458572098,45.630851959432775],[-123.90752332684454,45.63040938057811],[-123.90729156060291,45.62995930149822],[-123.90722592878996,45.62974272005703],[-123.90716029877359,45.62955239161055],[-123.90709466875725,45.629342374434096],[-123.90705528931014,45.6291914228068],[-123.90702247475113,45.629014221099006],[-123.9070290369443,45.62883045544757],[-123.90706185240161,45.62871232069598],[-123.90707497858455,45.62862043745066],[-123.90711435713332,45.628528555311135],[-123.90716029877359,45.628436671764575],[-123.90725874424727,45.628311973995324],[-123.90737031590388,45.62817415028518],[-123.90746219828607,45.62806257825271],[-123.90754751847514,45.6278722503831],[-123.90755408156659,45.627740988475374],[-123.90752783009904,45.62763597910479],[-123.90744907210313,45.62753097079388],[-123.90733750044654,45.627439087496704],[-123.90718655024115,45.62735376886244],[-123.90691746528769,45.627229069940526],[-123.9067796412652,45.62715031393937],[-123.90664181724274,45.62707812016055],[-123.9064985036156,45.62704901684242],[-123.90636763255341,45.62697763270357],[-123.90627245425243,45.62690029988858],[-123.90617727505312,45.62681701900108],[-123.90609994268358,45.626721840782174],[-123.90601071392473,45.62661476454305],[-123.90593932930067,45.62649579210018],[-123.90587389332043,45.62637681877661],[-123.90583225371209,45.62623999923653],[-123.90582035642444,45.626103180618976],[-123.90580251049302,45.62597825840725],[-123.90579061320538,45.625865234565666],[-123.90577276637565,45.62574626178844],[-123.90575492044421,45.62555590406587],[-123.90568948626058,45.62541313629209],[-123.90562999892416,45.62527631754116],[-123.90546938464294,45.62511570461814],[-123.90538015588407,45.62502052602353],[-123.90530955279432,45.62496000845882],[-123.90529687487073,45.624949141814476],[-123.90516600380857,45.624883706314336],[-123.90504108318683,45.624824220172236],[-123.90484477614442,45.62480042494386],[-123.90467226637222,45.62477068277886],[-123.90448785751572,45.62477068277886],[-123.90433319187835,45.62477068277886],[-123.90422016854423,45.624776631590045],[-123.904059554263,45.624818271994315],[-123.90392273545532,45.62483016897777],[-123.90376212207242,45.624848014762314],[-123.90341115118925,45.624848014762314],[-123.90325053780633,45.624848014762314],[-123.90301853979936,45.624848014762314],[-123.90289361917763,45.62483611841088],[-123.90275085082786,45.624776631590045],[-123.9026675698145,45.62474688815596],[-123.90250100778778,45.62468145241974],[-123.90236418898012,45.62462791489003],[-123.902126241431,45.62455058260296],[-123.90188234703476,45.624508941999856],[-123.90168009314517,45.62448514726586],[-123.90146594196793,45.62445540493359],[-123.90129937904294,45.62444350661414],[-123.90115661159145,45.62444350661414],[-123.90100789549615,45.62443755776757],[-123.90082348753802,45.62444945608829],[-123.90060933546248,45.62446730136581],[-123.90043682479194,45.62450299316022],[-123.90029405734046,45.624508942628054],[-123.90009180255255,45.62453868493192],[-123.89993118916965,45.624568429104755],[-123.89977652353222,45.62462196606303],[-123.89966944884195,45.624657659015476],[-123.89953262913596,45.62469929887987],[-123.89936606710923,45.624734991154824],[-123.89927088790995,45.62472904233924],[-123.89916381321966,45.624717145334316],[-123.89885448284316,45.62466955603303],[-123.89870576584954,45.6246338643446],[-123.8985273065352,45.624574377937385],[-123.89843807687804,45.62453868493192],[-123.89830720671416,45.62451489146705],[-123.89822392570082,45.62448514789411],[-123.89812279875603,45.62451489146705],[-123.89802762045504,45.624580326141185],[-123.8979621844748,45.6246457613672],[-123.89787295481764,45.62472904233924],[-123.89776588012734,45.624806375008376],[-123.89765285499661,45.62485396419353],[-123.89755767669564,45.624907502135656],[-123.89745654975083,45.624919399728384],[-123.89729593636791,45.624990783347066],[-123.89719480852482,45.62503242422052],[-123.89710557886765,45.625062167503096],[-123.89702229695598,45.62509191014169],[-123.89686763311519,45.62512760216668],[-123.89676650527207,45.625151396627984],[-123.89670107019015,45.6251632947972],[-123.8966118414313,45.6251632947972],[-123.89646312443769,45.62513355094003],[-123.8963144074441,45.62513355094003],[-123.89616569224712,45.62514544785653],[-123.89608241123376,45.625169242938505],[-123.89590989966491,45.62519303738213],[-123.89571954306294,45.62521683244386],[-123.8955470314941,45.62523467810531],[-123.8954340072617,45.62523467810531],[-123.89532098213095,45.62521683244386],[-123.89518416422159,45.625175191707434],[-123.89506519044704,45.62515139725623],[-123.89496406350226,45.62512760216668],[-123.89486888520128,45.6251216546492],[-123.89477370600198,45.62510975647115],[-123.89468447724315,45.62510975647115],[-123.89460714397526,45.62512760216668],[-123.89454170979165,45.625169242938505],[-123.89447627381139,45.625246575000396],[-123.89443463330475,45.62533580571645],[-123.89438704415423,45.625436932516884],[-123.89433945500372,45.625538059763166],[-123.89428591720944,45.62562729001525],[-123.89420263529776,45.625722468207876],[-123.8941134065389,45.62584144103559],[-123.89401227959411,45.625936618864664],[-123.89388735717576,45.626037746465904],[-123.89378623023094,45.62613292521815],[-123.89370294921763,45.62618646319525],[-123.89357802769757,45.626263795110326],[-123.89339361884109,45.626353025463686],[-123.89326274957557,45.62639466595344],[-123.8931259307679,45.62641846113335],[-123.89301812934053,45.626426163766084],[-123.8929039157387,45.62639760980415],[-123.89268976366316,45.62636905645594],[-123.89248988941077,45.62636905708418],[-123.89229001426006,45.626383332817774],[-123.89207586398115,45.626426164394275],[-123.89191881870656,45.62644044011337],[-123.89167611367971,45.62652610063354],[-123.89154762315306,45.62658320778369],[-123.89143340865287,45.626697422537646],[-123.89136202492715,45.6268401901817],[-123.89130491812621,45.626911573867396],[-123.89127636427659,45.62696868062485],[-123.89114787285162,45.62708289522162],[-123.89101938232494,45.62719710895745],[-123.8909194447496,45.62726849344503],[-123.8908599592098,45.62732505894826],[-123.89081712933367,45.62738930490731],[-123.89079928340226,45.62743213508699],[-123.89079571349731,45.627524934325564],[-123.89080285240887,45.62763200882615],[-123.8908064223138,45.62772480836199],[-123.89080285240887,45.6278140382743],[-123.89076359153937,45.627946098459766],[-123.89072076166326,45.62802105207867],[-123.89066365396403,45.628096004969194],[-123.89060297815648,45.62819237255483],[-123.89054943946387,45.62825661877625],[-123.89046377971161,45.628360124956735],[-123.89040667201238,45.62843864682426],[-123.89037454915612,45.628510030987165],[-123.89033528918495,45.62860639848917],[-123.89027818148571,45.62867778306661],[-123.89022107378646,45.628756305117335],[-123.89016396698555,45.62882411947003],[-123.89009615226644,45.62885981100331],[-123.89001049161588,45.628902641315754],[-123.88988557009583,45.62891335014515],[-123.8897570795692,45.628902641315754],[-123.88965476235663,45.62889074456843],[-123.88957148134327,45.62886219186197],[-123.88949533834317,45.62883363725634],[-123.88937398672807,45.628783668703164],[-123.8891622133914,45.62869562888268],[-123.889012308825,45.628631383164404],[-123.88887667938677,45.62858617365899],[-123.88876246488661,45.62855286156689],[-123.88864587074924,45.6285219278153],[-123.88855307208544,45.6285028927634],[-123.8884507548729,45.62848385707687],[-123.8883579562091,45.62847671884981],[-123.88826277790812,45.62847433860295],[-123.88818187563363,45.62847195961245],[-123.88809145570872,45.62846482075567],[-123.8880200728813,45.62845054492396],[-123.8879558271688,45.62843150859144],[-123.88790110000505,45.6283934377916],[-123.88785826923062,45.62835774596135],[-123.88782257646945,45.62832443310533],[-123.88776071129246,45.62828636160454],[-123.88770598412871,45.62826494684515],[-123.88765125606666,45.62823877219219],[-123.88757987234094,45.628214978413205],[-123.88748231440273,45.62820546052184],[-123.88738237682739,45.628193562370114],[-123.88731099310166,45.62818880436513],[-123.88720391751306,45.628193562370114],[-123.88708494463683,45.6281911833677],[-123.88701356001278,45.62818642410609],[-123.8869076737936,45.62818220635463],[-123.88676490544383,45.62811082303065],[-123.88650792349218,45.628053715552184],[-123.88620811166442,45.628010885847445],[-123.88596540663758,45.627996608643734],[-123.88565131788502,45.628010885847445],[-123.88535150605723,45.62805371618039],[-123.88510880013212,45.62805371618039],[-123.88488037203008,45.628010885847445],[-123.88462339097674,45.62798233143636],[-123.88442351582603,45.62796805548176],[-123.88418081079921,45.62803943898756],[-123.88405232027253,45.62809654648062],[-123.88393810577237,45.62818220698284],[-123.88379533742257,45.62832497461449],[-123.8836668468959,45.62843918896054],[-123.88353835636924,45.628567679507576],[-123.88342414186909,45.628724723179296],[-123.88332420429371,45.62886749131372],[-123.8832528214663,45.628953152522385],[-123.88313860696613,45.62906736621663],[-123.88298156258985,45.62916730402899],[-123.88289590104098,45.62926724103497],[-123.88266747293895,45.629438562099544],[-123.8823962149608,45.629567054124806],[-123.88215350993397,45.62969554459912],[-123.88183942118141,45.62983831214531],[-123.88151105550403,45.62982403540707],[-123.88129690342853,45.629795481919636],[-123.8810970291761,45.62968126719627],[-123.88089715402539,45.629567054124806],[-123.88064017207374,45.62949566942351],[-123.88045457384786,45.629410009043944],[-123.88024042267064,45.629410009043944],[-123.87991205699323,45.629438562099544],[-123.87965507593992,45.62949566942351],[-123.87941237091307,45.6294956700517],[-123.87921249576236,45.6294956700517],[-123.87898406766035,45.62950994687358],[-123.87881274546093,45.62950994687358],[-123.87852721145633,45.629538499878265],[-123.87824167565505,45.629481392597945],[-123.87799897062821,45.62945283956416],[-123.87777054252618,45.62938145534561],[-123.87745645287531,45.62936717911915],[-123.87718519399884,45.62936717911915],[-123.87677116856922,45.62938145534561],[-123.87658557034334,45.62939573282477],[-123.87622865171464,45.62938145534561],[-123.87598594578951,45.62932434916168],[-123.87572896383784,45.62928151917143],[-123.87544342803658,45.62926724229137],[-123.87525783070897,45.629167304657194],[-123.87517217005845,45.62911019699868],[-123.87497229490774,45.62896742948245],[-123.87487235823069,45.628853216212775],[-123.87475814373053,45.62872472443571],[-123.87462965320385,45.62863906413432],[-123.87445833100445,45.62863906413432],[-123.8741727961015,45.62863906413432],[-123.87397292184907,45.62865334117443],[-123.87377304669836,45.628710448670205],[-123.87348751089714,45.628710448670205],[-123.87325908279509,45.628710448670205],[-123.87300210084345,45.62862478834699],[-123.87278794966623,45.628567680763986],[-123.87263090528995,45.62849629667449],[-123.87241675411273,45.62839636017855],[-123.87221687896202,45.62835352885104],[-123.87201700381131,45.62833925299098],[-123.87183140558541,45.62828214574524],[-123.87161725440818,45.62821076129211],[-123.87151731683284,45.62805371743677],[-123.8714316570806,45.627910949742486],[-123.87131744168212,45.62769679783329],[-123.87124605885468,45.62762541451932],[-123.87111756832802,45.627568307174535],[-123.87109851865411,45.627568307174535],[-123.87100335382786,45.627568307174535],[-123.87081775560196,45.62755402985811],[-123.87063215737604,45.62752547709891],[-123.87048938992456,45.62749692369699],[-123.8703751754244,45.627454093566804],[-123.8701895771985,45.6274683696523],[-123.87004680974701,45.627454093566804],[-123.86981838164498,45.62743981622124],[-123.86966133726872,45.62741126340391],[-123.86956139969335,45.62738270931558],[-123.86943227226115,45.627295510355715],[-123.8693466116106,45.627263387331645],[-123.86930021182955,45.62723483442439],[-123.8692359670154,45.627174158427444],[-123.869189566336,45.62713489693585],[-123.8691074746921,45.62710991222176],[-123.86903252285805,45.62705637512661],[-123.86898255407036,45.62702782085751],[-123.8689111694463,45.62700640624552],[-123.8688148017759,45.62700640624552],[-123.86872914022703,45.62701711355252],[-123.86862563454336,45.62703495926908],[-123.86853640488617,45.62705280497996],[-123.86845431324227,45.627070651941615],[-123.86836865259171,45.62709920493244],[-123.86821874712697,45.62712418965131],[-123.86813308647646,45.6271563127552],[-123.868090255702,45.6271705882883],[-123.86799745703823,45.627216988771465],[-123.86791536539428,45.62725268007165],[-123.8678511196818,45.62729194148075],[-123.86776902803787,45.62733834060706],[-123.86770835223032,45.62737760195616],[-123.86765838344265,45.62744184785504],[-123.86762982959303,45.62748467799457],[-123.86757629269704,45.627541785424555],[-123.86751561509286,45.62760959999024],[-123.86746564630518,45.62765956896183],[-123.86739783248437,45.62770596778385],[-123.86733715577851,45.62775236782389],[-123.86719438832705,45.627852304211615],[-123.86711943559469,45.627923688492984],[-123.86704805186895,45.62797008772459],[-123.86697666724488,45.62799150322485],[-123.86691956134226,45.62799864151374],[-123.86685531562978,45.62799507205528],[-123.86674823914288,45.62799864151374],[-123.86667685631544,45.62799864151374],[-123.86658762575995,45.627962950060315],[-123.8665233809458,45.627941534549144],[-123.86645913523328,45.6279165501946],[-123.86636990467781,45.62788799699188],[-123.86628424402726,45.627873719756835],[-123.86622713722632,45.627866581452075],[-123.86614147657578,45.62785587430729],[-123.86607723176161,45.627848735372055],[-123.86600584713757,45.627845167160515],[-123.86594517133001,45.62785587430729],[-123.86589163443404,45.6278808586889],[-123.86585951067947,45.62790941189528],[-123.86584880276126,45.62797365781282],[-123.86583452673479,45.62803433357261],[-123.86582381881661,45.62810214817061],[-123.86581311089842,45.62815925559974],[-123.86581311089842,45.628205654636346],[-123.86580597288514,45.62826990021432],[-123.86579169685866,45.628341283335715],[-123.86577385092724,45.62841266825083],[-123.86577028102228,45.62850546712247],[-123.86577028102228,45.628576850572074],[-123.86576377991459,45.62866761883906],[-123.86573522606496,45.62885321684098],[-123.86563528938792,45.629153028376194],[-123.86550679796295,45.629352903517315],[-123.8653925843611,45.62948139385435],[-123.86524981690961,45.62966699230258],[-123.86512132638295,45.62988114422282],[-123.8650499417589,45.63005246529546],[-123.86496428110836,45.63023806310914],[-123.8646930231302,45.63049504508394],[-123.86449314797949,45.63053787540321],[-123.86437893347933,45.63053787540321],[-123.86427899680227,45.63043793815006],[-123.86413622935079,45.63022378710087],[-123.86402201395231,45.62998108184056],[-123.86392207727528,45.62986686749545],[-123.86385069354952,45.62968126908086],[-123.8637935858503,45.629481394482546],[-123.86367937135012,45.62922441288568],[-123.86356515774827,45.62903881485651],[-123.8634509432481,45.628853217469135],[-123.86330817579662,45.62871044929836],[-123.86315113142037,45.628639065390736],[-123.86293697934482,45.62856768202035],[-123.86270855124279,45.628539127892914],[-123.8623373556893,45.62851057437913],[-123.86206609681284,45.628467744395266],[-123.8617662849851,45.62842491437872],[-123.86156640983438,45.628339253619146],[-123.86116666043125,45.628096548365214],[-123.86098106220535,45.62792522759622],[-123.86086684770517,45.627811013459315],[-123.86068124947927,45.62771107574157],[-123.86049565215167,45.62761113847388],[-123.8603243308506,45.62749692495338],[-123.8601672864743,45.62738270994382],[-123.86005307287245,45.62728277271886],[-123.85991030452264,45.62719711209852],[-123.85976753707118,45.627111451975516],[-123.85963904654452,45.62699723743693],[-123.85946772434511,45.62688302392203],[-123.85938206369455,45.62684019332279],[-123.85922501931827,45.62674025638707],[-123.85899659121627,45.62672597885973],[-123.85875388618943,45.62671170195695],[-123.85856828796352,45.626654595565924],[-123.85836841371112,45.62655465829933],[-123.85818281548521,45.62649755112009],[-123.85802577110893,45.626411890556284],[-123.85781161993171,45.62638333658708],[-123.8576260208075,45.62636906022525],[-123.85739759270547,45.6263976135735],[-123.85726910217882,45.626411890556284],[-123.85705495100159,45.626426167535385],[-123.85695501342624,45.62645472085455],[-123.85684079892607,45.6265974884885],[-123.8567408613507,45.62672597948792],[-123.85661237082404,45.62682591707732],[-123.85639821964682,45.626940131336795],[-123.85619834449611,45.62706862217904],[-123.85592708651797,45.627111451975516],[-123.85567010456634,45.6270971751709],[-123.85545595338913,45.62708289899088],[-123.85522752528709,45.62705434536352],[-123.85497054243713,45.627025791721614],[-123.85474211433511,45.62701151489517],[-123.85439947173292,45.62701151489517],[-123.85411393593165,45.62698296185968],[-123.85387123180314,45.62696868502235],[-123.85359997292667,45.62694013196498],[-123.85334299097502,45.62691157763666],[-123.8531002859482,45.62685447019286],[-123.85287185784618,45.626840193951026],[-123.85267198269548,45.62679736394728],[-123.85251493921749,45.62678308706268],[-123.85231506406677,45.62678308706268],[-123.85214374186737,45.62679736394728],[-123.85187248388924,45.62691157763666],[-123.8516155028359,45.62699723806511],[-123.85132996703464,45.62705434536352],[-123.851072985083,45.62711145260374],[-123.85080172620656,45.627197113354974],[-123.85055902117972,45.6272827739753],[-123.85033059307771,45.6272827739753],[-123.85008788805085,45.62731132811453],[-123.84987373687365,45.62735415835379],[-123.84967386172293,45.62741126528853],[-123.8494311566961,45.62748264887516],[-123.84920272859407,45.62759686368114],[-123.84891719279281,45.62778246145923],[-123.84871731854041,45.62796805925101],[-123.84826046143804,45.62843919272975],[-123.84816052386267,45.628624790859824],[-123.84807486411044,45.6288389417364],[-123.84803203333604,45.62902453979919],[-123.84803203333604,45.62925296792042],[-123.84801775641122,45.629395735337525],[-123.84791782063247,45.6297669315586],[-123.84778932830919,45.62996680639503],[-123.84766083778254,45.63035227921056],[-123.8475466241807,45.63063781499091],[-123.84747524045494,45.63083768860629],[-123.84743240968051,45.63105184107888],[-123.84730391915387,45.631323099451606],[-123.84717542772886,45.631494419885726],[-123.8470183842509,45.63173712550264],[-123.84688989372422,45.632236812851524],[-123.84678995614887,45.63247951713799],[-123.84666146472388,45.63272222225789],[-123.84661863394948,45.63300775789927],[-123.84657580407332,45.63325046324415],[-123.84656642925505,45.63335392753919],[-123.84656642925505,45.633487177566174],[-123.84658070617985,45.633639463102874],[-123.84658070617985,45.633729882719294],[-123.84656166998069,45.63385361492013],[-123.84654263467978,45.63393927541793],[-123.84650932245411,45.634010658856674],[-123.8464617333036,45.63409632037069],[-123.84640462650269,45.63420577551224],[-123.84634275952907,45.63427715861152],[-123.84625234050247,45.63436757845534],[-123.84616192057753,45.634405649594264],[-123.84605246535176,45.63443896197667],[-123.8459525286747,45.63447703369524],[-123.84585735037373,45.634505587310166],[-123.84575265352399,45.634524622207856],[-123.84566699287345,45.63453414091055],[-123.84558133222292,45.63455793514769],[-123.8455051901211,45.63456269449638],[-123.84540049416968,45.63460552484784],[-123.84523378841251,45.63466386306677],[-123.84509102096106,45.634778076430294],[-123.84500536031048,45.6348637380275],[-123.84481976298291,45.634949398865686],[-123.84469127065961,45.634977951611795],[-123.84453422718164,45.63507788956333],[-123.84436290498223,45.63522065721797],[-123.84417730765463,45.635306317510576],[-123.84404881712798,45.635363424508945],[-123.8438917718534,45.63539197767224],[-123.84372045145061,45.6354490852114],[-123.84349202334857,45.635463362401175],[-123.84326359434823,45.635477638331054],[-123.84307799702064,45.635477638331054],[-123.84290667571955,45.635477638331054],[-123.84269252364402,45.63556330011519],[-123.84244981861718,45.63564896051211],[-123.8422499443648,45.63563468336962],[-123.84206434524056,45.63563468336962],[-123.84192157868742,45.63563468336962],[-123.84176453431111,45.63563468336962],[-123.84150755146116,45.6356917906615],[-123.8413790609345,45.63570606778944],[-123.84112207988117,45.635748897895134],[-123.84092220473046,45.63579172796813],[-123.84066522277881,45.635891665724664],[-123.8404653485264,45.63587738864401],[-123.84025119645088,45.63582028154132],[-123.84006559822497,45.63577745149014],[-123.83982289319813,45.635748897895134],[-123.83960874202091,45.635748897895134],[-123.83928037634354,45.635748897895134],[-123.83890918079004,45.635763174380386],[-123.83868075268803,45.635763174380386],[-123.83848087753732,45.63579172859626],[-123.83823817251047,45.635834558636475],[-123.8380954041607,45.63584883572804],[-123.83788125298348,45.63589166635279],[-123.83765282488145,45.63599160267484],[-123.83742439588111,45.636005879726405],[-123.83716741482779,45.636005879726405],[-123.83695326365057,45.636005879726405],[-123.83676766452636,45.63599160267484],[-123.83659634412358,45.6359773268759],[-123.83635363819843,45.63596304981707],[-123.83621087074695,45.63593449631663],[-123.83598244264492,45.635920219246934],[-123.83573973761808,45.635920219246934],[-123.83551130951608,45.635920219246934],[-123.83519722076352,45.63596304981707],[-123.83488313201093,45.636062987268076],[-123.83468325686022,45.63616292454085],[-123.83445482875818,45.636262862263514],[-123.83429778438193,45.63633424588307],[-123.83416929385524,45.63634852284728],[-123.83402652550546,45.63634852284728],[-123.83381237522656,45.6363627998079],[-123.83365532995194,45.6363627998079],[-123.83334124119938,45.63643418330015],[-123.83311281219906,45.63643418330015],[-123.83291293794666,45.63646273654599],[-123.83267023291981,45.636505566701516],[-123.83248463469391,45.63653412053905],[-123.83215626901654,45.63661978133633],[-123.83194211694101,45.63663405822779],[-123.83177079653822,45.63661978133633],[-123.831556645361,45.63660550444118],[-123.83139960008641,45.63660550444118],[-123.83119972583401,45.636648334487546],[-123.8309998515816,45.63673399573834],[-123.83071431578033,45.636805379385855],[-123.83058582435538,45.6369195940377],[-123.8304573338287,45.63701953166708],[-123.83030028945242,45.63714802201488],[-123.83015752110263,45.63724795986498],[-123.8299005400493,45.63743355771819],[-123.82967211194726,45.637562048372835],[-123.82954362142063,45.6376905387328],[-123.82940085396913,45.63789041420394],[-123.82927236164583,45.63807601181348],[-123.82912959419436,45.63833299427835],[-123.82900110366768,45.638518592306255],[-123.82882978326492,45.63870419034749],[-123.82875839864086,45.638761296395415],[-123.82854424746367,45.63894689426083],[-123.82838720308736,45.63903255576628],[-123.82820160486146,45.639075385841814],[-123.82795889983464,45.63908966210768],[-123.82773047173264,45.63903255576628],[-123.82758770338283,45.63891834102467],[-123.82740210605523,45.63887551082909],[-123.82723078475415,45.63887551082909],[-123.82690241907675,45.63888978840201],[-123.82664543712512,45.63886123388057],[-123.82648839274883,45.6388469581846],[-123.82633134837255,45.63886123388057],[-123.82596015192073,45.63890406408707],[-123.82577455459312,45.638961171815566],[-123.82561750931853,45.63904683204304],[-123.82546046584056,45.63918959963521],[-123.82530342146428,45.63928953761262],[-123.82510354631356,45.639375197966146],[-123.82483228743713,45.639418027779776],[-123.82470379691047,45.63948941240462],[-123.82456102945899,45.63964645624921],[-123.82438970815788,45.63976067076279],[-123.82421838685678,45.639817778246304],[-123.82407561850701,45.639860608349714],[-123.82397568182996,45.63991771573138],[-123.82377580757756,45.64003192906392],[-123.82360448537814,45.64011758953863],[-123.82346171792669,45.64023180434794],[-123.82330467444869,45.64033174172257],[-123.82311907622278,45.640417402366985],[-123.82289064812078,45.64046023264005],[-123.82274788066928,45.64048878634662],[-123.82250517474414,45.64056017023532],[-123.82234813036786,45.64058872326288],[-123.82224819279249,45.64060300039925],[-123.82220536291638,45.640674384770506],[-123.82220536291638,45.64076004489107],[-123.82220536291638,45.6408885354544],[-123.82217680906676,45.64103130337837],[-123.8222196398412,45.64111696358127],[-123.82231957741654,45.64124545458216],[-123.82239096024398,45.64140249915736],[-123.82233385344304,45.64153099013148],[-123.82226246971732,45.64164520457182],[-123.82219108599158,45.641773694989325],[-123.82210542534104,45.641873632753956],[-123.82204831943841,45.64203067745249],[-123.82196265788954,45.642201998439724],[-123.82190555108863,45.64228765873691],[-123.82179133658848,45.642487533510426],[-123.82171995376103,45.64264457837225],[-123.82162001618566,45.6427587917985],[-123.8214772487342,45.642901559980984],[-123.82136303333573,45.643030050657345],[-123.82116315908333,45.64310143507649],[-123.82089190020686,45.643344140039495],[-123.8207634096802,45.64347263095688],[-123.82062064222873,45.64360112157952],[-123.82053498157819,45.64365822891682],[-123.82043504400285,45.643800996691304],[-123.82033510642748,45.64394376410196],[-123.82027799962651,45.64404370176379],[-123.82022089192729,45.64418646918397],[-123.8200495715245,45.64448628096374],[-123.8200210185732,45.644571941536384],[-123.8200210185732,45.644657602606074],[-123.82003529459968,45.644728986207454],[-123.8200495715245,45.64484320040841],[-123.82007812537414,45.64504307485677],[-123.8200210185732,45.64520011946309],[-123.81980686649767,45.645442824754205],[-123.8196355451966,45.6456141453553],[-123.81952133069642,45.64568552962176],[-123.81939284016977,45.64568553024977],[-123.81905019756755,45.645699806087336],[-123.81880749343904,45.645728360263604],[-123.81855051058908,45.645728360263604],[-123.8182078679869,45.64565697605172],[-123.81805082450892,45.645614145983316],[-123.81772245883153,45.64552848512024],[-123.81752258368081,45.64557131525414],[-123.81735126327804,45.645614145983316],[-123.81713711030422,45.6456427002032],[-123.81698006682625,45.645728360263604],[-123.81683729937477,45.64584257368306],[-123.81663742422403,45.6459710657781],[-123.81638044227238,45.6460995563224],[-123.81619484404649,45.64611383331047],[-123.81603780056852,45.64611383331047],[-123.8158664783691,45.646170939970354],[-123.81573798784247,45.64621377024106],[-123.81556666654134,45.646327984554816],[-123.81530968458972,45.64649930558884],[-123.8150527035364,45.64667062735487],[-123.81480999850956,45.646727733447136],[-123.81459584643403,45.64674201090306],[-123.81442452513294,45.64678484073714],[-123.81421037395572,45.646827671166434],[-123.81399622188019,45.6467562877274],[-123.81381062365429,45.64665635050871],[-123.8136393032515,45.64651358247499],[-123.81341087514947,45.646399367911634],[-123.81318244704747,45.646299431940214],[-123.81299684882154,45.646299431940214],[-123.81272558904679,45.646299431940214],[-123.812554268644,45.646285154371434],[-123.81224017989142,45.6462423241553],[-123.81201175178941,45.646199494534436],[-123.81178332278908,45.64618521694023],[-123.81151206391262,45.6461423872757],[-123.81128363581058,45.64611383393848],[-123.81104093078375,45.64605672659238],[-123.81079822665524,45.64597106640612],[-123.810612627531,45.645928235321826],[-123.81042702930512,45.64585685199262],[-123.81028426185362,45.64585685199262],[-123.81008438760125,45.64585685199262],[-123.80998445002588,45.645814021449056],[-123.80979885269831,45.64574263734628],[-123.80962753049887,45.64567125378056],[-123.80925633494537,45.64565697667969],[-123.80905646069297,45.64565697667969],[-123.80881375566615,45.64561414661129],[-123.80854249678971,45.645528486376236],[-123.8081570243114,45.645499933354124],[-123.80799997903677,45.645499933354124],[-123.80788576543493,45.64555703938384],[-123.8076430604081,45.64568553087779],[-123.80730041780592,45.64588540546081],[-123.80698632905334,45.6460138968296],[-123.80668651632729,45.64611383456649],[-123.80634387462338,45.64622804782799],[-123.80617255332228,45.64631370824933],[-123.80588701752104,45.64645647616446],[-123.80568714326861,45.64655641373973],[-123.80547299119308,45.64667062861084],[-123.80535877759124,45.6467134584995],[-123.80510179563959,45.64682767242244],[-123.80484481458626,45.6469561635139],[-123.80467349238684,45.64702754732622],[-123.80453072493539,45.64708465431058],[-123.80431657375817,45.64715603795917],[-123.80411669860746,45.64719886810468],[-123.80390254743027,45.64727025223572],[-123.80360273470419,45.64737019024311],[-123.80340286045177,45.64744157352782],[-123.80323153915069,45.647527233977414],[-123.80303166399997,45.64764144812505],[-123.80277468294662,45.647755662039806],[-123.80258908472074,45.64781276953785],[-123.80224644211853,45.64789843004778],[-123.80191807644115,45.64798409105466],[-123.80158971076378,45.647998367562415],[-123.80134700573694,45.647955537400264],[-123.80104719390918,45.64789843004778],[-123.80084731965675,45.64789843004778],[-123.80059033680682,45.647912707205364],[-123.80029052497906,45.647955537400264],[-123.80011920367795,45.64802692182297],[-123.79990505250076,45.6481125820054],[-123.79967662439873,45.64822679558751],[-123.7994624723232,45.648255349731606],[-123.79930542884524,45.64831245734819],[-123.79911983061932,45.64845522519295],[-123.79904844599527,45.64861226839712],[-123.79899133919433,45.64881214384077],[-123.79890567854382,45.64894063414795],[-123.79889140251731,45.64905484918147],[-123.7988628486677,45.64922617003916],[-123.79877718801714,45.649383214849585],[-123.79867725044178,45.64951170510269],[-123.79857731286644,45.649625919599714],[-123.79846309926457,45.64982579393807],[-123.7983203318131,45.65006849928221],[-123.79829177796347,45.65011132908464],[-123.79816328743682,45.65026837392512],[-123.79806334986145,45.65048252498525],[-123.7979491362596,45.65068240003452],[-123.79789202856036,45.650825168118125],[-123.79782064483463,45.65103931893318],[-123.79769215340964,45.65119636368346],[-123.7976207705822,45.65129630096545],[-123.7973923424802,45.6513391317128],[-123.79722102028077,45.65138196179945],[-123.79706397680279,45.651410515591],[-123.79687837767858,45.651439068740046],[-123.79669277945268,45.65148189937822],[-123.79645007532417,45.65152472935574],[-123.7963073078727,45.651539006844864],[-123.7961217096468,45.65159611362534],[-123.79590755757127,45.65168177462874],[-123.79579334396942,45.65168177462874],[-123.79557919189389,45.65168177462874],[-123.79539359456629,45.65171032763949],[-123.79523655019001,45.651724604453364],[-123.7950652288889,45.651724604453364],[-123.79493673836227,45.65173888189154],[-123.7947225853884,45.651781711672534],[-123.79447988125987,45.65183881820553],[-123.79439421971101,45.65186737239207],[-123.79426572918435,45.651938755597],[-123.7941515155825,45.65202441607639],[-123.79403730108234,45.652110077680554],[-123.79390881055568,45.65219573789791],[-123.79382315080343,45.65226712131227],[-123.793780320029,45.652395611856754],[-123.79366610552884,45.65253837996875],[-123.79355189102868,45.65268114771681],[-123.7934662303781,45.652781084861104],[-123.79330918690015,45.65293812975086],[-123.79313786470073,45.653009513474856],[-123.79298082122277,45.653123727746284],[-123.79282377684649,45.653237942412716],[-123.79268100849669,45.653223665356684],[-123.79239547359374,45.653223665356684],[-123.79216704549171,45.65320938829697],[-123.791967170341,45.653195111233664],[-123.79171018838937,45.65316655835199],[-123.79139609873849,45.653109450661134],[-123.79115339460995,45.653109450661134],[-123.79085358278222,45.653109451289026],[-123.79059660083057,45.65312372837421],[-123.79041100170633,45.65312372837421],[-123.79023968130355,45.65316655835199],[-123.79011119077688,45.653237943040644],[-123.79003980615283,45.653295048716686],[-123.78992559255099,45.65342354067037],[-123.78983993190045,45.653537754097435],[-123.78971144047546,45.65365196854743],[-123.78956867302398,45.653751906471],[-123.78945445942213,45.65378045968222],[-123.78925458427142,45.65389467426511],[-123.78916892362089,45.65399461049977],[-123.78902615616938,45.654065994760884],[-123.78882628101867,45.65409454843983],[-123.7886692375407,45.65409454843983],[-123.78848363931482,45.65409454843983],[-123.78835514788983,45.6540517179159],[-123.78826948723928,45.65402316484304],[-123.78808388901336,45.6538803973765],[-123.78792684463708,45.653809012878824],[-123.78775552333599,45.653723352617355],[-123.78761275588452,45.65366624486634],[-123.78744143548174,45.65366624486634],[-123.78717017660527,45.65366624486634],[-123.78691319465362,45.653651969175314],[-123.78671331950291,45.65359486197948],[-123.78654199820181,45.65359486197948],[-123.7863421230511,45.65360913894088],[-123.78618507957314,45.653651969175314],[-123.78595665057279,45.653723352617355],[-123.78575677632041,45.653723352617355],[-123.78554262424485,45.653723352617355],[-123.7853427508908,45.653723352617355],[-123.78511432099214,45.653723352617355],[-123.78490016981492,45.65369479937703],[-123.78462891183678,45.653651969175314],[-123.78438620680994,45.65359486197948],[-123.78422916153535,45.653566309301574],[-123.78404356420776,45.653566309301574],[-123.78381513520742,45.653566309301574],[-123.78362953787982,45.65360913956881],[-123.78351532427797,45.653651969803235],[-123.78330117220244,45.65379473722418],[-123.78315840475098,45.6538803973765],[-123.78294425357376,45.6539946111277],[-123.78280148522398,45.654051718543826],[-123.7826587177725,45.654123102732136],[-123.78253022724583,45.65418020938936],[-123.78238745979435,45.654237316616225],[-123.78224469144457,45.654280146998204],[-123.7819163257672,45.654437191451805],[-123.78180211126703,45.65450857514871],[-123.78163079086426,45.65462278950248],[-123.78144519263833,45.65472272694944],[-123.78131670121336,45.654779834251045],[-123.78115965773539,45.654822664845966],[-123.7810311663104,45.654822664845966],[-123.78087412193412,45.6548512175112],[-123.7806742467834,45.654936877931235],[-123.78051720330542,45.65499398564233],[-123.78023166750417,45.65513675340947],[-123.78001751542863,45.65523669056714],[-123.77993185477811,45.65523669056714],[-123.7797748104018,45.655279520812655],[-123.77946072164924,45.65539373547775],[-123.77920374059593,45.65546511921119],[-123.77906097314442,45.655479396323706],[-123.77876116041837,45.65550794928204],[-123.77861839296688,45.65552222638364],[-123.7782900272895,45.6555793334978],[-123.77803304533785,45.65566499405985],[-123.77767612581087,45.655750654490866],[-123.77746197463365,45.6558791452057],[-123.77734776013348,45.656050467165194],[-123.77724782255812,45.6562360648923],[-123.77716216190757,45.656478769456974],[-123.7770336713809,45.65662153720604],[-123.77686235097812,45.65673575164557],[-123.77670530570353,45.65680713492409],[-123.77666247582741,45.65697845655603],[-123.77666247582741,45.65712122428691],[-123.77670530660184,45.65727826830765],[-123.77676241340278,45.65752097337815],[-123.77679096635407,45.657749401494485],[-123.7768337971285,45.65799210703444],[-123.7768337971285,45.6581919816536],[-123.7768337971285,45.65832047241744],[-123.77677668942928,45.658434687158845],[-123.77667675185391,45.658563177993564],[-123.77659109210168,45.658677391612045],[-123.77661964595129,45.65886299005027],[-123.77664819890262,45.65904858850122],[-123.77670530660184,45.659234186336924],[-123.77680524417721,45.65941978418529],[-123.77684807405332,45.65957682803802],[-123.77693373470387,45.65977670265103],[-123.77694801162868,45.66000513098287],[-123.77696228765517,45.66021928311019],[-123.77693373470387,45.66043343379058],[-123.77686235187646,45.6606190320586],[-123.77673386045146,45.66079035270101],[-123.77666247672572,45.66099022800468],[-123.77669102967704,45.66113299555217],[-123.77671958442498,45.66126148647318],[-123.77680524417721,45.661404253956825],[-123.77689090482775,45.66160412895244],[-123.77696228855349,45.661718343274046],[-123.77699084240312,45.66187538695795],[-123.77693373560217,45.66198960198186],[-123.77687662790294,45.66206098546866],[-123.77674813737627,45.66216092282513],[-123.77657681697349,45.662275137266484],[-123.7764197716989,45.66236079763071],[-123.7762770042474,45.66243218127207],[-123.77603429922058,45.662560672978344],[-123.7758629779195,45.6626320563649],[-123.77574876341934,45.662674886604236],[-123.77559171994136,45.66273199395759],[-123.7755060583925,45.66283193137193],[-123.7755060583925,45.66297469924563],[-123.77549178236602,45.6631174667553],[-123.77547750544119,45.6632887872863],[-123.77540612171543,45.663431555250604],[-123.7753204601666,45.66354576961106],[-123.77522052438786,45.66364570620052],[-123.77514913976381,45.66377419826067],[-123.77507775603806,45.663902688770314],[-123.77503492616194,45.664059733232875],[-123.77499209448922,45.66415967078828],[-123.7749349885866,45.66427388429105],[-123.77492758018045,45.66427705969268],[-123.77483505101122,45.66431671452995],[-123.77469228355977,45.66433099189676],[-123.7746728664749,45.664332134487715],[-123.77466372881182,45.66433099189676],[-123.77440674775848,45.66433099189676],[-123.77429253325832,45.66433099189676],[-123.77414976580685,45.66433099189676],[-123.7738499539791,45.66434526925993],[-123.77366435575317,45.664373822091925],[-123.7735073113769,45.66440237553721],[-123.77330743622619,45.664459482384046],[-123.7731361158234,45.664459482384046],[-123.77289340989826,45.66450231310871],[-123.77280775014603,45.66453086711626],[-123.77275064244677,45.66470218771654],[-123.77266498179625,45.66481640262368],[-123.77255076729605,45.66488778564518],[-123.77235089394198,45.66497344640642],[-123.77222240341534,45.665044830483254],[-123.77207963506554,45.665159044063486],[-123.77190831376444,45.66525898153979],[-123.77177982233945,45.66535891946549],[-123.77153711731263,45.66555879415384],[-123.77130868921058,45.665687284961955],[-123.77110881405989,45.66575866812854],[-123.77089466378098,45.66578722275081],[-123.77069478863027,45.66578722275081],[-123.77053774335567,45.66578722275081],[-123.77032359217843,45.665801498487],[-123.77016654780218,45.665801498487],[-123.76986673597442,45.665858605789914],[-123.76962403094758,45.66590143607196],[-123.76942415579687,45.66592999062136],[-123.76922428064613,45.66600137347846],[-123.76906723716817,45.666058481205255],[-123.76885308509264,45.6661298645263],[-123.76846761351267,45.66622980215278],[-123.76825346143714,45.66631546337157],[-123.76802503243678,45.6663582939318],[-123.76779660433478,45.66645822989496],[-123.76756817623274,45.66651533715568],[-123.76739685493166,45.66655816756299],[-123.76709704310387,45.66667238245005],[-123.7669399987276,45.66674376561598],[-123.76668301677594,45.6669008102695],[-123.76646886470041,45.66698647108926],[-123.76624043659841,45.66707213115016],[-123.76602628542122,45.66710068573021],[-123.7658549641201,45.66710068573021],[-123.76525533956627,45.667057855110215],[-123.76499835851294,45.667015025085234],[-123.7647556534861,45.666957917706505],[-123.76448439460964,45.66687225747083],[-123.76422741265802,45.666772320363535],[-123.7639847076312,45.66667238245005],[-123.76377055645395,45.666600998565315],[-123.7632994224268,45.66655816819077],[-123.76291394994848,45.66648678478817],[-123.76277118249699,45.66644395432623],[-123.7625570313198,45.666429677498314],[-123.76225721859373,45.66644395495398],[-123.76207162036783,45.666458230522736],[-123.76175753161525,45.66655816819077],[-123.76148627363712,45.66667238307784],[-123.7612435686103,45.66675804361937],[-123.76104369345956,45.66688653418588],[-123.76090092600809,45.666957918334276],[-123.760729604707,45.66704357906664],[-123.76051545263147,45.667114962387],[-123.76031557837906,45.66712923904014],[-123.76014425707797,45.66708640906978],[-123.75994438192726,45.667057855737994],[-123.75974450767484,45.666972195655255],[-123.759501802648,45.66688653418588],[-123.759273374546,45.66680087384098],[-123.75907349939529,45.66672949012009],[-123.75893073194379,45.66667238307784],[-123.75865947306735,45.66664383016264],[-123.75835966034127,45.66657244561371],[-123.75820261686331,45.66657244561371],[-123.75805984941182,45.66658672303301],[-123.75785997426111,45.66661527597732],[-123.75758871538467,45.66670093660625],[-123.75737456330911,45.666743766871555],[-123.75720324290636,45.66680087384098],[-123.75703192160526,45.66684370402981],[-123.7567606627288,45.666957918962055],[-123.75666072605176,45.66700074903074],[-123.75646085090105,45.667072132405714],[-123.75628952959995,45.66718634687187],[-123.75610393137404,45.66727200725463],[-123.75581839557277,45.66737194472537],[-123.75551858464335,45.66748615983529],[-123.75531870949264,45.667528989499786],[-123.75509028139061,45.667557543219026],[-123.75481902251414,45.667557543219026],[-123.7545905944121,45.66758609629592],[-123.75433361246047,45.66760037345667],[-123.75411946128327,45.66760037345667],[-123.75384820330511,45.66761465061379],[-123.75360549737997,45.66761465061379],[-123.75293448910041,45.66764320366156],[-123.75260612342304,45.66761465061379],[-123.75247763289637,45.66760037345667],[-123.75224920479434,45.66757182038707],[-123.75192083911696,45.667500435766044],[-123.75157819651476,45.66744332888253],[-123.75133549058961,45.66740049852471],[-123.75096429503611,45.667300562360495],[-123.7505502687082,45.667214900765835],[-123.75020762610599,45.667129240295694],[-123.74993636812786,45.66702930301943],[-123.74970794002583,45.666957919589834],[-123.74946523410068,45.6668579820077],[-123.7491368684233,45.666772321619106],[-123.74892271724609,45.66668666109938],[-123.74870856517056,45.66664383079038],[-123.74848013706855,45.66660099982088],[-123.74832309269227,45.666572446869225],[-123.74810894151506,45.666572446869225],[-123.74796617406358,45.66660099982088],[-123.74772346813843,45.66662955401343],[-123.74752359298772,45.66662955401343],[-123.74726661193438,45.66662955401343],[-123.74705245985885,45.66667238433335],[-123.74692396933219,45.66670093723402],[-123.74673837110629,45.666758044874925],[-123.7465242208274,45.66678659773186],[-123.74628151490225,45.66680087509654],[-123.74605308680022,45.66681515245752],[-123.74586748947263,45.66682942918713],[-123.74558195367138,45.666857982635435],[-123.7452964178701,45.66687225935412],[-123.74506798976807,45.66687225935412],[-123.74483956166607,45.666857982635435],[-123.74459685663922,45.66682942918713],[-123.74428276788666,45.666743768127105],[-123.7440543388863,45.66670093786176],[-123.74388301758523,45.666658107563684],[-123.74368314243449,45.66664383141816],[-123.74334050073064,45.66664383141816],[-123.74308351877899,45.66664383141816],[-123.74288364362828,45.66661527723284],[-123.74238395754811,45.66657244749701],[-123.74206986879553,45.66654389453085],[-123.7418271637687,45.66648678729925],[-123.74154162796744,45.66647250985447],[-123.74121326229006,45.66647250985447],[-123.7409420043119,45.66650106411261],[-123.74057080786012,45.666558170701855],[-123.74030861028993,45.666558170701855],[-123.74024244218275,45.666558170701855],[-123.74009967473125,45.666558170701855],[-123.73997118420459,45.66651534029455],[-123.73974275430595,45.666358296442894],[-123.73958571082797,45.666215529036904],[-123.73935728272593,45.66607276126675],[-123.7390717469247,45.665915716173465],[-123.73884331882266,45.66578722588967],[-123.73862916674713,45.66568728810087],[-123.73820086349441,45.66550169031175],[-123.73787249781701,45.66527326243303],[-123.7376726235646,45.66520187801968],[-123.7374584714891,45.66515904783023],[-123.73721576646227,45.665101940441424],[-123.73701589220985,45.66500200394037],[-123.73685884783357,45.664873512187135],[-123.73673035730691,45.66477357465044],[-123.73663041973154,45.66465936153933],[-123.7365304821562,45.66445948615084],[-123.73645909753215,45.664345273026676],[-123.7363877138064,45.66414539777236],[-123.73625922327973,45.66390269253715],[-123.73618783865568,45.663717094481626],[-123.73610217890345,45.663488666854605],[-123.73603079517771,45.66331734442405],[-123.73595941055368,45.66316030101799],[-123.73593085760234,45.66298897883817],[-123.73588802772623,45.66274627486764],[-123.73584519695183,45.66258922985967],[-123.73578809015089,45.66247501543124],[-123.73568815257552,45.662403632472326],[-123.73543116972556,45.662332248794534],[-123.73530267919891,45.66230369492128],[-123.73515991174743,45.66226086439797],[-123.73493148364541,45.66220375719183],[-123.73463167091934,45.66214664992745],[-123.73433185909154,45.66210381991183],[-123.73416053868878,45.66203243647959],[-123.73394638661325,45.661961052328564],[-123.7336894046616,45.661875391980594],[-123.73340386975866,45.66180400825711],[-123.73321827153275,45.66168979411026],[-123.73304694933336,45.66153274990577],[-123.7329184588067,45.66137570526077],[-123.73276141443039,45.661190107617514],[-123.73259009312932,45.66106161653269],[-123.73240449490339,45.66091884943098],[-123.73224745052711,45.660818911740954],[-123.73194763869935,45.660661866977165],[-123.73176204047343,45.66056192945624],[-123.73154788839793,45.66046199175693],[-123.73141939787126,45.660362055762754],[-123.73124807746848,45.66024784118573],[-123.73099109461852,45.659948028382175],[-123.7307912194678,45.659776707673814],[-123.73057706829061,45.65953400233499],[-123.73023442568838,45.659305574592544],[-123.73006310528561,45.65917708357789],[-123.72987750705971,45.659048592896205],[-123.72969190883381,45.65893437877915],[-123.7295063106079,45.658820163801316],[-123.72933498930682,45.65873450367072],[-123.72912083812959,45.65863456584895],[-123.72893523990366,45.65853462973238],[-123.72874964167778,45.658463245516735],[-123.72849265972613,45.65840613820428],[-123.72829278547373,45.65832047744035],[-123.72819284789836,45.65822054013532],[-123.72809291032301,45.658063496245774],[-123.72799297274764,45.65789217416634],[-123.72792158992023,45.65773513061156],[-123.72786448222101,45.657578085988504],[-123.72780737542007,45.657392487686394],[-123.72775026772082,45.657221167321175],[-123.7276646070703,45.65699273767786],[-123.7275218396188,45.65675003408508],[-123.72746473191958,45.65659298921076],[-123.7273505183177,45.656393113907036],[-123.72719347394143,45.65606474852373],[-123.72706498251642,45.65577921296194],[-123.7267937245383,45.655336633825414],[-123.72665095618852,45.655108205913024],[-123.72656529643626,45.65489405370266],[-123.7264510819361,45.654622795153635],[-123.72635114436076,45.654465750592664],[-123.72622265293577,45.654308706847075],[-123.72606560855947,45.65422304609408],[-123.72593711803283,45.65412310901126],[-123.72580862750617,45.654023171122184],[-123.72562302928027,45.65389468054426],[-123.72545170708085,45.65380901915799],[-123.72539406847726,45.65380901915799],[-123.7252946636029,45.65380901915799],[-123.72505195857606,45.65389468054426],[-123.72470931507553,45.65400889426628],[-123.72452371774794,45.65403744734647],[-123.72432384259723,45.654080278509184],[-123.72415252129613,45.654080278509184],[-123.72392409319413,45.654108832180846],[-123.72373849586653,45.65412310901126],[-123.7235100677645,45.65422304672201],[-123.72333874556507,45.654308706847075],[-123.72311031746307,45.654465750592664],[-123.7229532739851,45.65455141223019],[-123.72278195178569,45.654665625868674],[-123.72256780060847,45.65476556323919],[-123.72242503315698,45.65479411656149],[-123.72212522043093,45.65480839384508],[-123.72192534617851,45.654836946517584],[-123.72173974885094,45.65486550105928],[-123.72152559677542,45.654894054330576],[-123.72138282842562,45.65492260821522],[-123.72125433789896,45.65500826852607],[-123.72102590979692,45.65515103625681],[-123.7207832047701,45.65539374175674],[-123.72065471424342,45.65549367845579],[-123.7204976689688,45.655579339776764],[-123.72034062459255,45.655679276144554],[-123.72015502636664,45.65572210730737],[-123.71995515301255,45.65577921358979],[-123.71974100093702,45.65583632106979],[-123.71956967963592,45.65587915148459],[-123.71932697460909,45.65592198123878],[-123.71902716188302,45.65593625886266],[-123.71882728763062,45.65596481158806],[-123.71864169030304,45.65597908857313],[-123.71844181515233,45.655993366182514],[-123.71815627935104,45.656036196477196],[-123.71791357432421,45.65610757939167],[-123.71762803852295,45.656121856968284],[-123.71735678054482,45.656121856968284],[-123.71712835244278,45.656121856968284],[-123.71689992434075,45.65610757939167],[-123.71662866546434,45.65607902673912],[-123.71621463823807,45.65606474977949],[-123.71597193410956,45.656007642532444],[-123.71572922908273,45.65595053585506],[-123.7154579711046,45.65595053585506],[-123.71525809595386,45.65595053585506],[-123.7149582832278,45.65595053585506],[-123.71472985512577,45.65593625886266],[-123.71452997997505,45.65590770612276],[-123.71420161429768,45.65585059871556],[-123.71373048116882,45.655779214217695],[-123.71341639241624,45.65570783088464],[-123.71323079419034,45.655650723901516],[-123.71298808916352,45.65557934040463],[-123.71274538413665,45.655565063317596],[-123.71250268000817,45.65553650913266],[-123.7122314202334,45.655522233290476],[-123.71191733148083,45.65550795618888],[-123.7116603504275,45.65547940323059],[-123.71136053770141,45.65545084900193],[-123.71104644894885,45.65540801888745],[-123.71073235929795,45.65539374301251],[-123.7103897175941,45.655379465878205],[-123.7100756279432,45.65536518874022],[-123.70949028121248,45.65533663570909],[-123.70924757618566,45.65530808140763],[-123.70886210280904,45.655293805507256],[-123.70821964837907,45.65530808140763],[-123.70781989897596,45.65527952834743],[-123.70752008714823,45.65522242092753],[-123.70724882917007,45.65516531407731],[-123.70689190874477,45.6551224837444],[-123.70667775756755,45.655093930589565],[-123.70649216023995,45.65503682360832],[-123.7062494543148,45.654993993177136],[-123.70594964248703,45.65493688609397],[-123.70576404426114,45.65486550294297],[-123.70559272296003,45.65480839510086],[-123.70547850845988,45.654751287828425],[-123.70529291023396,45.654694180497714],[-123.70512158983118,45.654608520334364],[-123.70496454455657,45.654551414113946],[-123.70475039427768,45.65445147636127],[-123.70456479605177,45.65435153905816],[-123.70443630552512,45.65422304860572],[-123.70432209102493,45.65415166391694],[-123.7040936620246,45.65405172670668],[-123.703908064697,45.653980343683244],[-123.70373674339594,45.65385185175126],[-123.70357969901966,45.653737638336835],[-123.70337982386894,45.65365197796615],[-123.70319422564302,45.65365197796615],[-123.70299435049232,45.65365197796615],[-123.7028087531647,45.65368053122831],[-123.70252321736345,45.65375191526184],[-123.70235189606235,45.653780468472995],[-123.70218057565957,45.65382329857645],[-123.70193787063273,45.65385185175126],[-123.70168088778277,45.65390895931296],[-123.70143978355377,45.653925741570916],[-123.7013416318292,45.653922767770496],[-123.7012464526299,45.65390789562645],[-123.70118994141201,45.653884100815695],[-123.7011364027194,45.653842460657444],[-123.70110071085652,45.65379487097018],[-123.70105312170604,45.6537353841182],[-123.70101445552126,45.6537026665425],[-123.70096389204885,45.65368184671373],[-123.70091035335624,45.6536491291067],[-123.70085384213834,45.653628309258025],[-123.7007765097688,45.65361046259089],[-123.70069025353521,45.65358369383534],[-123.70062779277521,45.65356882160124],[-123.7005683063371,45.65354800235065],[-123.7005177428647,45.65352718246438],[-123.70045230778275,45.65349446476699],[-123.70041066727607,45.65346769470018],[-123.70038984702275,45.65344390095821],[-123.70034820651605,45.65340820812861],[-123.70029466782344,45.65337549161754],[-123.70024113002914,45.653339798744334],[-123.70018164359104,45.65331303048734],[-123.70004185046146,45.65324164715022],[-123.69997046673573,45.653217852056386],[-123.69992882622905,45.65319405758038],[-123.69988718572236,45.65316431352923],[-123.69986041682522,45.65314646797005],[-123.69980985335282,45.653122672835785],[-123.69975928988042,45.65309293000255],[-123.69971169983161,45.65306318652562],[-123.69962247017445,45.65301262295539],[-123.69956000941443,45.652988829020074],[-123.6994945743325,45.652956111636115],[-123.69943508789437,45.652929342567795],[-123.69936805201459,45.652895309645224],[-123.6991967298152,45.65285247946001],[-123.69903968633724,45.65279537207681],[-123.69883981118653,45.652752541815175],[-123.69863993603579,45.65270971152077],[-123.69856855320837,45.652624051461636],[-123.69846861563303,45.65249555955743],[-123.69845433870822,45.65238134588876],[-123.69834012510637,45.652267131359174],[-123.69812597303081,45.65216719392567],[-123.69796632174359,45.652068528509695],[-123.69761201002586,45.65204962641476],[-123.69749347283255,45.652032180495084],[-123.69728873599952,45.65193072429241],[-123.69703658428914,45.651841422889454],[-123.69664888578556,45.65176203020952],[-123.69651472149957,45.651741334619054],[-123.6963391242177,45.65168070148082],[-123.6960043095349,45.65158341604827],[-123.69560790006804,45.651437361994226],[-123.6953589535466,45.6513584001381],[-123.69507371329107,45.65123755243353],[-123.69456595405144,45.651146599685674],[-123.69411510128846,45.651101733619456],[-123.69354436745245,45.65085527259799],[-123.69318417895613,45.65060782586466],[-123.69293286357731,45.65048604654293],[-123.6927936929802,45.6503040317065],[-123.69264927801852,45.65012815769349],[-123.69247122833595,45.649879272232795],[-123.69230936809143,45.64928814026219],[-123.69230066251801,45.649131152958155],[-123.69220404152267,45.6489813284611],[-123.69206057787686,45.64859932774579],[-123.6917781107206,45.648283054835986],[-123.69137439076394,45.64796140902096],[-123.69124574572702,45.64790370258018],[-123.69117546064088,45.64782781850752],[-123.69102998656548,45.64771332779913],[-123.6909396807266,45.647661421792705],[-123.69085853860192,45.64758192898984],[-123.69072720221243,45.64743373688222],[-123.69064323937776,45.64719789660514],[-123.69048305538958,45.647037155591725],[-123.69037518389364,45.647006328753385],[-123.69023774345179,45.6469498905008],[-123.69012496895101,45.646934648501635],[-123.69002208040995,45.6468730436787],[-123.6899570846042,45.64680335085674],[-123.68977343572246,45.646734416565515],[-123.68943863271775,45.64664120200101],[-123.6892528674052,45.6465986213716],[-123.68885861569163,45.64647120082373],[-123.68871302034363,45.646417995594284],[-123.68855227850165,45.646336618285844],[-123.68807769494379,45.64623044050883],[-123.68785380243563,45.64611266773968],[-123.68767475382647,45.64594602791664],[-123.68741115578274,45.64572451937985],[-123.6872963142585,45.64561330319773],[-123.68698398889885,45.645493171587425],[-123.68673048432566,45.64546988942479],[-123.68666113708068,45.64541592523703],[-123.68636696218132,45.64525637923945],[-123.68623895045671,45.64510161636156],[-123.68603943103885,45.64496637928237],[-123.68550450854165,45.644780691453775],[-123.68515278037869,45.64454008213402],[-123.68487302433796,45.64440108436736],[-123.68467804680216,45.644355194875516],[-123.68397054356586,45.64406491078237],[-123.68314172824033,45.643939766717374],[-123.6830011913057,45.64379110211818],[-123.68275397763445,45.64360619480301],[-123.68259942787972,45.64348553385465],[-123.68242846141317,45.64340065226447],[-123.68224096594538,45.643387885630126],[-123.68207009470026,45.64336871180786],[-123.681894949271,45.643272232777846],[-123.68173255902045,45.64325282717162],[-123.68154834869165,45.64329952647308],[-123.68128915239281,45.64337208371307],[-123.68101450507112,45.643263336684555],[-123.6807313471104,45.643182602296854],[-123.68054889029307,45.643189725462186],[-123.68031249862604,45.6432140171951],[-123.68017034831718,45.64325361409768],[-123.67977971322095,45.6432523216046],[-123.67936338540922,45.64316393271613],[-123.67911937063873,45.64313329152882],[-123.67877046767732,45.64311894846546],[-123.67859425145626,45.64305451014508],[-123.67847533337726,45.64306710163348],[-123.67826781446176,45.64306465794667],[-123.67801896855164,45.64306495186734],[-123.67773004250851,45.643090578857624],[-123.67763907910283,45.64311244578989],[-123.67749137990046,45.64310837549389],[-123.67742545703335,45.64312471319918],[-123.67720208285309,45.64308552380049],[-123.67703979141723,45.64314327665509],[-123.67684816190251,45.6431577886535],[-123.67669230689565,45.64320119148299],[-123.67658967617108,45.64326216540215],[-123.67633233848657,45.64327561787755],[-123.67623222753637,45.64321529964054],[-123.67580304662961,45.6431574978735],[-123.67556111505223,45.64311975172235],[-123.67545254376869,45.64315247485215],[-123.67491286828535,45.643065878219964],[-123.67463731546182,45.642995936355334],[-123.67427605168211,45.643065291634635],[-123.67409578675404,45.643062609294205],[-123.67349867299143,45.64297918348025],[-123.67332029272883,45.64295797907492],[-123.67309857863523,45.642960259476794],[-123.67272818078571,45.643017947144784],[-123.6725237745327,45.64316046596515],[-123.67235032871596,45.64324854398242],[-123.6719391752003,45.64333711298277],[-123.67154301277012,45.643389541122616],[-123.67139888886257,45.64339344936591],[-123.67128802238346,45.643384543871356],[-123.67115233545307,45.643233378224366],[-123.67112362709322,45.643174603650564],[-123.6710443804138,45.64312315127608],[-123.6710055543289,45.6430348733462],[-123.67104139082053,45.64291479210187],[-123.67099244970554,45.64279700984993],[-123.6710022512236,45.64267640682255],[-123.6709968739083,45.642578809943195],[-123.6709216004774,45.64243564903952],[-123.67093154842084,45.64223615781642],[-123.6709736587464,45.64199353472405],[-123.67094598794073,45.64189599820386],[-123.67086059408982,45.641791260921494],[-123.67081836339,45.641640416934266],[-123.67079580040499,45.64138494440829],[-123.67081217399769,45.641273611585355],[-123.6707826005602,45.64121856058622],[-123.67077241905479,45.64111460585329],[-123.67057899829936,45.64083994116858],[-123.67047268178719,45.64075944509231],[-123.67043488517163,45.640688078415195],[-123.67035265159389,45.64058403602522],[-123.67012434117115,45.64029245050762],[-123.669922447506,45.64001801417829],[-123.66976134094799,45.6398675378633],[-123.66956763722327,45.63974176702672],[-123.669489014873,45.63954736618176],[-123.66943958776942,45.63942066381709],[-123.66937271628134,45.63928550032707],[-123.66932771158395,45.63923907654666],[-123.66935962243775,45.63904763661445],[-123.66928460053515,45.63891864941299],[-123.66930348671569,45.638799028524716],[-123.66922941253564,45.63853304018155],[-123.66908702417322,45.63843294697344],[-123.66894425582345,45.638361564143096],[-123.66873010374789,45.63831873352191],[-123.66854450552201,45.63831873352191],[-123.66820186381814,45.63831873352191],[-123.66798771174261,45.63831873352191],[-123.66764507003873,45.638318734150005],[-123.66744519578633,45.638318734150005],[-123.66710255228583,45.638318734150005],[-123.66688840110861,45.63833301123675],[-123.66671707980751,45.63834728706367],[-123.66644582093105,45.63844722465914],[-123.66630305347958,45.63844722465914],[-123.66611745525368,45.63844722465914],[-123.6659461348509,45.638432947601494],[-123.66577481265149,45.638432947601494],[-123.66556066147427,45.638432947601494],[-123.66544644697412,45.638432947601494],[-123.66521801887208,45.63844722465914],[-123.66498959077006,45.638475778135366],[-123.66478971651765,45.6385186092646],[-123.66458984226527,45.63854716207636],[-123.66437568929143,45.63858999252293],[-123.66414726118938,45.63861854592641],[-123.66400449373793,45.63863282293676],[-123.66387600321127,45.63863282293676],[-123.66359046740997,45.63863282293676],[-123.66341914700719,45.63863282293676],[-123.66321927185648,45.63864709994344],[-123.66297656682966,45.63864709994344],[-123.66281952245338,45.63863282293676],[-123.66259109345302,45.63860426954051],[-123.66241977305025,45.63856143973295],[-123.66224845174916,45.63856143973295],[-123.66196291684622,45.63856143973295],[-123.66173448784588,45.63854716270445],[-123.66152033577036,45.63854716270445],[-123.66132046241626,45.63853288567228],[-123.66110631034076,45.63850433222514],[-123.66090643519004,45.638490055182096],[-123.66067800708801,45.638490055182096],[-123.66046385591079,45.638490055182096],[-123.66020687306083,45.63851860989266],[-123.66003555265804,45.63853288567228],[-123.65970718698067,45.63854716270445],[-123.65957869645399,45.63854716270445],[-123.65920750000218,45.63863282356481],[-123.65887913522313,45.63870420793383],[-123.65853649172261,45.63877559095576],[-123.65835089439503,45.63877559095576],[-123.65822240386836,45.63877559095576],[-123.65799397396972,45.63870420793383],[-123.65782265356694,45.638647100571525],[-123.65765133226581,45.63850433285324],[-123.65746573403993,45.638304457687724],[-123.65733724351325,45.638147413222214],[-123.65709453848643,45.63801892265369],[-123.65693749411015,45.63794753929596],[-123.65659485060964,45.637833324855016],[-123.65636642250763,45.63773338679273],[-123.65613799440563,45.6376620036993],[-123.6559523961797,45.637590619258766],[-123.6555812006262,45.637476405974645],[-123.65532421867456,45.63734791512366],[-123.65508151454604,45.63724797807989],[-123.65496729914754,45.637119486077005],[-123.65488163939531,45.636990995663766],[-123.65479597874476,45.63690533480588],[-123.6546674873198,45.636791120753095],[-123.65466458665973,45.63675676208746],[-123.65464079208449,45.63666158315987],[-123.6546050993233,45.6365426100582],[-123.65455751107113,45.636441483194275],[-123.65450397237852,45.63634630498742],[-123.6544385381949,45.63626302368825],[-123.6543552562832,45.63617974226535],[-123.65426602662606,45.63611430668505],[-123.65414705374985,45.63607861537465],[-123.65404592590673,45.63600128318197],[-123.65399238901071,45.635912053113124],[-123.65391505574286,45.63582282353031],[-123.65383177472951,45.635745490356555],[-123.65372469914091,45.63566815833228],[-123.65364141812753,45.63561462061786],[-123.65352839389513,45.635543236081595],[-123.65338562554533,45.635465903778226],[-123.65326665177079,45.635400469248765],[-123.65315957708052,45.63533503401478],[-123.65303465466215,45.63526959870438],[-123.65294542500496,45.63523985518487],[-123.65283240077255,45.63521011227776],[-123.65272532518397,45.635174420391465],[-123.65262419734083,45.63512683117437],[-123.65249332807528,45.6350673445962],[-123.65241004616362,45.63503165324712],[-123.65225538052621,45.63494242289059],[-123.65215425358141,45.63488888511097],[-123.65198345509981,45.634806650620035],[-123.6517835799491,45.63473526631079],[-123.65155515184706,45.63473526631079],[-123.65116967847047,45.63470671344102],[-123.65086986574438,45.63470671344102],[-123.65061288469107,45.63467815930048],[-123.65037017966425,45.634649606401574],[-123.65004181398685,45.634649606401574],[-123.64954212700836,45.63456394573332],[-123.64932797493283,45.634521115978174],[-123.64915665453005,45.63444973130526],[-123.64895677937933,45.63434979411788],[-123.64884256577747,45.634249857380404],[-123.6486855205029,45.6341213660405],[-123.64854275305142,45.63399287503405],[-123.64844281547605,45.63393576789533],[-123.64832860187423,45.6338786619547],[-123.64811444979867,45.63376444738624],[-123.64799426779008,45.633731748296015],[-123.6478800532899,45.633693677327386],[-123.64782294648896,45.633655605704796],[-123.64773252656407,45.63359374004807],[-123.6476801790375,45.633541391938046],[-123.6476183120639,45.633484284339254],[-123.64755168761253,45.63340338259318],[-123.64748030388678,45.63333199900909],[-123.647370848661,45.63322254404533],[-123.64727091108563,45.63313688370836],[-123.64719000881115,45.63304646376331],[-123.64708531285973,45.63295604430057],[-123.64699965220917,45.632894178499754],[-123.64690923318258,45.63284182973629],[-123.64682833090808,45.63280375879129],[-123.64674267025755,45.632784723309086],[-123.64663321503174,45.632760928319115],[-123.64652851908032,45.632760928319115],[-123.64647141227938,45.63273713394716],[-123.6463905100049,45.632689543916655],[-123.6463429208544,45.63264671398537],[-123.64627153712867,45.632618160679606],[-123.64619539412857,45.63259912513436],[-123.6461287687789,45.632570571176245],[-123.64604310902666,45.6325229828888],[-123.64596696602653,45.632484911099034],[-123.64586702845119,45.632451598183266],[-123.64578136780064,45.63243256258145],[-123.64565763565002,45.632413527601344],[-123.64555769897301,45.63240400853847],[-123.6454767966985,45.63239449073031],[-123.64534830617184,45.63236117838892],[-123.64533048000334,45.63235104749346],[-123.64518771255187,45.632293939938],[-123.64505922112689,45.63220827943798],[-123.64494500752504,45.63213689621612],[-123.64480223917523,45.63206551164699],[-123.64465947172378,45.632008404428746],[-123.64453098119712,45.63196557460505],[-123.64441676669695,45.63189419107405],[-123.6443453829712,45.63182280682397],[-123.64427399924547,45.631779976858425],[-123.64410267794437,45.63168003930738],[-123.64401701729382,45.631637208604566],[-123.64395719758073,45.631603289006506],[-123.64391936413425,45.63158139873761],[-123.64388962181347,45.631563552584026],[-123.64384322203243,45.63153380898208],[-123.64381109917618,45.63151953267567],[-123.64379325324475,45.63151715255806],[-123.64377937517192,45.63151802005409],[-123.64377421704556,45.631518343559115],[-123.64375399237527,45.631526671143384],[-123.64370783064776,45.63155760386487],[-123.64368118122653,45.63158615771095],[-123.64365643443708,45.63161280757725],[-123.64363359117772,45.63164707140322],[-123.64361074881668,45.63167181853366],[-123.64358219496707,45.631692757100105],[-123.6435460269971,45.63171369628685],[-123.64351733031535,45.63172287060559],[-123.64324607143887,45.631851361163065],[-123.6430604741113,45.63192274412049],[-123.64286059896058,45.63200840505693],[-123.6427035545843,45.63210834265062],[-123.64250368033188,45.63230821730344],[-123.6423894649334,45.632393877650706],[-123.6422895291547,45.63246526242976],[-123.6421610368314,45.63252236855431],[-123.64194688655249,45.63259375316967],[-123.64173273447696,45.63267941308056],[-123.64158996612719,45.63275079749587],[-123.6414186457244,45.63283645842302],[-123.6412473244233,45.63292211859107],[-123.64101889632127,45.63303633299172],[-123.64086185194499,45.63315054653146],[-123.6407048066704,45.633236207475704],[-123.6405620392189,45.633336144764485],[-123.64041927176746,45.6334360825032],[-123.64043354869224,45.63357884994349],[-123.64047637856837,45.63369306363389],[-123.6405477631924,45.63386438561745],[-123.64060486999334,45.63404998337088],[-123.64066197679428,45.634249858008545],[-123.64074763744483,45.63463533026076],[-123.64077619129444,45.63487803546645],[-123.64080474514405,45.63507791029148],[-123.64081902206887,45.63529206163695],[-123.64076191436965,45.63560615105796],[-123.64076191436965,45.63580602517032],[-123.6406905315422,45.635948792854315],[-123.6406477016661,45.63600589982604],[-123.64056204011723,45.63604873033074],[-123.64034788894004,45.63623432838732],[-123.64017656763892,45.63640565013932],[-123.64001952326264,45.636534140638545],[-123.63984820196153,45.63669118585685],[-123.63969115758526,45.63683395254189],[-123.6395912200099,45.63694816713549],[-123.63941989960713,45.63711948796129],[-123.63927713125733,45.63719087237396],[-123.63912008688105,45.63727653279534],[-123.63893448865512,45.637333639670196],[-123.63879172120367,45.63737647041625],[-123.63856329310164,45.637504960573686],[-123.63822065049946,45.63767628283765],[-123.63804932919837,45.637790496342475],[-123.63779234724672,45.637976094283026],[-123.6375496431182,45.638147415106516],[-123.63733549104265,45.638275906636544],[-123.63706423216622,45.638390120175316],[-123.63680725021457,45.63851861177694],[-123.63652171620996,45.63860427268094],[-123.63623618040866,45.638647102455764],[-123.6358935378065,45.638747040144594],[-123.63555089520429,45.63878987043839],[-123.63523680645172,45.63883270069944],[-123.63499410142488,45.63887553092774],[-123.63472284254844,45.638975468837245],[-123.63445158457029,45.63901829895638],[-123.63413749491941,45.63911823661124],[-123.63386623604295,45.63917534349336],[-123.63359497806482,45.639346664418646],[-123.63339510291411,45.63950370929147],[-123.63326661238744,45.63966075309603],[-123.63306673723673,45.63983207504937],[-123.63286686388264,45.640003395850826],[-123.63260988103268,45.640131886265195],[-123.63239572985546,45.640288931449426],[-123.63216730085514,45.64047452927918],[-123.63193887275311,45.64066012712226],[-123.63179610530165,45.64080289500018],[-123.63168189169977,45.640945662514305],[-123.63155340117311,45.64110270667368],[-123.63142490974815,45.641259751020925],[-123.63131069614627,45.6413882416944],[-123.63129641922148,45.64154528649738],[-123.63126786537184,45.641673777144035],[-123.63121075857092,45.64177371508689],[-123.63113937394687,45.64197358980981],[-123.6310108834202,45.6421306336001],[-123.63088239289353,45.642444723000324],[-123.63073962544208,45.642658874454035],[-123.63058258016746,45.64285874915925],[-123.63042553668949,45.643030070126464],[-123.63025421449007,45.64313000753413],[-123.62998295651195,45.6431728382457],[-123.62972597545861,45.64313000753413],[-123.62949754555997,45.643058624407445],[-123.62931194823237,45.64300151708702],[-123.62895502870538,45.64290157945015],[-123.62868377072722,45.642830196660505],[-123.62842678877558,45.642730258718075],[-123.62802703937247,45.6426160446056],[-123.6275559062436,45.64251610690916],[-123.62699911246419,45.642558937462056],[-123.62669929973814,45.642558937462056],[-123.62635665713594,45.6426160446056],[-123.62591407785672,45.64267315169094],[-123.62564281898025,45.64265887508205],[-123.62530017637808,45.6426445990976],[-123.62510030122736,45.64257321472443],[-123.62490042697495,45.64244472362837],[-123.62472910567386,45.64233050956186],[-123.62451495449663,45.64220201853718],[-123.62430080242112,45.64203069817802],[-123.62405809649597,45.641845099850734],[-123.6238582231419,45.64170233211633],[-123.62371545479209,45.64160239467415],[-123.62345847284044,45.64150245705376],[-123.62320149178714,45.641388242950484],[-123.62301589356122,45.64131685948875],[-123.62271608083513,45.64125975227706],[-123.6222449477063,45.64114553893515],[-123.62198796665294,45.64110270730174],[-123.62171670687819,45.64108843154879],[-123.6214026181256,45.64108843154879],[-123.62091720807194,45.64108843154879],[-123.62056028854495,45.64108843154879],[-123.62017481606664,45.64107415453612],[-123.6199035571902,45.64101704707705],[-123.61948953176058,45.64095994018779],[-123.61907550543263,45.640888556808434],[-123.61888990720674,45.64081717333812],[-123.61873286283046,45.6407315120488],[-123.61853298767974,45.640660128378414],[-123.61831883650251,45.64051736076473],[-123.61813323827661,45.64041742372119],[-123.61784770337367,45.64027465548913],[-123.61761927437334,45.64023182570222],[-123.61721952497021,45.64017471864071],[-123.6169768208417,45.64011761089296],[-123.61664845516431,45.640060504971196],[-123.61637719538956,45.640003397735065],[-123.61613449126102,45.63990346040282],[-123.61593461611031,45.63986062970414],[-123.61560625043293,45.63983207693361],[-123.6153349924548,45.63976069274533],[-123.61512084037928,45.639717862565604],[-123.61483530457801,45.63973213929579],[-123.61452121582545,45.63978924555228],[-123.6142642338738,45.63987490702604],[-123.61406435962138,45.639989120445854],[-123.61387876139548,45.640060504971196],[-123.6137217170192,45.64010333551709],[-123.61340762826663,45.64024610292959],[-123.6131934761911,45.640331763704886],[-123.6130078779652,45.64043170090122],[-123.6128508344872,45.640474531163406],[-123.61253674483633,45.64057446873317],[-123.61239397738487,45.64066012900644],[-123.61225120993339,45.64077434270983],[-123.61215127325636,45.640845727490806],[-123.6118657374551,45.64094566502654],[-123.61172297000361,45.64101704833314],[-123.61148026497679,45.64105987814787],[-123.61122328212683,45.64107415516419],[-123.61103768479921,45.64110270855788],[-123.61085208657333,45.641188369907745],[-123.61065221142262,45.64130258379041],[-123.61053799782077,45.64143107436561],[-123.6104380602454,45.641559565902256],[-123.61030956971874,45.64168805651616],[-123.61009541764321,45.64181654746345],[-123.60992409724042,45.64195931490682],[-123.60972422208971,45.64215919022366],[-123.60958145463822,45.64228768071847],[-123.60948151706287,45.642459001547856],[-123.60941013333712,45.64274453719285],[-123.60932447268658,45.64293013505271],[-123.60925308896087,45.64310145705772],[-123.6091531513855,45.64324422436698],[-123.60905321470845,45.64337271488548],[-123.60892472328347,45.6435440361651],[-123.608781955832,45.64367252788006],[-123.6086391874822,45.64385812580574],[-123.60852497388034,45.64405799937257],[-123.60841075938016,45.64425787473842],[-123.60835365347755,45.64440064224078],[-123.60835365347755,45.64454341000739],[-123.60838220642887,45.64467190068625],[-123.60841075938016,45.64484322238895],[-123.60846786707943,45.64500026629949],[-123.60858208157958,45.64512875781451],[-123.60873912595589,45.6452858015526],[-123.60885334045605,45.64542856957544],[-123.60886761738084,45.64557133723441],[-123.60885334045605,45.645742658070446],[-123.60881050968162,45.64585687271678],[-123.60875340288071,45.64592825604596],[-123.60863918838052,45.64601391755372],[-123.60851069785387,45.64609957767449],[-123.60843931412812,45.64625662183101],[-123.60839648425201,45.646399389263614],[-123.60839648425201,45.646613541300276],[-123.60843931412812,45.64672775479894],[-123.60845359015462,45.646970460379364],[-123.60845359015462,45.6470846750343],[-123.6084250372033,45.647327380324214],[-123.60829654667664,45.64752725407296],[-123.60822516205259,45.64765574544365],[-123.60816805525165,45.647812789633306],[-123.60809667152593,45.64799838765781],[-123.60811094934905,45.6481982621521],[-123.60811094934905,45.64834103028792],[-123.60808239460113,45.64855518118138],[-123.60809667242424,45.648683672706],[-123.60815377922518,45.64876933314],[-123.6083393774511,45.64891210107617],[-123.60856780555311,45.64896920802318],[-123.608753403779,45.649026314283994],[-123.60892472418178,45.64911197607788],[-123.6090960463812,45.649226189506116],[-123.60918170703175,45.64931184973842],[-123.6092959206336,45.649411787243146],[-123.60958145553654,45.64955455479774],[-123.60970994785984,45.64968304591368],[-123.60985271531129,45.649811537362844],[-123.60996692891317,45.649897197955895],[-123.61005258956372,45.65002568828581],[-123.61015252713909,45.65019700931374],[-123.61025246471445,45.650425438419795],[-123.61033812446667,45.6506395895073],[-123.61039523216591,45.651010785046694],[-123.61043806294035,45.65129632043169],[-123.61046661589164,45.65153902568308],[-123.6104237851172,45.65178173113861],[-123.61039523216591,45.65196732919865],[-123.61039523216591,45.65213864993891],[-123.61039523216591,45.6523099707831],[-123.6103238493385,45.65245273848548],[-123.61022391176313,45.65253839880663],[-123.61012397418776,45.652666890612544],[-123.6100097596876,45.652809658033014],[-123.60988126916094,45.65293814921654],[-123.60976705466078,45.65302380942319],[-123.60966711798372,45.65319513007132],[-123.60953862655873,45.65330934459213],[-123.60945296590822,45.653452112258634],[-123.6094101360321,45.65355204991093],[-123.6094101360321,45.6537233708269],[-123.60942441295688,45.65396607623514],[-123.60935302833285,45.6541373971404],[-123.60925309075748,45.654322994928854],[-123.60913887715563,45.65445148640778],[-123.6090389404786,45.65462280771179],[-123.60898183277935,45.654765575169385],[-123.60892472597841,45.654979725987324],[-123.60892472597841,45.65516532412369],[-123.60892472597841,45.655350922272845],[-123.60883906532789,45.65553651980688],[-123.60873912775251,45.65567928744665],[-123.60872485172602,45.655864885776055],[-123.60881051237656,45.65603620777922],[-123.60899611060246,45.656250358761234],[-123.60916743100525,45.656535893804346],[-123.60929592153191,45.6567214918062],[-123.60948151975781,45.65694992004452],[-123.60962428720929,45.657135517929845],[-123.6097956094087,45.657406777492874],[-123.60986699313443,45.657735143169006],[-123.60986699313443,45.657935016821824],[-123.60983844018314,45.658120614581414],[-123.60978133248388,45.65829193658983],[-123.60968139490853,45.658520364700344],[-123.60961001208109,45.65869168548568],[-123.60958145733316,45.65889156074695],[-123.60956718130669,45.659105711482695],[-123.60953862745706,45.65921992650594],[-123.60943868988171,45.659376970919226],[-123.60939586000559,45.65951973881329],[-123.60939586000559,45.659691059680064],[-123.60945296770483,45.659848103399746],[-123.60955290528018,45.660033702352365],[-123.60963856503243,45.66017646919975],[-123.60979561030702,45.66033351406932],[-123.60992410083368,45.66051911204076],[-123.61003831533385,45.660747539855095],[-123.61015252893571,45.66093313770974],[-123.61025246651106,45.66119012017414],[-123.61030957421032,45.661347164711906],[-123.61036668101123,45.661532763090165],[-123.61036668101123,45.661761191163706],[-123.61030957421032,45.66188968189864],[-123.61009542213478,45.66207527973413],[-123.60993837865682,45.6621466631117],[-123.60966711978035,45.662303707477655],[-123.60942441475352,45.66246075265876],[-123.60923881652761,45.66257496586063],[-123.6090389413769,45.662746288051736],[-123.60888189700061,45.66287477903716],[-123.60876768339877,45.66303182324413],[-123.60851070144712,45.663331635229696],[-123.60835365707084,45.66354578718965],[-123.60821088961936,45.66373138518522],[-123.60812522807049,45.66394553624386],[-123.60801101446864,45.66410258121398],[-123.60781114021624,45.6642025186929],[-123.60758271211421,45.66433100884729],[-123.6073828369635,45.664530884066735],[-123.60714013193667,45.66465937472302],[-123.60681176625928,45.66487352599854],[-123.60655478430765,45.66508767833819],[-123.6062406964534,45.66535893641571],[-123.6059266068025,45.66554453467807],[-123.60568390087738,45.66577296270544],[-123.60565534792606,45.66594428327124],[-123.60566962574916,45.66612988147628],[-123.60568390177566,45.66622981910273],[-123.60576956332453,45.66642969382042],[-123.60584094615194,45.66660101488737],[-123.60591233077602,45.66677233668556],[-123.60601226745305,45.66705787205993],[-123.60604082130266,45.66721491583222],[-123.60604082130266,45.6674861749016],[-123.60604082130266,45.6676717730165],[-123.60598371450175,45.66787164697984],[-123.60594088372731,45.668128629610884],[-123.60595516155043,45.668299949872456],[-123.60599799142656,45.66849982535924],[-123.60599799142656,45.668685423251894],[-123.60599799142656,45.668842468107734],[-123.60596943757693,45.668999511895244],[-123.60592660770081,45.669227939634304],[-123.6059123316743,45.669313601287044],[-123.60581239409896,45.66951347503741],[-123.60574100947493,45.66971334995725],[-123.60562679587305,45.669870395067704],[-123.60548402842156,45.67007026934073],[-123.60541264379752,45.67018448333896],[-123.60525560031955,45.67032725129366],[-123.60508427812015,45.670427188959096],[-123.60489867989425,45.67056995692245],[-123.60472735949146,45.67065561714901],[-123.60451320741593,45.670727000257116],[-123.60431333316353,45.670769830580475],[-123.60407062813671,45.670841214798386],[-123.60389930773393,45.67094115280158],[-123.60367087783528,45.67102681308778],[-123.60351383435729,45.6710696431817],[-123.60337106690584,45.67108392008166],[-123.60317119175512,45.67108392008166],[-123.6029855935292,45.671098196350194],[-123.60275716542716,45.67112675075956],[-123.60251446040034,45.671169580777025],[-123.60228603229832,45.671255241341335],[-123.60195766662092,45.67139800907564],[-123.6017149615941,45.67156933000161],[-123.60144370271766,45.671769205112454],[-123.60120103003017,45.67197375282214],[-123.60105823023935,45.672111847933785],[-123.60068703468585,45.672411658995486],[-123.60048715953513,45.67251159670531],[-123.60028728528273,45.67265436437333],[-123.60013024090645,45.67276857937536],[-123.59993036575574,45.672982730385165],[-123.59978759740595,45.67313977510994],[-123.59967338470241,45.67328254243086],[-123.59954489237911,45.6733967561509],[-123.59949537454571,45.673407760280924],[-123.59947673989346,45.673411902443064],[-123.59941640185245,45.67342531064298],[-123.59930218825058,45.6733967561509],[-123.59923080362653,45.6733110957258],[-123.59911659002468,45.67319688245861],[-123.5989595456484,45.67312549810671],[-123.59885960807304,45.67305411491917],[-123.59867400984712,45.67299700742477],[-123.59850268944436,45.67293989987215],[-123.5984170287938,45.67288279288892],[-123.59807438619161,45.672782856469645],[-123.59783168116478,45.67269719510487],[-123.59761752998757,45.672640088501694],[-123.59743193176168,45.6726115348644],[-123.59703218146025,45.672468767087175],[-123.59683230630951,45.67238310649709],[-123.59650394063213,45.67226889321917],[-123.59628978945491,45.67224033876482],[-123.59591859390143,45.672226061532136],[-123.5956758888746,45.672168955703675],[-123.5955045675735,45.672168955703675],[-123.59501915751981,45.672168955703675],[-123.59469079184247,45.672168955703675],[-123.5944052560412,45.672168955703675],[-123.5940483374125,45.67221178617897],[-123.59370569481032,45.672240339392495],[-123.59317745398221,45.67228316918549],[-123.59293474895539,45.67226889321917],[-123.59272059777817,45.67222606215986],[-123.59244933890173,45.67219750893904],[-123.5922066338749,45.672168955703675],[-123.59204958949859,45.67212612582327],[-123.59190682114881,45.6721118485615],[-123.59170694779473,45.67204046408102],[-123.59154990252011,45.67198335806319],[-123.59133575134292,45.67191197341887],[-123.59119298389143,45.671869143341816],[-123.5909788318159,45.67181203652145],[-123.5907504037139,45.671797760434956],[-123.59042203803652,45.67182631323198],[-123.59015077916006,45.67191197404655],[-123.58996518183247,45.67198335806319],[-123.58973675373043,45.672069018637394],[-123.58942266407956,45.672197509566764],[-123.58906574545087,45.67234027740829],[-123.58876593272478,45.672425937436216],[-123.58858033449889,45.67248304488562],[-123.58833763037038,45.67248304488562],[-123.58812347829485,45.67248304488562],[-123.58792360314413,45.67248304488562],[-123.58776655966616,45.67248304488562],[-123.58755240759064,45.67251159796075],[-123.58736680936474,45.67251159796075],[-123.58726687178938,45.672540152276696],[-123.58706699753695,45.672611535492116],[-123.58678146263401,45.67262581262642],[-123.58656731055851,45.67265436562871],[-123.58635315938126,45.67266864275214],[-123.58619611410667,45.67266864275214],[-123.58598196382776,45.67271147347274],[-123.5856678750752,45.672782857725025],[-123.58539661530043,45.672839964182515],[-123.585096804371,45.672925624701065],[-123.58492548217158,45.67293990175524],[-123.58475416087049,45.67298273164059],[-123.58454000969327,45.67302556212083],[-123.58428302774165,45.6730541161746],[-123.58404032271481,45.67312549936213],[-123.5838404484624,45.67313977636531],[-123.58362629638687,45.6731683297331],[-123.58342642123615,45.6731683297331],[-123.58321227005894,45.673182606725405],[-123.58306950260746,45.673182606725405],[-123.58295528810731,45.67311122361067],[-123.5827554138549,45.672997009307906],[-123.58259836947862,45.6728542412586],[-123.582441324204,45.67275430416058],[-123.58227000380124,45.67261153611983],[-123.58212723545144,45.672383107752474],[-123.58201302095127,45.67216895695906],[-123.58197019107516,45.67198335931858],[-123.58192736030072,45.67179776106268],[-123.58182742272538,45.67164071633841],[-123.5816561023226,45.67151222601387],[-123.58144195114538,45.67145511820159],[-123.58124207599467,45.67125524322447],[-123.581113585468,45.67108392259253],[-123.58107075469354,45.67082694034746],[-123.5809850931447,45.67056995880562],[-123.58084232569321,45.670355806724054],[-123.58077094196749,45.67017020934824],[-123.58067100439212,45.67004171878651],[-123.58049968398933,45.669927503869204],[-123.58034263871474,45.66981329060207],[-123.58015704138717,45.66972762971411],[-123.57995716623643,45.66962769268279],[-123.57971446210794,45.66949920213108],[-123.57951458695723,45.66942781745703],[-123.57934326475778,45.66937071002889],[-123.57911483665578,45.66932787989039],[-123.57892923842988,45.6692564968811],[-123.57875791802711,45.66915655900853],[-123.57862942750043,45.66902806863079],[-123.57847238222581,45.668928130978124],[-123.57832961477435,45.66882819377482],[-123.57821540117249,45.66871397889221],[-123.57810118667231,45.66864259572776],[-123.5779155884464,45.66858548875401],[-123.57774426714533,45.66851410542565],[-123.57760149969384,45.668428443804885],[-123.57748728519368,45.668328506964905],[-123.5773159638926,45.66822856994649],[-123.57714464259148,45.66818573956175],[-123.57671633933876,45.668257122681105],[-123.57637369763488,45.66834278330853],[-123.57605960888229,45.668428443804885],[-123.575674136404,45.66851410542565],[-123.57541715355404,45.66857121184452],[-123.57518872545201,45.66857121184452],[-123.57497457427482,45.66855693555914],[-123.57480325207537,45.66851410542565],[-123.57453199409724,45.668471275259435],[-123.57428928907042,45.66851410542565],[-123.57401803019398,45.668542658642366],[-123.57374677221586,45.66861404193426],[-123.57347551333939,45.66864259635552],[-123.57317570151162,45.6686568732468],[-123.5728045050598,45.6686568732468],[-123.57236192488227,45.668671149506686],[-123.57216205152817,45.66864259635552],[-123.57196217637745,45.66864259635552],[-123.57174802430194,45.66864259635552],[-123.57121978437215,45.668685426390645],[-123.57080575804422,45.66874253389023],[-123.57052022314127,45.668842471874235],[-123.57023468734,45.66899951566169],[-123.57000625923797,45.66911372996166],[-123.56980638408726,45.66928505097457],[-123.5695494021356,45.669413541390135],[-123.56924959030785,45.66957058608629],[-123.56900688528101,45.66968480110417],[-123.56887839475435,45.66968480110417],[-123.56863568972753,45.66964197057826],[-123.56843581457682,45.66957058608629],[-123.56819310865167,45.66945637271859],[-123.56792185067351,45.66938498861767],[-123.5676648696202,45.66928505097457],[-123.56736505689413,45.669199390533635],[-123.5671223518673,45.669128007360484],[-123.56685109299086,45.669042346051505],[-123.5665798350127,45.668970962678024],[-123.56636568293717,45.66895668523914],[-123.5660658711094,45.6689566858669],[-123.5658517190339,45.66899951566169],[-123.56556618323262,45.6690851764085],[-123.56543769270596,45.6690851764085],[-123.56518071165264,45.669070900254226],[-123.5649380066258,45.66911373058937],[-123.56462391697491,45.66915656089179],[-123.56439548887288,45.669213667910654],[-123.5641527847444,45.669285051602316],[-123.5638672489431,45.66938498924542],[-123.56369592674372,45.66937071191215],[-123.56345322171688,45.66931360568121],[-123.56321051758835,45.669256498136555],[-123.56291070486226,45.669227944028535],[-123.56262516995932,45.669227944028535],[-123.56231108120673,45.669213668538404],[-123.56213975900735,45.669185114408485],[-123.56192560783013,45.66917083827968],[-123.56159724215276,45.66924222139822],[-123.56134026109942,45.66924222139822],[-123.56116893890001,45.66924222139822],[-123.56095478772279,45.66915656089179],[-123.5607834664217,45.66909945381465],[-123.5605407622932,45.669028070514],[-123.56035516406729,45.66897096330578],[-123.56014101199176,45.6688710255512],[-123.55995541376583,45.66877108824589],[-123.55972698566383,45.66867115076216],[-123.55951283448661,45.66854265989789],[-123.55941289691127,45.668428445688164],[-123.55929868241108,45.66831423187315],[-123.55911308418519,45.66820001719732],[-123.55887037915834,45.668085804171746],[-123.55864195105632,45.66798586671997],[-123.55844207590562,45.667900206174096],[-123.55825647767972,45.66784309907066],[-123.55805660432561,45.667743161185605],[-123.5578567291749,45.66762894785557],[-123.55767113094898,45.667529010215944],[-123.55744270284697,45.66744334897093],[-123.55702867651904,45.667272027970874],[-123.55672886379297,45.66722919810976],[-123.55655754339018,45.66717209032175],[-123.55638622119076,45.667129260384165],[-123.5562434537393,45.667086430413825],[-123.55612924013747,45.667015047057085],[-123.55601502563727,45.6669008322414],[-123.55591508806191,45.666772341707706],[-123.55577231971212,45.66655818953502],[-123.5557009368847,45.666429698842606],[-123.55560099930935,45.666229824124926],[-123.55548678480918,45.66598711976548],[-123.55540112415864,45.66580152108712],[-123.55524407978236,45.665601646637626],[-123.55510131233086,45.665444602106064],[-123.55492999013146,45.66528755713393],[-123.55470156202944,45.66515906666387],[-123.55454451855145,45.665073406186664],[-123.55431608955112,45.66491636142875],[-123.55417332120133,45.66480214798114],[-123.55394489309931,45.664702210317095],[-123.55377357269653,45.664630826431164],[-123.55360225139546,45.66455944308202],[-123.55338809931993,45.6644737823151],[-123.553202501094,45.66437384469262],[-123.55304545671773,45.66427390751959],[-123.55283130554052,45.66421680048345],[-123.55264570731462,45.66414541660633],[-123.55236017241168,45.66413113981999],[-123.55217457418576,45.664116863030024],[-123.55184620850838,45.664116863030024],[-123.55163205733116,45.664116863030024],[-123.55133224460508,45.66413113981999],[-123.55108953957826,45.66413113981999],[-123.55093249610029,45.664159694016824],[-123.55070406709994,45.66417397016811],[-123.55048991592273,45.66425963076598],[-123.55030431769683,45.664316737758426],[-123.55006161267,45.664402398137895],[-123.54981890764314,45.664488059641855],[-123.54951909581541,45.66455944308202],[-123.54929066771338,45.66458799643258],[-123.54901940793862,45.66465938100093],[-123.54866248930992,45.66483070183577],[-123.54839123133179,45.66494491648067],[-123.54819135618108,45.665002023401854],[-123.54802003487998,45.66503057652668],[-123.54784871357887,45.665173344443645],[-123.54770594612742,45.66535894269358],[-123.54754890175111,45.6656873081899],[-123.5475203479015,45.66590145929979],[-123.54754890175111,45.666072781355645],[-123.54763456240167,45.666244101631605],[-123.54762028547684,45.66640114643136],[-123.54744896507408,45.666658128280154],[-123.54724908992335,45.66681517254616],[-123.54703493874617,45.66702932373571],[-123.54689217129467,45.667143538289224],[-123.54670657306876,45.66730058307669],[-123.54646386804193,45.66745762679582],[-123.54622116301509,45.667571841730926],[-123.54597845708996,45.66764322500539],[-123.54573575206312,45.66770033231275],[-123.54550732396109,45.66774316244115],[-123.54506474468187,45.66802869788542],[-123.54497908403131,45.66815718867402],[-123.54477920977892,45.668271403437195],[-123.54452222692895,45.66848555470537],[-123.54429379882694,45.668656876385505],[-123.5440939236762,45.66884247438521],[-123.54392260327344,45.669099455697875],[-123.54380838967158,45.669285053485524],[-123.5436513452953,45.669413543901086],[-123.54363706747216,45.66959914190277],[-123.54367989824662,45.669727633480505],[-123.54375128287067,45.66992750763562],[-123.54382266569807,45.669984615123404],[-123.544008263924,45.670127382960175],[-123.54415103137546,45.670213043236345],[-123.54429379972525,45.67037008820019],[-123.54440801422543,45.670584238971635],[-123.5445079518008,45.670855498033816],[-123.54459361245132,45.671012541822805],[-123.54469355002668,45.67119814017174],[-123.54477920977892,45.67128380132007],[-123.54495053107999,45.671540782722886],[-123.54499336095613,45.67179776482893],[-123.54499336095613,45.67189770175184],[-123.54506474558018,45.672126130844944],[-123.54507902160665,45.672311728639684],[-123.54506474558018,45.67249732644662],[-123.54507902160665,45.67276858502469],[-123.54502191570407,45.67315405775878],[-123.54499336185445,45.673425316292246],[-123.54500763877924,45.673710851623795],[-123.5450647464785,45.673896449184724],[-123.54515040623073,45.674181984623296],[-123.54523606688127,45.67436758250481],[-123.54532172753183,45.674524626481904],[-123.54537883523108,45.67472450170899],[-123.54536455740795,45.67493865339421],[-123.54519323700517,45.67506714401201],[-123.5450647464785,45.67512425190464],[-123.54487914825258,45.67529557272225],[-123.54473638080111,45.67538123262055],[-123.54460789027445,45.67555255390676],[-123.54446512282297,45.675709598324524],[-123.54425097074746,45.6758666435569],[-123.54403681957022,45.675980857024484],[-123.54390832724692,45.67613790149561],[-123.54383694441951,45.67642343742326],[-123.54372272991934,45.67665186561844],[-123.54356568644138,45.67695167809254],[-123.54343719411808,45.6771658287866],[-123.54333725833936,45.6774513644903],[-123.54332298141455,45.677679792255255],[-123.54332298141455,45.67785111340849],[-123.54332298141455,45.678008158279646],[-123.54319449088788,45.678208032989765],[-123.54310882933902,45.67826514081532],[-123.54288040123701,45.678365076859194],[-123.54278046366164,45.6784507383352],[-123.5425092047852,45.678622059638556],[-123.54228077668316,45.67880765722987],[-123.54210945628039,45.67896470192691],[-123.54198096575374,45.67915030026456],[-123.54186675125355,45.67935017403302],[-123.54172398290378,45.679607156053876],[-123.54160976840359,45.679892691852245],[-123.54155266250099,45.68016395035831],[-123.5414384480008,45.680535145993495],[-123.54135278735028,45.68080640452294],[-123.54133851042546,45.68097772614491],[-123.54126712759802,45.68123470759425],[-123.54109580539863,45.68152024324564],[-123.54099586872158,45.68159162755844],[-123.54086737729659,45.68167728786036],[-123.54073888676996,45.68174867134518],[-123.54058184149534,45.68179150139234],[-123.54042479801737,45.68189143866912],[-123.54018209299055,45.68201992963952],[-123.53993938796371,45.68217697410686],[-123.53958246933502,45.6823625724582],[-123.53936831725949,45.68246250997011],[-123.53911133530784,45.682576724409486],[-123.53884007732971,45.682690937988035],[-123.53855454152844,45.68273376856906],[-123.53835466637771,45.68273376856906],[-123.53806913147478,45.682719492130744],[-123.53784070337275,45.682719492130744],[-123.5375979974476,45.68273376856906],[-123.53735529242078,45.682762322689904],[-123.53709831136744,45.68280515258862],[-123.5368413294158,45.68287653651717],[-123.53649868771191,45.68297647373858],[-123.53635591936212,45.68299075073887],[-123.53621315191066,45.683019304100945],[-123.53595616995901,45.68311924169488],[-123.53574201878179,45.68320490216829],[-123.53555642055589,45.683233456048676],[-123.53531371552904,45.683304839430726],[-123.53512811730315,45.683319116347214],[-123.53495679510377,45.683319116347214],[-123.53478547470098,45.68334766954172],[-123.53455704659895,45.68340477714219],[-123.53437144837305,45.68347616030564],[-123.5341001903949,45.683576097711054],[-123.53384320754493,45.68363320507835],[-123.53358622649161,45.683661758740136],[-123.53335779838959,45.68370458983306],[-123.53311509336277,45.683747420265604],[-123.53294377116335,45.683747420265604],[-123.53267251318522,45.683747420265604],[-123.53247263803449,45.68379025003777],[-123.53187301348066,45.6838188036194],[-123.53176060639085,45.68378814702056],[-123.53171597000271,45.6837759732415],[-123.53165886320174,45.68370458983306],[-123.53160175550252,45.68364748253863],[-123.53150181792716,45.68356182211529],[-123.53141615727662,45.683504714675124],[-123.53131621970128,45.68344760780426],[-123.53117345224977,45.68339050024756],[-123.53091647119646,45.68327628684196],[-123.53081653362109,45.68319062647785],[-123.53068804129782,45.683119242322476],[-123.53057382769595,45.6830335817179],[-123.53040250729316,45.68294792098218],[-123.53020263214245,45.68286226074289],[-123.53004558776617,45.68279087679613],[-123.52985998954026,45.68273376919661],[-123.52963156143825,45.6827052163164],[-123.52944596321232,45.6826338315417],[-123.52914615048624,45.68247678772916],[-123.52907476765883,45.68244823409018],[-123.52888916943294,45.68233402064376],[-123.52871784813183,45.68223408290234],[-123.52861791055648,45.682162698781674],[-123.5283180987287,45.68197710039483],[-123.52800400997614,45.681762949286416],[-123.52784696470155,45.68167728911559],[-123.52768992032524,45.68154879861346],[-123.52723306412123,45.68129181609636],[-123.52707601974492,45.681191879003705],[-123.52690469844383,45.681091941104924],[-123.52670482329312,45.681049111149854],[-123.52636218158923,45.68092062046031],[-123.52617658336334,45.680849235919005],[-123.52604809193835,45.68074929991869],[-123.52589104756207,45.68063508488678],[-123.52569117241137,45.68052087087703],[-123.52550557508376,45.68033527269228],[-123.52533425378266,45.68024961221847],[-123.52520576235769,45.680149674519505],[-123.52502016413179,45.67996407698633],[-123.52483456590586,45.679849863489636],[-123.52473462833052,45.679764202900316],[-123.52459186177735,45.679678541552256],[-123.52432060290091,45.6796642655896],[-123.52403506709963,45.67962143516923],[-123.5237638091215,45.67962143516923],[-123.52362104077173,45.67962143516923],[-123.52343544344413,45.67964998836803],[-123.52319273751898,45.67970709597713],[-123.52297858634176,45.67979275602626],[-123.52273588131493,45.67983558631543],[-123.52252173013771,45.679849863489636],[-123.52239323871274,45.679849863489636],[-123.52223619523477,45.67986413940494],[-123.5219649363583,45.679921246795466],[-123.52172223133148,45.67997835412771],[-123.52153663310555,45.68004973852487],[-123.52139386565409,45.680106845098344],[-123.52119399050339,45.68016395224115],[-123.52097983932617,45.680249612846104],[-123.5206943044232,45.68027816697954],[-123.52043732157325,45.68027816697954],[-123.52005184909494,45.68026388991467],[-123.51983769791774,45.68026388991467],[-123.51945222454113,45.68027816697954],[-123.51916668963818,45.680249612846104],[-123.51890970768653,45.680106845098344],[-123.51870983343413,45.679935524575455],[-123.51852423520822,45.67980703383898],[-123.5183243600575,45.67973564913222],[-123.51806737900417,45.67967854217984],[-123.51785322692864,45.67960715856438],[-123.51765335267625,45.67949294433915],[-123.51751058522476,45.679393007799135],[-123.51733926302535,45.67932162319173],[-123.5171822186491,45.67923596304898],[-123.51701089734797,45.679178855586656],[-123.5168110230956,45.679078918485686],[-123.51668253167061,45.67899325797132],[-123.5165254872943,45.67892187473686],[-123.51632561304194,45.67886476758157],[-123.51614001481602,45.678821937176906],[-123.5158973097892,45.6787933829279],[-123.51562605091273,45.678779106739405],[-123.51535479293457,45.678736276896764],[-123.51519774765998,45.67869344576609],[-123.51495504263315,45.6786220621491],[-123.51472661453111,45.67852212468131],[-123.51446963168117,45.67845074147341],[-123.51435541807933,45.678422187034975],[-123.51401277547713,45.678393634464925],[-123.51381290032641,45.67837935691914],[-123.51355591927309,45.6783650799974],[-123.51337032104716,45.67835080432722],[-123.51312761602034,45.67832224983784],[-123.51295629561756,45.678279419645506],[-123.51279925034297,45.67816520647587],[-123.51259937519225,45.67803671481222],[-123.51241377786467,45.6779510539577],[-123.5121425189882,45.67783684074543],[-123.5119140908862,45.67773690313051],[-123.51172849266027,45.67767979602115],[-123.51157144828397,45.67765124244462],[-123.51132874325714,45.67765124244462],[-123.51111459207995,45.67765124307223],[-123.5108718861548,45.67767979602115],[-123.51060062817665,45.677722626044805],[-123.51040075302595,45.67776545666334],[-123.51018660184873,45.67782256368526],[-123.5099581737467,45.67780828662142],[-123.50972974564468,45.677779733738106],[-123.50955842344527,45.67776545666334],[-123.50928716546711,45.67775118021257],[-123.50888741606403,45.677722626044805],[-123.50861615718756,45.67772262667246],[-123.50834489831112,45.677794010809194],[-123.50803081045686,45.677893948322165],[-123.50774527465559,45.67793677880955],[-123.5073883560269,45.67800816204548],[-123.5070314364999,45.67805099244545],[-123.50678873057475,45.67803671481222],[-123.50647464182217,45.67799388502899],[-123.50631759744589,45.67795105458531],[-123.50606061639256,45.67787967127653],[-123.50581791046741,45.677822564312876],[-123.50563231313981,45.677779733738106],[-123.50540388503781,45.67772262667246],[-123.50521828681191,45.67767979664876],[-123.50497558178508,45.67762268948112],[-123.50473287585993,45.67760841299394],[-123.50456155545716,45.67759413587545],[-123.50437595723123,45.67756558288286],[-123.50406186847864,45.67755130575345],[-123.50371922587648,45.67755130575345],[-123.50343369097354,45.67755130575345],[-123.503219538898,45.677551306381105],[-123.50306249452171,45.67747992193471],[-123.50289117411894,45.67737998430995],[-123.50276268179564,45.677280047762025],[-123.50259136139286,45.677151555948775],[-123.50244859304308,45.677037342359974],[-123.5022772726403,45.67692312791041],[-123.50212022736571,45.676808914483026],[-123.50172047796256,45.676509101871694],[-123.50152060371018,45.676323504188254],[-123.50132072855946,45.67613790651692],[-123.50109230045743,45.675795263238086],[-123.50093525518282,45.67562394269489],[-123.5008638723554,45.675495452100215],[-123.50050695193008,45.6753384070815],[-123.5003213546025,45.675281300035046],[-123.50009292650047,45.67519563935613],[-123.49987877532325,45.6751242562984],[-123.49962179247329,45.675038594751406],[-123.49917921319407,45.67489582688881],[-123.49895078509203,45.67481016687518],[-123.49866524929077,45.67476733650539],[-123.49845109721527,45.67472450673047],[-123.49792285728549,45.67462456920615],[-123.49755166083365,45.67458173869427],[-123.49720901912977,45.674567462058945],[-123.49695203717812,45.67458173869427],[-123.49663794842556,45.67461029320939],[-123.49623819812415,45.67468167629508],[-123.49600977002213,45.67475306054505],[-123.49580989576971,45.67481016687518],[-123.49563857446863,45.67486727440241],[-123.4952388250655,45.67493865904332],[-123.49492473541463,45.674981489282025],[-123.49462492448518,45.67499576518409],[-123.49441077240965,45.674981489282025],[-123.49411096058188,45.67495293495631],[-123.49395391530729,45.67492438187135],[-123.49375404105488,45.67486727440241],[-123.49342567537748,45.67483872127379],[-123.49288315852291,45.67481016750287],[-123.49259762272166,45.67476733713304],[-123.49229781089389,45.67476733713304],[-123.49196944521651,45.67476733713304],[-123.49174101621617,45.67473878395342],[-123.49145548131321,45.674695954156654],[-123.4910842848614,45.67459601658135],[-123.49072736623273,45.67453890940501],[-123.49054176800684,45.67452463213105],[-123.49028478605516,45.674510356108804],[-123.49017057245334,45.67449607945525],[-123.48995642037778,45.67445324884505],[-123.48981365382464,45.674353311464],[-123.48951384109856,45.67418199090018],[-123.48918547542118,45.67405349887773],[-123.48895704731915,45.673982115618465],[-123.48875717216843,45.6739392852426],[-123.4885287440664,45.67389645546164],[-123.4883003159644,45.67383934819913],[-123.48820037838902,45.67383934819913],[-123.48792911951257,45.67382507074671],[-123.48772924436187,45.6738107951737],[-123.48745798638375,45.67375368782373],[-123.48730094200744,45.67369658041552],[-123.4870725130071,45.673639472949056],[-123.48678697810416,45.6734824296265],[-123.48657282692695,45.67332538460789],[-123.48648716537808,45.6732682773903],[-123.48627301420086,45.67313978703618],[-123.48610169289977,45.673054126217764],[-123.48597320147479,45.67295418884901],[-123.48584471094811,45.67282569840148],[-123.48574477337277,45.672697206403534],[-123.48563055977091,45.672554438844806],[-123.48551634527074,45.67246877838584],[-123.48537357781926,45.67239739498839],[-123.48510231894281,45.672211797477736],[-123.48501665829227,45.67215468975156],[-123.48485961391599,45.67202619935164],[-123.48468829261489,45.67192626203046],[-123.48447414053938,45.671840601237754],[-123.48421715948605,45.671726386852725],[-123.48408866895939,45.67165500376379],[-123.48394590060958,45.671583619328395],[-123.48377457930849,45.67154078900006],[-123.48357470505609,45.671483681844656],[-123.48327489233,45.671455128872786],[-123.48306074115281,45.671398021629976],[-123.4828608660021,45.671355191159655],[-123.48258960802396,45.6712552538957],[-123.48241828582454,45.67119814644896],[-123.48228476383397,45.67119814644896],[-123.48227551837304,45.67119814644896],[-123.48214702784638,45.67121242331613],[-123.48186149204516,45.67121242331613],[-123.48161878701829,45.67121242331613],[-123.48140463584107,45.67121242394381],[-123.48119048376557,45.6712552538957],[-123.48094777963703,45.67131236128424],[-123.48081928821207,45.671340914328894],[-123.48060513703484,45.67141229844616],[-123.48037670893282,45.67146940630214],[-123.480134003906,45.671540789627784],[-123.47991985272878,45.67164072700956],[-123.47971997757804,45.67174066421288],[-123.47947727255122,45.67182632515854],[-123.47916318379866,45.67189770802897],[-123.47894903172312,45.67189770802897],[-123.47854928232002,45.6718977086567],[-123.47813525689041,45.671883432592054],[-123.4779353817397,45.67186915526837],[-123.47766412286323,45.671840602493155],[-123.4774214178364,45.67176921766676],[-123.47722154268568,45.67169783463245],[-123.47695028470753,45.67159789672492],[-123.47672185660552,45.671540789627784],[-123.47655053440612,45.67146940630214],[-123.47635066015371,45.67142657525866],[-123.47620789270222,45.67142657525866],[-123.47600801755152,45.67146940630214],[-123.47585097227692,45.67151223668505],[-123.47566537494932,45.671583619956124],[-123.47547977672342,45.67166928051442],[-123.4752370716966,45.671797772361515],[-123.47510858116993,45.671840602493155],[-123.47493725986882,45.6719119859731],[-123.47475166254125,45.6719690933192],[-123.47453751046572,45.67208330658121],[-123.47438046608941,45.67214041375251],[-123.47410920811129,45.67226890577336],[-123.47390933296056,45.6723402893347],[-123.47369518088504,45.672383119051204],[-123.47352386048226,45.672383119051204],[-123.47333826225635,45.672425949362605],[-123.47316694095527,45.672440226544296],[-123.47293851285323,45.672597271535956],[-123.47278146847695,45.67272576188021],[-123.47266725397677,45.67282569965687],[-123.4724959326757,45.67298274356686],[-123.47236744214904,45.673096957898785],[-123.47223895072405,45.67316834165938],[-123.47209618327257,45.67318261865163],[-123.47192486197146,45.67318261865163],[-123.47172498682075,45.673196895640295],[-123.47149655871874,45.673268278645715],[-123.47129668536466,45.67339676933254],[-123.47111108713874,45.67352526097972],[-123.47091121198802,45.67366802920032],[-123.47072561376211,45.67382507262977],[-123.47062567618674,45.67393928712569],[-123.47054001643454,45.67411060843251],[-123.47048290873528,45.67428192984251],[-123.47034014128383,45.674467528020244],[-123.47021165075716,45.674624571716876],[-123.47009743625699,45.6747102320146],[-123.47001177560642,45.6746816794335],[-123.46991183803108,45.674524634641784],[-123.46988328507976,45.674410420712775],[-123.46974051672998,45.67408205491778],[-123.46964057915461,45.67379651959705],[-123.46949781170315,45.67356809167246],[-123.46932649130036,45.673325386490966],[-123.46915516910096,45.67312551128841],[-123.46898384779988,45.67296846777903],[-123.46876969572432,45.67279714611427],[-123.46859837532156,45.67266865530619],[-123.46844133004697,45.67255444072795],[-123.46818434899363,45.67234028996241],[-123.46797019781643,45.67214041438019],[-123.46778459869219,45.67198337061739],[-123.46757044751497,45.67175494156934],[-123.46741340313869,45.67156934381136],[-123.4672420818376,45.67135519304279],[-123.46707076053652,45.6711981483321],[-123.46685660846099,45.671026827525395],[-123.46662818035895,45.67089833641925],[-123.4663569223808,45.67078412199459],[-123.46612849427882,45.67068418433869],[-123.4659428960529,45.67064135457752],[-123.46584295847752,45.67062707819242],[-123.46567163807475,45.67058424713208],[-123.46525761084852,45.67049858679629],[-123.46490069132149,45.670470033949655],[-123.46464370936987,45.670455756893105],[-123.46444383511746,45.670427203396876],[-123.46427251381637,45.67037009636067],[-123.46411546944009,45.67028443569713],[-123.46397270198861,45.67017022127516],[-123.463815656714,45.670056007875566],[-123.46364433631122,45.66991323985673],[-123.46348729103663,45.669813302529064],[-123.4632303099833,45.6696990877734],[-123.46297332803168,45.66957059738559],[-123.46275917685443,45.669527767400034],[-123.46261640850463,45.66949921405809],[-123.46240225642913,45.669456384017906],[-123.46220238307502,45.66939927661893],[-123.46200250792431,45.669356446502285],[-123.46183118572492,45.669299339001334],[-123.46165986532213,45.66921367858227],[-123.46153137389716,45.66914229417183],[-123.46134577656956,45.66904235672315],[-123.46113162449402,45.66897097334973],[-123.46101741089217,45.66892814353306],[-123.46080325881664,45.66887103622288],[-123.46057483071463,45.66884248317368],[-123.46036067953742,45.66874254518966],[-123.46017508131152,45.66857122377173],[-123.46004659078486,45.66839990308496],[-123.4599323762847,45.66815719746259],[-123.45988954551024,45.6679858767641],[-123.4597896079349,45.66780027906289],[-123.45957545675768,45.66757185051958],[-123.45937558160696,45.66748619059563],[-123.45914715350493,45.66740052865732],[-123.45900438605346,45.66728631525594],[-123.45884734077885,45.667186377632326],[-123.45861891267684,45.667114993775314],[-123.45849042215018,45.667072163166274],[-123.45831910084908,45.667072163166274],[-123.45811922659668,45.667072163166274],[-123.45789079849467,45.667100717746266],[-123.45767664641915,45.667086440458114],[-123.457433940494,45.66705788712634],[-123.4572483431664,45.667029333152236],[-123.45711985263972,45.66700077979134],[-123.45700563724125,45.66694367302585],[-123.45693425441381,45.666900842913506],[-123.45674865618791,45.666743797632286],[-123.45664871861254,45.6666724144664],[-123.45653450411238,45.666558200207135],[-123.45642029051054,45.66641543205541],[-123.45623469228464,45.66621555854237],[-123.45606337188184,45.6660870664357],[-123.45589204968245,45.66600140612294],[-123.45566362158041,45.66583008510421],[-123.45552085412895,45.66571587100969],[-123.45533525590304,45.66565876481676],[-123.4550782748497,45.665644487788576],[-123.45482129199974,45.66563021075675],[-123.4545785869729,45.6655731032208],[-123.45440726657014,45.665473165677476],[-123.45422166834423,45.66540178214687],[-123.4540075162687,45.6653018449255],[-123.45360776686559,45.665073416859066],[-123.4534364464628,45.66497347905149],[-123.45317946361284,45.664859265720416],[-123.45289392870987,45.66483071188042],[-123.45255128520941,45.664787881407],[-123.45226575120475,45.66474505152858],[-123.45199449143,45.66474505152858],[-123.45176606332797,45.66475932815834],[-123.45158046600038,45.66477360478447],[-123.45139486777447,45.664787881407],[-123.45116643967243,45.664859265720416],[-123.45098084144654,45.66488781891811],[-123.45068102872045,45.66493064931506],[-123.45028128021566,45.66495920247634],[-123.45005285211363,45.66500203407427],[-123.44988152991424,45.66503058719909],[-123.44953888821036,45.6650591403094],[-123.44909630803282,45.66508769466069],[-123.4489107098069,45.665073417486866],[-123.44865372875357,45.665044864383844],[-123.44848240655415,45.665073417486866],[-123.44821114857602,45.66510197057527],[-123.44806838112454,45.665130524904725],[-123.4478256751994,45.665159077964056],[-123.44734026604405,45.66520190815347],[-123.44699762344186,45.66530184555325],[-123.44672636456542,45.665344675633484],[-123.44635516901192,45.66547316630527],[-123.44615529386118,45.665444613406194],[-123.44598397345842,45.665387506308704],[-123.44588403588305,45.665287568434046],[-123.445812651259,45.665144800808434],[-123.44569843765714,45.6649877575064],[-123.4455985000818,45.66480215928141],[-123.44552711545772,45.66465939167342],[-123.44544145480718,45.66451662370133],[-123.44534151813015,45.6644309634967],[-123.4452558574796,45.6643881333452],[-123.44515591990422,45.6643595792649],[-123.44498548703696,45.66433333106924],[-123.44467050985057,45.6643595792649],[-123.44424220749615,45.6644309634967],[-123.44384245719469,45.66455945438233],[-123.44348553856601,45.66467366895283],[-123.44310006518941,45.66480215928141],[-123.44272886963591,45.66485926697602],[-123.44242905690983,45.66488782017366],[-123.44212924508207,45.66490209739482],[-123.44185798710392,45.66493065057067],[-123.44155817437786,45.6649877575064],[-123.44117270189955,45.665044865011645],[-123.44083006019567,45.66507341811466],[-123.44053024746961,45.665059140937196],[-123.44018760486742,45.665059140937196],[-123.43994489894227,45.665087695288484],[-123.43967364096414,45.66511624836962],[-123.43938810516285,45.665173355743825],[-123.43911684718472,45.66518763289217],[-123.43868854393197,45.665173355743825],[-123.43843156287865,45.66511624836962],[-123.43813175015256,45.66510197183087],[-123.43783193742648,45.665144802063985],[-123.43767489394855,45.665144802063985],[-123.43711810016913,45.66521618655012],[-123.43674690371732,45.66525901669585],[-123.43634715431422,45.66527329382238],[-123.4359902347872,45.665316123924406],[-123.43533350433076,45.66541606174809],[-123.43509079840561,45.66543033757894],[-123.43479098567953,45.66541606174809],[-123.43449117475008,45.665401784658016],[-123.43427702267455,45.665330401036336],[-123.43406287149733,45.66527329382238],[-123.4337773356961,45.665144802063985],[-123.43352035374446,45.665044865639445],[-123.43324909486799,45.66493065119846],[-123.43300638984115,45.66481643778001],[-123.43279223866394,45.664673670208444],[-123.43244959606174,45.664416688038756],[-123.43226399783585,45.66420253689909],[-123.43204984665863,45.66407404519425],[-123.43182141855662,45.663988384940176],[-123.43162154340591,45.663874170854946],[-123.43139311530388,45.66377423341769],[-123.43122179490109,45.66368857333269],[-123.43097908897595,45.66360291186098],[-123.4307221070243,45.663560081703785],[-123.43047940199747,45.663545805396005],[-123.43027952774504,45.66351725151383],[-123.43007965259434,45.663417314067246],[-123.42993688514288,45.663274546066624],[-123.42976556384178,45.66307467201197],[-123.42957996561589,45.66287479724373],[-123.42943719816441,45.66260353905788],[-123.42933726058904,45.66243221705773],[-123.42922304608886,45.66218951318488],[-123.42910883248702,45.661932530912836],[-123.42896606503554,45.66160416473863],[-123.42885184963706,45.66133290667473],[-123.42876618988483,45.66103309403094],[-123.42865197448634,45.6608474965076],[-123.42846637715874,45.66066189836906],[-123.42823794905674,45.660390640134835],[-123.42803807390602,45.660147934945876],[-123.4278524756801,45.65994805977451],[-123.4276383245029,45.6597481857732],[-123.42746700320181,45.6595768638255],[-123.42729568190069,45.65939126586995],[-123.4270815307235,45.65921994534157],[-123.4268959324976,45.6591200077584],[-123.42666750439557,45.65900579315917],[-123.42631058486856,45.65887730271227],[-123.42603932599211,45.65882019519424],[-123.42569668338992,45.65882019519424],[-123.42529693398679,45.65887730271227],[-123.42499712215904,45.658948687027916],[-123.42464020263202,45.658991517573604],[-123.42419762245449,45.659120008386225],[-123.42369793637432,45.65923422275249],[-123.42314114259493,45.65939126649782],[-123.42274139229352,45.659534034355424],[-123.42244158136407,45.65976246242152],[-123.42229881301427,45.6601336583958],[-123.42224170621333,45.660504854420566],[-123.42211321568666,45.66083322013594],[-123.42184195681018,45.66113303259435],[-123.42174202013317,45.66120441654548],[-123.42151359203115,45.66136146041526],[-123.42135654675653,45.66157561237752],[-123.42124233225637,45.661775486761385],[-123.4210995648049,45.662061021882394],[-123.42072836835307,45.66237511190986],[-123.42042855742362,45.66253215563501],[-123.42024295919774,45.66267492301757],[-123.41997170121961,45.66286052138897],[-123.41978610209537,45.66300328918981],[-123.41958622784297,45.663217441150124],[-123.41938635359058,45.66340303897864],[-123.41905798791318,45.66370285023187],[-123.41881528198806,45.66395983316717],[-123.41855830093472,45.66425964457754],[-123.41834414885919,45.66454517958496],[-123.41810144383237,45.66494492966425],[-123.41790156957997,45.66530184869219],[-123.41774452520369,45.66567304435241],[-123.41758748082738,45.66607279453897],[-123.41747326722553,45.66627266856175],[-123.41728766899962,45.66648682057122],[-123.41705924089761,45.666615311132524],[-123.41681653587078,45.66667241886078],[-123.41650244711819,45.666772356146424],[-123.41627401811787,45.666900846680086],[-123.41583143883862,45.66708644485246],[-123.41548879623645,45.66720065928942],[-123.41523181518312,45.667286319650316],[-123.41456080600523,45.6674576406066],[-123.41386124477435,45.66767179310484],[-123.41351860217218,45.667800283457176],[-123.41329017407014,45.667843114136865],[-123.41293325544144,45.66795732765764],[-123.41264771964018,45.66804298874386],[-123.41236218473723,45.668142926721366],[-123.41199098828542,45.668242863264965],[-123.41164834568322,45.66829997058828],[-123.41131998000584,45.66835707785337],[-123.4109916143285,45.66848556851589],[-123.4106775255759,45.668556952508396],[-123.41037771374815,45.66859978323681],[-123.410135007823,45.668628336409824],[-123.40990657972097,45.668656890195976],[-123.40967815161895,45.66869972022021],[-123.40932123299025,45.6687996582807],[-123.40910708091472,45.66888531870562],[-123.40896431346326,45.66895670156052],[-123.40873588536122,45.669113746910696],[-123.40853601110884,45.669285067295846],[-123.40836468890942,45.66941355833912],[-123.40823619838275,45.66954204971519],[-123.40815053863052,45.66967054079624],[-123.40800777028075,45.66982758539906],[-123.40785072590444,45.66995607582467],[-123.4076080208776,45.67011312088183],[-123.40743669957654,45.67024161127965],[-123.40726537917375,45.67037010201024],[-123.40710833389916,45.67048431665207],[-123.40687990579713,45.67059853043314],[-123.40676569129695,45.670698467614194],[-123.40656581704454,45.670855512471476],[-123.40633738804424,45.67102683380263],[-123.40618034456625,45.671126770846655],[-123.4060088561785,45.67116958140476],[-123.40600709907382,45.671172941592786],[-123.40576198386707,45.67167270658251],[-123.40566777933986,45.67220275470311],[-123.40525945192408,45.67290079724351],[-123.40503621788105,45.673537704386824],[-123.4046672007421,45.67421592238112],[-123.40462411754109,45.67426610023598],[-123.40431172211281,45.67462994718356],[-123.4042876876874,45.67488496427914],[-123.40425920031312,45.67518722976053],[-123.40441198487832,45.675550951461666],[-123.4044472671094,45.675983551597106],[-123.40411672750903,45.676359263378835],[-123.40404788691386,45.67668084211926],[-123.40402825513166,45.67706330152632],[-123.40401040830189,45.67731909460803],[-123.40398237008525,45.677390122753955],[-123.40392117864475,45.67754514349549],[-123.40382093294724,45.67768262357319],[-123.40371297611132,45.67783067789125],[-123.40376056526183,45.67797344579806],[-123.40407584338384,45.67803293200458],[-123.40436137918512,45.678038880810014],[-123.4047242464576,45.678009138031676],[-123.40476201432708,45.67801098079396],[-123.40496814175219,45.67802103501936],[-123.40515849925248,45.67809836757462],[-123.40536670178585,45.678282775640795],[-123.40562844301188,45.678360107834266],[-123.40588423469576,45.67855046504424],[-123.40617278075156,45.67868364020543],[-123.40627089744184,45.67872892477191],[-123.40652074138023,45.67893712748654],[-123.40674084120126,45.67905610029786],[-123.40688043131156,45.67912265185516],[-123.40710336262237,45.67922893484691],[-123.40733855503848,45.67946439921937],[-123.4072836796527,45.67997462479915],[-123.40716167047083,45.68048651644018],[-123.40699890292787,45.680989995302],[-123.40691135312028,45.68165180404723],[-123.40689056969788,45.68203867664164],[-123.40674989352438,45.68244737365877],[-123.40667349989427,45.68279793404754],[-123.40661100679493,45.683157572783536],[-123.40653021770815,45.68368728494077],[-123.40658121955842,45.68409571323622],[-123.4066205460049,45.684410640436575],[-123.4066207975332,45.684947763580354],[-123.4066677111506,45.68518520267466],[-123.40669305621802,45.68531348024005],[-123.40673560581976,45.68562339329656],[-123.40667120829201,45.68594538506761],[-123.40637995920554,45.68630127905628],[-123.40603653506905,45.686422881329435],[-123.40581253206811,45.68648415020449],[-123.40550606641904,45.68656797183084],[-123.4051506371971,45.68671814068718],[-123.40510280819643,45.686826757523534],[-123.40505414376254,45.68693727121362],[-123.40493982415947,45.68733588679812],[-123.40460589521555,45.68764571585623],[-123.40441580900648,45.68770007862334],[-123.40395645728259,45.687831442907736],[-123.40368861559746,45.68803742856816],[-123.40337402917824,45.688279357694036],[-123.40289047145068,45.68855519851876],[-123.40283062658477,45.68860554926249],[-123.4024519462683,45.68892415345064],[-123.40210158444289,45.689441695562714],[-123.4020956007648,45.689476109134596],[-123.40203905630923,45.68980132986629],[-123.40161835100716,45.68999079724684],[-123.40115545902273,45.69014361503698],[-123.4005309394574,45.69029101138496],[-123.40010405733943,45.690358123745476],[-123.3996585270945,45.69032204029605],[-123.39941618408874,45.69058246962092],[-123.39908647632832,45.69097698613707],[-123.39897402611938,45.691051325819025],[-123.39882247583935,45.6911515101026],[-123.39875583072676,45.691337162136556],[-123.39862760430478,45.691466232550155],[-123.39813057903447,45.69169355518747],[-123.39765146437432,45.69182646563793],[-123.39718141641036,45.69192510303084],[-123.3966372215028,45.692052053066455],[-123.3963726721432,45.69205103151875],[-123.39599839446996,45.69201489206022],[-123.39569733578061,45.69196774017822],[-123.39518647914986,45.69197065736638],[-123.39477712765468,45.69198834183578],[-123.39462610648238,45.692097998222216],[-123.39428125851616,45.69211030447213],[-123.39404855623002,45.692105337922975],[-123.39393634048136,45.69213466910713],[-123.39362217806695,45.692260649204336],[-123.3932889776567,45.69251122557899],[-123.39254775346124,45.69286645282565],[-123.39231989938271,45.693031671711886],[-123.39221813643069,45.69307727659901],[-123.39195696473656,45.69319431746876],[-123.39163632996052,45.69352732920678],[-123.39152392736227,45.69373061523253],[-123.39140438495417,45.693946812496456],[-123.3911879161235,45.69417085722652],[-123.39085101734925,45.69451608918298],[-123.39056228534221,45.694812845595266],[-123.39017417810517,45.69481060306987],[-123.3898760362455,45.69477307181531],[-123.38954604192253,45.69473153046288],[-123.38909321286589,45.69478407801599],[-123.38855067894332,45.69489794415941],[-123.3882563010247,45.69508252838237],[-123.38809302773026,45.69535845236143],[-123.38763947373317,45.69556469202548],[-123.38716047315906,45.69560014401857],[-123.38639504385833,45.69564265538474],[-123.3854569808178,45.69560666318724],[-123.38472686069761,45.695512344106724],[-123.38410359607875,45.695362192585996],[-123.38374385584174,45.69525283499167],[-123.3831551808529,45.69511955935009],[-123.38275937864715,45.69496380047677],[-123.3825512012666,45.69488907446369],[-123.38223543985093,45.69477572909047],[-123.38144281764824,45.69461199992133],[-123.38061236469393,45.69436644385763],[-123.37988138039441,45.69425438434888],[-123.37936735899892,45.69443252480394],[-123.37887978849702,45.69463365724303],[-123.37838570700592,45.69504182428181],[-123.37786636488903,45.69477678070628],[-123.37721475932126,45.69439676900747],[-123.37712295688911,45.6943462910829],[-123.3766076446146,45.69406294737123],[-123.37582687927528,45.69379840552202],[-123.37505247760147,45.693492327678165],[-123.37386976737649,45.69294801099332],[-123.37342126819954,45.69258072785814],[-123.37274831866064,45.691941142242335],[-123.37191297527795,45.691258249649636],[-123.37159203417637,45.69091147275934],[-123.37105768300769,45.69068223306327],[-123.37053382236496,45.690494109000554],[-123.3695926709165,45.69049327693052],[-123.36926786166931,45.69054327076281],[-123.36872177670642,45.69062179395204],[-123.368297041562,45.69061465485735],[-123.36774738669416,45.69050044051334],[-123.36738154330313,45.69033982694271],[-123.36730302156414,45.6903207915597],[-123.36717215229862,45.69028747915323],[-123.36711028532497,45.690275582263766],[-123.36702938394882,45.69024702821281],[-123.36700321063469,45.690211336256084],[-123.36704604051083,45.690149470938636],[-123.36705317762575,45.69011377829214],[-123.36699845136032,45.69006856882892],[-123.36692230836022,45.690054291752446],[-123.36689851378495,45.69003287738584],[-123.36685806264772,45.69001384064338],[-123.36685568301051,45.689971010616006],[-123.36687709884689,45.689913904071],[-123.36691992872302,45.68982586368023],[-123.36697703552396,45.689740203304794],[-123.36699607172315,45.68968785495415],[-123.36698503771649,45.68963709667344],[-123.36698417353719,45.68963312702357],[-123.36682027681192,45.68948060967348],[-123.36661017613832,45.68927212176778],[-123.3657900133856,45.68867974462819],[-123.36577906112566,45.6886718334308],[-123.3657606663236,45.688669721184226],[-123.36518530526557,45.6886036127204],[-123.36431181761927,45.68850676607696],[-123.36369485468215,45.68848048025839],[-123.36288591637891,45.68849434921707],[-123.36240872141852,45.68856512220671],[-123.36237586014711,45.68856305576544],[-123.36193495622588,45.68853532729165],[-123.36171954291568,45.68860306112594],[-123.36171075649389,45.68860582474594],[-123.3614538356277,45.6888662651994],[-123.36122188972303,45.689120185143636],[-123.36061519632622,45.6893005081419],[-123.35981311396522,45.689113222817674],[-123.35927853282784,45.68887802558883],[-123.35915452399615,45.68844921563067],[-123.3591359549209,45.68838500266665],[-123.35885114944999,45.68808459756933],[-123.35852343325452,45.687938918611],[-123.35850346190915,45.687930507165454],[-123.35786017294429,45.68765956933347],[-123.3576617458778,45.68756984045861],[-123.35704010271806,45.687449062125914],[-123.35642827455108,45.68718618335291],[-123.35613156101275,45.6870858074693],[-123.35588759564955,45.68703519241722],[-123.35574185297786,45.68699950092115],[-123.35568901497116,45.68693609582431],[-123.35568236653972,45.68692811786067],[-123.35559611120448,45.68684781039676],[-123.35527785786225,45.68668422306283],[-123.35507857829457,45.68660391587634],[-123.3548792987269,45.68654740394696],[-123.35468894122661,45.686476019682004],[-123.35451345533586,45.68646412323698],[-123.35436771356248,45.68652063462297],[-123.35417447336845,45.6866252010259],[-123.35385663684451,45.68668736581578],[-123.3533428256548,45.68669988787701],[-123.35284380971785,45.686670669938884],[-123.3523877215734,45.686486727547184],[-123.35220012190102,45.686411117913586],[-123.35200048660049,45.686330658467796],[-123.35135938952494,45.686157127309116],[-123.35075807164678,45.685935339169255],[-123.35005626552602,45.68572781515586],[-123.34977271230659,45.68568827652463],[-123.34933446021206,45.68562716617769],[-123.34878456908731,45.685421848779555],[-123.34850854824154,45.68512711600912],[-123.34816251449914,45.68478088913763],[-123.348019149668,45.68464526967221],[-123.34779092638186,45.684429372830984],[-123.34769934044373,45.68437066345629],[-123.34734674989808,45.68414463837822],[-123.34703938862867,45.68389794939225],[-123.34658709047635,45.683619320480034],[-123.34626142872798,45.68334352183923],[-123.34592038512702,45.68309764957657],[-123.34560665659886,45.682892488578204],[-123.34556437200011,45.682839695761444],[-123.34532803423201,45.68254461425227],[-123.34502302654867,45.68234515104573],[-123.34459606088735,45.68223730937558],[-123.34420745688197,45.68222310749457],[-123.34399222413317,45.682133762147856],[-123.34344647154695,45.68201107108106],[-123.3430230129085,45.6819740678348],[-123.34294472832475,45.68196505613479],[-123.34267211029727,45.68169887299563],[-123.34238508958089,45.68135119710276],[-123.34207543042095,45.68105726568261],[-123.34171494907388,45.68075865762924],[-123.34105360217515,45.68051463425978],[-123.34036702429508,45.68044263162584],[-123.33988520660424,45.680418854368085],[-123.33934384857638,45.680384696940415],[-123.33888438546137,45.68030126835243],[-123.33840547202385,45.68029945328077],[-123.33825184124564,45.68029887147871],[-123.3374415572661,45.68028304545705],[-123.33678925819893,45.68022201330661],[-123.33660339856331,45.68018778734825],[-123.3362786827409,45.680127988994954],[-123.33578147960421,45.680134121470346],[-123.33552882753223,45.680311651665775],[-123.33544809593764,45.680438309858175],[-123.33535663127203,45.680581804165904],[-123.33509875549669,45.680824477876094],[-123.33482401744511,45.68089614738454],[-123.33436078769417,45.68090736217252],[-123.33406136304028,45.68099145010293],[-123.33395740999559,45.68127767987409],[-123.33381918352788,45.68155291883448],[-123.3336620870493,45.6819586489715],[-123.33354999706481,45.68225098658247],[-123.33347364296058,45.682755243468335],[-123.33315475450944,45.68295801385854],[-123.33279955795116,45.68310846477818],[-123.33252617725401,45.683109357206376],[-123.33223465597801,45.68311030862767],[-123.3318480893517,45.68330880137114],[-123.3318739446622,45.68349140742073],[-123.3320377794037,45.68371209819907],[-123.3320636095614,45.68374689058854],[-123.33202208314076,45.68393112753705],[-123.33185624785108,45.68415974473436],[-123.3317165517396,45.6844054617119],[-123.33162826980504,45.68483907720097],[-123.33138923798941,45.68512266093216],[-123.33107265371696,45.68537265364813],[-123.33074125353055,45.68566437849481],[-123.33015309147976,45.68570814939072],[-123.3300897171331,45.68571897663879],[-123.32970986271857,45.68578387858267],[-123.32925065652175,45.68587772457689],[-123.32895294226016,45.6859972204437],[-123.32883674158491,45.686066115187565],[-123.32852683987987,45.686249851870386],[-123.32831334896439,45.68653872181887],[-123.3280896891199,45.68679237181631],[-123.32802200196156,45.68713091517154],[-123.32740419011648,45.687258137145584],[-123.326919119626,45.687340777211034],[-123.32562305908016,45.68773851890195],[-123.32502237361597,45.68787122538968],[-123.32445029590033,45.68779169491191],[-123.32393547949582,45.68772012209175],[-123.3227835230946,45.687617862047965],[-123.3220289175947,45.68753556816476],[-123.32170967251238,45.68773240232094],[-123.32155290930879,45.68827796520798],[-123.32138461263526,45.68858065659644],[-123.32137390561539,45.68869843982418],[-123.32133107484096,45.68884834630454],[-123.32128824406655,45.68893043682203],[-123.32123470627222,45.689133882003475],[-123.3211918763961,45.68923024939242],[-123.32112049267035,45.68933732581738],[-123.3210598159645,45.689487231840495],[-123.32101698519008,45.689637136834314],[-123.32114904651999,45.68990482650639],[-123.32120972232754,45.69006900996747],[-123.32130609089627,45.69031171531612],[-123.3213113990413,45.69064482579357],[-123.32128626956954,45.690963910324584],[-123.32120440789431,45.691698448356796],[-123.3211984233179,45.691752142673536],[-123.32120509780047,45.691771677050994],[-123.32131659759185,45.69209802394914],[-123.3215761604033,45.6925780322024],[-123.32170156881021,45.69274072445699],[-123.32175666518154,45.69280937559103],[-123.32199494510728,45.69310627282954],[-123.32231379313423,45.693406084977696],[-123.3227373380109,45.69360595989597],[-123.32317108595258,45.69368531645506],[-123.32330840781681,45.6937463477222],[-123.32360108163132,45.69420320353814],[-123.32347259110466,45.694324557099705],[-123.3229372122633,45.69436738693049],[-123.321887870417,45.69413895890476],[-123.32089562010025,45.69400568123604],[-123.32069320092066,45.69400444450369],[-123.31998874027819,45.69408642580462],[-123.31929878113941,45.6942921794852],[-123.31880055122832,45.69445193777302],[-123.31855501740667,45.69477701976693],[-123.31830369484129,45.694984029578286],[-123.31783366035205,45.69503080432789],[-123.31742870611015,45.69502872494901],[-123.3171381855574,45.69512437316076],[-123.31692926886333,45.695336270145226],[-123.31658237633154,45.695486468166685],[-123.315938640904,45.69543101995231],[-123.31538497595672,45.69532020806431],[-123.31482202153107,45.69519188505487],[-123.3144017087928,45.69512727951754],[-123.31405716984706,45.695074320678195],[-123.31348719059592,45.69514712142234],[-123.31310948045997,45.69535715479642],[-123.31309916959715,45.695364673519954],[-123.31282443873211,45.69556496245508],[-123.31267606848822,45.69564865627812],[-123.31246328364854,45.695768685304714],[-123.3120640435902,45.69605607050826],[-123.31190080353339,45.696197367618524],[-123.31169180599096,45.69637827076723],[-123.31139356711329,45.696564133209954],[-123.31130709977559,45.6966180186149],[-123.31125939204752,45.69668337158655],[-123.31099088560907,45.69705117175996],[-123.31074327757742,45.69733491255074],[-123.3105639316259,45.69763474720333],[-123.31050339685383,45.69794946077351],[-123.31047454386524,45.698222040904234],[-123.31047910191695,45.698487907630614],[-123.31052336101273,45.69904835249873],[-123.3105223791541,45.69937345733758],[-123.31045482853969,45.69952083249736],[-123.31034706394325,45.6997559416798],[-123.31022128632877,45.69999046890372],[-123.3101383349971,45.70014513904732],[-123.30996746195532,45.70027336097282],[-123.30970654448441,45.70026137711764],[-123.3092911311577,45.700242299311746],[-123.30883824730383,45.700123128754186],[-123.3081915851651,45.70000860130821],[-123.30761319049638,45.69991016639207],[-123.30773857105554,45.7002322421785],[-123.30775337618974,45.700277486088595],[-123.30779806018857,45.700414045129875],[-123.30781477783604,45.70075645670229],[-123.30783264981861,45.70112248470078],[-123.30786765986016,45.701494011801636],[-123.30777910843105,45.70185735356542],[-123.30760396479842,45.702398070257885],[-123.30747904327836,45.70273714338307],[-123.30736097410731,45.70288355482758],[-123.30712358620866,45.70301313185141],[-123.30704861371336,45.703072138476756],[-123.30679052234234,45.70327526746935],[-123.30669251344987,45.7035140384352],[-123.30669344500285,45.70352526123587],[-123.30671304175075,45.70376179022232],[-123.30682388038208,45.70413149991512],[-123.30676163521774,45.70451103203746],[-123.30669025239033,45.70477515182038],[-123.30679732797891,45.704946472805545],[-123.30686157279311,45.705296254186216],[-123.30684015875335,45.70568886457489],[-123.306740221178,45.706002953786275],[-123.3065658725544,45.70627730512019],[-123.30601838711797,45.70646773733867],[-123.30553823490366,45.706827960361274],[-123.30512015537717,45.70742311685701],[-123.30480009103132,45.70777950211475],[-123.30444516486594,45.708113080646974],[-123.30403643320828,45.70855433478576],[-123.30336157654604,45.70890147713481],[-123.30238220178227,45.7092322575152],[-123.30196302271787,45.70938559732444],[-123.3017771262513,45.709453598223504],[-123.30094587738962,45.70988130243545],[-123.30054351927896,45.710281017206185],[-123.30015806297033,45.71056231347258],[-123.299695595889,45.710825305050264],[-123.29907130269915,45.71111061312111],[-123.29897244849202,45.7111333053243],[-123.29882600064286,45.711220463472124],[-123.2984521532626,45.71151309915196],[-123.29789444050668,45.71166827184836],[-123.29707510869561,45.711475058475784],[-123.29643859123138,45.71122428041731],[-123.29559725069583,45.71092519421628],[-123.29481576850094,45.710642404346174],[-123.2943375602409,45.7103586376236],[-123.29393158191961,45.71033952311732],[-123.29343189404283,45.710428752527314],[-123.29317610235893,45.71050608481833],[-123.29261692984063,45.71050608481833],[-123.2921350878953,45.71041090703309],[-123.29185550073782,45.71020865268192],[-123.29159681558039,45.709923637967606],[-123.29048787590489,45.709427531765634],[-123.28987898163562,45.70922334681004],[-123.28918255372845,45.70912763113076],[-123.28849770420699,45.70909664966442],[-123.28806794478517,45.70910687896376],[-123.2874515262271,45.70926931047668],[-123.28697978943036,45.709457850001996],[-123.28667044737576,45.70968980604658],[-123.28598816703601,45.70971194493122],[-123.28507906837523,45.7095798887036],[-123.28449104735992,45.709457926531485],[-123.28365551263605,45.709276827329454],[-123.28305778173085,45.70895413055794],[-123.28245705943574,45.70874380261607],[-123.2819486057984,45.708696773362696],[-123.28162767817157,45.70886397666626],[-123.28138158829275,45.70918307642686],[-123.28114843235737,45.70935788293852],[-123.28088987206577,45.70943945406335],[-123.28069654114191,45.709552478022324],[-123.28056864529997,45.70959709211879],[-123.28037828779969,45.709626836293666],[-123.28024146899202,45.70968929668839],[-123.28004219032266,45.70979934680111],[-123.27984231517195,45.710124738521195],[-123.2798667268898,45.71027714436853],[-123.27987339418583,45.71037490991454],[-123.27989086462149,45.71063106441887],[-123.27967875082332,45.71095526323969],[-123.27914558722748,45.71057191146155],[-123.27913931249522,45.71056603448911],[-123.2788009593485,45.71024909859242],[-123.27849660563868,45.71006127307646],[-123.278165831578,45.70985042990745],[-123.2778923367948,45.709602764696776],[-123.2775705647516,45.70940352908498],[-123.27721008250619,45.7092761341707],[-123.27673562022089,45.70923418644278],[-123.27643753495512,45.70925272923557],[-123.27612161094443,45.70927238044906],[-123.27556202699775,45.709214714621815],[-123.27505829670218,45.70909070855274],[-123.27480912290699,45.70864741490457],[-123.27460306105891,45.70839814599569],[-123.27445285196362,45.708082537732786],[-123.27424565464503,45.70780965249877],[-123.27380593470333,45.707613198896006],[-123.27371956618032,45.70758833350964],[-123.27332299501668,45.70748810841345],[-123.27321075501351,45.70745974319003],[-123.27305609027441,45.707400256281936],[-123.27288476987165,45.70733601050062],[-123.2727800730219,45.7073217334412],[-123.27266823815891,45.70735980580066],[-123.27255640419425,45.707469260788336],[-123.27248264083131,45.707583474350905],[-123.27234650833655,45.70771336730995],[-123.27215217758777,45.7077823764483],[-123.27174588485613,45.70757921427478],[-123.2715734810851,45.70753717243109],[-123.27137028396446,45.7074876222458],[-123.27112743610552,45.707540254417545],[-123.27100293140374,45.70756723825869],[-123.27059117242361,45.707600619413235],[-123.27029471490512,45.70740076503362],[-123.2701361065619,45.70708535062626],[-123.27008765862202,45.7069438859337],[-123.2700477554571,45.706827378835186],[-123.269863643943,45.70670045920534],[-123.26971617830257,45.70659880159331],[-123.26937475651087,45.70634090283592],[-123.26925327194509,45.70609553503601],[-123.26894413740132,45.70580731940277],[-123.26862800228652,45.70554882165303],[-123.26828971651346,45.70535586001801],[-123.26793108479754,45.70544117026023],[-123.26757557742216,45.70559142143776],[-123.26749733685587,45.705622381008205],[-123.26698782769805,45.705823993256395],[-123.26661735708502,45.705838653997944],[-123.2666107329081,45.705837384278766],[-123.26612352263061,45.70574392935445],[-123.26601070231575,45.70572050725696],[-123.26570270773406,45.70572748006209],[-123.26546952035767,45.705765552252686],[-123.26534578820707,45.70582741786044],[-123.26526841810826,45.70590211984591],[-123.26518398455643,45.7060320512151],[-123.2650888062554,45.70606536365288],[-123.26473988892097,45.70606906991288],[-123.26460815547614,45.70610343561337],[-123.26441779797585,45.70619385429841],[-123.26417509294902,45.70635089927434],[-123.26396815614186,45.706513442931794],[-123.2638561586838,45.706660373946626],[-123.26380909325113,45.70690972337403],[-123.26378361523305,45.70708172723962],[-123.26401405466298,45.70731270826011],[-123.26438613056547,45.70768219686643],[-123.26458533377634,45.70778979501342],[-123.26476729562198,45.70824060430033],[-123.26476804212199,45.70860703432886],[-123.26478942202573,45.70922712625398],[-123.2646685033986,45.70951959108356],[-123.26470182191251,45.709861610662394],[-123.26485955529662,45.7101593200229],[-123.26510572871874,45.7103662866861],[-123.26512693255273,45.710631755678996],[-123.2647463900287,45.710788498385206],[-123.26450272200788,45.711000792036],[-123.26449537109389,45.71100719712712],[-123.2642598741489,45.711373290993144],[-123.26406537451686,45.71171477420743],[-123.26405740556197,45.71207549847038],[-123.26412613296942,45.71245214396335],[-123.26419874648877,45.712734131827396],[-123.26417763787622,45.71291582136215],[-123.26416294233648,45.713042317911786],[-123.26386276669105,45.71329172731188],[-123.26382135974634,45.71332902032701],[-123.26357972820625,45.71354664343843],[-123.26342593483298,45.71385761187684],[-123.26335442893637,45.714125268403166],[-123.26330687212523,45.71454011934147],[-123.26333573319869,45.7147643255489],[-123.26315855039037,45.715140569685126],[-123.26301601560253,45.71551037660724],[-123.2627801692129,45.71572741543574],[-123.26276553835186,45.71574087872481],[-123.26265026922957,45.716151415596286],[-123.26255631084072,45.71647870403005],[-123.26246307290076,45.716568304983056],[-123.26237741225022,45.716673002112195],[-123.26229651087404,45.71684432300958],[-123.26220133257306,45.716915707398044],[-123.26207760042244,45.71699660829858],[-123.26195862754624,45.717091787412656],[-123.2618824845461,45.71724883124797],[-123.26175399401947,45.717424911467255],[-123.2616207442184,45.71761050951193],[-123.26141611069164,45.717719964496176],[-123.26118292331526,45.71774851894401],[-123.26089738751398,45.71775803667192],[-123.2607688969873,45.71774375913865],[-123.26052143358443,45.7177675543982],[-123.26026445073445,45.717877009702036],[-123.26009788870773,45.71805308982342],[-123.26003649245132,45.71812207804207],[-123.26001101443323,45.71820525955071],[-123.25998543221057,45.718288772092784],[-123.25985037410089,45.71846335444155],[-123.25969448944963,45.718555682365476],[-123.25952132660221,45.71861256711343],[-123.2593250563907,45.71879590961499],[-123.25925540641346,45.71900090566985],[-123.25919587955116,45.71920082080153],[-123.2590008148788,45.71945718760667],[-123.25887363499412,45.719687747450735],[-123.25877180826173,45.72001454416544],[-123.25874586671294,45.7200416085339],[-123.25862698815985,45.72016562856286],[-123.25863917111171,45.7204195355787],[-123.25874656919552,45.72049689606557],[-123.2589835591405,45.720609939683186],[-123.2591128851004,45.72067169729451],[-123.2591816457455,45.720704532515086],[-123.25930459546349,45.720817839748456],[-123.25932069596834,45.720855061889],[-123.25935124497619,45.720925681660184],[-123.25944373461954,45.72112443781224],[-123.25943781831506,45.721289198157535],[-123.25939404251295,45.72145727002956],[-123.25928806466564,45.721481553516576],[-123.25912110468524,45.72153148264062],[-123.25892745485942,45.72160140666946],[-123.25875683963416,45.72171920563803],[-123.25860061182647,45.721848770356516],[-123.25847156883592,45.72204063774796],[-123.2583742633243,45.72217365668097],[-123.25834867391514,45.72236066696407],[-123.25851055841416,45.72256505352641],[-123.25863866446191,45.722676674362965],[-123.25868370060034,45.72271591403581],[-123.25877949694225,45.72283954431848],[-123.25881004774676,45.722971974346954],[-123.25876119017508,45.72310627355933],[-123.25859968027349,45.72326985594316],[-123.25854661678969,45.72353256007147],[-123.25854487495636,45.72378437347696],[-123.25848095802722,45.72396502430636],[-123.25837587400363,45.72422411229731],[-123.2582639699704,45.724413153867054],[-123.25803497233646,45.72446696225976],[-123.2576908798534,45.72449926972147],[-123.2573569122819,45.72452649559632],[-123.25715300818713,45.72459907800565],[-123.25690741417834,45.72459517292275],[-123.2566081781707,45.72455379483115],[-123.25638156017398,45.72451312974665],[-123.25629173223881,45.72450013703143],[-123.25612325949548,45.72443032198715],[-123.25594480018115,45.72440652705657],[-123.25574849493537,45.724382732115814],[-123.25547783074363,45.72439165608208],[-123.25494542532586,45.724305400213055],[-123.25486809295634,45.72430837466369],[-123.25477588897726,45.724317298014746],[-123.25463312152577,45.72432919455962],[-123.25453496890289,45.72431134911422],[-123.25441897034857,45.724323245660365],[-123.25436245823238,45.72435001570197],[-123.25433866275878,45.724460065792925],[-123.25432379204759,45.724584986594074],[-123.25422266510277,45.72480211246345],[-123.2541274859035,45.72488836756554],[-123.25398839795142,45.724990631570506],[-123.25382144785249,45.725113178181076],[-123.25371158838482,45.7252731180576],[-123.25363152962841,45.725405726061226],[-123.25357035525586,45.725571784441016],[-123.2534367685866,45.72566933760632],[-123.25342945001196,45.725677458667626],[-123.2532562566218,45.72586966973395],[-123.25316043692371,45.72603412009185],[-123.25320719782752,45.72614438258887],[-123.25335454578862,45.72626196503469],[-123.2536123811398,45.726376950407534],[-123.25363237045147,45.726385620079334],[-123.25379240442103,45.72645502945456],[-123.25396621764874,45.72654778063353],[-123.25403636169936,45.726713172149495],[-123.25403756544186,45.726882605432884],[-123.25405360036969,45.72700085104458],[-123.25410671146425,45.7271714855911],[-123.25425580215698,45.72732533867885],[-123.2543487247883,45.727461146235264],[-123.25430344610471,45.727670404158786],[-123.25421108042887,45.72783477521944],[-123.25411581768626,45.72793869058535],[-123.25392596414085,45.728088405328144],[-123.25372238882947,45.728168236555554],[-123.2535322783659,45.72824048752436],[-123.25342711888379,45.728354319388984],[-123.25325992444313,45.728472028242265],[-123.25291802834093,45.72862289223975],[-123.25277303216922,45.72869892451007],[-123.25267602849158,45.728766567051025],[-123.25258537141144,45.72889458160538],[-123.25255934542105,45.72897747429977],[-123.25254938130789,45.72900920789071],[-123.25255850729287,45.729127615801396],[-123.25263024944641,45.72925423806267],[-123.25260876354143,45.72938304850193],[-123.25253583381509,45.72952033093076],[-123.25252649942098,45.729583958633526],[-123.252474455525,45.72966750997633],[-123.25242175496052,45.72974191296839],[-123.25241553143223,45.729823345231154],[-123.25234721096162,45.72998472640223],[-123.25226739564863,45.730194796318],[-123.25218584119726,45.73036859338553],[-123.25210071863755,45.73054005350779],[-123.25206046153642,45.730637833768604],[-123.25196034699295,45.7307128111022],[-123.25174202224292,45.73079956937867],[-123.25164899989862,45.730843587117754],[-123.25160157244487,45.73085728065443],[-123.2514504192202,45.73090092650722],[-123.2513517410829,45.73101169859414],[-123.25133967131873,45.73105524776072],[-123.25132584714483,45.73110512757038],[-123.25126314743295,45.73137066232933],[-123.25126269558035,45.731372575443665],[-123.25101153471176,45.731591243163976],[-123.25057547630318,45.731826070730015],[-123.2505581693609,45.731834131327474],[-123.25029478601456,45.731956774537615],[-123.25008238116226,45.73210360730908],[-123.24994399569272,45.73224065481023],[-123.24990510762406,45.732279166675156],[-123.2495786284088,45.73228072799183],[-123.24927227954069,45.73228219337214],[-123.24894293649632,45.73227809758077],[-123.24859595862456,45.73228058251977],[-123.24858015725871,45.73228069601308],[-123.2478110349838,45.732257359653936],[-123.24738952389292,45.73226724172567],[-123.24702395718299,45.732388106344565],[-123.24656565558966,45.73251114399557],[-123.24616331275031,45.73252057205118],[-123.24601768955455,45.732523984359844],[-123.24573754903489,45.7326664859948],[-123.24547821439552,45.73289124210709],[-123.24538582266855,45.73325393458675],[-123.24556965839986,45.73356878496049],[-123.24561663579765,45.7338454689142],[-123.24566747774779,45.733985608971444],[-123.24575271259688,45.73422053995942],[-123.2457935158737,45.734544651456176],[-123.24561681815564,45.7349093189238],[-123.24535299014322,45.73521692561819],[-123.24524034410153,45.73552538897893],[-123.2451962493975,45.73564613807614],[-123.24530365287119,45.73588454754024],[-123.24530954402283,45.73589762664067],[-123.24550915147559,45.73636577428227],[-123.24557750518387,45.73673652226922],[-123.2455482021393,45.736850807056115],[-123.24547078353149,45.73715274205294],[-123.24531291001018,45.73755834027743],[-123.2450903497036,45.737669938051525],[-123.24474978220971,45.73796160823945],[-123.24466270850922,45.73825916099581],[-123.24479258513637,45.73850435184235],[-123.24481151263942,45.738530174640744],[-123.24501830841108,45.73881230989479],[-123.24513132635529,45.7390578958042],[-123.24516347705931,45.73941320784859],[-123.24516708289684,45.73945304767211],[-123.24524772555823,45.73954979164823],[-123.24547151476013,45.739818265523326],[-123.245580334877,45.74015260200232],[-123.24569621036214,45.74063453112611],[-123.24585452495626,45.74112137439968],[-123.24598359938783,45.74152616013295],[-123.24610029323817,45.74184849263863],[-123.24623075107533,45.74210548838598],[-123.24630359546173,45.74239338390762],[-123.24643405958707,45.74263055210363],[-123.24653470413656,45.742813509218415],[-123.24673842228005,45.74304024879711],[-123.24684674742522,45.743160813004536],[-123.24702021569986,45.74343453179531],[-123.24671641984378,45.743613049023836],[-123.24634319409776,45.74375181985511],[-123.2460526214427,45.74373475923256],[-123.24576756893505,45.74371802146158],[-123.24532770077134,45.74369877292472],[-123.24465738060128,45.74380312393805],[-123.24462206333588,45.74381299080167],[-123.24445252698726,45.74387247844227],[-123.24425027309766,45.74394683555291],[-123.24415509389839,45.744095551984806],[-123.24415806911861,45.744282934601344],[-123.24408744626588,45.74445102066722],[-123.24391578001172,45.744712934338715],[-123.24387731055802,45.744967976041714],[-123.24389299154961,45.74529637639222],[-123.24389619853517,45.745363521769065],[-123.2439600409041,45.74563980939105],[-123.24383360841775,45.74599738459003],[-123.24372713919196,45.74641950445471],[-123.24308882240221,45.74648763455544],[-123.24258503461446,45.74642926992885],[-123.24257950368728,45.74642862926168],[-123.2420381456594,45.7464058316596],[-123.24178125264096,45.746506403825066],[-123.24160505528451,45.746882870497714],[-123.24163433137959,45.747319544510404],[-123.24163347438682,45.747369490031645],[-123.24162539044757,45.74783985460467],[-123.24161868362567,45.74823008681345],[-123.2416217756269,45.748615181754616],[-123.2417644801963,45.748899088921284],[-123.24196673408586,45.74913703622932],[-123.24218088616142,45.749309546359086],[-123.24228201310618,45.74944041735653],[-123.24230580678311,45.74954749191734],[-123.24224632034503,45.74958318485459],[-123.24207397406616,45.74956853182876],[-123.24188655854844,45.74955739224188],[-123.24169836778465,45.74954620689346],[-123.24124356153605,45.74956866283844],[-123.24078595613706,45.749709387139866],[-123.24056718492436,45.749788866520014],[-123.24042082690669,45.74984203804555],[-123.23998036315994,45.749988268411975],[-123.23949291213397,45.75004507664622],[-123.23940946493228,45.7500548019955],[-123.23910195274588,45.75015655104933],[-123.23898344789194,45.75027868765506],[-123.23882031114141,45.75044682148472],[-123.23860781106768,45.75042612101998],[-123.23818418624093,45.750384847941106],[-123.23779092896237,45.750281738449786],[-123.23721693064864,45.75028332120225],[-123.23685488443633,45.75048090101221],[-123.23668173236867,45.75074499282502],[-123.23654767408388,45.7509912928524],[-123.23647926468004,45.75115488069666],[-123.236449521461,45.751288725395725],[-123.23642275256383,45.75144041595914],[-123.23639003502286,45.75157426060028],[-123.23638210559386,45.751596727012085],[-123.23633004013833,45.751704043148436],[-123.23631100483743,45.75176828743521],[-123.23630927108893,45.75186288266127],[-123.23636811163837,45.752039547030954],[-123.2364085627756,45.75218469415143],[-123.2363942858508,45.75223704164575],[-123.23627701079046,45.75231784187563],[-123.23619075545518,45.75235055945738],[-123.23612064823548,45.752313184678584],[-123.23604926450973,45.752241801019245],[-123.23600405499644,45.75214186411894],[-123.23584700972184,45.75202527011104],[-123.23574945178365,45.751968163021665],[-123.23564237619505,45.75194436791373],[-123.23552102368164,45.75202289072852],[-123.23549246983202,45.752072859620995],[-123.23540918881865,45.75213234598124],[-123.23524500642914,45.75219183290484],[-123.2350893885775,45.75221943390327],[-123.2350170535359,45.75224989126384],[-123.2349523326146,45.75226702324762],[-123.2348780931446,45.75227463773953],[-123.23478018486347,45.75222941711971],[-123.23474820663597,45.752163177595804],[-123.23471576577613,45.752133654764414],[-123.2346400988831,45.752093679822934],[-123.23457442664595,45.752086541056926],[-123.23444736264396,45.75213936502027],[-123.23437455149524,45.752213604561504],[-123.23433172072079,45.75226071816173],[-123.2342974077719,45.75232972556141],[-123.23429005775624,45.75233607765027],[-123.23426653267558,45.75232159646622],[-123.23419711626032,45.7523256569397],[-123.23414191298947,45.75229710261577],[-123.23400675965834,45.7522552241679],[-123.23391348488747,45.75222096018782],[-123.23382211364665,45.75217146717781],[-123.23371932122532,45.75209722758056],[-123.23365465959283,45.75203919852299],[-123.2336450817553,45.752030602409725],[-123.23360510672514,45.751984917123366],[-123.23350612136397,45.75191067853157],[-123.23341284569476,45.75190496699867],[-123.23327959589375,45.751946846336196],[-123.23321868113433,45.75199443465938],[-123.23320505279312,45.752008064089075],[-123.23317680347242,45.75203631392977],[-123.23311779314139,45.75204773508764],[-123.23301499982175,45.752089614318095],[-123.23291982152077,45.75212958926247],[-123.23274659668958,45.752133395264295],[-123.23264380426825,45.75207248165302],[-123.23256194977957,45.751971592319485],[-123.2324800970875,45.75191829244528],[-123.23246030091357,45.75189240500907],[-123.23245535119636,45.75188593189449],[-123.23239443643695,45.7518497640504],[-123.23229925813595,45.75182692165125],[-123.23206131148521,45.75178123619816],[-123.2319661331842,45.75175839314418],[-123.23187856990191,45.751731743425026],[-123.23176435540171,45.75174126100422],[-123.23162729764219,45.75179265678141],[-123.23141980926944,45.7518497640504],[-123.2313074991977,45.75189544944739],[-123.2310999560277,45.75195144338968],[-123.2310715746546,45.75195910054801],[-123.23104408800356,45.75195869687988],[-123.23086932076501,45.75195612568947],[-123.23068788712877,45.75186689678384],[-123.2305480931009,45.75182822981481],[-123.23041722293702,45.75184607587042],[-123.23023281408057,45.75192935697008],[-123.23011086778075,45.7519977667995],[-123.22991158731476,45.75206022809292],[-123.22964092312301,45.75213458620688],[-123.22940892691268,45.7521910976553],[-123.22925859115495,45.75225068417922],[-123.2288527574624,45.752325129165946],[-123.22853046170138,45.752360119554105],[-123.22847303689686,45.75235943006379],[-123.22841774020122,45.75235431279213],[-123.2283753558895,45.75236295398579],[-123.22794025149175,45.75238325445482],[-123.22781483230503,45.75240884518282],[-123.22774944752877,45.75241647281836],[-123.22767206485356,45.75245453137581],[-123.22762066954121,45.75246404883174],[-123.22756546537205,45.75246024159883],[-123.2275098138419,45.752439190868095],[-123.22747218970284,45.752429784353055],[-123.22741174296567,45.752391452490016],[-123.22733560984702,45.75237505767201],[-123.22726279779998,45.75237934003205],[-123.22720569099907,45.75237934003205],[-123.22714572845386,45.75235792509458],[-123.22707148898384,45.752330799286376],[-123.22700777327736,45.75230436922405],[-123.22691703534883,45.752282112451745],[-123.22686814364117,45.752279475461165],[-123.22684987819652,45.75227855718413],[-123.22683354323138,45.75227773794313],[-123.22679666199907,45.752278927002166],[-123.22675621086184,45.75225870108568],[-123.22670267216922,45.752237286728736],[-123.22665746265591,45.75222063048527],[-123.22656585336155,45.752169472036975],[-123.22650636692343,45.752134969815735],[-123.22642685973258,45.752083349954916],[-123.22614762471473,45.7519592359398],[-123.22597170134443,45.75188103960589],[-123.22568021240775,45.751787343264446],[-123.22554411943884,45.75178318998308],[-123.22544722715232,45.75178023141237],[-123.22533146844818,45.751761235755026],[-123.22526722273567,45.75174267510175],[-123.22516871348161,45.75174267510175],[-123.22506020957171,45.75172411569591],[-123.22495027823881,45.75170841206062],[-123.22490526994812,45.751722700344295],[-123.22486033531932,45.7517369648053],[-123.22478609584931,45.75172697147168],[-123.2247075741103,45.75170841206062],[-123.22466046016861,45.75167272048243],[-123.22455914098433,45.751613810931424],[-123.22450981718703,45.75159130879788],[-123.22440201306472,45.75154212863878],[-123.22427854052721,45.751510971988914],[-123.22420622075697,45.75151353379759],[-123.22414078657336,45.75151234409542],[-123.2241062831816,45.751514723499696],[-123.22408367887411,45.75148260027939],[-123.22408101536932,45.751472615048876],[-123.22407891959976,45.751464754734336],[-123.22405155601786,45.75144928796391],[-123.22401110488065,45.751452857701175],[-123.22397422364834,45.75145523710799],[-123.22389174483052,45.75144726835126],[-123.22380945915049,45.751426697382435],[-123.22366193152631,45.75140290267048],[-123.22350793513381,45.75137683259043],[-123.22310566505801,45.751439368543494],[-123.22296330184838,45.75158263927793],[-123.22272693533422,45.751820505569306],[-123.2224302945594,45.75215245598336],[-123.2221930036788,45.75231162956332],[-123.22192481793891,45.75232726972111],[-123.2216643747785,45.75231839973636],[-123.22138240798385,45.75236836836426],[-123.22112899503882,45.75246830611262],[-123.22093625879968,45.75259679786723],[-123.22083494859857,45.752775779717915],[-123.22082020275316,45.752790683250346],[-123.2207601369017,45.75293779031028],[-123.2207149264901,45.753042486344235],[-123.22068161426438,45.75309959358795],[-123.22060071288823,45.753147183435416],[-123.22050791422443,45.753204290572],[-123.22045318616237,45.753218566563504],[-123.22035086894984,45.75321142794142],[-123.22026282866211,45.75316859807005],[-123.22015813271068,45.75308293760184],[-123.22004153857333,45.75300679499238],[-123.21996777521039,45.752935411593434],[-123.21984166432092,45.752916374960265],[-123.21973916205542,45.752835837601],[-123.2197084145199,45.752811679316544],[-123.21964179006851,45.75276646978753],[-123.21952757556835,45.75275457177821],[-123.21934673661683,45.752702224142496],[-123.21926233899757,45.75267853966534],[-123.21902638930166,45.7525562591311],[-123.21896340572215,45.75254220548674],[-123.21890915286889,45.75254506059385],[-123.21880207728026,45.75255362716791],[-123.21868500883247,45.752512224032664],[-123.21857079343395,45.752437984261874],[-123.21849369911797,45.75236231777436],[-123.2184265985595,45.75229807291773],[-123.21820267191536,45.75209170223004],[-123.21808107236527,45.75197963621901],[-123.21786745838058,45.751718553326256],[-123.21771874138699,45.751611477289046],[-123.2175164874974,45.751480606367544],[-123.2174153596543,45.75133783870827],[-123.21728448949044,45.751195070683806],[-123.217171465258,45.75105230417464],[-123.21697516001224,45.750969023019934],[-123.21681454662932,45.75090358747115],[-123.21671936743004,45.750802460337724],[-123.2163921920204,45.75075487099824],[-123.21605906706864,45.75061805196955],[-123.215922248261,45.75052882217831],[-123.21583301770549,45.75045743874412],[-123.21555224207691,45.75014929795175],[-123.2154094737271,45.75007791465895],[-123.2152881212137,45.75007077626196],[-123.2150946708139,45.750093618753006],[-123.21503899143597,45.75010361300587],[-123.21499616155987,45.75011075139868],[-123.2149561865297,45.75011527212959],[-123.21490859737922,45.750098615879686],[-123.2148633878659,45.75006292452569],[-123.21479795188567,45.75002128385257],[-123.21472359383802,45.75001117111301],[-123.21460462096181,45.750026042161366],[-123.2145540574894,45.75004388879328],[-123.21449457105129,45.750094452443264],[-123.21438154681888,45.75009207235154],[-123.21432539133382,45.75007493970014],[-123.21427494643905,45.75007874709576],[-123.21423592362311,45.75008065142031],[-123.21419975655145,45.750079699258045],[-123.21413408251766,45.750070181395515],[-123.21410552866803,45.75008065142031],[-123.21407983146102,45.750099686513394],[-123.21404651833701,45.750121577457854],[-123.21402653082197,45.75013395116891],[-123.21399702565644,45.75014251685941],[-123.21397132665281,45.75014251685941],[-123.21389899161119,45.75015298687065],[-123.21387614925013,45.75016631210871],[-123.21385520952087,45.75018058887731],[-123.21382760788543,45.75018915456062],[-123.21379334344556,45.75018725149345],[-123.21374004370482,45.75018058887731],[-123.21368674396405,45.750178684556175],[-123.21365533526844,45.75018534717252],[-123.21362678141882,45.75019581717573],[-123.21359632493744,45.750219611775506],[-123.21357913836944,45.75024453090369],[-123.21357728873825,45.75024721312242],[-123.21356206049754,45.75026815247681],[-123.21354112076828,45.75027481508249],[-123.21350971207268,45.75027386292353],[-123.21347287395952,45.75025542964956],[-123.21333939239314,45.75022656899861],[-123.21323231680454,45.75020753394886],[-123.21311810230435,45.750188497638874],[-123.21299437105208,45.75022181008008],[-123.21291346877759,45.75020515386196],[-123.2128325665031,45.750219430620675],[-123.2127064547153,45.750224190166215],[-123.21261127641434,45.75020515386196],[-123.21246613022399,45.75016708311446],[-123.21236143337426,45.75011235484155],[-123.21218297316159,45.75008380189258],[-123.21205448263493,45.75005524830221],[-123.21167852780705,45.750062386074305],[-123.2116142829929,45.750050489369016],[-123.21150720650596,45.750043350341706],[-123.21143344314304,45.75003145363237],[-123.21135968067841,45.75002907479165],[-123.2112859173155,45.750043350341706],[-123.21123356889063,45.75010283698458],[-123.21113125167807,45.7501694619493],[-123.21102655572668,45.75020039556844],[-123.21098634623625,45.75020735467448],[-123.21092082581436,45.750207121492394],[-123.2108651455381,45.750195700584705],[-123.21079661755664,45.750164291195944],[-123.21073808243442,45.75014430396378],[-123.21070239146987,45.750141448733864],[-123.21064385544933,45.75015858073801],[-123.21058817607137,45.7501785685919],[-123.21052393035889,45.75020569419245],[-123.2104796730598,45.75024566923255],[-123.21042532768006,45.75027068738868],[-123.2102936813718,45.750276538245714],[-123.21022705692043,45.75029081561297],[-123.21012236096901,45.75032650682119],[-123.21002004285815,45.75040740822954],[-123.20999624918122,45.7505240018562],[-123.2099391423803,45.7506643902763],[-123.20989869124305,45.75080001947404],[-123.20985110119425,45.750916613534216],[-123.20978209710569,45.75112362604618],[-123.20975830253045,45.751242600099935],[-123.20972645455868,45.75132225594074],[-123.209684814052,45.75137341453885],[-123.20965031245686,45.75139007040832],[-123.2096086710519,45.75139482985408],[-123.20954323596997,45.75137698428097],[-123.20945082358175,45.75135170899741],[-123.20923779619696,45.75129613755782],[-123.20896073779701,45.75125196857896],[-123.20886889763563,45.75123302727533],[-123.20882892260549,45.75120732819475],[-123.20877942992492,45.751187816467564],[-123.208748020331,45.75117068540613],[-123.20870423824067,45.751156884022464],[-123.2086385651052,45.75114784147542],[-123.20856242210508,45.751150221522074],[-123.20852958598651,45.75115926344194],[-123.20846438895815,45.75115926344194],[-123.20839025908258,45.751159225832595],[-123.20830538086464,45.75114988115726],[-123.20815568560569,45.75110155935735],[-123.20800221023602,45.75109085195791],[-123.20785587377794,45.75113011366611],[-123.20775236809428,45.7511836512319],[-123.20766313753877,45.75127287997625],[-123.20754557861082,45.75132097534545],[-123.20753094505483,45.751322907207744],[-123.20745630583448,45.75137127394711],[-123.2073792115185,45.75139554380224],[-123.20731496580602,45.751386978304076],[-123.20723787059171,45.75128704049985],[-123.20719228827757,45.75114398776783],[-123.20717361230281,45.75111172956709],[-123.20702208268403,45.75095514824789],[-123.20699042515513,45.75092481805316],[-123.20688119001656,45.750820160670784],[-123.20672652527749,45.75075829472916],[-123.20657423927723,45.75069880815803],[-123.20639815960008,45.750686910334764],[-123.20621494011304,45.750705947101544],[-123.20593892286055,45.75079874576187],[-123.20585088347111,45.750924857543126],[-123.2057820051467,45.75098717524075],[-123.20562126510136,45.75107000442841],[-123.20555285659583,45.75110569639204],[-123.20551418951273,45.75118005452404],[-123.20552013815654,45.75128713076215],[-123.2054917343256,45.75140122655353],[-123.20542827823223,45.75148054619291],[-123.20524268000631,45.75165186690214],[-123.2051237071301,45.7517470458914],[-123.20499997497949,45.75180415258019],[-123.20480010072708,45.75179939442299],[-123.20456691335069,45.75171849189822],[-123.20437179747434,45.75165662632557],[-123.20416402253903,45.75158429846533],[-123.2040386725226,45.751487287633054],[-123.20393635620837,45.75140400650063],[-123.20376979328333,45.75129931115387],[-123.20371030684521,45.751292172286256],[-123.20361512854421,45.75123744448971],[-123.20352946879201,45.751185096057874],[-123.20346921429432,45.75117918888207],[-123.20332419027483,45.75114795994496],[-123.2032028368631,45.75114082105802],[-123.20309576217282,45.75112654453499],[-123.20300653161732,45.751119405645326],[-123.20290302593368,45.751108698249304],[-123.20276382659048,45.7510765754221],[-123.20269958087802,45.75105159147571],[-123.20258893628278,45.75100876120045],[-123.20246401476275,45.75096593089237],[-123.20227127852358,45.750933807982996],[-123.20214992511185,45.750901685055126],[-123.20187866713373,45.75091596226246],[-123.20148605574384,45.751083714317296],[-123.20123877829222,45.75126666817446],[-123.20114441116993,45.75130246406463],[-123.20092457365699,45.7516769120079],[-123.2008587406214,45.751741087376104],[-123.20042004386079,45.752168732399426],[-123.20032452150507,45.752406842528735],[-123.20019569141523,45.75272797393279],[-123.19999377978375,45.75277838534484],[-123.19896310313243,45.75295065731751],[-123.19857644128467,45.752879273219946],[-123.19834444417604,45.752706762840845],[-123.1979161409233,45.75251045768874],[-123.1973748125398,45.75248071377788],[-123.19685728052823,45.75261753262809],[-123.196738307652,45.75280788965784],[-123.19676210222724,45.75296255465821],[-123.19685728052823,45.753075579581974],[-123.19683348505465,45.753230243840505],[-123.19669666714532,45.753271884626706],[-123.19654291689118,45.75325777913823],[-123.19625164085527,45.75301266875424],[-123.19578170877392,45.75275360963265],[-123.195599629249,45.75262870169087],[-123.19546161927528,45.75259538880583],[-123.19514039250944,45.752547799114645],[-123.1949238607967,45.75249783064739],[-123.19476205804438,45.75245262149097],[-123.19456694216804,45.75240979103726],[-123.19427664888904,45.75230747444051],[-123.19409818777805,45.752228951399296],[-123.19379123793706,45.752195638902464],[-123.19353901525979,45.75215994763585],[-123.19333914010907,45.75208142564072],[-123.19317495771955,45.752026697364435],[-123.19286086806866,45.75197197028814],[-123.1925015698028,45.75192914009235],[-123.19221413047144,45.751900425727854],[-123.19212912199777,45.751884502757065],[-123.19201611303671,45.75186333522159],[-123.19140694747625,45.75181267915181],[-123.1912074406348,45.75184228928028],[-123.19104980067547,45.75184228928028],[-123.19089811025829,45.751877982003684],[-123.1907464198411,45.75194044217752],[-123.19041627010955,45.75205049243727],[-123.18984222418514,45.75228249041831],[-123.18951203313107,45.75241574760069],[-123.18902707672665,45.75254140944147],[-123.18857537505569,45.752754928430164],[-123.18834865734597,45.7528873853102],[-123.18804892097671,45.75306250450544],[-123.18747472952518,45.75319571657622],[-123.18692128376686,45.753208401125256],[-123.18668449863773,45.75311927513664],[-123.18650502332882,45.75305171913199],[-123.18602632997853,45.75297034079912],[-123.18551112370518,45.75295444007167],[-123.18486088267838,45.753154023081954],[-123.18440872735822,45.753358301350204],[-123.18426572095487,45.753525824178254],[-123.18407103806649,45.75375388164271],[-123.18393488580878,45.75422795815957],[-123.18364860710076,45.75459465697244],[-123.18311909246158,45.75483763812619],[-123.1828856005563,45.754928033108186],[-123.18253600229887,45.755063373654856],[-123.181707436705,45.75568256954969],[-123.18139505115819,45.75605522062023],[-123.18125757119047,45.75621922358297],[-123.18082157117242,45.756487758316474],[-123.18052112872729,45.75667934563869],[-123.18043081390528,45.75673693740701],[-123.18038599605742,45.75676551640997],[-123.1796993319391,45.75731681165086],[-123.1790720922751,45.75772822627742],[-123.17859352289233,45.75793308383812],[-123.17787129087861,45.75800498793782],[-123.17729358881098,45.75806435265383],[-123.1771941551905,45.758052373670346],[-123.17684251236749,45.75801001005269],[-123.17611554802886,45.757980432026955],[-123.17522628596616,45.75814847559289],[-123.17455002254216,45.758357825977555],[-123.17429289326684,45.7585022083373],[-123.17406794883149,45.758635665639694],[-123.17392058919228,45.758723090626134],[-123.17309132021751,45.75904673523948],[-123.17261100540816,45.75921466842298],[-123.17244190833571,45.75926910636753],[-123.17236404057024,45.75929417375091],[-123.17170178906807,45.759521656120654],[-123.17152599864843,45.75974515221006],[-123.17146511982163,45.75982255035767],[-123.17127193711976,45.75977495742867],[-123.17100672749845,45.75976586990022],[-123.17082999833934,45.75980015557043],[-123.17068271505693,45.759886721999514],[-123.17061065489979,45.75996401278095],[-123.17023836340165,45.759976273379756],[-123.17004287831772,45.76000752808621],[-123.16985215879639,45.760038021933376],[-123.16974079105734,45.76002041665218],[-123.16945476208097,45.75997520356226],[-123.16902703913992,45.75984120859979],[-123.16865505486561,45.75971983809897],[-123.16854810504113,45.759650353496916],[-123.16846244439058,45.75959324606268],[-123.16835203784892,45.759558981574116],[-123.16827399042042,45.75951139218065],[-123.16823211275847,45.75945809324017],[-123.16815025916812,45.75943905695184],[-123.16806840557773,45.759385756688786],[-123.16801891289715,45.759332456374814],[-123.16798274492719,45.75930200037269],[-123.16795895035195,45.75928915049813],[-123.16787614454738,45.75926059723021],[-123.167827604081,45.75924774859959],[-123.16778762905084,45.75923347101678],[-123.16775479293227,45.75920349002381],[-123.16771767274808,45.75918635766248],[-123.16763343952054,45.75918207519808],[-123.16755777262752,45.75917922043049],[-123.16749495523635,45.759166370527694],[-123.16745113631508,45.75914470060727],[-123.16742732916344,45.75913292679755],[-123.16697944533244,45.7589195005255],[-123.16674154269913,45.75880009096004],[-123.16636132806018,45.758525056778566],[-123.16625816283799,45.7582815464143],[-123.16624747288611,45.758285132636615],[-123.16624999715205,45.75823657885218],[-123.16611142842622,45.757979688079175],[-123.1657816137663,45.75778624628584],[-123.16539982617729,45.757564435204195],[-123.16520304482441,45.75732659652812],[-123.16500361523806,45.7571117888711],[-123.16496997872056,45.75706736815147],[-123.16495238162247,45.75704412989738],[-123.1648691006091,45.75699654023927],[-123.16484768567103,45.75693467487656],[-123.1648738598835,45.75681808085359],[-123.16495476036133,45.75668483104912],[-123.16502614498538,45.75661582652746],[-123.1650482085071,45.75659376326367],[-123.16509514907393,45.756546822547236],[-123.16506421558715,45.75638026021569],[-123.16503187713522,45.75623493785757],[-123.16505817801011,45.75602377378917],[-123.1649549993132,45.75580153827232],[-123.16474546547654,45.75565263929768],[-123.1644449718275,45.75550768484134],[-123.1643827536126,45.75547767113457],[-123.16434890688933,45.75535462015833],[-123.16431167082249,45.75521924459166],[-123.16394732043145,45.75500885263294],[-123.1636284265904,45.754868347277494],[-123.16345603180257,45.75483184666478],[-123.16304863504145,45.754745587038315],[-123.16258614550223,45.754785640308405],[-123.16246276010133,45.754794632750325],[-123.16215725744625,45.75483896439582],[-123.16176464605638,45.75477471862947],[-123.16143866091451,45.754658125734544],[-123.16118405770175,45.754567705870706],[-123.16099608073696,45.7544891835025],[-123.16088861707615,45.75440884271668],[-123.16074948331,45.75431248927973],[-123.16061821339585,45.75422158121454],[-123.1600294548637,45.754087189466674],[-123.15959971161155,45.75416241799719],[-123.15929248149615,45.7542161989821],[-123.158757641644,45.75433470826191],[-123.15850536596614,45.75437336346576],[-123.1583563058161,45.75443719288147],[-123.15799272438295,45.754458132544286],[-123.15772432035244,45.75441815738737],[-123.15757774673914,45.75437247092149],[-123.15744259250967,45.75433440050943],[-123.1572864994493,45.75431155724686],[-123.15714563552791,45.75425064287899],[-123.15702951839596,45.75418021065615],[-123.15698763983573,45.75410597185058],[-123.15694183204444,45.75405461581117],[-123.15653398612567,45.75385616800892],[-123.15638468343049,45.75373132521418],[-123.15622525941704,45.75361711196117],[-123.15588023807595,45.75349337931523],[-123.15563753304913,45.75345054903343],[-123.15553997511095,45.75345292835513],[-123.15532582393374,45.75343627247447],[-123.1550402890308,45.75352193365391],[-123.15493774813773,45.75357589389281],[-123.15484863436323,45.75360179496448],[-123.15461674415413,45.753655182862545],[-123.15435262418923,45.753686116430146],[-123.15417957722447,45.753664485123146],[-123.15416226668894,45.75366232142787],[-123.153971910087,45.753643285669455],[-123.15383628154707,45.75365994211509],[-123.15358881634754,45.753747981633545],[-123.15354062083425,45.753796887193836],[-123.15349283854596,45.753879640130485],[-123.153449618801,45.7540870559604],[-123.15338418371911,45.75419710574806],[-123.15325747724656,45.75434046843554],[-123.15320393945228,45.75435950395614],[-123.15308079569819,45.75436079325674],[-123.1530171509586,45.75434998619665],[-123.15288628079477,45.75435950395614],[-123.15276492828136,45.754385677943084],[-123.15265071467948,45.754414231825166],[-123.15250556759082,45.75447609747501],[-123.15236993815259,45.754514168417195],[-123.15217720191345,45.75454034358514],[-123.15204157247524,45.754518927596536],[-123.15197494802385,45.75448561521299],[-123.15190886884989,45.75444665609572],[-123.15160254872787,45.754425823609076],[-123.15122085007208,45.75438717596299],[-123.15076964337287,45.754279595467224],[-123.15070012454967,45.75426301943534],[-123.15027625897442,45.754225321887716],[-123.1498496786904,45.754311793545746],[-123.14968012796874,45.75440830430722],[-123.1494712543938,45.75452719614475],[-123.14925687684115,45.754638419657205],[-123.14924349194342,45.75463832375925],[-123.14885994275812,45.75463556904466],[-123.1486642402819,45.754665859615834],[-123.14845756937608,45.75469784812596],[-123.14802390857098,45.75481402287448],[-123.14768356296098,45.75493990934361],[-123.14731247340868,45.75494828876952],[-123.1468156906835,45.75497723472804],[-123.14629387909788,45.75501265217059],[-123.14573724342198,45.755025214711495],[-123.14530112841955,45.755088244238785],[-123.14512728015755,45.75520415868875],[-123.14498107485349,45.75540136193633],[-123.14497171530653,45.75541398581363],[-123.14466833447214,45.75566977901172],[-123.14445418239664,45.75578875152226],[-123.14416864659536,45.75579469957704],[-123.1440848768985,45.75576439959023],[-123.14406871261325,45.755758552442394],[-123.14388906033622,45.75569357253133],[-123.1436689605152,45.75570547054084],[-123.14337747696844,45.7557709061006],[-123.1427885603328,45.75604454362929],[-123.14255656232584,45.75620515707217],[-123.1425263573727,45.75625801725021],[-123.14249365959468,45.75631523966209],[-123.14246138402484,45.756371719299594],[-123.14240784533223,45.75645500116703],[-123.1421758491219,45.75657992248157],[-123.14192005564139,45.75663346046032],[-123.14168805943106,45.75664535701595],[-123.14108724550778,45.75674053626383],[-123.14060855036085,45.756920682503605],[-123.14038312083524,45.757013461429075],[-123.14018447368151,45.75728388325747],[-123.1401468917633,45.75756840755111],[-123.14017893017791,45.758081853259036],[-123.14014854735836,45.758334775030036],[-123.13983445950413,45.758577480428514],[-123.1396515652072,45.758599428214694],[-123.13934505733734,45.75863620964902],[-123.13929907976444,45.758641726204],[-123.13896357607383,45.758691694184044],[-123.13868517918412,45.75880590895928],[-123.13852813480784,45.7589986452748],[-123.13843533614404,45.75921279637346],[-123.1383335121066,45.75929643813158],[-123.13823546099333,45.75937697932858],[-123.13775005093967,45.75954116180059],[-123.13723608703637,45.75971962250503],[-123.1366155245499,45.75972817230957],[-123.13601040050989,45.759789056882745],[-123.13586824211619,45.75992497538752],[-123.1357192152038,45.76006746036272],[-123.1355137273792,45.760373486368024],[-123.13527151912072,45.76061532680376],[-123.13518680259953,45.76067731656245],[-123.1350581665458,45.76081726769047],[-123.13494395294396,45.76094218926656],[-123.13486532071217,45.76101811047345],[-123.13481831726324,45.76105743413599],[-123.13479618816454,45.76108955685869],[-123.13479761558752,45.761118111070765],[-123.13481117925,45.7611395257802],[-123.13481688894194,45.76117307610179],[-123.13483041307855,45.76124084475688],[-123.13483330834872,45.76132766214099],[-123.1347405087866,45.761402615186576],[-123.134529926616,45.761466860216004],[-123.13426937565774,45.761456152925106],[-123.13414445413771,45.76139190725668],[-123.13409400475135,45.76136119856187],[-123.13406236249378,45.76134193856125],[-123.13395992221204,45.761349822552916],[-123.13388378370351,45.76137128542992],[-123.13376481082727,45.76142482382523],[-123.13362501679939,45.76140697707246],[-123.13350084447431,45.76135265214111],[-123.13348224934794,45.76134451683973],[-123.13335137828575,45.76130882515722],[-123.13327404591618,45.761329645046985],[-123.13324121069593,45.76136593772931],[-123.1332175346983,45.76139210654979],[-123.13312533071922,45.761433746886105],[-123.13304903320888,45.76143919673356],[-123.13295638905532,45.76143279491753],[-123.13292519146383,45.761420939491906],[-123.13288500443129,45.76140566850676],[-123.1327864951772,45.761391391476096],[-123.13262516673534,45.761414234347335],[-123.13255521222922,45.761435650196496],[-123.13247616497577,45.76150081456653],[-123.13241446598714,45.761525951138395],[-123.13230441607662,45.761576514412866],[-123.13206349600225,45.76162410329833],[-123.13198318931079,45.761671692769966],[-123.13187016507838,45.76165384672284],[-123.13179878045433,45.761570565720966],[-123.13171549944096,45.76145159300364],[-123.1316351927495,45.76140400334427],[-123.13150432168734,45.76133559376458],[-123.13136452945609,45.76129990207636],[-123.1311871651881,45.76127421264516],[-123.13108881134258,45.761282517794946],[-123.13069102116509,45.761261892794195],[-123.13049388407936,45.76117390962655],[-123.13042963836688,45.761123940735835],[-123.13031542386669,45.76108111067012],[-123.13009413467626,45.76101329607104],[-123.12990853645036,45.76092049747419],[-123.12963370856725,45.760849112917114],[-123.12942669540328,45.76078486780313],[-123.12910546863748,45.7606528075779],[-123.12899125413732,45.760567147316976],[-123.12886276361064,45.76054573176118],[-123.12879851699982,45.76064566928008],[-123.12881923215029,45.760678091810036],[-123.12888060864374,45.76077415975468],[-123.12886990162387,45.761041849695424],[-123.12885093100172,45.76107519326098],[-123.12875211811709,45.76124886287869],[-123.12865574954837,45.76144516800089],[-123.12854510495313,45.76161649008211],[-123.12844942718884,45.76184000284849],[-123.12841253338014,45.76201677350832],[-123.1284035268711,45.76231843076776],[-123.12838211283133,45.76258968921781],[-123.12829288227586,45.76283596329138],[-123.1282964521808,45.76295731635994],[-123.12830358929573,45.76309651412916],[-123.12817153066075,45.76322857483711],[-123.12799307134644,45.763310666420146],[-123.12788242495454,45.76334992642498],[-123.12768304926715,45.76340573841577],[-123.12760391128386,45.76354732962453],[-123.12727858999702,45.764003771557384],[-123.12713775931329,45.764432440596295],[-123.12699369020295,45.76479026200216],[-123.12685339491512,45.76523073825637],[-123.1267807652261,45.76554641848418],[-123.12679834345958,45.76565062776055],[-123.12686306527917,45.76572677066416],[-123.12692397824195,45.76578578124896],[-123.12694491797123,45.76587715300079],[-123.12688781117029,45.765934260269646],[-123.12681357259858,45.76599327063495],[-123.12673933312855,45.766031341239284],[-123.12661560007965,45.76604657085236],[-123.12652042267699,45.76605799164945],[-123.12633808892882,45.766137218390966],[-123.12631079182228,45.76615769181898],[-123.12623876669943,45.766248134261375],[-123.12611605144171,45.7664022042906],[-123.12592548463398,45.766728995877955],[-123.12580816016632,45.76692025288549],[-123.1257811235712,45.76705308220741],[-123.12574400518366,45.76711875637044],[-123.12569118065167,45.767155874962334],[-123.12565190451082,45.767157229138135],[-123.12556697239398,45.76716015869465],[-123.12547131798591,45.76721012719215],[-123.1254584693824,45.76726295125227],[-123.1254584693824,45.76734004570282],[-123.12544867594917,45.76740957837895],[-123.12544419245758,45.76744141044316],[-123.12541421118497,45.76749566239527],[-123.12536851658142,45.767519548001104],[-123.12530465444956,45.76762151336102],[-123.12528524455121,45.767658893552834],[-123.12525788096934,45.76768744690924],[-123.1252205236299,45.767729325055235],[-123.12521148118827,45.76782878662263],[-123.12523860671661,45.76790588154443],[-123.12521719267684,45.76797583774645],[-123.12515580181035,45.76805293246496],[-123.12506012404607,45.76813099083724],[-123.12500730939558,45.76825657405152],[-123.12487258635744,45.769004235425484],[-123.12461158534325,45.76976063242826],[-123.12440700930864,45.7702734608914],[-123.12409167818603,45.77076512615376],[-123.12399029342474,45.77113380662009],[-123.12359216817568,45.77110725450453],[-123.12312736277966,45.77109992267215],[-123.12274961581282,45.771149739136554],[-123.12240768916789,45.7714292388599],[-123.12238288219132,45.77145309333131],[-123.1221811735791,45.77164705919268],[-123.12224311241793,45.77189388791533],[-123.12247431990745,45.77214875277818],[-123.1227091143699,45.772297159722356],[-123.1228634907498,45.772328553520715],[-123.12307565844687,45.77237170077539],[-123.12304111103765,45.77242725999888],[-123.12300485233783,45.77248557237396],[-123.12279278255716,45.772649881060445],[-123.12290345679679,45.77285425149288],[-123.12301417056229,45.772898262392836],[-123.12349434433617,45.773044684853005],[-123.12360144867084,45.77310022022277],[-123.12375132538949,45.77317793506054],[-123.12389409284096,45.77326835484192],[-123.12390837066408,45.77334449737223],[-123.12388457519053,45.77339208624424],[-123.12384174531444,45.77348726511962],[-123.12384174531444,45.77358720138545],[-123.12379415616392,45.773658585933994],[-123.12362759413719,45.7737347285581],[-123.12339916513687,45.773810871704825],[-123.12332656329559,45.77383089933265],[-123.12312314878267,45.77388701412101],[-123.12305710284635,45.77390862443044],[-123.12286782422272,45.773970556185006],[-123.12258859010318,45.77409645519802],[-123.12237050071178,45.77431408529039],[-123.12207243700554,45.774444856294956],[-123.12175978825238,45.77464088315562],[-123.12166191500553,45.77470224768828],[-123.12154363293376,45.775071303123234],[-123.12147484983078,45.775293795838635],[-123.12144471045468,45.77539128657296],[-123.12129527570715,45.775545944738745],[-123.12112871457876,45.77573927608442],[-123.12102163809185,45.77582255723683],[-123.12090538531429,45.775839164456464],[-123.12089671657179,45.77584040313708],[-123.12070041132601,45.77584932577184],[-123.12053087497739,45.77595045325143],[-123.12052492543526,45.77605455537474],[-123.12063497534578,45.776128913467645],[-123.12073438471175,45.77618571889881],[-123.1208343097107,45.77624281874638],[-123.12092645979085,45.776295475110786],[-123.12110194478329,45.776328192417246],[-123.12131312163861,45.77631926985911],[-123.12150050481698,45.77638173149514],[-123.121562965577,45.77647096004471],[-123.121562965577,45.776551267810184],[-123.12159270969435,45.77675352191971],[-123.12161352904938,45.77689628971136],[-123.12160163266007,45.7770896207612],[-123.12156891422082,45.77719074787117],[-123.1215402606582,45.7772602156387],[-123.1214332856809,45.77732756690522],[-123.1212000983045,45.77740370953204],[-123.12102877700339,45.777579789937285],[-123.12103829465381,45.77788436032269],[-123.12119533903012,45.77821272611747],[-123.12130804795386,45.77834752525798],[-123.1213349758528,45.77845640009231],[-123.12139997345521,45.77849826138139],[-123.12150466940663,45.77859343968663],[-123.12147135628261,45.77867434146288],[-123.12143804405696,45.77886945754458],[-123.12130003587984,45.77892656466822],[-123.1212647805982,45.77895113642007],[-123.12114299060524,45.77903601977289],[-123.12108112542828,45.77917402840376],[-123.12110492000352,45.77934534991649],[-123.12114775077795,45.77942625122829],[-123.12123341053018,45.77952618875475],[-123.12135053916514,45.77962145113629],[-123.12132383045511,45.77986883159576],[-123.12130479425592,45.77997352721654],[-123.12122389287974,45.78008298214548],[-123.12114775077795,45.7803352052438],[-123.12102401862734,45.78042562532378],[-123.12095263490161,45.78045893788191],[-123.12090616145869,45.780588506647234],[-123.12073893378036,45.78075682605767],[-123.1206966087574,45.780946282675835],[-123.12070398123097,45.7811061515847],[-123.12068970340783,45.78118824191705],[-123.1206425535335,45.78118824191705],[-123.12062082149016,45.78118824191705],[-123.12056835179271,45.78118824191705],[-123.12030423182783,45.781073433949196],[-123.12016384311524,45.781056777542965],[-123.12004011096462,45.78106867452904],[-123.1199711068761,45.78108533030522],[-123.11986403038915,45.78108295153543],[-123.11973078148642,45.78106629513199],[-123.11959039277386,45.7810210859431],[-123.11938576014535,45.78095208082381],[-123.11917675272149,45.78088134838919],[-123.11908171725261,45.780849186944245],[-123.1188986989882,45.78078019602148],[-123.11869374745783,45.78056777726885],[-123.11853629165316,45.780425030780904],[-123.11851158798282,45.78039793615938],[-123.11842564705793,45.78030367749719],[-123.11837210836529,45.7802144481892],[-123.1183671541565,45.78019165687119],[-123.11835426243388,45.780132356423046],[-123.11838281538517,45.78001100438187],[-123.11838638529011,45.77995032732244],[-123.11835426243388,45.77988608290547],[-123.11828287960644,45.779857528276096],[-123.11804346331185,45.779823875168695],[-123.1176588936404,45.77981215646981],[-123.11749286251802,45.779771444544195],[-123.11736785026814,45.77980319249361],[-123.11708720938687,45.779874463206696],[-123.11702896531878,45.779891822272724],[-123.11681070614578,45.7799568717347],[-123.1166679386943,45.77996401006744],[-123.11663213184708,45.779965715398355],[-123.11644307870058,45.77997471756486],[-123.1161896666539,45.78005324040277],[-123.11601477544784,45.78007822452021],[-123.11578991725077,45.78020671534331],[-123.11570562293775,45.78032613171501],[-123.11570425749854,45.780328067585046],[-123.11551865927261,45.78042443623805],[-123.11532235312853,45.780460127593365],[-123.11526324577947,45.78046156978175],[-123.11517601667045,45.78046369672765],[-123.11505109425207,45.78049581955233],[-123.11504231861007,45.78050117043103],[-123.11490475779397,45.780585049663074],[-123.1147869742872,45.78064929452763],[-123.11459733723578,45.78076104672288],[-123.11448585091914,45.78078233235255],[-123.11431524647361,45.780830729313735],[-123.11417485776101,45.78085214334713],[-123.1140225726591,45.78091401037992],[-123.11387266629605,45.78096159905721],[-123.11380842058357,45.780987773720845],[-123.11367517168085,45.78094732264624],[-123.11359902868075,45.7809282874259],[-123.11346339834422,45.780930666828795],[-123.11336584130434,45.7809520814503],[-123.11323497024219,45.78094018443935],[-123.11313503266682,45.7809282874259],[-123.11305175255178,45.78089973333022],[-123.11296609100292,45.78085214397363],[-123.11285425703824,45.78083548750125],[-123.11276347329563,45.78079005196233],[-123.11275051150439,45.78072793670171],[-123.11275051150439,45.78068272723846],[-123.11272464271917,45.78063804461799],[-123.11269816397785,45.78059230757542],[-123.11261964223887,45.780518543711246],[-123.11246735623864,45.780447160426064],[-123.11233172769873,45.780406709585705],[-123.11227224126063,45.780359119808296],[-123.1121794416985,45.78030201227235],[-123.11207236610989,45.78027583853979],[-123.11196528962297,45.78024490655743],[-123.11182014253431,45.780247285362975],[-123.11169307943061,45.78023824377121],[-123.11164358675006,45.780251568716345],[-123.1116036117199,45.780251568716345],[-123.11155031197916,45.78027821859703],[-123.11151224047909,45.78032961502804],[-123.11144180806924,45.78038101141167],[-123.11133140152756,45.780390529116055],[-123.11125335499737,45.780394335696194],[-123.11112962284676,45.780413372351795],[-123.1110144570307,45.7803902910482],[-123.11100589069618,45.78036744780301],[-123.11095021131823,45.78033746689095],[-123.11086597898897,45.7803289014501],[-123.1108031615978,45.78033032860598],[-123.11072463896049,45.78030463039674],[-123.11067038790384,45.78027036609931],[-123.11061899079486,45.780301775457076],[-123.11056902200721,45.780318907598776],[-123.11054510975264,45.78032283384436],[-123.11047336759911,45.780334611952966],[-123.11036914685647,45.780340321828746],[-123.11022352366071,45.78035174408457],[-123.11014500192172,45.7803574545851],[-123.11006219701548,45.78036173793001],[-123.10997653636491,45.780368876210915],[-123.10990658006217,45.780373158928434],[-123.1098080708081,45.78037030336577],[-123.10974276777854,45.78036401899737],[-123.10953942602913,45.780391885476504],[-123.10946928108018,45.78042690775709],[-123.1094123656204,45.780433002290685],[-123.10932813329116,45.78045013501857],[-123.10921677363696,45.780492965248996],[-123.10914967397683,45.780541505301656],[-123.10908685568732,45.78057577005897],[-123.10904830808016,45.78059575766773],[-123.10903688779796,45.780620028594356],[-123.10903746361804,45.780642509623895],[-123.10903831432263,45.78067570740451],[-123.10903260373235,45.78071710968922],[-123.10904402491289,45.78078421056967],[-123.10904688155549,45.78081990232116],[-123.10904688155549,45.7808627335205],[-123.1090283205651,45.78093411690018],[-123.10902974888639,45.780992651554115],[-123.10899262870221,45.781079740164664],[-123.10902951083283,45.78119086062633],[-123.10905628062831,45.78131280901837],[-123.1090576802035,45.781345721349815],[-123.1090622283738,45.78145260124788],[-123.10905925405189,45.781535882638096],[-123.10909197159286,45.78164295888646],[-123.10919607285956,45.7817500336762],[-123.10933884120934,45.781830341356404],[-123.10941022493509,45.781898750235044],[-123.1094191479008,45.78204449188992],[-123.10935073759865,45.78213372202807],[-123.10925555929767,45.7821932089163],[-123.10894325549759,45.782187259917066],[-123.10875884664108,45.7821932089163],[-123.10858336164868,45.78223484938703],[-123.10843167123146,45.78231515699538],[-123.10831864699905,45.782282438816374],[-123.10825630571496,45.782256978940346],[-123.1082277967811,45.78226753689677],[-123.10809569143376,45.78231646507058],[-123.1079112834756,45.78223913321419],[-123.10776851602411,45.78211421109173],[-123.10774271281589,45.78209666540153],[-123.1076197990305,45.78201308414039],[-123.1074591856476,45.782060673759034],[-123.10737127112401,45.78215210405025],[-123.10731046865399,45.78221533848609],[-123.10726556277126,45.782240114271936],[-123.10713795798348,45.78231051608456],[-123.10701840299893,45.78239739840674],[-123.10686560585732,45.7825084373069],[-123.10679888528624,45.782572257088],[-123.10673099331198,45.78262883293208],[-123.10665611783475,45.78269122986516],[-123.1064836062659,45.78282804981123],[-123.10613858402652,45.78319686666068],[-123.10590468877766,45.783470212431446],[-123.10576128531899,45.783723706949296],[-123.10569496359987,45.78395546736319],[-123.10558788890957,45.78413392827059],[-123.10545225857304,45.784241003287946],[-123.10520241553294,45.784315956241514],[-123.10493115755482,45.78435164761142],[-123.10477775225374,45.78435397299355],[-123.10469559054124,45.78435521774952],[-123.10442790067141,45.78436592503003],[-123.10416021169986,45.784373063424745],[-123.10392821369292,45.7843445104669],[-123.10374618537196,45.784287403254375],[-123.10365196557338,45.78422262696607],[-123.10363197087177,45.78420888011524],[-123.10348206540706,45.784166050233615],[-123.10328575926296,45.78416961975709],[-123.10319652960581,45.78419817280451],[-123.103207237524,45.78430524895135],[-123.10332502103078,45.78441946265484],[-123.10341489118676,45.784527307654756],[-123.10343209661939,45.784547954122786],[-123.10347288192992,45.78461364088702],[-123.10358128882179,45.784788236401134],[-123.10359951114734,45.78481438170469],[-123.10349448910745,45.78510629165742],[-123.10343834260557,45.78533617640362],[-123.10343468197075,45.78535116395156],[-123.10341612098038,45.78542715843155],[-123.1035128192308,45.78569686182434],[-123.10355770175735,45.7857773210542],[-123.1036117462015,45.785987528074514],[-123.10356118272908,45.7861094753711],[-123.10358795162624,45.78619870526742],[-123.10368312902891,45.78629388358255],[-123.10380805144725,45.78635336979039],[-123.10398965666172,45.78646133758712],[-123.1040053403483,45.78648954179442],[-123.1041060334068,45.7866706280757],[-123.10413669560236,45.78716045869852],[-123.10415309883946,45.78728073465425],[-123.10418731836359,45.78753165043748],[-123.1041916320736,45.78754361870591],[-123.10429719400094,45.78783658490317],[-123.1043117332338,45.787876933885585],[-123.10355680613702,45.78797114842345],[-123.10341731304474,45.78793160319287],[-123.10303480949845,45.78782316718279],[-123.10280442756068,45.78758597868806],[-123.10195106307509,45.787208953481944],[-123.10148002696428,45.786981372289524],[-123.10130738244476,45.78695284760371],[-123.10115033717017,45.786943329766736],[-123.10102184664349,45.78693619107472],[-123.1009480832806,45.78691001732453],[-123.10093504333592,45.78688812577911],[-123.10092838142975,45.78687194531123],[-123.10092457347127,45.78683958498779],[-123.10091315318907,45.78683101804019],[-123.10085985344833,45.78683482543341],[-123.10080274574908,45.78685100591205],[-123.10075896365875,45.7868614752994],[-123.10073502804802,45.78686351304926],[-123.10060506877586,45.7868247982951],[-123.10052863202665,45.78677819434753],[-123.10047152522574,45.78671918404832],[-123.10041061046633,45.786702051367655],[-123.10037634692473,45.786677305753805],[-123.10030781714666,45.786654463205295],[-123.10024499975547,45.7866601736867],[-123.1001955070749,45.786677305753805],[-123.10008272089601,45.78663875812556],[-123.1000241857738,45.78661306031838],[-123.09997992757637,45.786591645365576],[-123.0999028341587,45.786591645365576],[-123.09986571397452,45.78658165138405],[-123.0998243115214,45.786573085023186],[-123.09971674096107,45.78655522439157],[-123.09967099784849,45.78654477123379],[-123.09922168749281,45.78644208938518],[-123.09883896835088,45.78653963830471],[-123.09883038854157,45.78654033426328],[-123.09861886852985,45.78655748390714],[-123.09837794755715,45.786611021932934],[-123.09823518100401,45.78662589324962],[-123.09811323290756,45.786667534168096],[-123.09802697757229,45.78677460995692],[-123.09798533706561,45.786902505907584],[-123.09794072223703,45.78702445308184],[-123.09789313308653,45.78713152881146],[-123.09787231193489,45.787238604961814],[-123.09791395244154,45.78732188647869],[-123.09794964520275,45.78740219239686],[-123.0979793884218,45.78750926865368],[-123.09799723435323,45.78767583138067],[-123.09799786227562,45.7877060520209],[-123.09792583535614,45.78785958544911],[-123.09792024963168,45.78822864149815],[-123.09791948336876,45.788279318376496],[-123.09780801501842,45.78842953091044],[-123.09730558817833,45.788353383295814],[-123.0972296275362,45.78834187059781],[-123.0966111841755,45.78830237323707],[-123.09575404946064,45.78821496579268],[-123.09527249587448,45.78821379942373],[-123.09480605464636,45.788360040727405],[-123.09438944296703,45.78848744945702],[-123.09433272783157,45.78851464726209],[-123.09376932155335,45.78878482869385],[-123.09332214739146,45.78898382563292],[-123.09289398247925,45.789229678741435],[-123.09230440378526,45.78945545801903],[-123.09191869145677,45.78970627882388],[-123.09143010765519,45.7899239118836],[-123.09087898224524,45.790066097864255],[-123.09030937848988,45.790173231015906],[-123.09006763196547,45.79017856843807],[-123.08966799754671,45.79018738918325],[-123.08925713867846,45.79025555604521],[-123.08885328756776,45.79033307096021],[-123.08880488005202,45.79034236146787],[-123.0884857858867,45.79038486025912],[-123.08817227924241,45.79055133985407],[-123.08776647070273,45.790731673187274],[-123.08725752478861,45.79087291127858],[-123.08674804617353,45.791002339961715],[-123.08640416030299,45.791057197874224],[-123.0857867580897,45.79104125851808],[-123.0854663784352,45.790987073316984],[-123.08519939104792,45.79094191789855],[-123.08474207131317,45.790916535889636],[-123.0846025836108,45.79094188282152],[-123.08431874023553,45.79099346171899],[-123.08429797477942,45.79099723500362],[-123.08428370953273,45.791005746189896],[-123.08392776827108,45.79121813769959],[-123.08355649636076,45.79141542472882],[-123.08351092392809,45.791432639894424],[-123.08319100510931,45.79155348602307],[-123.0826216376109,45.79166648600806],[-123.08195996462375,45.79179333284555],[-123.0812613448273,45.79185007283478],[-123.08080667422435,45.791883713045536],[-123.08038130037772,45.79200535430467],[-123.08020910321925,45.7920834017002],[-123.07998389557751,45.79218547498126],[-123.07961207389825,45.792370941683366],[-123.07918329453842,45.79260493543854],[-123.07873391950406,45.79275664583184],[-123.07826235877712,45.79279064815502],[-123.07793096218398,45.79271822517356],[-123.07764807910773,45.79265640193183],[-123.07736586258146,45.79257986673933],[-123.07694043753088,45.7925123854506],[-123.07656568824211,45.79263289914796],[-123.07626901422965,45.79279897554538],[-123.07596942428579,45.792900108611484],[-123.07574794555079,45.793235912819085],[-123.07569684937744,45.793603435050855],[-123.075669746307,45.79394088292691],[-123.07552130779113,45.79421007662496],[-123.07518613018895,45.79445972983774],[-123.07504947038309,45.79459024001397],[-123.0748902862198,45.79481183685073],[-123.07480105746095,45.794990296197525],[-123.07471777554927,45.79513901313592],[-123.07461069996066,45.79516280798459],[-123.07450957301587,45.794972450789615],[-123.07446793161088,45.7947285558772],[-123.07439516178464,45.79453027468115],[-123.07422897435542,45.79440295241976],[-123.07408020795447,45.794288977763706],[-123.0736636861067,45.793854889212426],[-123.07339520212615,45.79352409637779],[-123.07316874582617,45.79344007752115],[-123.07300218379943,45.79333062250969],[-123.07289748784801,45.79325447971177],[-123.07282610322396,45.79317833743613],[-123.07281658557355,45.79310219443015],[-123.07281182629917,45.79301653389381],[-123.07284989779922,45.792911838339094],[-123.07289272857365,45.79278334673315],[-123.07287845075054,45.79267865074038],[-123.07282610322396,45.79260250767802],[-123.07270237107335,45.79252160606922],[-123.07235687003194,45.792448332769105],[-123.0722738315637,45.7924374967583],[-123.07178169043361,45.792389186915386],[-123.07158609665356,45.79234243729366],[-123.07126079243463,45.792264682145124],[-123.07088178513145,45.7921016069391],[-123.0707381256529,45.79193387924532],[-123.07068577722804,45.79179111112423],[-123.07062391205105,45.79161503238068],[-123.07057156272785,45.79142943287808],[-123.07063818807755,45.791372326659946],[-123.07070481252892,45.79119624659335],[-123.07078264346343,45.791050085390445],[-123.07082153332871,45.79094463010601],[-123.07090535961946,45.79055275484703],[-123.0707560748906,45.79042601229734],[-123.07049374796303,45.79038094035959],[-123.07039001231063,45.79036311665187],[-123.06988392034415,45.79038011228232],[-123.06958527632628,45.79045385495569],[-123.06923430634139,45.790602570845834],[-123.06882384902009,45.79077508243494],[-123.06856210869239,45.79085836367903],[-123.06844855714891,45.79088808963551],[-123.06835247604107,45.79089233145683],[-123.06783397564561,45.79082094454207],[-123.0673407942664,45.79074900319125],[-123.06714130179799,45.79070419271453],[-123.06683732987216,45.79063591553212],[-123.06647983542337,45.79065181867424],[-123.06625165076478,45.79065253963659],[-123.06617074938863,45.79073344207938],[-123.06606605253889,45.79088096773447],[-123.0658947321361,45.79109511983103],[-123.06573768686151,45.79126168249112],[-123.0655568488083,45.79148059290933],[-123.06543324332016,45.79169030676774],[-123.06536677876889,45.791755457714935],[-123.06510726536479,45.79199751786512],[-123.06464572444654,45.79206670473798],[-123.06427253642973,45.792222602570405],[-123.06402140700217,45.79240544846115],[-123.0639043538257,45.79249067336487],[-123.06366962134702,45.792720370442524],[-123.06357781801655,45.79282899547989],[-123.06346099660543,45.79296722364055],[-123.0633296467412,45.79324193830663],[-123.06306115018425,45.79347237075155],[-123.06252469156796,45.79356682386471],[-123.06212135609022,45.79350022879945],[-123.06171533195484,45.79343318957402],[-123.0616395752303,45.79342068015286],[-123.06127192442892,45.79332233340606],[-123.06057012100308,45.79311899380373],[-123.06021565118186,45.793126729243056],[-123.06001704624894,45.793219707260775],[-123.0595995326611,45.79332928024372],[-123.05884968733388,45.79356429279895],[-123.0584524684849,45.79375024408747],[-123.05789646791791,45.79397511376862],[-123.05775056444779,45.79397126364551],[-123.05740590243282,45.79396216916143],[-123.05676184271346,45.79391710759943],[-123.05639603615336,45.7938600734543],[-123.05631576000462,45.79387276692168],[-123.05587591789205,45.79394231912948],[-123.0557052281066,45.79383695450021],[-123.05558925560344,45.7937653652898],[-123.05533369568488,45.793717744324354],[-123.054849208201,45.79365146950195],[-123.05422124539322,45.79358831631002],[-123.05372434498875,45.79362277034736],[-123.05338960396782,45.79376146128662],[-123.0533178815772,45.7937911769259],[-123.05276081111671,45.79399240580991],[-123.05236278198736,45.79416062462225],[-123.05199352409994,45.79421593414831],[-123.05186257668096,45.794186395363226],[-123.05151564103002,45.79410813419903],[-123.0510480355853,45.79404147589382],[-123.05066194506607,45.79390803941287],[-123.05018065648292,45.793723483520324],[-123.0497779516225,45.793596314749514],[-123.04917059616734,45.79342631352661],[-123.04871935443384,45.793347471922345],[-123.04832818573831,45.79348006981372],[-123.04814009648412,45.793620076434244],[-123.04786603396566,45.79372649185343],[-123.04784676061124,45.79373761573204],[-123.04781263541022,45.79375731238258],[-123.04761068874446,45.79387387179059],[-123.04764409529324,45.79388872300565],[-123.04776448840595,45.79390218561524],[-123.04795960338397,45.79394739625873],[-123.0480833364329,45.79398070825313],[-123.04821658623393,45.79405447121618],[-123.04830700526054,45.794104440043874],[-123.04833793784903,45.79415678766512],[-123.04844501433597,45.794235310570635],[-123.04856160667667,45.79432572940147],[-123.04867106280078,45.79441852941819],[-123.04876413006087,45.79452782946712],[-123.048929194596,45.794648938834484],[-123.0489477798409,45.79466787541982],[-123.04900204616891,45.79474213540818],[-123.0490353583946,45.79480162199503],[-123.04906629188139,45.79488252405205],[-123.04912339868233,45.795003876291055],[-123.04915195253193,45.79512522826576],[-123.0492043000585,45.795206130479336],[-123.04932565347023,45.79530844669283],[-123.04953266573588,45.795372692753546],[-123.04969446938655,45.79544645637944],[-123.04983435144932,45.795489198050596],[-123.04995307279727,45.795637236602346],[-123.05001022092068,45.79597284268465],[-123.05009750482695,45.79637419794075],[-123.05020843328982,45.7966694989594],[-123.0501867317892,45.79673150438989],[-123.05012515227648,45.79690744483816],[-123.05001212804405,45.79709780231275],[-123.04996169572567,45.7972876825193],[-123.04997643618118,45.79756774517008],[-123.05005376855071,45.79769861570555],[-123.05021438193364,45.79779379379902],[-123.0504463799406,45.79793656157392],[-123.05063781541921,45.79804060949324],[-123.05072812664798,45.7982501677712],[-123.05067529313287,45.798582255277054],[-123.0506520204788,45.79881914583565],[-123.0505359042452,45.79905805327632],[-123.05049496352609,45.79927759818212],[-123.05065157132114,45.79956967413517],[-123.05084063075584,45.79983149693131],[-123.05113675499938,45.80022100352016],[-123.05132964215551,45.80047109199025],[-123.05139675708702,45.80055810758432],[-123.05156520916908,45.80066068952832],[-123.05175280524819,45.800774930466815],[-123.05182636738849,45.800909251072454],[-123.05177456603761,45.80108397841186],[-123.05174320495273,45.80118975957989],[-123.05173819684502,45.80120664794947],[-123.05153233352462,45.801707530728166],[-123.05138533500816,45.80201211584252],[-123.05145461218457,45.802430190974846],[-123.05188502468158,45.80279904595904],[-123.05200709494892,45.80307414301014],[-123.05167491322823,45.80339457444382],[-123.05121873165895,45.803776796220845],[-123.05085907227033,45.804239653356476],[-123.05063819001667,45.80459311947082],[-123.05048929605499,45.80504548256307],[-123.05052847517777,45.80554694639544],[-123.05059197888183,45.80583513579631],[-123.0506074568542,45.80618346442473],[-123.0505603384209,45.80683454240933],[-123.05045810565,45.80738635407866],[-123.05042004672636,45.807670840081556],[-123.05053258317358,45.808111611958665],[-123.05098148928737,45.808515525381296],[-123.05106612765512,45.80870870294426],[-123.05106110876761,45.8087716956055],[-123.0510444279511,45.80898101439908],[-123.05110963126768,45.80921040806305],[-123.05111454415398,45.809227691619434],[-123.05111445252581,45.80960590598644],[-123.05109249231039,45.80987231334657],[-123.05130713306943,45.81032859464436],[-123.05147908408954,45.810584876751854],[-123.05160851874557,45.811025279934924],[-123.05168415060427,45.81139593828958],[-123.05168091307598,45.811703304981066],[-123.05146158311116,45.812092194473514],[-123.05121844868964,45.81270616336103],[-123.0508394404881,45.813305357083614],[-123.05056047226988,45.81368371970105],[-123.05001474034486,45.81414470320476],[-123.0498566377532,45.814390429031384],[-123.04963193945626,45.814840152408735],[-123.04962380610966,45.814856431194634],[-123.04963785126911,45.8149070043432],[-123.04974453159902,45.815291114967124],[-123.04987029034889,45.81564886546808],[-123.05009128758688,45.81605773110222],[-123.05013125902377,45.81657690298592],[-123.05010714195332,45.81698518455755],[-123.0500439580495,45.817465229219586],[-123.0499509824176,45.81784545869874],[-123.04974105961044,45.81844688164298],[-123.04953149433273,45.818675995285275],[-123.04905220539943,45.819111890092145],[-123.04857086651062,45.819311445482484],[-123.04825813511245,45.81950143091034],[-123.04823252773696,45.81958228583326],[-123.04853273662007,45.819785034905436],[-123.04868440637603,45.81996493681518],[-123.04913470577681,45.82039837432272],[-123.04924422208805,45.8205376027442],[-123.04935865128554,45.82068307746044],[-123.04975782217365,45.820916698146185],[-123.05020211274348,45.82098273770055],[-123.05020875758164,45.820983726214855],[-123.05025373532959,45.82100078450017],[-123.05062141038552,45.821140227397834],[-123.050990796732,45.82127402937205],[-123.05119958496697,45.82135321146219],[-123.05123517621853,45.82155271374531],[-123.05109240786875,45.82178114225235],[-123.05063555166471,45.82212378450764],[-123.05044995433711,45.82255208686544],[-123.05040712356268,45.823237372298216],[-123.05039317811621,45.823568513943435],[-123.05028560396264,45.82385407978282],[-123.05028335727609,45.823876940261215],[-123.0502623223254,45.82409096616782],[-123.05022346300285,45.82435773805566],[-123.05016745214657,45.824618973597374],[-123.05005600266082,45.824964144302605],[-123.04995399446877,45.82507867468672],[-123.04976616842094,45.825289553504774],[-123.04973286517841,45.82549119946135],[-123.04973143326384,45.82549912133237],[-123.0496718156717,45.82582936751336],[-123.04936671097029,45.82600145892431],[-123.04892465271391,45.82613515719644],[-123.04873625533759,45.82619080305611],[-123.04855754629159,45.82624358813603],[-123.04822552806426,45.826380803820214],[-123.04828217223282,45.826704596614505],[-123.04826228892233,45.82701823115807],[-123.04829533794162,45.82739727366904],[-123.04829674560166,45.827413418582985],[-123.04821695993307,45.827710625130564],[-123.04822966480613,45.82777083643314],[-123.04816682675371,45.82791411265571],[-123.04787030096327,45.82807751996116],[-123.04766977812723,45.82818961898192],[-123.04756098855306,45.8282504356922],[-123.04753093002532,45.828379810725345],[-123.04748336512932,45.82858452830504],[-123.04745658814736,45.8287682814232],[-123.04742985518283,45.82895172283834],[-123.04742262194817,45.8290013574078],[-123.04741309261964,45.829017871165696],[-123.04728771026384,45.82923512283415],[-123.04709705811614,45.82970093754343],[-123.04693698102746,45.829962949210405],[-123.04657150325075,45.83035868657977],[-123.04648081203462,45.83049596910959],[-123.0463982263173,45.83062098370408],[-123.04638452521259,45.83090752110774],[-123.04650483029036,45.83123732021546],[-123.04663087021292,45.831696263744064],[-123.0465835793031,45.83193503393527],[-123.04654454391078,45.83213211294392],[-123.04649698709964,45.83254865322395],[-123.04642508414764,45.833011889021876],[-123.04647408904302,45.83322319719712],[-123.04649325819288,45.83328083384341],[-123.04658079452572,45.8335440579195],[-123.04656208710995,45.83401537445602],[-123.04630051656383,45.83437191998593],[-123.04629022187068,45.834386086950154],[-123.04601418485521,45.8347659367477],[-123.04598974169635,45.835108106655404],[-123.04607373776867,45.83551256092651],[-123.04606721060982,45.83560294092682],[-123.04604101034624,45.83596571432889],[-123.04571958056117,45.83646205869485],[-123.04550873608248,45.836771336092006],[-123.04510443042429,45.83718637339123],[-123.04507087655179,45.83762107559397],[-123.0451466844803,45.83784103740103],[-123.0453874114169,45.83820515805025],[-123.04573536126576,45.83860389028688],[-123.04565853195277,45.83895642860431],[-123.04545750156859,45.83948709561445],[-123.04544729041878,45.83949342776282],[-123.04507179642663,45.83972629236305],[-123.04494258095954,45.84008919909473],[-123.04491403519474,45.840339121696694],[-123.04471227807352,45.84055586544163],[-123.0439492436813,45.840627798174346],[-123.04484865670669,45.84094994981252],[-123.04519794863862,45.841080881133415],[-123.04562929718016,45.841274668535384],[-123.04598063816925,45.8414517217853],[-123.04662266140785,45.84192717486414],[-123.04601963044249,45.842032585585585],[-123.04577500032599,45.842176390817556],[-123.04533638441379,45.84271220743866],[-123.04487044175065,45.84352561578689],[-123.04480014857967,45.8440257468917],[-123.04486972309842,45.84440281064433],[-123.04475190994721,45.84465986894597],[-123.0447372206957,45.8446919190959],[-123.04393535213373,45.84478315963961],[-123.04353272542676,45.84493961581352],[-123.0429844970836,45.84508998909193],[-123.04256948440549,45.84526517668391],[-123.04238507285406,45.84538860120101],[-123.04218454732309,45.8455228129596],[-123.04186355950912,45.84573289657341],[-123.04175537360284,45.84586935960551],[-123.04169471127003,45.84609665457611],[-123.04153783308205,45.84643245348716],[-123.04090413453119,45.846741634791755],[-123.04063920248926,45.847024370387956],[-123.04065227746824,45.84731955681377],[-123.0407323784455,45.84737094772707],[-123.04123702681929,45.847694709764404],[-123.04160568193717,45.847963736301665],[-123.04113024497977,45.84856496213286],[-123.0410728174803,45.84887441754065],[-123.04102358261619,45.849139742235536],[-123.04105844084248,45.84962835912604],[-123.0411089531109,45.85017203735009],[-123.04130806199869,45.850490900071875],[-123.04147285344597,45.850784334904326],[-123.0415232354587,45.85087404687662],[-123.04143631267517,45.85159613294504],[-123.04128583588192,45.85237499497068],[-123.0407649100352,45.85314340292423],[-123.04026110248451,45.85340360238484],[-123.03942521921434,45.85362480944791],[-123.03912264237212,45.853675419955614],[-123.0386644548648,45.853752055150835],[-123.03814514329065,45.85405804741784],[-123.03792712576445,45.85431636498369],[-123.03759849059249,45.854705747029435],[-123.03718922264062,45.855210192851814],[-123.03682754473755,45.855904995167606],[-123.03661108489005,45.85683101520971],[-123.036475530012,45.857141822287446],[-123.03588711373796,45.85817942803826],[-123.03547943041427,45.859120795814164],[-123.03541754098276,45.859311052007634],[-123.03511552289265,45.859718082363045],[-123.03489542307166,45.86001551426108],[-123.03452660625702,45.8602951019475],[-123.03411169329189,45.86061617815602],[-123.03400241054264,45.86068539928457],[-123.03386581092391,45.86084789271291],[-123.03378896813618,45.86093930131357],[-123.03387112535712,45.8616023282203],[-123.03403487386038,45.86182895834262],[-123.03406819776417,45.861875077239226],[-123.03450317549947,45.86244739265945],[-123.03465370259835,45.86261733835708],[-123.03492047618661,45.86291852190707],[-123.03513560113758,45.86310191454993],[-123.03521769188318,45.86318757489589],[-123.0354288283143,45.86365544997307],[-123.03549631155508,45.86380518025098],[-123.03556071177782,45.86394806968332],[-123.03546201747079,45.864107165580556],[-123.03525846910887,45.864286672132515],[-123.03511857177475,45.86441004255469],[-123.03479648172794,45.864897124065244],[-123.03474758912198,45.86528597725283],[-123.03478025096739,45.865387608617496],[-123.03490083272628,45.86576280233285],[-123.03478551239999,45.86614385535955],[-123.03466083701836,45.86654442405538],[-123.03460034356881,45.86673878142443],[-123.03455307871015,45.86716453172388],[-123.03478570553779,45.867344179778605],[-123.03499346160848,45.86745636670709],[-123.03524607415459,45.86759277706499],[-123.03556078723629,45.86783528451439],[-123.03607883937244,45.868056514858246],[-123.03630171768263,45.86815169092373],[-123.03648853312576,45.86818188541798],[-123.03700726887982,45.868265723968165],[-123.03771445590912,45.86841665030373],[-123.0380976565481,45.868713071769236],[-123.03850849745002,45.86903659509852],[-123.03893785712155,45.86947974777144],[-123.03916751681382,45.86989028334962],[-123.03884274888914,45.8699990330934],[-123.03860746753982,45.87007781685326],[-123.03827516454656,45.870334294884785],[-123.03806156673156,45.87088367205347],[-123.03778316445197,45.871462149436184],[-123.03780072112588,45.87185880004254],[-123.03801745316288,45.87194406661229],[-123.03837916789688,45.87208636970538],[-123.03874714927831,45.87233695100908],[-123.03901316738337,45.872672834787586],[-123.03907566138109,45.87318854709769],[-123.03908689122044,45.87344214059347],[-123.03910098938051,45.87376046146908],[-123.03912468424275,45.87429547848021],[-123.03881210196491,45.874699262578794],[-123.03800762289875,45.8750398052939],[-123.03767515012387,45.8755917470947],[-123.03785343965663,45.876133199536525],[-123.03793477312247,45.87638019960464],[-123.03803906034042,45.87664571077316],[-123.03794770077772,45.87697084651084],[-123.03764710472072,45.87730021496106],[-123.03756947231385,45.87738527743099],[-123.03762669050589,45.8775783129436],[-123.03767825020992,45.877752256842385],[-123.03793353075241,45.87814377371541],[-123.03803359948182,45.87861250664614],[-123.03804707690603,45.878916911826956],[-123.03761233093606,45.879249463196935],[-123.03726335610942,45.87972789328246],[-123.03719540215145,45.880283353134104],[-123.03713983596123,45.880820079004465],[-123.03713089592753,45.88083071333553],[-123.03692633336766,45.88107398412552],[-123.03662608945027,45.881459027027645],[-123.03622018119756,45.881846348550845],[-123.03579356498092,45.882363381511496],[-123.03508044547746,45.88297892404849],[-123.03496656964212,45.883692335673366],[-123.0350894358168,45.88385690110628],[-123.03516331236747,45.883955853369486],[-123.03527917797113,45.8841841832933],[-123.0354844933192,45.88464141374592],[-123.03548228795518,45.8846819395996],[-123.03545532412363,45.88517756662239],[-123.03511950602262,45.88565570241551],[-123.03470646604488,45.88618166929561],[-123.03423267839437,45.88682897403665],[-123.03393891133017,45.887361598540885],[-123.0338639828523,45.88776023912684],[-123.03400667664194,45.887997224231135],[-123.03409031069319,45.8881247776905],[-123.03412009703138,45.888170210094415],[-123.03421485042925,45.88851902647191],[-123.03457215623182,45.888825249449596],[-123.03469797427049,45.88897949830255],[-123.03486530615343,45.88947447984757],[-123.03493079064269,45.88975929538701],[-123.03492898502898,45.889776059973386],[-123.03504556479328,45.88993485246913],[-123.03534358268541,45.89017988789313],[-123.03559915697701,45.890325651359845],[-123.0360120828687,45.89060038467667],[-123.03616061840263,45.89077492931685],[-123.03622826873006,45.89107980244877],[-123.03632497596367,45.89137432045613],[-123.03681924340601,45.89170619015036],[-123.03713384689325,45.891839329749],[-123.03749263491602,45.89200076048242],[-123.03764911604861,45.89211964833104],[-123.03768091910462,45.892143810641414],[-123.03830506317415,45.89261799815359],[-123.03860636620529,45.89301979592868],[-123.03865638260369,45.89308649517846],[-123.03913773317058,45.894158105678855],[-123.04030175394605,45.89478216039834],[-123.04048842296378,45.89489506344273],[-123.04148508311026,45.895497859343976],[-123.04166052408526,45.89560396877616],[-123.04154926863562,45.89635656461638],[-123.04122687495827,45.896908470961144],[-123.04108836821618,45.897145573953104],[-123.041093635937,45.897381853197615],[-123.04110926662294,45.898082861513515],[-123.04070608385884,45.89914951936937],[-123.04070241244426,45.89915923370917],[-123.04063306340261,45.89992534837075],[-123.04103199623714,45.900730884486435],[-123.0410642727053,45.90079605850982],[-123.04148207195742,45.90136409544232],[-123.04185667392248,45.90188978479657],[-123.04189510744361,45.90206737144988],[-123.04214258342292,45.90321085858541],[-123.04265788042606,45.90423986935316],[-123.04280011607489,45.904523895307506],[-123.04283465450094,45.905302188949406],[-123.04252735252037,45.905828195437415],[-123.04226837091888,45.90651184877762],[-123.04225014140683,45.90699899444816],[-123.04224946138214,45.90701719149158],[-123.04278223960077,45.90738076294331],[-123.04279950971208,45.90776991016586],[-123.04254378270691,45.908303192045594],[-123.0424779433831,45.908440489090374],[-123.04226350384667,45.90855354312845],[-123.04151584322223,45.90894770501792],[-123.04148837633407,45.90896218488613],[-123.04116532688656,45.90913249150438],[-123.0409678816787,45.909306413481524],[-123.03987248680103,45.91027127599691],[-123.03953150248884,45.91097111778329],[-123.0391556024582,45.911815978408946],[-123.03885781273814,45.912558165630394],[-123.0386290953786,45.91299261677668],[-123.03834310053821,45.91353585780096],[-123.03771896455355,45.91390999392825],[-123.03671931391548,45.91420566832731],[-123.0364384556419,45.915135843115856],[-123.03639485770623,45.91528023174841],[-123.03560270891563,45.91606192189591],[-123.0356914498893,45.91666592290728],[-123.03547555148887,45.91739190397895],[-123.03503676579507,45.91804033418806],[-123.03500993311754,45.91807998824435],[-123.03499448748454,45.91815978435372],[-123.0348580819019,45.9188645580324],[-123.03482487298248,45.919036127255055],[-123.03500347423063,45.91913615921819],[-123.0359906284048,45.919689039602176],[-123.03609620470519,45.91976621120603],[-123.03673828902922,45.92023554778004],[-123.03795177733247,45.92103167608818],[-123.03887900489401,45.92180716116177],[-123.03896070397414,45.921875488071166],[-123.03978975016673,45.922391367268894],[-123.04120811633851,45.92267811111451],[-123.04263307524613,45.92264731259425],[-123.04398967775056,45.92247371050318],[-123.04473633136355,45.9225296886602],[-123.04390481300733,45.92335556362876],[-123.04344564723469,45.92418780442005],[-123.04289554051428,45.9248344649383],[-123.04218851608002,45.925672059839506],[-123.04149381114158,45.92632183794223],[-123.04095155839167,45.92692307667399],[-123.0408435925726,45.9270427820231],[-123.04092468439163,45.927184579065795],[-123.04120218027109,45.927669799990014],[-123.04225787859635,45.92816633800003],[-123.04307744396941,45.92846600281896],[-123.04408371249617,45.928314402342316],[-123.04532677064361,45.92837406797357],[-123.04584616037121,45.92889660672101],[-123.0471425757516,45.92969084689211],[-123.04817578475374,45.930144541751275],[-123.04943428314425,45.93055006482502],[-123.05031845175928,45.9309059857507],[-123.05090501031734,45.93154245754051],[-123.05143695669594,45.932632740857876],[-123.05158757811799,45.93294144707758],[-123.05179263295462,45.933831437595686],[-123.05196775862096,45.934023988284046],[-123.05242311913003,45.93452465405576],[-123.05333883657784,45.93482965930588],[-123.05437495971474,45.935174755788445],[-123.05442570913843,45.935183318651646],[-123.05596427977667,45.93544289348129],[-123.05604159058666,45.93545593513441],[-123.05735778507294,45.935297491492356],[-123.05799368808952,45.93408622930328],[-123.05810092267996,45.933881965066206],[-123.05899589802783,45.93374881070627],[-123.06003158548185,45.93359471246561],[-123.06026431920903,45.933497199411555],[-123.0607216236724,45.93330558842862],[-123.0620880950685,45.93334796683299],[-123.06286201434702,45.9335475053928],[-123.06368499152153,45.93391908748966],[-123.06418394277979,45.93444199258774],[-123.06518509899425,45.93509821038009],[-123.06668977529854,45.93591655248543],[-123.0669527831491,45.93614693407054],[-123.0678949892197,45.93697223833982],[-123.06907891037368,45.93755230148658],[-123.06989232408364,45.93816930072339],[-123.07040239648514,45.93855910539723],[-123.07079161942977,45.93885654944001],[-123.07138102295227,45.939088919128395],[-123.0726288754084,45.93924918170432],[-123.07407366462593,45.93965037273706],[-123.0749756252735,45.94039523865644],[-123.07511089718221,45.9407045094891],[-123.07534439178244,45.94123833131175],[-123.07623610983913,45.94221423566081],[-123.07690191058498,45.9432239351856],[-123.07763999067694,45.944001222594615],[-123.07878413443014,45.94461091666259],[-123.07899671086064,45.94483575901023],[-123.07901375908811,45.94485379123305],[-123.07930527497422,45.94516212459545],[-123.08012150580093,45.945836699661996],[-123.08041047855647,45.94595088304808],[-123.08109003969588,45.9462193965018],[-123.08200566551551,45.94631253103226],[-123.08237959643905,45.94642840492589],[-123.08267227115189,45.94665683273692],[-123.08297208208134,45.946870985141096],[-123.08323620294452,45.94704944411716],[-123.08367164421053,45.947242180640075],[-123.08409994746327,45.94727787249213],[-123.08457108059211,45.94727787249213],[-123.08503507570772,45.94723504189216],[-123.0854341181367,45.94716272618011],[-123.08696166015824,45.947100296837476],[-123.0874736019538,45.94735095633131],[-123.08784197320405,45.947531316960216],[-123.08806138850882,45.9476387460441],[-123.08826103728408,45.94789277412145],[-123.08835832393105,45.94801655662514],[-123.08857706460103,45.948294871995685],[-123.08876356832876,45.948532168966],[-123.08880185452618,45.94856484690705],[-123.08953798527394,45.94919317179825],[-123.08962873847383,45.94934189453785],[-123.09000706754901,45.94996187801495],[-123.09047225023743,45.95064410946877],[-123.0910116095138,45.95113716027671],[-123.09107020212818,45.951158834207845],[-123.0921895326166,45.95157286574821],[-123.09315106324557,45.95179692912985],[-123.09450517472172,45.952012330788016],[-123.09510656805836,45.95250399539755],[-123.09548020702942,45.952812632210296],[-123.09554556395791,45.952866617400694],[-123.09592308904091,45.95317845676066],[-123.0967189658399,45.953853368329966],[-123.09675272452827,45.953886126822475],[-123.09764930067401,45.954756129637985],[-123.09877770684176,45.955378377659315],[-123.09941011361525,45.955727100244964],[-123.10009256373658,45.956363228434675],[-123.10016604952008,45.95643172448475],[-123.10113453310939,45.957261484901714],[-123.10224245229873,45.95797274113889],[-123.10314607033796,45.95828456488109],[-123.10424288724873,45.95875079781023],[-123.10549978843471,45.95909806535943],[-123.10568273573222,45.95909401558459],[-123.10651233349037,45.9590756432794],[-123.10758524623141,45.95947024371013],[-123.10843808789754,45.960028402886394],[-123.1092401208512,45.96083293294328],[-123.11002114670194,45.961176277699316],[-123.11103672985988,45.961673103926174],[-123.11232793950317,45.96207524232617],[-123.11246366236618,45.96211751069379],[-123.11357363869755,45.962529718786485],[-123.1135999853865,45.96253950320955],[-123.1135737411055,45.962580526081396],[-123.11329105206538,45.96302243655596],[-123.11293722184462,45.963881456462005],[-123.11284453457193,45.965023205846464],[-123.11279147288474,45.96567357436838],[-123.1126922018593,45.96667120404109],[-123.11236849125173,45.96728429955678],[-123.11213533711299,45.9680685017595],[-123.11218230822257,45.96822681865154],[-123.11215856035973,45.968695637121684],[-123.1121942522226,45.96965931876086],[-123.1121942522226,45.970313670568856],[-123.11228943142189,45.9705873080649],[-123.11252737717436,45.970837152068455],[-123.11257496722317,45.971051302817735],[-123.11245779457074,45.97120416250898],[-123.11225938277563,45.97123956047055],[-123.11105732014448,45.97119409866012],[-123.11006128612378,45.97112963166984],[-123.10906919570715,45.971151624939615],[-123.10880109710385,45.97165140724759],[-123.10863060764271,45.97196922319756],[-123.10883406168153,45.97280144428198],[-123.1091087296645,45.973834054697456],[-123.1089309431883,45.97447275380436],[-123.10838437762669,45.975191757681095],[-123.108075023894,45.97612189611945],[-123.10798397694502,45.97638763389018],[-123.10769151603121,45.977241220700755],[-123.10755561260682,45.97801283710603],[-123.10754356799552,45.97808122336289],[-123.10833401627525,45.97862633832975],[-123.10948371341354,45.97920332997951],[-123.10971050927667,45.97931714747258],[-123.11026731563251,45.97969876850005],[-123.11060764058125,45.97993201383416],[-123.11141815812276,45.98046223800378],[-123.1130982331812,45.98100201165988],[-123.11442914566511,45.981145578368825],[-123.11488357911284,45.98080208146962],[-123.11510923321727,45.98063151172355],[-123.11555012276546,45.9802982405046],[-123.11558925876912,45.98026865755487],[-123.1156145831753,45.980261470624804],[-123.11669235400541,45.97995561729006],[-123.11721891049234,45.97978147360091],[-123.11730168665251,45.97979754117502],[-123.11751082253551,45.97986107668342],[-123.11790718618832,45.98002885092602],[-123.11831482908784,45.98016533434368],[-123.11882472362288,45.980374266553085],[-123.11907308803599,45.980455973729484],[-123.11932134644793,45.980483035888774],[-123.12037941632555,45.98047282328361],[-123.12265239923444,45.98048862722688],[-123.1233576737505,45.98043322819656],[-123.12407598821127,45.980368704542855],[-123.1247289448452,45.98028603215566],[-123.12480688178094,45.98027065950766],[-123.12561221424662,45.98043505910089],[-123.1262862776965,45.98069412489682],[-123.12719898848303,45.9811931113347],[-123.12794699855213,45.981710192783126],[-123.12862623629802,45.982531759377984],[-123.12917946915564,45.98331285622291],[-123.1297740649405,45.98409302696809],[-123.13060747874198,45.98466589064912],[-123.13185106599714,45.985157447765445],[-123.13267294902363,45.98522917334681],[-123.132768638466,45.9852375243681],[-123.1334302036553,45.985295254927166],[-123.13407251255819,45.984862521135184],[-123.13430925007657,45.984797744227286],[-123.13465673280152,45.984702662597385],[-123.13527829601122,45.98453258362711],[-123.13659066636936,45.98471959824639],[-123.13781429485552,45.98522596688885],[-123.13911931070645,45.98570164604862],[-123.14083848673425,45.986182448743875],[-123.14246434756697,45.986434498757006],[-123.14353868683268,45.98684317534204],[-123.14449501531787,45.98693711106519],[-123.145702767878,45.98709752240487],[-123.14676980923038,45.987347642078554],[-123.14715312395536,45.987574167914126],[-123.14766346225817,45.98787575422979],[-123.14812430428714,45.98844244709179],[-123.14851781219566,45.988908885574745],[-123.14891262355965,45.98937685926139],[-123.14917674981274,45.99016436985951],[-123.14937885637863,45.990953276029025],[-123.15078149125314,45.9917440133424],[-123.15096664840625,45.991710266791685],[-123.15213606087009,45.991497115260586],[-123.15294307408367,45.99149336368639],[-123.15341308072516,45.99152711411408],[-123.1535920224348,45.9915399634495],[-123.15388321313078,45.99163859579267],[-123.15420682043208,45.99185750610375],[-123.15498728393744,45.992143040045136],[-123.15571063974359,45.99248568269978],[-123.15659580009867,45.992875914195274],[-123.15724301290469,45.993018681843566],[-123.15761421025482,45.99305675386155],[-123.15809742213098,45.992965672554604],[-123.15886637013274,45.993071862709286],[-123.15931014776454,45.99310976680785],[-123.16022458511307,45.99319009714875],[-123.1607198793298,45.99321366811591],[-123.16094940607142,45.993409390759325],[-123.16146660660466,45.9935927013448],[-123.16147017740794,45.99359493123436],[-123.16206909498763,45.9939690814666],[-123.16256831394385,45.99431233939866],[-123.16321970930584,45.99464624394863],[-123.16352694840435,45.995236111205756],[-123.16395708422027,45.99562903614658],[-123.16416449803285,45.99581850518577],[-123.16460306902928,45.9960884257717],[-123.16492387628186,45.99628586752984],[-123.16555353241398,45.99688025108737],[-123.1660628205862,45.99780235501018],[-123.16608684782511,45.99789404553831],[-123.1661659507741,45.998195926958815],[-123.16644364248627,45.99851463956248],[-123.16679701636286,45.99881981749725],[-123.16737990350632,45.99913752368801],[-123.16749071698483,45.9991888509168],[-123.16800743781774,45.99931241211221],[-123.16833438056369,45.999357681725],[-123.16840766961613,45.99938369438757],[-123.16857890557729,45.9994444723004],[-123.1685931825021,45.99957772281697],[-123.16857890557729,45.99985849868231],[-123.16849324582506,46.00010596351393],[-123.16845517342668,46.00034866722742],[-123.16838379059926,46.000500953691606],[-123.16826481772303,46.00057233739835],[-123.16815060232454,46.00074365816852],[-123.16806018329794,46.000905462225674],[-123.16793645204565,46.00107678321229],[-123.1677556121958,46.00122906829643],[-123.1674218665082,46.00135835706347],[-123.16690480970537,46.00167736158104],[-123.1663581623971,46.00195564576693],[-123.16609637266205,46.00270611133537],[-123.16587277030975,46.00313364821181],[-123.16573045471085,46.00340575449701],[-123.16566017321797,46.004080973875254],[-123.16577954314955,46.00482281171407],[-123.1656674343004,46.00506939327006],[-123.16554880727557,46.0053303023947],[-123.1650343510955,46.005572396044805],[-123.16477731793991,46.00563282148622],[-123.16421120773269,46.0054962361342],[-123.1641080946128,46.00581710675745],[-123.16378649055456,46.00681788419259],[-123.16379731705035,46.0074144513316],[-123.16424501313347,46.007741139004736],[-123.16445420561031,46.007875533799236],[-123.16478699459213,46.00808932853432],[-123.16523662834129,46.00845733366394],[-123.16561800450191,46.00899824189829],[-123.16524318065298,46.00932580992329],[-123.16476889803076,46.0097029003562],[-123.16440176645558,46.010195744343704],[-123.16428440336036,46.01047937870698],[-123.16414261058097,46.01082205194402],[-123.16421348855519,46.011048940261134],[-123.1643020795102,46.01133252907211],[-123.16460188684637,46.01139665477393],[-123.16495994903043,46.011619005669104],[-123.16521041729794,46.01208015041452],[-123.16562041827508,46.012324960233784],[-123.16602938079977,46.01272933489911],[-123.16599429350308,46.013250121390556],[-123.16571295912239,46.01355147981891],[-123.16550964342413,46.01376926407951],[-123.16581667591015,46.01417003723268],[-123.16609527132752,46.014506454008426],[-123.16684026036233,46.0144777714778],[-123.1675638650018,46.01448906956182],[-123.16761259411437,46.014489830669554],[-123.16769236271496,46.01450659624818],[-123.16829779577542,46.01463385452277],[-123.16871822888794,46.01491978062438],[-123.16900696718321,46.01529141478348],[-123.16973144857839,46.015913169893224],[-123.17040255657095,46.01629977137097],[-123.17125916307644,46.01648125626139],[-123.17233081368451,46.0165455868498],[-123.17299193330943,46.01653649569284],[-123.17365012352822,46.01610202111508],[-123.17392568443658,46.01587596764299],[-123.17428722040583,46.01557938432571],[-123.1748628788062,46.015194046724304],[-123.17570871630804,46.01460166348354],[-123.17651272914857,46.01402204002917],[-123.17723882122307,46.013408728963064],[-123.17749407212115,46.01288293298606],[-123.17806176246495,46.01250957757455],[-123.1788542328524,46.01240883066224],[-123.17961512925423,46.012539249977046],[-123.1806042121113,46.01265265454473],[-123.18142248031708,46.01274039252323],[-123.18194257971376,46.01279946131065],[-123.1822716352973,46.01305897205618],[-123.18232126092852,46.01309810958852],[-123.18268106584424,46.01335582280637],[-123.18309752031834,46.01373633450201],[-123.18343286321056,46.01419550952857],[-123.18398931473183,46.014667373734326],[-123.18498382880308,46.01507606954078],[-123.18588460906435,46.01547507709242],[-123.1865698682176,46.01561899419738],[-123.1870701274229,46.01579667462583],[-123.18752538372743,46.01609946835928],[-123.18784370264667,46.016375839050745],[-123.18847007902966,46.016710180013575],[-123.18909188837776,46.016766895205464],[-123.18968161888706,46.016682524209116],[-123.1901668879052,46.01666203250424],[-123.1902910701118,46.01665678917682],[-123.19051731890094,46.01695889323426],[-123.19051716708563,46.016960927546954],[-123.19047564605489,46.01751529398234],[-123.19055759127342,46.01781478390519],[-123.19088801588943,46.01816768908342],[-123.19106121736442,46.01842372931126],[-123.19116802884835,46.018710832911104],[-123.19153941304805,46.01880632334782],[-123.19167457985392,46.01884107766878],[-123.19187778775432,46.01901370425871],[-123.1918767052844,46.01922530942572],[-123.19187612497272,46.01933874083008],[-123.1918272404516,46.01974167126607],[-123.1919322535083,46.02017063159624],[-123.19215408707785,46.02073873909986],[-123.19226785691194,46.02117340679832],[-123.19230272412138,46.021373518019274],[-123.19236786365758,46.021637274509246],[-123.1923814830156,46.021692422084854],[-123.19239704812452,46.02175544853104],[-123.1924340569176,46.02183271321714],[-123.19263222437095,46.02224643169322],[-123.1928568400229,46.0225131138586],[-123.192748535539,46.02267186265679],[-123.19272988831034,46.0226991942261],[-123.1926779468223,46.02303719648956],[-123.19280589117326,46.02341244940586],[-123.19326277522508,46.02392791011656],[-123.19337391030047,46.024126275471254],[-123.19372634184428,46.024585031767856],[-123.1938829747922,46.024734140279804],[-123.19410822465471,46.024948567188154],[-123.19448274936467,46.02533590637119],[-123.19479796640124,46.0257246025761],[-123.19508040391307,46.02613768192275],[-123.19548654123619,46.026533268994804],[-123.19564943723825,46.026691929531516],[-123.19599104677786,46.026920474201674],[-123.19617802751098,46.02700061698718],[-123.19655381615051,46.02716168434932],[-123.19703809612358,46.02735741600846],[-123.197688954293,46.02766751182766],[-123.19808376835194,46.02776483359775],[-123.19857318938332,46.02788953347268],[-123.19908011857964,46.028025646888715],[-123.19967429754624,46.02821294051683],[-123.20011455378214,46.02837421578157],[-123.20057650343385,46.02863544345195],[-123.20091301683085,46.028934999127515],[-123.20104353934667,46.029363364228544],[-123.2010469304869,46.029399580081],[-123.20107777773542,46.02972893948943],[-123.20125524351306,46.03007350232814],[-123.2016823708711,46.03049506862152],[-123.20214033200294,46.03085092579082],[-123.20234559255378,46.03100903133955],[-123.2024308678271,46.03107471460812],[-123.20275326150443,46.031456663541306],[-123.20287123096249,46.03159642472589],[-123.20310346702303,46.03202245604219],[-123.20335861820809,46.032394779144575],[-123.20366908675008,46.032860375633746],[-123.20386488624436,46.03304820418553],[-123.20388776004643,46.03310186357775],[-123.20391718616021,46.03321481436697],[-123.20444892412971,46.033630594864604],[-123.20485796031623,46.03387049227897],[-123.20559543135039,46.034047452999],[-123.2060830539546,46.03426707670719],[-123.20653546439634,46.034302850930956],[-123.20717369943938,46.03434358677011],[-123.20798045034489,46.03458356902159],[-123.20841641712533,46.03478797465856],[-123.20876898341648,46.03494610386774],[-123.20924340887085,46.035158886574116],[-123.21001673436295,46.035396832898144],[-123.21079005985507,46.035706162710206],[-123.21114489529063,46.03587666810054],[-123.21170615100205,46.03614636267231],[-123.2119322003652,46.036443794779466],[-123.21198448770463,46.03663987085234],[-123.21202737956449,46.03680071493649],[-123.21211066147617,46.037110043749735],[-123.21227722260457,46.037252811365626],[-123.21270243295778,46.037575942869154],[-123.2128523384225,46.03775440207393],[-123.2128952374689,46.03790403879078],[-123.21289612051281,46.03797426485261],[-123.21326969660183,46.03786243004869],[-123.21354492243854,46.03781053568939],[-123.21355017488806,46.03780955227901],[-123.21437536640971,46.03785554680584],[-123.21487058247303,46.03792095753342],[-123.2155500124584,46.037934848097244],[-123.21638913325685,46.03773823845563],[-123.21704970670608,46.03753392292843],[-123.21778963912415,46.03739277054024],[-123.21870754846125,46.037247508877954],[-123.21935977386654,46.037115928696274],[-123.2197523852564,46.03702669969393],[-123.22006171473461,46.037026699070324],[-123.22020448218609,46.03704454538119],[-123.22040673607566,46.03706834024555],[-123.22066847730169,46.03712782642614],[-123.22094806445914,46.037187312542706],[-123.22124549664973,46.03721705526519],[-123.22149534058812,46.03725274838184],[-123.22178682413488,46.0372943887631],[-123.22236979212671,46.03738361795675],[-123.22256924057766,46.037438784745525],[-123.22284807943848,46.03748441165731],[-123.22309792247856,46.037470134348574],[-123.22346198091712,46.03747727331521],[-123.22371182305889,46.03760576457939],[-123.22391883712116,46.03771283936533],[-123.2242543408118,46.037869884503706],[-123.22479685766639,46.03789129999875],[-123.22543931209633,46.037862745587795],[-123.22579623162335,46.03792699143266],[-123.2260389375485,46.03796982174652],[-123.22648865484096,46.037976960025006],[-123.2269026811689,46.03798409892616],[-123.22717630441119,46.038014174842196],[-123.2275320956542,46.03797131650098],[-123.22815898767016,46.03795089629313],[-123.22876892937504,46.03793086644779],[-123.22955375060783,46.037841781564715],[-123.22988060262396,46.03783139745467],[-123.23023996826349,46.03781997630331],[-123.23079481090211,46.03788984827011],[-123.23130160804605,46.03819719170781],[-123.23147222955951,46.038394146431955],[-123.23172394019709,46.038512401243075],[-123.23229149848855,46.038670606473275],[-123.23276018640318,46.038712919881974],[-123.23286667629023,46.03867504827582],[-123.23316899082438,46.038567531360414],[-123.23391426642173,46.038361155442146],[-123.23465784060997,46.03811935810529],[-123.23524405241828,46.037958028338146],[-123.23577121616636,46.03780397359187],[-123.23580432896603,46.037797836162305],[-123.2362085411995,46.03772291232291],[-123.2366334335491,46.0377366819588],[-123.23697159894793,46.037888373468505],[-123.23721738789112,46.03805993722213],[-123.23740893835411,46.03833912277546],[-123.23759766092057,46.038559283173036],[-123.2378030562187,46.03877314760521],[-123.23819433091545,46.03879967801403],[-123.23832231838553,46.0388083558152],[-123.23864036781019,46.03881676609737],[-123.23879807334652,46.038820936005465],[-123.23922580437244,46.03889372258279],[-123.2395936429217,46.038956079644066],[-123.23996657312202,46.03912468306241],[-123.24043132372078,46.039261603782656],[-123.24106220425661,46.03950102154149],[-123.2413879720062,46.03974753390966],[-123.24180753914281,46.04000368184369],[-123.2421948873034,46.04011875861736],[-123.2427274535196,46.040254094258486],[-123.24304785114043,46.04038845431002],[-123.2433521473581,46.04054091612524],[-123.2436714122033,46.04065166611947],[-123.2437275236709,46.04064636707579],[-123.24416977686168,46.040604607625504],[-123.24466136462958,46.040593159610495],[-123.24505322951946,46.04062539724959],[-123.24554371415616,46.040767607047975],[-123.24590252823008,46.040818338805266],[-123.24656196261554,46.0409447894937],[-123.24693773059381,46.04099512263368],[-123.2474934760393,46.0410826217114],[-123.24780961384901,46.04118176933161],[-123.24798453739439,46.041236628032564],[-123.2484340741255,46.04140932686071],[-123.24893621350472,46.0417935239776],[-123.24914701486423,46.04194224249224],[-123.24940814613416,46.04225524014777],[-123.2498158833568,46.04244072778643],[-123.2500417117344,46.04255352168484],[-123.25026799286289,46.04266654232189],[-123.25074837324925,46.042950785184075],[-123.25126915087398,46.04319271913242],[-123.25133054623208,46.04324386705449],[-123.25155203395023,46.04342838676954],[-123.25178122023034,46.04360621850673],[-123.25201206390216,46.04364219120227],[-123.25246215130055,46.0436494079362],[-123.25283003207063,46.043711725336166],[-123.25314228017518,46.043852158866635],[-123.25348792135381,46.04415726498219],[-123.25411464358817,46.04430807528669],[-123.2544825908336,46.04454765885745],[-123.25466747759381,46.04486242874943],[-123.25486368761817,46.045236022105236],[-123.25512435715405,46.045714474349694],[-123.25540419853473,46.046062477146485],[-123.25557100490323,46.04635403052347],[-123.25576887142097,46.04658576786919],[-123.2559488704477,46.04662292202034],[-123.2564264022763,46.046670845788114],[-123.25696077320791,46.04684153057904],[-123.25778683609542,46.047253567994005],[-123.25816443394194,46.047516548828575],[-123.25850933940035,46.04798120301904],[-123.2590274166893,46.0483413487115],[-123.25927481271856,46.04871964820251],[-123.2595866071739,46.049025529216166],[-123.26008917325284,46.04941557944916],[-123.2605640334918,46.04975900330163],[-123.26080182922564,46.05011388664978],[-123.26083809601027,46.05033758249581],[-123.2611600171738,46.050501404214835],[-123.26184225708937,46.050745420460586],[-123.26222266756108,46.05089014226615],[-123.26276166122311,46.05115523609881],[-123.26325464766786,46.05152186233818],[-123.26380050356038,46.05192860802578],[-123.26407357613539,46.05213493201801],[-123.26456858109461,46.05254286830477],[-123.2650811166766,46.05296220775689],[-123.26525869204869,46.05313807245237],[-123.26538420196525,46.053262369699155],[-123.26557137044625,46.05344706915945],[-123.2656308982069,46.053800216289076],[-123.26572004971064,46.05406403312087],[-123.26581339814338,46.05423911504492],[-123.26570993557885,46.05444602763024],[-123.26568184795487,46.05450220101696],[-123.26557935107925,46.05466414951799],[-123.2654618990508,46.054867811957166],[-123.2654639903288,46.05508639848263],[-123.26552714099495,46.05533900733597],[-123.26559705417854,46.05555600171485],[-123.26572640798622,46.055948873427795],[-123.26583718463378,46.05648399896079],[-123.26593034442031,46.0568304477668],[-123.26610247061194,46.05740549564743],[-123.26644092706488,46.05773437083965],[-123.26668288738834,46.057823236012226],[-123.26714728135595,46.0579482445745],[-123.26757604903769,46.058038634159445],[-123.26823963363975,46.0580703255225],[-123.2687734718704,46.05805188071382],[-123.26945143760182,46.05803004665032],[-123.27004691193903,46.05805741995439],[-123.27052655480861,46.05814660252378],[-123.27074051284802,46.05818989092033],[-123.2714754155988,46.05842446727287],[-123.27243034540707,46.058723412649634],[-123.2732046824022,46.058824237857515],[-123.27431887632382,46.058881349307676],[-123.27530741210687,46.059167577025335],[-123.27624092787539,46.05972887880363],[-123.2774103690853,46.06057030277777],[-123.27832858295129,46.06116765941502],[-123.27908788933509,46.06166162289324],[-123.27957334520283,46.062150132257564],[-123.28007647093222,46.06265012749445],[-123.28060304987703,46.06328050881451],[-123.28097649301537,46.06392640250722],[-123.28120373983278,46.064730492168614],[-123.2812152885741,46.06475943533856],[-123.2815880534844,46.06569372886865],[-123.28166092661687,46.06587637480541],[-123.28187537783137,46.066020596357006],[-123.28193437378935,46.06606027167765],[-123.28235194666601,46.06616587647705],[-123.28237268337604,46.06617270072096],[-123.28296244712301,46.06636678151621],[-123.28331732298274,46.06654632445154],[-123.2833554250255,46.06656560160582],[-123.28351532065449,46.06666606221518],[-123.28378175108628,46.06683345356789],[-123.28433710666295,46.067161641860714],[-123.28467853025127,46.06741199411297],[-123.28506573827472,46.06773927461903],[-123.28548948527234,46.06824121800632],[-123.28577021508683,46.06868315374148],[-123.28584791217237,46.06898361290067],[-123.28604611196509,46.06945675261136],[-123.28607528924553,46.069527662764116],[-123.28625273526022,46.06995894712437],[-123.28649754503978,46.07038222649132],[-123.28664664381738,46.07071025221283],[-123.2869110242937,46.07110381382083],[-123.28719640109315,46.07149687841264],[-123.28743355812479,46.07149592302347],[-123.28769367609512,46.07149487539833],[-123.28824859329389,46.071525637925724],[-123.28905517172285,46.07154556771663],[-123.2897806385699,46.0716259212402],[-123.29020641576005,46.071737740663416],[-123.29039252692401,46.07196249686916],[-123.29052313927134,46.07219831658618],[-123.29077165460144,46.072553239576635],[-123.29086399422614,46.073009372768496],[-123.29105049256394,46.07338526663615],[-123.29135442586222,46.073870520793584],[-123.29146419460005,46.074253105534375],[-123.2914601944021,46.07445798134364],[-123.29148823261875,46.07474498455254],[-123.29168135603179,46.07496957209433],[-123.2920846483904,46.075194059637504],[-123.29255673014019,46.07539253759215],[-123.29297187936223,46.075572859419744],[-123.29341874450367,46.07597183655301],[-123.29374078783808,46.076110479342475],[-123.29408573102572,46.07628758455823],[-123.29441382271693,46.07640657894797],[-123.2946648515332,46.07666879592966],[-123.29486975814783,46.076990613199854],[-123.29486894157924,46.07700551528711],[-123.29484754999736,46.077395824656975],[-123.29505874392066,46.077702865406444],[-123.29528608056961,46.07805340533915],[-123.29561234508755,46.07842110175342],[-123.29598116280049,46.07865614486487],[-123.29616922780016,46.078919849788264],[-123.29631435063432,46.07916507083121],[-123.29665693754096,46.079293468862694],[-123.29704135449879,46.07927459994033],[-123.29764001156708,46.07933841190418],[-123.29815175034341,46.07948717077372],[-123.2986957781643,46.079722923442354],[-123.29897316355098,46.07995037452379],[-123.29931711499856,46.08024938217235],[-123.29977137237648,46.08051163884267],[-123.30010332053521,46.080708539269686],[-123.30033397556083,46.08080315179504],[-123.30050823075963,46.08093869244951],[-123.30073428012278,46.0810041275546],[-123.3009930461286,46.08110228068983],[-123.30113283925814,46.081120126469074],[-123.30126371032031,46.08115581801023],[-123.30139457958586,46.08114987046013],[-123.30156762385568,46.08106193699456],[-123.30181680034579,46.08093113351656],[-123.30194742347297,46.08088173778652],[-123.30235334879364,46.08072823394707],[-123.30268950376288,46.080725120260595],[-123.30316627561676,46.080874688549315],[-123.30343794771824,46.080985248001284],[-123.3036038638563,46.08122509181112],[-123.30357991297417,46.08144251034939],[-123.30345995284945,46.081660263882185],[-123.30330766684922,46.0817602010302],[-123.3029745427958,46.08188869209518],[-123.30284862414577,46.082028602350846],[-123.30284605226913,46.08203145987117],[-123.3027984622203,46.08215519172788],[-123.30277942691943,46.08237886182692],[-123.30281274004344,46.08258349499406],[-123.30293171291967,46.08267867318454],[-123.3030014158975,46.08271352566317],[-123.30309351567202,46.08275957563897],[-123.3032044818641,46.0827948349428],[-123.30330166430649,46.082919275406006],[-123.30366282657656,46.08313984941892],[-123.30374121087334,46.08327022770293],[-123.30385357035242,46.0834571116161],[-123.30412471424452,46.08369932732904],[-123.3043635601089,46.0838545481992],[-123.3046883046774,46.08404673062088],[-123.30497949447503,46.08426896497219],[-123.305237605609,46.08453099069288],[-123.30523963669984,46.084857615780834],[-123.3052605108521,46.08513991063231],[-123.30537260712482,46.08542491184981],[-123.30579738359177,46.085370926331436],[-123.30628673904616,46.0853400388104],[-123.30629334346014,46.0853396238531],[-123.30630054884703,46.085340491774346],[-123.30693478279382,46.085417000257515],[-123.30739257953397,46.08546461247446],[-123.30791067838251,46.0855985510148],[-123.30859627260733,46.08571874775849],[-123.30909798349016,46.08580431429715],[-123.30942669681555,46.08579648500238],[-123.30962989663114,46.08579164574253],[-123.31014345090264,46.08583304330098],[-123.31054377612587,46.08599415597508],[-123.31070201885473,46.08621954320962],[-123.31067057063328,46.08643482495303],[-123.31079344938435,46.086655127592735],[-123.3108396488411,46.08673796624171],[-123.31097641824142,46.0869541144808],[-123.31146951338236,46.08716219664045],[-123.3115560453987,46.087198713536495],[-123.31211899623106,46.08753146968611],[-123.31321604670383,46.08789536724757],[-123.31347529061335,46.08796802124286],[-123.31384132714217,46.08807060604913],[-123.31450160863893,46.08824500570062],[-123.31518885935714,46.08828259286122],[-123.31524639914605,46.088285739764586],[-123.31606622682716,46.088427069244865],[-123.31644171093782,46.088642398444904],[-123.3168090015148,46.0888530255003],[-123.31734887013593,46.08900103040828],[-123.31802109742932,46.088707056228],[-123.3186404489868,46.08847772482633],[-123.31912438041351,46.08834426677585],[-123.31985789886046,46.08801468550023],[-123.32023207592235,46.087503539674174],[-123.32036919386903,46.08730035524952],[-123.32067503159571,46.08696636720033],[-123.32099318163168,46.08659795266573],[-123.32140786642469,46.08619797449091],[-123.32198708934013,46.08614998783084],[-123.32252768739326,46.086171182738546],[-123.3230752842208,46.086192207545665],[-123.32365810309228,46.08635865868852],[-123.3241557041827,46.08641217969333],[-123.32432409607762,46.08643029415729],[-123.32484684999598,46.0865941047406],[-123.32486350655796,46.086684523433476],[-123.32485007674447,46.08671255230099],[-123.3248087784959,46.08679873784856],[-123.32472073910651,46.086891536847766],[-123.32466839068162,46.087136621528096],[-123.32475762033881,46.08726868191274],[-123.32492894253821,46.08731508072504],[-123.32508955592112,46.087343634491845],[-123.32534296796781,46.08742215633986],[-123.3256602071121,46.08746962851237],[-123.32578792778257,46.08751138679464],[-123.3259485411655,46.08766605116217],[-123.32616566666461,46.087737434474306],[-123.32640063809514,46.087832613741526],[-123.32661181584878,46.08789210007715],[-123.32678135309573,46.0879575356575],[-123.32704257509548,46.088057237731086],[-123.3272647895507,46.088101614777734],[-123.32771402354955,46.08814926143616],[-123.32807570235093,46.088196851358056],[-123.328342201953,46.088344377051264],[-123.32839930965223,46.088601359363466],[-123.32857539022773,46.08881551037569],[-123.32876098755533,46.08887261758724],[-123.32896857653938,46.08890116244855],[-123.32954027606428,46.08868482807932],[-123.32973915049179,46.08859716953888],[-123.3299293346172,46.088334191835635],[-123.32995588073217,46.08831931772908],[-123.33028387540531,46.088135529912186],[-123.33090969034127,46.0880376247946],[-123.33138683409771,46.08805055076719],[-123.33175561587804,46.08813921325054],[-123.3322433840093,46.08822501714599],[-123.33263943415011,46.08815699756595],[-123.33282520664915,46.08810369569076],[-123.33289839329368,46.08800938165539],[-123.33322975036097,46.08776738610554],[-123.33365137553785,46.08764999124375],[-123.33428782383181,46.08790774187189],[-123.33462259719214,46.08800406472645],[-123.33467881645755,46.08802023980215],[-123.33498003055547,46.08815927348441],[-123.33539200962286,46.088129867838134],[-123.33567485946142,46.08804018045781],[-123.33592020823016,46.08797287962573],[-123.33610348071778,46.087922608613084],[-123.3364773334879,46.087972127629335],[-123.33678385662914,46.0880768980107],[-123.33708602743283,46.08809401072211],[-123.33731170848671,46.08826410955111],[-123.33741407061504,46.088490808320756],[-123.33746188973421,46.08874807404811],[-123.33745962238645,46.088795692735246],[-123.3374481715615,46.089036073897084],[-123.33761715724289,46.08933430649329],[-123.33791283861697,46.08950272123406],[-123.33815928333033,46.08966744287938],[-123.33856237805958,46.08988202959604],[-123.33890609055526,46.09002978254043],[-123.33938448835981,46.09020842177038],[-123.33982258774076,46.090422160346144],[-123.34009488506965,46.090683773072435],[-123.3404734126725,46.09110860110247],[-123.34070202492914,46.09133713223567],[-123.34107883854645,46.0915864739798],[-123.34157561678003,46.09185242588449],[-123.34182089997172,46.09213418717725],[-123.34185017157525,46.09217895217638],[-123.34209397164842,46.09255179992286],[-123.34228929413729,46.09281526150402],[-123.34241810626081,46.09302281445367],[-123.3424264390334,46.093036241373596],[-123.34293820925075,46.09302390901596],[-123.34295841415812,46.09302342185166],[-123.3433950600649,46.09306653213896],[-123.34390291632258,46.09313230047703],[-123.34441850078663,46.09321250980923],[-123.34479773266865,46.0933691410991],[-123.3449730415913,46.09365258287884],[-123.34497549848359,46.09374621508653],[-123.34498084345955,46.093949817446834],[-123.34497415999381,46.09423764872311],[-123.3451018923424,46.094410095217874],[-123.34556925793694,46.09464748727326],[-123.34589800719495,46.094634679962006],[-123.34593370804097,46.094629349343755],[-123.34648235320245,46.09454744451971],[-123.34740620399684,46.09450503683797],[-123.34786070212324,46.09461595956607],[-123.34813695563268,46.094677172265776],[-123.34832576084418,46.09471900794421],[-123.34892130884323,46.09480366596208],[-123.34943528622124,46.09457031817874],[-123.34975352788537,46.09436455208739],[-123.35038932669738,46.094158731653856],[-123.35093914146533,46.0939854570803],[-123.35153878308718,46.093932871637136],[-123.35167772641047,46.09380206129861],[-123.35182116220852,46.09366701947163],[-123.35209944411389,46.0935383976067],[-123.3524652219279,46.09340765921974],[-123.35256069218134,46.09340372704601],[-123.35291325847246,46.09338920628356],[-123.35314264328028,46.09359697261943],[-123.35335167765362,46.093835706922725],[-123.35362215319915,46.0939891506183],[-123.35398878351438,46.09409455682609],[-123.35441238139165,46.09424429444457],[-123.3548559542076,46.0943554550438],[-123.35509400596125,46.094517299716294],[-123.35522687128335,46.094765491440356],[-123.35545741312124,46.09499608184425],[-123.35578743349537,46.09502618527123],[-123.3562671518234,46.09498409628516],[-123.3564973478099,46.094954518605334],[-123.35677853935846,46.09491838622104],[-123.35714545623624,46.094810459877934],[-123.35799475315025,46.09471370225224],[-123.35866943014948,46.09462878868506],[-123.35927250064071,46.09464464722624],[-123.3596228714493,46.09464377197592],[-123.36001927911956,46.094687490868054],[-123.36046210453718,46.094783411914726],[-123.36088789250711,46.09488758129211],[-123.36097207812398,46.094908177301335],[-123.36144924433826,46.095033735420486],[-123.36192069008085,46.09504515408477],[-123.36222783934785,46.09502976785457],[-123.36251054006608,46.0950156050934],[-123.36278702264592,46.09506984468006],[-123.36321930004547,46.09517362915753],[-123.36368286307142,46.095246178877765],[-123.36381634643445,46.0953429561264],[-123.36387604846821,46.09538624027122],[-123.3640983617381,46.095670343838705],[-123.36424919606083,46.095620971896004],[-123.36483523090104,46.09551531942807],[-123.36551817329917,46.09537683690689],[-123.36598313140877,46.09525888388368],[-123.36655936922247,46.0951763159321],[-123.36720375862356,46.0949244849097],[-123.36779475036752,46.09491773710624],[-123.36818772647338,46.094892944901815],[-123.36829155375392,46.09485211729108],[-123.36872464592544,46.09468180953208],[-123.36922660743824,46.09464674720399],[-123.36971834971632,46.09480310779691]]]},"properties":{"name":"Nehalem","huc8":"17100202","states":"OR","areasqkm":2213.88,"areaacres":547061.34}}],"source":{"dataset":"USGS Watershed Boundary Dataset (WBD)","service":"https://hydro.nationalmap.gov/arcgis/rest/services/wbd/MapServer/4","query":"huc8='17100202'","retrieved":"2026-09-04"}}