{"type":"FeatureCollection","features":[{"type":"Feature","properties":{"kind":"pod","name":"S  39355","use":"MUNICIPAL USES","source":"VOSBERG CREEK                                     ","link":"https://apps.wrd.state.or.us/apps/wr/wrinfo/wr_details.aspx?snp_id=45934","pod_use_id":44841},"geometry":{"type":"Point","coordinates":[-123.88888165015517,45.678532527274236]}},{"type":"Feature","properties":{"kind":"pod","name":"S  45008","use":"MUNICIPAL USES","source":"WEST FORK COAL CREEK                              ","link":"https://apps.wrd.state.or.us/apps/wr/wrinfo/wr_details.aspx?snp_id=47678","pod_use_id":47875},"geometry":{"type":"Point","coordinates":[-123.87690300042522,45.77311765738478]}},{"type":"Feature","properties":{"kind":"pod","name":"S  45008","use":"MUNICIPAL USES","source":"UNNAMED STREAM                                    ","link":"https://apps.wrd.state.or.us/apps/wr/wrinfo/wr_details.aspx?snp_id=47678","pod_use_id":47876},"geometry":{"type":"Point","coordinates":[-123.86730706189984,45.780924334409654]}},{"type":"Feature","properties":{"kind":"pod","name":"S  45008","use":"MUNICIPAL USES","source":"COAL CREEK                                        ","link":"https://apps.wrd.state.or.us/apps/wr/wrinfo/wr_details.aspx?snp_id=47678","pod_use_id":47877},"geometry":{"type":"Point","coordinates":[-123.86982859502471,45.789483703315504]}},{"type":"Feature","properties":{"kind":"pod","name":"S  49671","use":"INDUSTRIAL/MANUFACTURING USES","source":"ZIMMERMAN CREEK                                   ","link":"https://apps.wrd.state.or.us/apps/wr/wrinfo/wr_details.aspx?snp_id=49149","pod_use_id":50741},"geometry":{"type":"Point","coordinates":[-123.87375210068024,45.69044242992969]}},{"type":"Feature","properties":{"kind":"pod","name":"S  50069","use":"INDUSTRIAL/MANUFACTURING USES","source":"MESSING CREEK                                     ","link":"https://apps.wrd.state.or.us/apps/wr/wrinfo/wr_details.aspx?snp_id=49306","pod_use_id":51055},"geometry":{"type":"Point","coordinates":[-123.24981091214273,45.998515017028495]}},{"type":"Feature","properties":{"kind":"pod","name":"S  50069","use":"INDUSTRIAL/MANUFACTURING USES","source":"CALVIN CREEK                                      ","link":"https://apps.wrd.state.or.us/apps/wr/wrinfo/wr_details.aspx?snp_id=49306","pod_use_id":51056},"geometry":{"type":"Point","coordinates":[-123.27532639221869,45.980923504470304]}},{"type":"Feature","properties":{"kind":"pod","name":"S  50069","use":"INDUSTRIAL/MANUFACTURING USES","source":"CALVIN CREEK                                      ","link":"https://apps.wrd.state.or.us/apps/wr/wrinfo/wr_details.aspx?snp_id=49306","pod_use_id":51057},"geometry":{"type":"Point","coordinates":[-123.27031834914892,45.962860081622345]}},{"type":"Feature","properties":{"kind":"pod","name":"S  50069","use":"INDUSTRIAL/MANUFACTURING USES","source":"DEEP CREEK                                        ","link":"https://apps.wrd.state.or.us/apps/wr/wrinfo/wr_details.aspx?snp_id=49306","pod_use_id":51058},"geometry":{"type":"Point","coordinates":[-123.31146069049574,45.956650901200604]}},{"type":"Feature","properties":{"kind":"pod","name":"S  50069","use":"INDUSTRIAL/MANUFACTURING USES","source":"UNNAMED STREAM                                    ","link":"https://apps.wrd.state.or.us/apps/wr/wrinfo/wr_details.aspx?snp_id=49306","pod_use_id":51059},"geometry":{"type":"Point","coordinates":[-123.2548444779031,45.97316852022933]}},{"type":"Feature","properties":{"kind":"pod","name":"S  50069","use":"INDUSTRIAL/MANUFACTURING USES","source":"NEHALEM RIVER                                     ","link":"https://apps.wrd.state.or.us/apps/wr/wrinfo/wr_details.aspx?snp_id=49306","pod_use_id":51060},"geometry":{"type":"Point","coordinates":[-123.2964756820729,46.01411112160648]}},{"type":"Feature","properties":{"kind":"pod","name":"S  50069","use":"INDUSTRIAL/MANUFACTURING USES","source":"NEHALEM RIVER                                     ","link":"https://apps.wrd.state.or.us/apps/wr/wrinfo/wr_details.aspx?snp_id=49306","pod_use_id":51061},"geometry":{"type":"Point","coordinates":[-123.16174314753938,45.93308346130763]}},{"type":"Feature","properties":{"kind":"pod","name":"919","use":"DOMESTIC","source":"UNNAMED STREAM                                    ","link":"https://apps.wrd.state.or.us/apps/wr/wrinfo/wr_details.aspx?snp_id=53264","pod_use_id":58343},"geometry":{"type":"Point","coordinates":[-123.84222755050672,45.69477155775517]}},{"type":"Feature","properties":{"kind":"pod","name":"924","use":"DOMESTIC","source":"UNNAMED STREAM                                    ","link":"https://apps.wrd.state.or.us/apps/wr/wrinfo/wr_details.aspx?snp_id=53269","pod_use_id":58348},"geometry":{"type":"Point","coordinates":[-123.83779418786906,45.69718034727468]}},{"type":"Feature","properties":{"kind":"pod","name":"1165","use":"IRRIGATION","source":"ALDER CREEK                                       ","link":"https://apps.wrd.state.or.us/apps/wr/wrinfo/wr_details.aspx?snp_id=53512","pod_use_id":58623},"geometry":{"type":"Point","coordinates":[-123.90871694313343,45.7183747718937]}},{"type":"Feature","properties":{"kind":"pod","name":"1437","use":"INDUSTRIAL/MANUFACTURING USES","source":"PENNOYER CREEK                                    ","link":"https://apps.wrd.state.or.us/apps/wr/wrinfo/wr_details.aspx?snp_id=53789","pod_use_id":58949},"geometry":{"type":"Point","coordinates":[-123.40977754973851,45.70153349420443]}},{"type":"Feature","properties":{"kind":"pod","name":"1438","use":"INDUSTRIAL/MANUFACTURING USES","source":"UNNAMED STREAM                                    ","link":"https://apps.wrd.state.or.us/apps/wr/wrinfo/wr_details.aspx?snp_id=53790","pod_use_id":58950},"geometry":{"type":"Point","coordinates":[-123.50778861372135,45.70674845687154]}},{"type":"Feature","properties":{"kind":"pod","name":"1967","use":"INDUSTRIAL/MANUFACTURING USES","source":"VOSBURG CREEK                                     ","link":"https://apps.wrd.state.or.us/apps/wr/wrinfo/wr_details.aspx?snp_id=54322","pod_use_id":59827},"geometry":{"type":"Point","coordinates":[-123.88668882928374,45.68136413149149]}},{"type":"Feature","properties":{"kind":"pod","name":"1967","use":"DOMESTIC","source":"VOSBURG CREEK                                     ","link":"https://apps.wrd.state.or.us/apps/wr/wrinfo/wr_details.aspx?snp_id=54322","pod_use_id":59828},"geometry":{"type":"Point","coordinates":[-123.88668882928374,45.68136413149149]}},{"type":"Feature","properties":{"kind":"pod","name":"2174","use":"INDUSTRIAL/MANUFACTURING USES","source":"MESSHOUSE CREEK                                   ","link":"https://apps.wrd.state.or.us/apps/wr/wrinfo/wr_details.aspx?snp_id=54532","pod_use_id":60080},"geometry":{"type":"Point","coordinates":[-123.90960082069883,45.66936311366047]}},{"type":"Feature","properties":{"kind":"pod","name":"2174","use":"DOMESTIC","source":"MESSHOUSE CREEK                                   ","link":"https://apps.wrd.state.or.us/apps/wr/wrinfo/wr_details.aspx?snp_id=54532","pod_use_id":60081},"geometry":{"type":"Point","coordinates":[-123.90960082069883,45.66936311366047]}},{"type":"Feature","properties":{"kind":"pod","name":"2391","use":"DOMESTIC","source":"VOSBURG CREEK                                     ","link":"https://apps.wrd.state.or.us/apps/wr/wrinfo/wr_details.aspx?snp_id=54756","pod_use_id":60432},"geometry":{"type":"Point","coordinates":[-123.88951989672742,45.679480432799636]}},{"type":"Feature","properties":{"kind":"pod","name":"2391","use":"INDUSTRIAL/MANUFACTURING USES","source":"VOSBURG CREEK                                     ","link":"https://apps.wrd.state.or.us/apps/wr/wrinfo/wr_details.aspx?snp_id=54756","pod_use_id":60433},"geometry":{"type":"Point","coordinates":[-123.88951989672742,45.679480432799636]}},{"type":"Feature","properties":{"kind":"pod","name":"2440","use":"MUNICIPAL USES","source":"JARRIS CREEK                                     ","link":"https://apps.wrd.state.or.us/apps/wr/wrinfo/wr_details.aspx?snp_id=54807","pod_use_id":60505},"geometry":{"type":"Point","coordinates":[-123.88063054897674,45.68298663198934]}},{"type":"Feature","properties":{"kind":"pod","name":"2476","use":"INDUSTRIAL/MANUFACTURING USES","source":"UNNAMED STREAM                                    ","link":"https://apps.wrd.state.or.us/apps/wr/wrinfo/wr_details.aspx?snp_id=54844","pod_use_id":60553},"geometry":{"type":"Point","coordinates":[-123.57535214657463,45.72442514382475]}},{"type":"Feature","properties":{"kind":"pod","name":"2846","use":"POWER DEVELOPMENT","source":"BOBS CREEK                                        ","link":"https://apps.wrd.state.or.us/apps/wr/wrinfo/wr_details.aspx?snp_id=55218","pod_use_id":61049},"geometry":{"type":"Point","coordinates":[-123.88477884602186,45.73564306762114]}},{"type":"Feature","properties":{"kind":"pod","name":"2846","use":"DOMESTIC","source":"BOBS CREEK                                        ","link":"https://apps.wrd.state.or.us/apps/wr/wrinfo/wr_details.aspx?snp_id=55218","pod_use_id":61050},"geometry":{"type":"Point","coordinates":[-123.88477884602186,45.73564306762114]}},{"type":"Feature","properties":{"kind":"pod","name":"2848","use":"DOMESTIC","source":"PEARL CREEK                                       ","link":"https://apps.wrd.state.or.us/apps/wr/wrinfo/wr_details.aspx?snp_id=55220","pod_use_id":61053},"geometry":{"type":"Point","coordinates":[-123.84957337234638,45.727277218069794]}},{"type":"Feature","properties":{"kind":"pod","name":"3400","use":"DOMESTIC","source":"UNNAMED CREEK                                     ","link":"https://apps.wrd.state.or.us/apps/wr/wrinfo/wr_details.aspx?snp_id=55774","pod_use_id":61758},"geometry":{"type":"Point","coordinates":[-123.82278435347692,45.780478380389276]}},{"type":"Feature","properties":{"kind":"pod","name":"3469","use":"FIRE PROTECTION","source":"UNNAMED STREAM                                    ","link":"https://apps.wrd.state.or.us/apps/wr/wrinfo/wr_details.aspx?snp_id=55843","pod_use_id":61842},"geometry":{"type":"Point","coordinates":[-123.34327776008529,45.7013543793654]}},{"type":"Feature","properties":{"kind":"pod","name":"3805","use":"DOMESTIC","source":"LARGE SPRING CREEK                                ","link":"https://apps.wrd.state.or.us/apps/wr/wrinfo/wr_details.aspx?snp_id=56180","pod_use_id":62273},"geometry":{"type":"Point","coordinates":[-123.92497345174853,45.72724791315475]}},{"type":"Feature","properties":{"kind":"pod","name":"4788","use":"INDUSTRIAL/MANUFACTURING USES","source":"BEAVER CREEK","link":"https://apps.wrd.state.or.us/apps/wr/wrinfo/wr_details.aspx?snp_id=57167","pod_use_id":64188},"geometry":{"type":"Point","coordinates":[-123.21171092461265,45.7937073023697]}},{"type":"Feature","properties":{"kind":"pod","name":"4789","use":"INDUSTRIAL/MANUFACTURING USES","source":"FALL CREEK                                        ","link":"https://apps.wrd.state.or.us/apps/wr/wrinfo/wr_details.aspx?snp_id=57168","pod_use_id":64189},"geometry":{"type":"Point","coordinates":[-123.3259443271285,45.862491950328774]}},{"type":"Feature","properties":{"kind":"pod","name":"4956","use":"FISH CULTURE","source":"NEAHKAHNIE CREEK                                  ","link":"https://apps.wrd.state.or.us/apps/wr/wrinfo/wr_details.aspx?snp_id=57335","pod_use_id":64380},"geometry":{"type":"Point","coordinates":[-123.92702321133973,45.72067327669481]}},{"type":"Feature","properties":{"kind":"pod","name":"5008","use":"DOMESTIC","source":"ANDERSON CREEK                                    ","link":"https://apps.wrd.state.or.us/apps/wr/wrinfo/wr_details.aspx?snp_id=57387","pod_use_id":64449},"geometry":{"type":"Point","coordinates":[-123.88102761229644,45.74355190874769]}},{"type":"Feature","properties":{"kind":"pod","name":"5032","use":"INDUSTRIAL/MANUFACTURING USES","source":"ROCK CREEK                                        ","link":"https://apps.wrd.state.or.us/apps/wr/wrinfo/wr_details.aspx?snp_id=57411","pod_use_id":64476},"geometry":{"type":"Point","coordinates":[-123.40989166136491,45.82184131008678]}},{"type":"Feature","properties":{"kind":"pod","name":"5032","use":"DOMESTIC","source":"ROCK CREEK                                        ","link":"https://apps.wrd.state.or.us/apps/wr/wrinfo/wr_details.aspx?snp_id=57411","pod_use_id":64477},"geometry":{"type":"Point","coordinates":[-123.40989166136491,45.82184131008678]}},{"type":"Feature","properties":{"kind":"pod","name":"5073","use":"DOMESTIC","source":"UNNAMED STREAM","link":"https://apps.wrd.state.or.us/apps/wr/wrinfo/wr_details.aspx?snp_id=57452","pod_use_id":64539},"geometry":{"type":"Point","coordinates":[-123.8559462949963,45.750308684407464]}},{"type":"Feature","properties":{"kind":"pod","name":"5461","use":"INDUSTRIAL/MANUFACTURING USES","source":"ZIMMERMAN CREEK                                   ","link":"https://apps.wrd.state.or.us/apps/wr/wrinfo/wr_details.aspx?snp_id=57841","pod_use_id":65065},"geometry":{"type":"Point","coordinates":[-123.87058446652118,45.69329457871128]}},{"type":"Feature","properties":{"kind":"pod","name":"5464","use":"DOMESTIC","source":"KNICKERSON CREEK                                  ","link":"https://apps.wrd.state.or.us/apps/wr/wrinfo/wr_details.aspx?snp_id=57844","pod_use_id":65068},"geometry":{"type":"Point","coordinates":[-123.17711901835676,45.852796183962596]}},{"type":"Feature","properties":{"kind":"pod","name":"5469","use":"DOMESTIC","source":"NEHALEM RIVER                                     ","link":"https://apps.wrd.state.or.us/apps/wr/wrinfo/wr_details.aspx?snp_id=57849","pod_use_id":65073},"geometry":{"type":"Point","coordinates":[-123.87484926469614,45.69930800566463]}},{"type":"Feature","properties":{"kind":"pod","name":"5795","use":"MUNICIPAL USES","source":"FALL CREEK                                        ","link":"https://apps.wrd.state.or.us/apps/wr/wrinfo/wr_details.aspx?snp_id=58175","pod_use_id":65534},"geometry":{"type":"Point","coordinates":[-123.3299133471056,45.85235838466333]}},{"type":"Feature","properties":{"kind":"pod","name":"6340","use":"DOMESTIC","source":"NELSON CREEK","link":"https://apps.wrd.state.or.us/apps/wr/wrinfo/wr_details.aspx?snp_id=58720","pod_use_id":66579},"geometry":{"type":"Point","coordinates":[-123.36989446715363,45.997784715111635]}},{"type":"Feature","properties":{"kind":"pod","name":"6760","use":"DOMESTIC","source":"KEBBE CREEK","link":"https://apps.wrd.state.or.us/apps/wr/wrinfo/wr_details.aspx?snp_id=59141","pod_use_id":67146},"geometry":{"type":"Point","coordinates":[-123.84668268744083,45.7220536844425]}},{"type":"Feature","properties":{"kind":"pod","name":"7116","use":"DOMESTIC","source":"ZADDACH CREEK                                     ","link":"https://apps.wrd.state.or.us/apps/wr/wrinfo/wr_details.aspx?snp_id=59497","pod_use_id":67738},"geometry":{"type":"Point","coordinates":[-123.85026108844374,45.71226671957206]}},{"type":"Feature","properties":{"kind":"pod","name":"7728","use":"FISH CULTURE","source":"HATCHERY CREEK                                    ","link":"https://apps.wrd.state.or.us/apps/wr/wrinfo/wr_details.aspx?snp_id=60110","pod_use_id":68584},"geometry":{"type":"Point","coordinates":[-123.65407189437961,45.74787680697672]}},{"type":"Feature","properties":{"kind":"pod","name":"7754","use":"DOMESTIC","source":"NORTH FORK NEHALEM RIVER                          ","link":"https://apps.wrd.state.or.us/apps/wr/wrinfo/wr_details.aspx?snp_id=60136","pod_use_id":68625},"geometry":{"type":"Point","coordinates":[-123.71246530101277,45.85871804427117]}},{"type":"Feature","properties":{"kind":"pod","name":"7798","use":"DOMESTIC","source":"UNNAMED STREAM                                    ","link":"https://apps.wrd.state.or.us/apps/wr/wrinfo/wr_details.aspx?snp_id=60180","pod_use_id":68677},"geometry":{"type":"Point","coordinates":[-123.7813136553864,45.804015666404254]}},{"type":"Feature","properties":{"kind":"pod","name":"7916","use":"DOMESTIC AND LIVESTOCK","source":"UNNAMED STREAM                                    ","link":"https://apps.wrd.state.or.us/apps/wr/wrinfo/wr_details.aspx?snp_id=60298","pod_use_id":68834},"geometry":{"type":"Point","coordinates":[-123.84723784880279,45.72764685024694]}},{"type":"Feature","properties":{"kind":"pod","name":"7933","use":"DOMESTIC","source":"ZIMMERMAN CREEK                                   ","link":"https://apps.wrd.state.or.us/apps/wr/wrinfo/wr_details.aspx?snp_id=60315","pod_use_id":68854},"geometry":{"type":"Point","coordinates":[-123.87404388575256,45.693208667695004]}},{"type":"Feature","properties":{"kind":"pod","name":"8480","use":"MUNICIPAL USES","source":"BOBS CREEK                                        ","link":"https://apps.wrd.state.or.us/apps/wr/wrinfo/wr_details.aspx?snp_id=60862","pod_use_id":69686},"geometry":{"type":"Point","coordinates":[-123.90616945636002,45.741501446613285]}},{"type":"Feature","properties":{"kind":"pod","name":"8843","use":"INDUSTRIAL/MANUFACTURING USES","source":"ALDER CREEK                                       ","link":"https://apps.wrd.state.or.us/apps/wr/wrinfo/wr_details.aspx?snp_id=61225","pod_use_id":70184},"geometry":{"type":"Point","coordinates":[-123.55215465374741,45.94454804056958]}},{"type":"Feature","properties":{"kind":"pod","name":"8871","use":"IRRIGATION AND DOMESTIC","source":"KEBBE CREEK                                       ","link":"https://apps.wrd.state.or.us/apps/wr/wrinfo/wr_details.aspx?snp_id=61254","pod_use_id":70222},"geometry":{"type":"Point","coordinates":[-123.85138191449722,45.71856151616627]}},{"type":"Feature","properties":{"kind":"pod","name":"8958","use":"DOMESTIC","source":"UNNAMED STREAM                                    ","link":"https://apps.wrd.state.or.us/apps/wr/wrinfo/wr_details.aspx?snp_id=61341","pod_use_id":70332},"geometry":{"type":"Point","coordinates":[-123.58916430792682,45.957502360266794]}},{"type":"Feature","properties":{"kind":"pod","name":"8958","use":"INDUSTRIAL/MANUFACTURING USES","source":"UNNAMED STREAM                                    ","link":"https://apps.wrd.state.or.us/apps/wr/wrinfo/wr_details.aspx?snp_id=61341","pod_use_id":70333},"geometry":{"type":"Point","coordinates":[-123.58916430792682,45.957502360266794]}},{"type":"Feature","properties":{"kind":"pod","name":"9250","use":"DOMESTIC","source":"JARRIS CREEK                                     ","link":"https://apps.wrd.state.or.us/apps/wr/wrinfo/wr_details.aspx?snp_id=61633","pod_use_id":70696},"geometry":{"type":"Point","coordinates":[-123.88116382738774,45.68664471557099]}},{"type":"Feature","properties":{"kind":"pod","name":"9250","use":"INDUSTRIAL/MANUFACTURING USES","source":"JARRIS CREEK                                     ","link":"https://apps.wrd.state.or.us/apps/wr/wrinfo/wr_details.aspx?snp_id=61633","pod_use_id":70697},"geometry":{"type":"Point","coordinates":[-123.88116382738774,45.68664471557099]}},{"type":"Feature","properties":{"kind":"pod","name":"9555","use":"DOMESTIC","source":"JOSIE CREEK                                       ","link":"https://apps.wrd.state.or.us/apps/wr/wrinfo/wr_details.aspx?snp_id=61938","pod_use_id":71182},"geometry":{"type":"Point","coordinates":[-123.51678020059235,45.94078415687664]}},{"type":"Feature","properties":{"kind":"pod","name":"9558","use":"DOMESTIC","source":"UNNAMED STREAM                                    ","link":"https://apps.wrd.state.or.us/apps/wr/wrinfo/wr_details.aspx?snp_id=61941","pod_use_id":71196},"geometry":{"type":"Point","coordinates":[-123.85242990749158,45.70992887739182]}},{"type":"Feature","properties":{"kind":"pod","name":"9707","use":"DOMESTIC","source":"UNNAMED STREAM                                    ","link":"https://apps.wrd.state.or.us/apps/wr/wrinfo/wr_details.aspx?snp_id=62090","pod_use_id":71415},"geometry":{"type":"Point","coordinates":[-123.79183454959754,45.69895708656963]}},{"type":"Feature","properties":{"kind":"pod","name":"9825","use":"DOMESTIC","source":"UNNAMED STREAM                                    ","link":"https://apps.wrd.state.or.us/apps/wr/wrinfo/wr_details.aspx?snp_id=62208","pod_use_id":71577},"geometry":{"type":"Point","coordinates":[-123.84739953503683,45.72763985220056]}},{"type":"Feature","properties":{"kind":"pod","name":"10030","use":"DOMESTIC","source":"MCCOON CREEK                                     ","link":"https://apps.wrd.state.or.us/apps/wr/wrinfo/wr_details.aspx?snp_id=62413","pod_use_id":71872},"geometry":{"type":"Point","coordinates":[-123.3363361914712,46.046228170862285]}},{"type":"Feature","properties":{"kind":"pod","name":"10099","use":"MUNICIPAL USES","source":"ROCK CREEK                                        ","link":"https://apps.wrd.state.or.us/apps/wr/wrinfo/wr_details.aspx?snp_id=62487","pod_use_id":71964},"geometry":{"type":"Point","coordinates":[-123.18528382046685,45.86456552062924]}},{"type":"Feature","properties":{"kind":"pod","name":"10199","use":"DOMESTIC","source":"UNNAMED STREAM                                    ","link":"https://apps.wrd.state.or.us/apps/wr/wrinfo/wr_details.aspx?snp_id=62588","pod_use_id":72090},"geometry":{"type":"Point","coordinates":[-123.84962281306889,45.75710948929876]}},{"type":"Feature","properties":{"kind":"pod","name":"10699","use":"INDUSTRIAL/MANUFACTURING USES","source":"UNNAMED STREAM                                    ","link":"https://apps.wrd.state.or.us/apps/wr/wrinfo/wr_details.aspx?snp_id=63088","pod_use_id":72853},"geometry":{"type":"Point","coordinates":[-123.13953958328985,45.903896423817805]}},{"type":"Feature","properties":{"kind":"pod","name":"11670","use":"INDUSTRIAL/MANUFACTURING USES","source":"UNNAMED STREAM                                    ","link":"https://apps.wrd.state.or.us/apps/wr/wrinfo/wr_details.aspx?snp_id=64059","pod_use_id":74242},"geometry":{"type":"Point","coordinates":[-123.35471940850687,45.698971911992764]}},{"type":"Feature","properties":{"kind":"pod","name":"11670","use":"DOMESTIC","source":"UNNAMED STREAM                                    ","link":"https://apps.wrd.state.or.us/apps/wr/wrinfo/wr_details.aspx?snp_id=64059","pod_use_id":74243},"geometry":{"type":"Point","coordinates":[-123.35471940850687,45.698971911992764]}},{"type":"Feature","properties":{"kind":"pod","name":"11860","use":"DOMESTIC INCLUDING LAWN AND GARDEN","source":"UNNAMED STREAM                                    ","link":"https://apps.wrd.state.or.us/apps/wr/wrinfo/wr_details.aspx?snp_id=64249","pod_use_id":74512},"geometry":{"type":"Point","coordinates":[-123.78351641431108,45.80350363757904]}},{"type":"Feature","properties":{"kind":"pod","name":"11881","use":"DOMESTIC","source":"UNNAMED STREAM","link":"https://apps.wrd.state.or.us/apps/wr/wrinfo/wr_details.aspx?snp_id=64270","pod_use_id":74540},"geometry":{"type":"Point","coordinates":[-123.8295174297253,45.77284588839625]}},{"type":"Feature","properties":{"kind":"pod","name":"12144","use":"DOMESTIC","source":"A SPRING                                          ","link":"https://apps.wrd.state.or.us/apps/wr/wrinfo/wr_details.aspx?snp_id=64533","pod_use_id":74940},"geometry":{"type":"Point","coordinates":[-123.055337395142,45.830683085158135]}},{"type":"Feature","properties":{"kind":"pod","name":"12144","use":"INDUSTRIAL/MANUFACTURING USES","source":"A SPRING                                          ","link":"https://apps.wrd.state.or.us/apps/wr/wrinfo/wr_details.aspx?snp_id=64533","pod_use_id":74941},"geometry":{"type":"Point","coordinates":[-123.055337395142,45.830683085158135]}},{"type":"Feature","properties":{"kind":"pod","name":"12197","use":"DOMESTIC","source":"UNNAMED STREAM","link":"https://apps.wrd.state.or.us/apps/wr/wrinfo/wr_details.aspx?snp_id=64586","pod_use_id":75022},"geometry":{"type":"Point","coordinates":[-123.82228506784195,45.779215770692765]}},{"type":"Feature","properties":{"kind":"pod","name":"12199","use":"DOMESTIC","source":"KLINES CREEK                                      ","link":"https://apps.wrd.state.or.us/apps/wr/wrinfo/wr_details.aspx?snp_id=64588","pod_use_id":75024},"geometry":{"type":"Point","coordinates":[-123.54042427727926,45.884939791543374]}},{"type":"Feature","properties":{"kind":"pod","name":"12491","use":"DOMESTIC","source":"UNNAMED STREAM","link":"https://apps.wrd.state.or.us/apps/wr/wrinfo/wr_details.aspx?snp_id=64880","pod_use_id":75447},"geometry":{"type":"Point","coordinates":[-123.82228506784195,45.779215770692765]}},{"type":"Feature","properties":{"kind":"pod","name":"13319","use":"DOMESTIC INCLUDING LAWN AND GARDEN","source":"JAP CREEK                                         ","link":"https://apps.wrd.state.or.us/apps/wr/wrinfo/wr_details.aspx?snp_id=65708","pod_use_id":76481},"geometry":{"type":"Point","coordinates":[-123.9201503311886,45.682954886062674]}},{"type":"Feature","properties":{"kind":"pod","name":"13319","use":"FISH CULTURE","source":"JAP CREEK                                         ","link":"https://apps.wrd.state.or.us/apps/wr/wrinfo/wr_details.aspx?snp_id=65708","pod_use_id":76482},"geometry":{"type":"Point","coordinates":[-123.9201503311886,45.682954886062674]}},{"type":"Feature","properties":{"kind":"pod","name":"13396","use":"DOMESTIC AND LIVESTOCK","source":"COOK CREEK                                        ","link":"https://apps.wrd.state.or.us/apps/wr/wrinfo/wr_details.aspx?snp_id=65785","pod_use_id":76582},"geometry":{"type":"Point","coordinates":[-123.14198837341684,45.92847877294581]}},{"type":"Feature","properties":{"kind":"pod","name":"13485","use":"DOMESTIC","source":"CEDAR CREEK                                       ","link":"https://apps.wrd.state.or.us/apps/wr/wrinfo/wr_details.aspx?snp_id=65874","pod_use_id":76713},"geometry":{"type":"Point","coordinates":[-123.15822086170644,45.962080402087736]}},{"type":"Feature","properties":{"kind":"pod","name":"13485","use":"INDUSTRIAL/MANUFACTURING USES","source":"CEDAR CREEK                                       ","link":"https://apps.wrd.state.or.us/apps/wr/wrinfo/wr_details.aspx?snp_id=65874","pod_use_id":76714},"geometry":{"type":"Point","coordinates":[-123.15822086170644,45.962080402087736]}},{"type":"Feature","properties":{"kind":"pod","name":"14371","use":"DOMESTIC AND LIVESTOCK","source":"UNNAMED STREAM                                    ","link":"https://apps.wrd.state.or.us/apps/wr/wrinfo/wr_details.aspx?snp_id=66760","pod_use_id":78095},"geometry":{"type":"Point","coordinates":[-123.85073022983427,45.730546292137596]}},{"type":"Feature","properties":{"kind":"pod","name":"14386","use":"MUNICIPAL USES","source":"UNNAMED STREAM                                    ","link":"https://apps.wrd.state.or.us/apps/wr/wrinfo/wr_details.aspx?snp_id=66775","pod_use_id":78113},"geometry":{"type":"Point","coordinates":[-123.35471940850687,45.698971911992764]}},{"type":"Feature","properties":{"kind":"pod","name":"15081","use":"IRRIGATION","source":"UNNAMED STREAM","link":"https://apps.wrd.state.or.us/apps/wr/wrinfo/wr_details.aspx?snp_id=67470","pod_use_id":79195},"geometry":{"type":"Point","coordinates":[-123.16146743383094,45.878945115221114]}},{"type":"Feature","properties":{"kind":"pod","name":"15088","use":"IRRIGATION","source":"ROBINSON CREEK                                    ","link":"https://apps.wrd.state.or.us/apps/wr/wrinfo/wr_details.aspx?snp_id=67477","pod_use_id":79205},"geometry":{"type":"Point","coordinates":[-123.28174536253506,45.770225515954756]}},{"type":"Feature","properties":{"kind":"pod","name":"15097","use":"DOMESTIC","source":"KNICKERSON CREEK                                  ","link":"https://apps.wrd.state.or.us/apps/wr/wrinfo/wr_details.aspx?snp_id=67486","pod_use_id":79226},"geometry":{"type":"Point","coordinates":[-123.15895662737671,45.865206862753354]}},{"type":"Feature","properties":{"kind":"pod","name":"20909","use":"DOMESTIC","source":"UNNAMED STREAM/RESERVOIR                          ","link":"https://apps.wrd.state.or.us/apps/wr/wrinfo/wr_details.aspx?snp_id=73299","pod_use_id":84694},"geometry":{"type":"Point","coordinates":[-123.84781936460355,45.720340193533794]}},{"type":"Feature","properties":{"kind":"pod","name":"20910","use":"DOMESTIC","source":"KEBBE CREEK                                       ","link":"https://apps.wrd.state.or.us/apps/wr/wrinfo/wr_details.aspx?snp_id=73300","pod_use_id":84695},"geometry":{"type":"Point","coordinates":[-123.84781936460355,45.720340193533794]}},{"type":"Feature","properties":{"kind":"pod","name":"20937","use":"DOMESTIC","source":"ANDERSON CREEK                                    ","link":"https://apps.wrd.state.or.us/apps/wr/wrinfo/wr_details.aspx?snp_id=73327","pod_use_id":84731},"geometry":{"type":"Point","coordinates":[-123.87574381122545,45.74117907840068]}},{"type":"Feature","properties":{"kind":"pod","name":"20937","use":"FIRE PROTECTION","source":"ANDERSON CREEK                                    ","link":"https://apps.wrd.state.or.us/apps/wr/wrinfo/wr_details.aspx?snp_id=73327","pod_use_id":84732},"geometry":{"type":"Point","coordinates":[-123.87574381122545,45.74117907840068]}},{"type":"Feature","properties":{"kind":"pod","name":"20967","use":"DOMESTIC","source":"MCMILLAN CREEK                                    ","link":"https://apps.wrd.state.or.us/apps/wr/wrinfo/wr_details.aspx?snp_id=73357","pod_use_id":84772},"geometry":{"type":"Point","coordinates":[-123.93410253693949,45.6478342339957]}},{"type":"Feature","properties":{"kind":"pod","name":"21254","use":"DOMESTIC","source":"UNNAMED STREAM                                    ","link":"https://apps.wrd.state.or.us/apps/wr/wrinfo/wr_details.aspx?snp_id=73644","pod_use_id":85144},"geometry":{"type":"Point","coordinates":[-123.8530696446923,45.7307778181934]}},{"type":"Feature","properties":{"kind":"pod","name":"21254","use":"POWER DEVELOPMENT","source":"UNNAMED STREAM                                    ","link":"https://apps.wrd.state.or.us/apps/wr/wrinfo/wr_details.aspx?snp_id=73644","pod_use_id":85145},"geometry":{"type":"Point","coordinates":[-123.8530696446923,45.7307778181934]}},{"type":"Feature","properties":{"kind":"pod","name":"21462","use":"DOMESTIC","source":"UNNAMED STREAM","link":"https://apps.wrd.state.or.us/apps/wr/wrinfo/wr_details.aspx?snp_id=73852","pod_use_id":85411},"geometry":{"type":"Point","coordinates":[-123.92243969951102,45.66930265951547]}},{"type":"Feature","properties":{"kind":"pod","name":"21462","use":"FIRE PROTECTION","source":"UNNAMED STREAM","link":"https://apps.wrd.state.or.us/apps/wr/wrinfo/wr_details.aspx?snp_id=73852","pod_use_id":85412},"geometry":{"type":"Point","coordinates":[-123.92243969951102,45.66930265951547]}},{"type":"Feature","properties":{"kind":"pod","name":"21464","use":"DOMESTIC","source":"CHEVIOT CREEK                                     ","link":"https://apps.wrd.state.or.us/apps/wr/wrinfo/wr_details.aspx?snp_id=73854","pod_use_id":85416},"geometry":{"type":"Point","coordinates":[-123.92231938964134,45.67567659216978]}},{"type":"Feature","properties":{"kind":"pod","name":"21465","use":"DOMESTIC","source":"UNNAMED STREAM                                    ","link":"https://apps.wrd.state.or.us/apps/wr/wrinfo/wr_details.aspx?snp_id=73855","pod_use_id":85417},"geometry":{"type":"Point","coordinates":[-123.85108017197962,45.70922994554342]}},{"type":"Feature","properties":{"kind":"pod","name":"21472","use":"DOMESTIC","source":"CHEVIOT CREEK                                     ","link":"https://apps.wrd.state.or.us/apps/wr/wrinfo/wr_details.aspx?snp_id=73862","pod_use_id":85426},"geometry":{"type":"Point","coordinates":[-123.92239348407449,45.678764466641745]}},{"type":"Feature","properties":{"kind":"pod","name":"21546","use":"DOMESTIC","source":"UNNAMED STREAM                                    ","link":"https://apps.wrd.state.or.us/apps/wr/wrinfo/wr_details.aspx?snp_id=73936","pod_use_id":85527},"geometry":{"type":"Point","coordinates":[-123.81403068411649,45.69684909507372]}},{"type":"Feature","properties":{"kind":"pod","name":"21548","use":"IRRIGATION","source":"GALLAGHER SL                                     ","link":"https://apps.wrd.state.or.us/apps/wr/wrinfo/wr_details.aspx?snp_id=73938","pod_use_id":85531},"geometry":{"type":"Point","coordinates":[-123.87069779349314,45.70834866896478]}},{"type":"Feature","properties":{"kind":"pod","name":"21572","use":"POWER DEVELOPMENT","source":"WEST FORK COAL CREEK                             ","link":"https://apps.wrd.state.or.us/apps/wr/wrinfo/wr_details.aspx?snp_id=73962","pod_use_id":85564},"geometry":{"type":"Point","coordinates":[-123.91790370860987,45.71759144768216]}},{"type":"Feature","properties":{"kind":"pod","name":"21572","use":"DOMESTIC INCLUDING LAWN AND GARDEN","source":"WEST FORK COAL CREEK                             ","link":"https://apps.wrd.state.or.us/apps/wr/wrinfo/wr_details.aspx?snp_id=73962","pod_use_id":85565},"geometry":{"type":"Point","coordinates":[-123.91790370860987,45.71759144768216]}},{"type":"Feature","properties":{"kind":"pod","name":"21572","use":"FISH CULTURE","source":"WEST FORK COAL CREEK                             ","link":"https://apps.wrd.state.or.us/apps/wr/wrinfo/wr_details.aspx?snp_id=73962","pod_use_id":85566},"geometry":{"type":"Point","coordinates":[-123.91790370860987,45.71759144768216]}},{"type":"Feature","properties":{"kind":"pod","name":"21572","use":"RECREATION","source":"WEST FORK COAL CREEK                             ","link":"https://apps.wrd.state.or.us/apps/wr/wrinfo/wr_details.aspx?snp_id=73962","pod_use_id":85567},"geometry":{"type":"Point","coordinates":[-123.91790370860987,45.71759144768216]}},{"type":"Feature","properties":{"kind":"pod","name":"21573","use":"DOMESTIC INCLUDING LAWN AND GARDEN","source":"NECARNEY CR/RESERVOIR                             ","link":"https://apps.wrd.state.or.us/apps/wr/wrinfo/wr_details.aspx?snp_id=73963","pod_use_id":85568},"geometry":{"type":"Point","coordinates":[-123.91431828885706,45.71773511520946]}},{"type":"Feature","properties":{"kind":"pod","name":"21573","use":"FISH CULTURE","source":"NECARNEY CR/RESERVOIR                             ","link":"https://apps.wrd.state.or.us/apps/wr/wrinfo/wr_details.aspx?snp_id=73963","pod_use_id":85569},"geometry":{"type":"Point","coordinates":[-123.91431828885706,45.71773511520946]}},{"type":"Feature","properties":{"kind":"pod","name":"21573","use":"POWER DEVELOPMENT","source":"NECARNEY CR/RESERVOIR                             ","link":"https://apps.wrd.state.or.us/apps/wr/wrinfo/wr_details.aspx?snp_id=73963","pod_use_id":85570},"geometry":{"type":"Point","coordinates":[-123.91431828885706,45.71773511520946]}},{"type":"Feature","properties":{"kind":"pod","name":"21573","use":"RECREATION","source":"NECARNEY CR/RESERVOIR                             ","link":"https://apps.wrd.state.or.us/apps/wr/wrinfo/wr_details.aspx?snp_id=73963","pod_use_id":85571},"geometry":{"type":"Point","coordinates":[-123.91431828885706,45.71773511520946]}},{"type":"Feature","properties":{"kind":"pod","name":"21684","use":"MUNICIPAL USES","source":"ALDER CREEK                                       ","link":"https://apps.wrd.state.or.us/apps/wr/wrinfo/wr_details.aspx?snp_id=74074","pod_use_id":85708},"geometry":{"type":"Point","coordinates":[-123.9105644731213,45.72997256720759]}},{"type":"Feature","properties":{"kind":"pod","name":"21707","use":"MUNICIPAL USES","source":"CLASSIC LAKE CREEK","link":"https://apps.wrd.state.or.us/apps/wr/wrinfo/wr_details.aspx?snp_id=74097","pod_use_id":85737},"geometry":{"type":"Point","coordinates":[-123.92347835326198,45.74394832264111]}},{"type":"Feature","properties":{"kind":"pod","name":"21707","use":"MUNICIPAL USES","source":"LANGE CREEK","link":"https://apps.wrd.state.or.us/apps/wr/wrinfo/wr_details.aspx?snp_id=74097","pod_use_id":85738},"geometry":{"type":"Point","coordinates":[-123.91115133740412,45.73028339351989]}},{"type":"Feature","properties":{"kind":"pod","name":"21708","use":"MUNICIPAL USES","source":"ALDER CREEK                                       ","link":"https://apps.wrd.state.or.us/apps/wr/wrinfo/wr_details.aspx?snp_id=74098","pod_use_id":85739},"geometry":{"type":"Point","coordinates":[-123.9105644731213,45.72997256720759]}},{"type":"Feature","properties":{"kind":"pod","name":"21708","use":"MUNICIPAL USES","source":"ALDER CREEK                                       ","link":"https://apps.wrd.state.or.us/apps/wr/wrinfo/wr_details.aspx?snp_id=74098","pod_use_id":85740},"geometry":{"type":"Point","coordinates":[-123.91351549633589,45.730708066031525]}},{"type":"Feature","properties":{"kind":"pod","name":"21721","use":"DOMESTIC","source":"UNNAMED STREAM                                    ","link":"https://apps.wrd.state.or.us/apps/wr/wrinfo/wr_details.aspx?snp_id=74111","pod_use_id":85764},"geometry":{"type":"Point","coordinates":[-123.57071012456099,45.72112068027907]}},{"type":"Feature","properties":{"kind":"pod","name":"21768","use":"IRRIGATION","source":"ROY CREEK                                         ","link":"https://apps.wrd.state.or.us/apps/wr/wrinfo/wr_details.aspx?snp_id=74158","pod_use_id":85828},"geometry":{"type":"Point","coordinates":[-123.84045736990875,45.70163435644209]}},{"type":"Feature","properties":{"kind":"pod","name":"21769","use":"IRRIGATION","source":"ZADDACH CREEK                                     ","link":"https://apps.wrd.state.or.us/apps/wr/wrinfo/wr_details.aspx?snp_id=74159","pod_use_id":85829},"geometry":{"type":"Point","coordinates":[-123.85799296011956,45.71287311686084]}},{"type":"Feature","properties":{"kind":"pod","name":"21878","use":"DOMESTIC","source":"UNNAMED STREAM                                    ","link":"https://apps.wrd.state.or.us/apps/wr/wrinfo/wr_details.aspx?snp_id=74268","pod_use_id":85965},"geometry":{"type":"Point","coordinates":[-123.8242462421653,45.77914578906106]}},{"type":"Feature","properties":{"kind":"pod","name":"22315","use":"IRRIGATION","source":"UNNAMED STREAM                                    ","link":"https://apps.wrd.state.or.us/apps/wr/wrinfo/wr_details.aspx?snp_id=74705","pod_use_id":86519},"geometry":{"type":"Point","coordinates":[-123.56615948491607,45.86841878232688]}},{"type":"Feature","properties":{"kind":"pod","name":"22334","use":"IRRIGATION","source":"GEORGE CREEK                                      ","link":"https://apps.wrd.state.or.us/apps/wr/wrinfo/wr_details.aspx?snp_id=74724","pod_use_id":86543},"geometry":{"type":"Point","coordinates":[-123.56867550602011,45.88861379999278]}},{"type":"Feature","properties":{"kind":"pod","name":"22351","use":"IRRIGATION","source":"FISHHAWK CREEK                                    ","link":"https://apps.wrd.state.or.us/apps/wr/wrinfo/wr_details.aspx?snp_id=74741","pod_use_id":86563},"geometry":{"type":"Point","coordinates":[-123.53419992874147,45.94020272895133]}},{"type":"Feature","properties":{"kind":"pod","name":"22355","use":"IRRIGATION","source":"GRUB CREEK                                        ","link":"https://apps.wrd.state.or.us/apps/wr/wrinfo/wr_details.aspx?snp_id=74745","pod_use_id":86567},"geometry":{"type":"Point","coordinates":[-123.36911165638534,45.97706677550323]}},{"type":"Feature","properties":{"kind":"pod","name":"22476","use":"IRRIGATION","source":"CEDAR CREEK                                       ","link":"https://apps.wrd.state.or.us/apps/wr/wrinfo/wr_details.aspx?snp_id=74866","pod_use_id":86731},"geometry":{"type":"Point","coordinates":[-123.25037281617637,45.84887566885568]}},{"type":"Feature","properties":{"kind":"pod","name":"22506","use":"IRRIGATION","source":"NEHALEM RIVER                                     ","link":"https://apps.wrd.state.or.us/apps/wr/wrinfo/wr_details.aspx?snp_id=74896","pod_use_id":86777},"geometry":{"type":"Point","coordinates":[-123.56893502878576,45.88887453422707]}},{"type":"Feature","properties":{"kind":"pod","name":"22508","use":"IRRIGATION","source":"NEHALEM RIVER                                     ","link":"https://apps.wrd.state.or.us/apps/wr/wrinfo/wr_details.aspx?snp_id=74898","pod_use_id":86779},"geometry":{"type":"Point","coordinates":[-123.3978764700853,45.98659130565987]}},{"type":"Feature","properties":{"kind":"pod","name":"22529","use":"IRRIGATION","source":"GRUB CREEK                                        ","link":"https://apps.wrd.state.or.us/apps/wr/wrinfo/wr_details.aspx?snp_id=74919","pod_use_id":86805},"geometry":{"type":"Point","coordinates":[-123.37660809551839,45.982479465905435]}},{"type":"Feature","properties":{"kind":"pod","name":"22530","use":"IRRIGATION","source":"MOORES CREEK                                      ","link":"https://apps.wrd.state.or.us/apps/wr/wrinfo/wr_details.aspx?snp_id=74920","pod_use_id":86806},"geometry":{"type":"Point","coordinates":[-123.51428995380603,45.89545715199776]}},{"type":"Feature","properties":{"kind":"pod","name":"22534","use":"IRRIGATION","source":"QUARTZ CREEK                                      ","link":"https://apps.wrd.state.or.us/apps/wr/wrinfo/wr_details.aspx?snp_id=74924","pod_use_id":86810},"geometry":{"type":"Point","coordinates":[-123.54632705794174,45.84269225581018]}},{"type":"Feature","properties":{"kind":"pod","name":"22549","use":"IRRIGATION","source":"UNNAMED STREAM                                    ","link":"https://apps.wrd.state.or.us/apps/wr/wrinfo/wr_details.aspx?snp_id=74939","pod_use_id":86832},"geometry":{"type":"Point","coordinates":[-123.56551037511849,45.86706764758956]}},{"type":"Feature","properties":{"kind":"pod","name":"22560","use":"DOMESTIC INCLUDING LAWN AND GARDEN","source":"KNICKERSON CREEK                                  ","link":"https://apps.wrd.state.or.us/apps/wr/wrinfo/wr_details.aspx?snp_id=74950","pod_use_id":86844},"geometry":{"type":"Point","coordinates":[-123.15659294955277,45.86434202672247]}},{"type":"Feature","properties":{"kind":"pod","name":"22625","use":"IRRIGATION","source":"KALE CREEK                                        ","link":"https://apps.wrd.state.or.us/apps/wr/wrinfo/wr_details.aspx?snp_id=75015","pod_use_id":86928},"geometry":{"type":"Point","coordinates":[-123.37690847485253,45.98271559312361]}},{"type":"Feature","properties":{"kind":"pod","name":"22658","use":"IRRIGATION","source":"KNICKERSON CREEK                                  ","link":"https://apps.wrd.state.or.us/apps/wr/wrinfo/wr_details.aspx?snp_id=75048","pod_use_id":86969},"geometry":{"type":"Point","coordinates":[-123.17465854776123,45.868470514742526]}},{"type":"Feature","properties":{"kind":"pod","name":"22674","use":"IRRIGATION","source":"ROCK CREEK                                        ","link":"https://apps.wrd.state.or.us/apps/wr/wrinfo/wr_details.aspx?snp_id=75064","pod_use_id":86993},"geometry":{"type":"Point","coordinates":[-123.20036454222492,45.873519662336925]}},{"type":"Feature","properties":{"kind":"pod","name":"22679","use":"DOMESTIC","source":"LUNDGREN CREEK                                    ","link":"https://apps.wrd.state.or.us/apps/wr/wrinfo/wr_details.aspx?snp_id=75069","pod_use_id":86999},"geometry":{"type":"Point","coordinates":[-123.23189095091897,46.00013240091569]}},{"type":"Feature","properties":{"kind":"pod","name":"22679","use":"IRRIGATION","source":"LUNDGREN CREEK                                    ","link":"https://apps.wrd.state.or.us/apps/wr/wrinfo/wr_details.aspx?snp_id=75069","pod_use_id":87000},"geometry":{"type":"Point","coordinates":[-123.23189095091897,46.00013240091569]}},{"type":"Feature","properties":{"kind":"pod","name":"22685","use":"IRRIGATION","source":"NEHALEM RIVER                                     ","link":"https://apps.wrd.state.or.us/apps/wr/wrinfo/wr_details.aspx?snp_id=75075","pod_use_id":87006},"geometry":{"type":"Point","coordinates":[-123.24500393798337,45.84968575528779]}},{"type":"Feature","properties":{"kind":"pod","name":"22692","use":"IRRIGATION","source":"DEEP CREEK                                        ","link":"https://apps.wrd.state.or.us/apps/wr/wrinfo/wr_details.aspx?snp_id=75082","pod_use_id":87018},"geometry":{"type":"Point","coordinates":[-123.34175564390192,45.97420553760215]}},{"type":"Feature","properties":{"kind":"pod","name":"22712","use":"IRRIGATION","source":"FISHHAWK CREEK                                    ","link":"https://apps.wrd.state.or.us/apps/wr/wrinfo/wr_details.aspx?snp_id=75102","pod_use_id":87040},"geometry":{"type":"Point","coordinates":[-123.33861441001024,46.034423463978115]}},{"type":"Feature","properties":{"kind":"pod","name":"22754","use":"IRRIGATION","source":"NEHALEM RIVER                                     ","link":"https://apps.wrd.state.or.us/apps/wr/wrinfo/wr_details.aspx?snp_id=75144","pod_use_id":87092},"geometry":{"type":"Point","coordinates":[-123.48906098489293,45.920205429488625]}},{"type":"Feature","properties":{"kind":"pod","name":"22934","use":"IRRIGATION","source":"NEHALEM RIVER","link":"https://apps.wrd.state.or.us/apps/wr/wrinfo/wr_details.aspx?snp_id=75324","pod_use_id":87311},"geometry":{"type":"Point","coordinates":[-123.14910490761837,45.883016588416545]}},{"type":"Feature","properties":{"kind":"pod","name":"22941","use":"IRRIGATION","source":"NEHALEM RIVER","link":"https://apps.wrd.state.or.us/apps/wr/wrinfo/wr_details.aspx?snp_id=75331","pod_use_id":87323},"geometry":{"type":"Point","coordinates":[-123.17345463713445,45.86543412514059]}},{"type":"Feature","properties":{"kind":"pod","name":"22948","use":"IRRIGATION","source":"PEBBLE CREEK                                      ","link":"https://apps.wrd.state.or.us/apps/wr/wrinfo/wr_details.aspx?snp_id=75338","pod_use_id":87332},"geometry":{"type":"Point","coordinates":[-123.17351415942349,45.861228906081465]}},{"type":"Feature","properties":{"kind":"pod","name":"22952","use":"IRRIGATION","source":"NEHALEM RIVER                                     ","link":"https://apps.wrd.state.or.us/apps/wr/wrinfo/wr_details.aspx?snp_id=75342","pod_use_id":87336},"geometry":{"type":"Point","coordinates":[-123.32183291844015,46.00315370351513]}},{"type":"Feature","properties":{"kind":"pod","name":"22953","use":"IRRIGATION","source":"KLINES CREEK                                      ","link":"https://apps.wrd.state.or.us/apps/wr/wrinfo/wr_details.aspx?snp_id=75343","pod_use_id":87337},"geometry":{"type":"Point","coordinates":[-123.54749584279342,45.895328603472436]}},{"type":"Feature","properties":{"kind":"pod","name":"22956","use":"IRRIGATION","source":"NEHALEM RIVER","link":"https://apps.wrd.state.or.us/apps/wr/wrinfo/wr_details.aspx?snp_id=75346","pod_use_id":87340},"geometry":{"type":"Point","coordinates":[-123.421563366793,45.984291982047154]}},{"type":"Feature","properties":{"kind":"pod","name":"22960","use":"IRRIGATION","source":"NEHALEM RIVER                                     ","link":"https://apps.wrd.state.or.us/apps/wr/wrinfo/wr_details.aspx?snp_id=75350","pod_use_id":87346},"geometry":{"type":"Point","coordinates":[-123.48906098489293,45.920205429488625]}},{"type":"Feature","properties":{"kind":"pod","name":"22961","use":"IRRIGATION","source":"BENEKE CREEK                                      ","link":"https://apps.wrd.state.or.us/apps/wr/wrinfo/wr_details.aspx?snp_id=75351","pod_use_id":87347},"geometry":{"type":"Point","coordinates":[-123.50637554045755,45.93446673575836]}},{"type":"Feature","properties":{"kind":"pod","name":"23062","use":"DOMESTIC","source":"NORTHRUP CREEK                                    ","link":"https://apps.wrd.state.or.us/apps/wr/wrinfo/wr_details.aspx?snp_id=75452","pod_use_id":87478},"geometry":{"type":"Point","coordinates":[-123.4304044458652,45.99922988627596]}},{"type":"Feature","properties":{"kind":"pod","name":"23062","use":"IRRIGATION","source":"NORTHRUP CREEK                                    ","link":"https://apps.wrd.state.or.us/apps/wr/wrinfo/wr_details.aspx?snp_id=75452","pod_use_id":87479},"geometry":{"type":"Point","coordinates":[-123.4304044458652,45.99922988627596]}},{"type":"Feature","properties":{"kind":"pod","name":"23062","use":"IRRIGATION AND DOMESTIC","source":"NORTHRUP CREEK                                    ","link":"https://apps.wrd.state.or.us/apps/wr/wrinfo/wr_details.aspx?snp_id=75452","pod_use_id":87480},"geometry":{"type":"Point","coordinates":[-123.42880909368436,45.99553691344434]}},{"type":"Feature","properties":{"kind":"pod","name":"23190","use":"DOMESTIC INCLUDING LAWN AND GARDEN","source":"UNNAMED STREAM","link":"https://apps.wrd.state.or.us/apps/wr/wrinfo/wr_details.aspx?snp_id=75580","pod_use_id":87639},"geometry":{"type":"Point","coordinates":[-123.15372676476534,45.906228011057365]}},{"type":"Feature","properties":{"kind":"pod","name":"23225","use":"IRRIGATION","source":"NEHALEM RIVER                                     ","link":"https://apps.wrd.state.or.us/apps/wr/wrinfo/wr_details.aspx?snp_id=75615","pod_use_id":87687},"geometry":{"type":"Point","coordinates":[-123.2860462801616,45.99923823541429]}},{"type":"Feature","properties":{"kind":"pod","name":"23245","use":"IRRIGATION","source":"UNNAMED STREAM","link":"https://apps.wrd.state.or.us/apps/wr/wrinfo/wr_details.aspx?snp_id=75635","pod_use_id":87715},"geometry":{"type":"Point","coordinates":[-123.33687041163994,45.9851767644507]}},{"type":"Feature","properties":{"kind":"pod","name":"23455","use":"IRRIGATION","source":"ROCK CREEK                                        ","link":"https://apps.wrd.state.or.us/apps/wr/wrinfo/wr_details.aspx?snp_id=75845","pod_use_id":88000},"geometry":{"type":"Point","coordinates":[-123.19553443007528,45.868732407374864]}},{"type":"Feature","properties":{"kind":"pod","name":"23458","use":"IRRIGATION","source":"NEHALEM RIVER                                     ","link":"https://apps.wrd.state.or.us/apps/wr/wrinfo/wr_details.aspx?snp_id=75848","pod_use_id":88004},"geometry":{"type":"Point","coordinates":[-123.51055621043233,45.89440770710856]}},{"type":"Feature","properties":{"kind":"pod","name":"23477","use":"IRRIGATION","source":"PEBBLE CREEK                                      ","link":"https://apps.wrd.state.or.us/apps/wr/wrinfo/wr_details.aspx?snp_id=75867","pod_use_id":88026},"geometry":{"type":"Point","coordinates":[-123.17316401168611,45.85165968308624]}},{"type":"Feature","properties":{"kind":"pod","name":"23480","use":"MUNICIPAL USES","source":"ROCK CREEK                                        ","link":"https://apps.wrd.state.or.us/apps/wr/wrinfo/wr_details.aspx?snp_id=75870","pod_use_id":88029},"geometry":{"type":"Point","coordinates":[-123.18932471603023,45.86495522172882]}},{"type":"Feature","properties":{"kind":"pod","name":"23541","use":"DOMESTIC INCLUDING LAWN AND GARDEN","source":"QUARTZ CREEK                                      ","link":"https://apps.wrd.state.or.us/apps/wr/wrinfo/wr_details.aspx?snp_id=75931","pod_use_id":88163},"geometry":{"type":"Point","coordinates":[-123.52735676990548,45.84984571459239]}},{"type":"Feature","properties":{"kind":"pod","name":"23542","use":"DOMESTIC","source":"UNNAMED STREAM                                    ","link":"https://apps.wrd.state.or.us/apps/wr/wrinfo/wr_details.aspx?snp_id=75932","pod_use_id":88164},"geometry":{"type":"Point","coordinates":[-123.84025105942081,45.674898646896494]}},{"type":"Feature","properties":{"kind":"pod","name":"23557","use":"DOMESTIC","source":"HUMBUG CREEK                                      ","link":"https://apps.wrd.state.or.us/apps/wr/wrinfo/wr_details.aspx?snp_id=75947","pod_use_id":88179},"geometry":{"type":"Point","coordinates":[-123.6034274856055,45.86561039277879]}},{"type":"Feature","properties":{"kind":"pod","name":"23561","use":"IRRIGATION","source":"NEHALEM RIVER                                     ","link":"https://apps.wrd.state.or.us/apps/wr/wrinfo/wr_details.aspx?snp_id=75951","pod_use_id":88183},"geometry":{"type":"Point","coordinates":[-123.56896545911246,45.88217016520095]}},{"type":"Feature","properties":{"kind":"pod","name":"23563","use":"IRRIGATION AND DOMESTIC","source":"KNICKERSON CREEK                                  ","link":"https://apps.wrd.state.or.us/apps/wr/wrinfo/wr_details.aspx?snp_id=75953","pod_use_id":88185},"geometry":{"type":"Point","coordinates":[-123.16208078452048,45.866491609477855]}},{"type":"Feature","properties":{"kind":"pod","name":"23569","use":"IRRIGATION","source":"NEHALEM RIVER","link":"https://apps.wrd.state.or.us/apps/wr/wrinfo/wr_details.aspx?snp_id=75959","pod_use_id":88198},"geometry":{"type":"Point","coordinates":[-123.80058843833093,45.69434605972205]}},{"type":"Feature","properties":{"kind":"pod","name":"23569","use":"IRRIGATION","source":"NEHALEM RIVER","link":"https://apps.wrd.state.or.us/apps/wr/wrinfo/wr_details.aspx?snp_id=75959","pod_use_id":88199},"geometry":{"type":"Point","coordinates":[-123.80638749596554,45.69390610857946]}},{"type":"Feature","properties":{"kind":"pod","name":"23570","use":"IRRIGATION","source":"FISHHAWK CREEK                                    ","link":"https://apps.wrd.state.or.us/apps/wr/wrinfo/wr_details.aspx?snp_id=75960","pod_use_id":88200},"geometry":{"type":"Point","coordinates":[-123.34211474402294,45.99616983719406]}},{"type":"Feature","properties":{"kind":"pod","name":"23615","use":"IRRIGATION","source":"FISHHAWK CREEK                                    ","link":"https://apps.wrd.state.or.us/apps/wr/wrinfo/wr_details.aspx?snp_id=76005","pod_use_id":88252},"geometry":{"type":"Point","coordinates":[-123.51548754601853,45.932139818937486]}},{"type":"Feature","properties":{"kind":"pod","name":"23642","use":"DOMESTIC","source":"JOSIE CREEK                                       ","link":"https://apps.wrd.state.or.us/apps/wr/wrinfo/wr_details.aspx?snp_id=76032","pod_use_id":88285},"geometry":{"type":"Point","coordinates":[-123.51604683971597,45.94392030910491]}},{"type":"Feature","properties":{"kind":"pod","name":"23650","use":"IRRIGATION","source":"FOLEY CREEK","link":"https://apps.wrd.state.or.us/apps/wr/wrinfo/wr_details.aspx?snp_id=76040","pod_use_id":88294},"geometry":{"type":"Point","coordinates":[-123.83912534842486,45.663965007399135]}},{"type":"Feature","properties":{"kind":"pod","name":"23650","use":"IRRIGATION","source":"CRYSTAL CREEK","link":"https://apps.wrd.state.or.us/apps/wr/wrinfo/wr_details.aspx?snp_id=76040","pod_use_id":88295},"geometry":{"type":"Point","coordinates":[-123.83660638387614,45.66364508031681]}},{"type":"Feature","properties":{"kind":"pod","name":"23650","use":"IRRIGATION","source":"CRYSTAL CREEK","link":"https://apps.wrd.state.or.us/apps/wr/wrinfo/wr_details.aspx?snp_id=76040","pod_use_id":88296},"geometry":{"type":"Point","coordinates":[-123.83854493090675,45.66061100653428]}},{"type":"Feature","properties":{"kind":"pod","name":"23709","use":"DOMESTIC","source":"UNNAMED STREAM                                    ","link":"https://apps.wrd.state.or.us/apps/wr/wrinfo/wr_details.aspx?snp_id=76099","pod_use_id":88368},"geometry":{"type":"Point","coordinates":[-123.79249797049009,45.799265045532564]}},{"type":"Feature","properties":{"kind":"pod","name":"23736","use":"DOMESTIC INCLUDING LAWN AND GARDEN","source":"CLEAR CREEK                                       ","link":"https://apps.wrd.state.or.us/apps/wr/wrinfo/wr_details.aspx?snp_id=76126","pod_use_id":88404},"geometry":{"type":"Point","coordinates":[-123.92103237037797,45.671526027099276]}},{"type":"Feature","properties":{"kind":"pod","name":"23737","use":"DOMESTIC","source":"UNNAMED STREAM                                    ","link":"https://apps.wrd.state.or.us/apps/wr/wrinfo/wr_details.aspx?snp_id=76127","pod_use_id":88405},"geometry":{"type":"Point","coordinates":[-123.83655483000416,45.67055807459923]}},{"type":"Feature","properties":{"kind":"pod","name":"23889","use":"IRRIGATION","source":"UNNAMED STREAM                                    ","link":"https://apps.wrd.state.or.us/apps/wr/wrinfo/wr_details.aspx?snp_id=76279","pod_use_id":88596},"geometry":{"type":"Point","coordinates":[-123.83559798610372,45.77398259449599]}},{"type":"Feature","properties":{"kind":"pod","name":"23976","use":"DOMESTIC","source":"FALL CREEK                                        ","link":"https://apps.wrd.state.or.us/apps/wr/wrinfo/wr_details.aspx?snp_id=76366","pod_use_id":88704},"geometry":{"type":"Point","coordinates":[-123.82269370139149,45.77938631992912]}},{"type":"Feature","properties":{"kind":"pod","name":"23976","use":"INDUSTRIAL/MANUFACTURING USES","source":"FALL CREEK                                        ","link":"https://apps.wrd.state.or.us/apps/wr/wrinfo/wr_details.aspx?snp_id=76366","pod_use_id":88705},"geometry":{"type":"Point","coordinates":[-123.82269370139149,45.77938631992912]}},{"type":"Feature","properties":{"kind":"pod","name":"24097","use":"IRRIGATION","source":"NORTH FORK NEHALEM RIVER                          ","link":"https://apps.wrd.state.or.us/apps/wr/wrinfo/wr_details.aspx?snp_id=76487","pod_use_id":88870},"geometry":{"type":"Point","coordinates":[-123.83643521672053,45.78327140535335]}},{"type":"Feature","properties":{"kind":"pod","name":"24359","use":"IRRIGATION","source":"BEAVER CREEK","link":"https://apps.wrd.state.or.us/apps/wr/wrinfo/wr_details.aspx?snp_id=76749","pod_use_id":89207},"geometry":{"type":"Point","coordinates":[-123.2280658978146,45.8295948108705]}},{"type":"Feature","properties":{"kind":"pod","name":"24387","use":"DOMESTIC","source":"UNNAMED STREAM                                    ","link":"https://apps.wrd.state.or.us/apps/wr/wrinfo/wr_details.aspx?snp_id=76777","pod_use_id":89248},"geometry":{"type":"Point","coordinates":[-123.76953767029741,45.82486136345736]}},{"type":"Feature","properties":{"kind":"pod","name":"24517","use":"INDUSTRIAL/MANUFACTURING USES","source":"UNNAMED STREAM                                    ","link":"https://apps.wrd.state.or.us/apps/wr/wrinfo/wr_details.aspx?snp_id=76907","pod_use_id":89413},"geometry":{"type":"Point","coordinates":[-123.74380374797943,45.69541015706542]}},{"type":"Feature","properties":{"kind":"pod","name":"24518","use":"DOMESTIC","source":"UNNAMED STREAM                                    ","link":"https://apps.wrd.state.or.us/apps/wr/wrinfo/wr_details.aspx?snp_id=76908","pod_use_id":89414},"geometry":{"type":"Point","coordinates":[-123.75919543033463,45.693601347444506]}},{"type":"Feature","properties":{"kind":"pod","name":"24519","use":"DOMESTIC","source":"CRYSTAL CREEK                                     ","link":"https://apps.wrd.state.or.us/apps/wr/wrinfo/wr_details.aspx?snp_id=76909","pod_use_id":89415},"geometry":{"type":"Point","coordinates":[-123.83754894644906,45.65974403625265]}},{"type":"Feature","properties":{"kind":"pod","name":"24662","use":"IRRIGATION","source":"ROBINSON CREEK                                    ","link":"https://apps.wrd.state.or.us/apps/wr/wrinfo/wr_details.aspx?snp_id=77052","pod_use_id":89593},"geometry":{"type":"Point","coordinates":[-123.28353971560352,45.76615643349255]}},{"type":"Feature","properties":{"kind":"pod","name":"24662","use":"IRRIGATION","source":"ROBINSON CREEK                                    ","link":"https://apps.wrd.state.or.us/apps/wr/wrinfo/wr_details.aspx?snp_id=77052","pod_use_id":89594},"geometry":{"type":"Point","coordinates":[-123.2808353293422,45.766814216244256]}},{"type":"Feature","properties":{"kind":"pod","name":"26097","use":"MUNICIPAL USES","source":"MCMILLAN CREEK                                    ","link":"https://apps.wrd.state.or.us/apps/wr/wrinfo/wr_details.aspx?snp_id=78488","pod_use_id":91627},"geometry":{"type":"Point","coordinates":[-123.9348470946544,45.64076613501485]}},{"type":"Feature","properties":{"kind":"pod","name":"26424","use":"IRRIGATION","source":"ROBINSON CREEK                                    ","link":"https://apps.wrd.state.or.us/apps/wr/wrinfo/wr_details.aspx?snp_id=78815","pod_use_id":92066},"geometry":{"type":"Point","coordinates":[-123.2773515423436,45.774179363383446]}},{"type":"Feature","properties":{"kind":"pod","name":"26424","use":"IRRIGATION","source":"NEHALEM RIVER                                     ","link":"https://apps.wrd.state.or.us/apps/wr/wrinfo/wr_details.aspx?snp_id=78815","pod_use_id":92067},"geometry":{"type":"Point","coordinates":[-123.2834902051907,45.778160919565956]}},{"type":"Feature","properties":{"kind":"pod","name":"26427","use":"IRRIGATION","source":"NEHALEM RIVER","link":"https://apps.wrd.state.or.us/apps/wr/wrinfo/wr_details.aspx?snp_id=78818","pod_use_id":92070},"geometry":{"type":"Point","coordinates":[-123.25204982037218,45.84289310718963]}},{"type":"Feature","properties":{"kind":"pod","name":"26549","use":"DOMESTIC","source":"LUCKIAMUTE RIVER                                 ","link":"https://apps.wrd.state.or.us/apps/wr/wrinfo/wr_details.aspx?snp_id=78940","pod_use_id":92235},"geometry":{"type":"Point","coordinates":[-123.84862356513348,45.64949811136872]}},{"type":"Feature","properties":{"kind":"pod","name":"26550","use":"IRRIGATION","source":"FOLEY CREEK                                       ","link":"https://apps.wrd.state.or.us/apps/wr/wrinfo/wr_details.aspx?snp_id=78941","pod_use_id":92236},"geometry":{"type":"Point","coordinates":[-123.85064652581092,45.65030882827656]}},{"type":"Feature","properties":{"kind":"pod","name":"26949","use":"IRRIGATION","source":"PEARL CREEK                                       ","link":"https://apps.wrd.state.or.us/apps/wr/wrinfo/wr_details.aspx?snp_id=79340","pod_use_id":92790},"geometry":{"type":"Point","coordinates":[-123.85138582720587,45.72580174838475]}},{"type":"Feature","properties":{"kind":"pod","name":"27059","use":"DOMESTIC AND LIVESTOCK","source":"UNNAMED STREAM                                    ","link":"https://apps.wrd.state.or.us/apps/wr/wrinfo/wr_details.aspx?snp_id=79450","pod_use_id":92948},"geometry":{"type":"Point","coordinates":[-123.86865471342928,45.704667484613296]}},{"type":"Feature","properties":{"kind":"pod","name":"27152","use":"IRRIGATION","source":"UNNAMED STREAM","link":"https://apps.wrd.state.or.us/apps/wr/wrinfo/wr_details.aspx?snp_id=79543","pod_use_id":93076},"geometry":{"type":"Point","coordinates":[-123.90305179988701,45.71355175540664]}},{"type":"Feature","properties":{"kind":"pod","name":"27291","use":"IRRIGATION","source":"COAL CREEK                                        ","link":"https://apps.wrd.state.or.us/apps/wr/wrinfo/wr_details.aspx?snp_id=79682","pod_use_id":93248},"geometry":{"type":"Point","coordinates":[-123.86251927895759,45.74623014921395]}},{"type":"Feature","properties":{"kind":"pod","name":"27407","use":"DOMESTIC","source":"CEDAR CREEK                                       ","link":"https://apps.wrd.state.or.us/apps/wr/wrinfo/wr_details.aspx?snp_id=79798","pod_use_id":93395},"geometry":{"type":"Point","coordinates":[-123.58335193902856,45.85759526971053]}},{"type":"Feature","properties":{"kind":"pod","name":"27407","use":"DOMESTIC","source":"CEDAR CREEK                                       ","link":"https://apps.wrd.state.or.us/apps/wr/wrinfo/wr_details.aspx?snp_id=79798","pod_use_id":93396},"geometry":{"type":"Point","coordinates":[-123.58442518140241,45.86487895563899]}},{"type":"Feature","properties":{"kind":"pod","name":"27407","use":"DOMESTIC","source":"CEDAR CREEK                                       ","link":"https://apps.wrd.state.or.us/apps/wr/wrinfo/wr_details.aspx?snp_id=79798","pod_use_id":93397},"geometry":{"type":"Point","coordinates":[-123.5843596303033,45.861129093935084]}},{"type":"Feature","properties":{"kind":"pod","name":"27407","use":"DOMESTIC","source":"CEDAR CREEK                                       ","link":"https://apps.wrd.state.or.us/apps/wr/wrinfo/wr_details.aspx?snp_id=79798","pod_use_id":93398},"geometry":{"type":"Point","coordinates":[-123.57923550736737,45.86118689466434]}},{"type":"Feature","properties":{"kind":"pod","name":"27480","use":"DOMESTIC","source":"GRAVEL CREEK                                      ","link":"https://apps.wrd.state.or.us/apps/wr/wrinfo/wr_details.aspx?snp_id=79871","pod_use_id":93490},"geometry":{"type":"Point","coordinates":[-123.84886432632581,45.74075884333338]}},{"type":"Feature","properties":{"kind":"pod","name":"27628","use":"IRRIGATION","source":"NEHALEM RIVER                                     ","link":"https://apps.wrd.state.or.us/apps/wr/wrinfo/wr_details.aspx?snp_id=80019","pod_use_id":93689},"geometry":{"type":"Point","coordinates":[-123.21665790242947,45.84571642525087]}},{"type":"Feature","properties":{"kind":"pod","name":"27628","use":"IRRIGATION","source":"NEHALEM RIVER                                     ","link":"https://apps.wrd.state.or.us/apps/wr/wrinfo/wr_details.aspx?snp_id=80019","pod_use_id":93690},"geometry":{"type":"Point","coordinates":[-123.21504676508995,45.842788099865516]}},{"type":"Feature","properties":{"kind":"pod","name":"27628","use":"IRRIGATION","source":"BEAVER CREEK                                      ","link":"https://apps.wrd.state.or.us/apps/wr/wrinfo/wr_details.aspx?snp_id=80019","pod_use_id":93691},"geometry":{"type":"Point","coordinates":[-123.21399656513039,45.841332005281444]}},{"type":"Feature","properties":{"kind":"pod","name":"27771","use":"IRRIGATION","source":"NEHALEM RIVER                                     ","link":"https://apps.wrd.state.or.us/apps/wr/wrinfo/wr_details.aspx?snp_id=80162","pod_use_id":93885},"geometry":{"type":"Point","coordinates":[-123.18414674695158,45.976517983051224]}},{"type":"Feature","properties":{"kind":"pod","name":"27945","use":"IRRIGATION","source":"NEHALEM RIVER                                     ","link":"https://apps.wrd.state.or.us/apps/wr/wrinfo/wr_details.aspx?snp_id=80336","pod_use_id":94114},"geometry":{"type":"Point","coordinates":[-123.17589679635907,45.866972603758306]}},{"type":"Feature","properties":{"kind":"pod","name":"28299","use":"DOMESTIC","source":"SOUTH PRONG CLEAR CREEK                           ","link":"https://apps.wrd.state.or.us/apps/wr/wrinfo/wr_details.aspx?snp_id=80690","pod_use_id":94574},"geometry":{"type":"Point","coordinates":[-123.29828411916729,45.80165991131846]}},{"type":"Feature","properties":{"kind":"pod","name":"28408","use":"IRRIGATION","source":"DEEP CREEK                                        ","link":"https://apps.wrd.state.or.us/apps/wr/wrinfo/wr_details.aspx?snp_id=80799","pod_use_id":94713},"geometry":{"type":"Point","coordinates":[-123.3316953431219,45.97427488783433]}},{"type":"Feature","properties":{"kind":"pod","name":"28542","use":"IRRIGATION","source":"ROCK CREEK                                        ","link":"https://apps.wrd.state.or.us/apps/wr/wrinfo/wr_details.aspx?snp_id=80933","pod_use_id":94911},"geometry":{"type":"Point","coordinates":[-123.30014317861547,45.88339883251158]}},{"type":"Feature","properties":{"kind":"pod","name":"28542","use":"IRRIGATION","source":"ROCK CREEK                                        ","link":"https://apps.wrd.state.or.us/apps/wr/wrinfo/wr_details.aspx?snp_id=80933","pod_use_id":94912},"geometry":{"type":"Point","coordinates":[-123.30119012492419,45.88050110815005]}},{"type":"Feature","properties":{"kind":"pod","name":"29451","use":"DOMESTIC","source":"UNNAMED STREAM","link":"https://apps.wrd.state.or.us/apps/wr/wrinfo/wr_details.aspx?snp_id=81843","pod_use_id":96093},"geometry":{"type":"Point","coordinates":[-123.92124222020074,45.66997207359193]}},{"type":"Feature","properties":{"kind":"pod","name":"30044","use":"DOMESTIC","source":"UNNAMED STREAM                                    ","link":"https://apps.wrd.state.or.us/apps/wr/wrinfo/wr_details.aspx?snp_id=82438","pod_use_id":96916},"geometry":{"type":"Point","coordinates":[-123.86895275907403,45.704530974988636]}},{"type":"Feature","properties":{"kind":"pod","name":"30211","use":"DOMESTIC","source":"UNNAMED STREAM                                    ","link":"https://apps.wrd.state.or.us/apps/wr/wrinfo/wr_details.aspx?snp_id=82605","pod_use_id":97145},"geometry":{"type":"Point","coordinates":[-123.66858411271913,45.742569755731395]}},{"type":"Feature","properties":{"kind":"pod","name":"30350","use":"DOMESTIC","source":"HAMILTON CREEK                                    ","link":"https://apps.wrd.state.or.us/apps/wr/wrinfo/wr_details.aspx?snp_id=82744","pod_use_id":97335},"geometry":{"type":"Point","coordinates":[-123.565516177913,45.95315293718288]}},{"type":"Feature","properties":{"kind":"pod","name":"30421","use":"MUNICIPAL USES","source":"MCMILLAN CREEK                                    ","link":"https://apps.wrd.state.or.us/apps/wr/wrinfo/wr_details.aspx?snp_id=82815","pod_use_id":97439},"geometry":{"type":"Point","coordinates":[-123.9332483674003,45.63918175312477]}},{"type":"Feature","properties":{"kind":"pod","name":"30423","use":"MUNICIPAL USES","source":"MCMILLAN CREEK                                    ","link":"https://apps.wrd.state.or.us/apps/wr/wrinfo/wr_details.aspx?snp_id=82817","pod_use_id":97442},"geometry":{"type":"Point","coordinates":[-123.9332483674003,45.63918175312477]}},{"type":"Feature","properties":{"kind":"pod","name":"31140","use":"IRRIGATION","source":"NEHALEM RIVER                                     ","link":"https://apps.wrd.state.or.us/apps/wr/wrinfo/wr_details.aspx?snp_id=83534","pod_use_id":98357},"geometry":{"type":"Point","coordinates":[-123.31665632264922,46.01391499044745]}},{"type":"Feature","properties":{"kind":"pod","name":"31440","use":"DOMESTIC","source":"HUMBUG CREEK                                      ","link":"https://apps.wrd.state.or.us/apps/wr/wrinfo/wr_details.aspx?snp_id=83835","pod_use_id":98773},"geometry":{"type":"Point","coordinates":[-123.60276682777064,45.86549920749713]}},{"type":"Feature","properties":{"kind":"pod","name":"31712","use":"DOMESTIC","source":"PETERSON CREEK                                    ","link":"https://apps.wrd.state.or.us/apps/wr/wrinfo/wr_details.aspx?snp_id=84107","pod_use_id":99162},"geometry":{"type":"Point","coordinates":[-123.811936567502,45.696866168642266]}},{"type":"Feature","properties":{"kind":"pod","name":"32164","use":"IRRIGATION","source":"KIST CREEK                                        ","link":"https://apps.wrd.state.or.us/apps/wr/wrinfo/wr_details.aspx?snp_id=84559","pod_use_id":99771},"geometry":{"type":"Point","coordinates":[-123.27750212437303,45.80173733378621]}},{"type":"Feature","properties":{"kind":"pod","name":"32241","use":"DOMESTIC","source":"SOUTH FORK OF PEARL CREEK","link":"https://apps.wrd.state.or.us/apps/wr/wrinfo/wr_details.aspx?snp_id=84636","pod_use_id":99863},"geometry":{"type":"Point","coordinates":[-123.84842729720407,45.727265221028574]}},{"type":"Feature","properties":{"kind":"pod","name":"33037","use":"DOMESTIC","source":"CLEAR CREEK                                       ","link":"https://apps.wrd.state.or.us/apps/wr/wrinfo/wr_details.aspx?snp_id=85432","pod_use_id":100920},"geometry":{"type":"Point","coordinates":[-123.92231400857492,45.66937223406017]}},{"type":"Feature","properties":{"kind":"pod","name":"33105","use":"DOMESTIC","source":"MCMILLAN CREEK                                    ","link":"https://apps.wrd.state.or.us/apps/wr/wrinfo/wr_details.aspx?snp_id=85500","pod_use_id":101016},"geometry":{"type":"Point","coordinates":[-123.93290298125811,45.646816444240024]}},{"type":"Feature","properties":{"kind":"pod","name":"33141","use":"FISH CULTURE","source":"UNNAMED STREAM                                    ","link":"https://apps.wrd.state.or.us/apps/wr/wrinfo/wr_details.aspx?snp_id=85536","pod_use_id":101063},"geometry":{"type":"Point","coordinates":[-123.58455653858887,45.84131280968865]}},{"type":"Feature","properties":{"kind":"pod","name":"33142","use":"DOMESTIC","source":"UNNAMED STREAM                                    ","link":"https://apps.wrd.state.or.us/apps/wr/wrinfo/wr_details.aspx?snp_id=85537","pod_use_id":101064},"geometry":{"type":"Point","coordinates":[-123.58455653858887,45.84131280968865]}},{"type":"Feature","properties":{"kind":"pod","name":"33142","use":"FISH CULTURE","source":"UNNAMED STREAM                                    ","link":"https://apps.wrd.state.or.us/apps/wr/wrinfo/wr_details.aspx?snp_id=85537","pod_use_id":101065},"geometry":{"type":"Point","coordinates":[-123.58455653858887,45.84131280968865]}},{"type":"Feature","properties":{"kind":"pod","name":"33144","use":"DOMESTIC INCLUDING LAWN AND GARDEN","source":"BENEKE CREEK                                      ","link":"https://apps.wrd.state.or.us/apps/wr/wrinfo/wr_details.aspx?snp_id=85539","pod_use_id":101067},"geometry":{"type":"Point","coordinates":[-123.51065270443058,45.944322227517894]}},{"type":"Feature","properties":{"kind":"pod","name":"33147","use":"DOMESTIC","source":"UNNAMED STREAM                                    ","link":"https://apps.wrd.state.or.us/apps/wr/wrinfo/wr_details.aspx?snp_id=85542","pod_use_id":101074},"geometry":{"type":"Point","coordinates":[-123.13679727650043,45.899944004741634]}},{"type":"Feature","properties":{"kind":"pod","name":"33199","use":"DOMESTIC","source":"ACEY CREEK                                        ","link":"https://apps.wrd.state.or.us/apps/wr/wrinfo/wr_details.aspx?snp_id=85594","pod_use_id":101149},"geometry":{"type":"Point","coordinates":[-123.82269370139149,45.77938631992912]}},{"type":"Feature","properties":{"kind":"pod","name":"33205","use":"LIVESTOCK","source":"ACEY CREEK                                        ","link":"https://apps.wrd.state.or.us/apps/wr/wrinfo/wr_details.aspx?snp_id=85600","pod_use_id":101156},"geometry":{"type":"Point","coordinates":[-123.81990412804413,45.78115645317242]}},{"type":"Feature","properties":{"kind":"pod","name":"33265","use":"DOMESTIC","source":"UNNAMED STREAM                                    ","link":"https://apps.wrd.state.or.us/apps/wr/wrinfo/wr_details.aspx?snp_id=85660","pod_use_id":101244},"geometry":{"type":"Point","coordinates":[-123.78082462751021,45.80198939682895]}},{"type":"Feature","properties":{"kind":"pod","name":"33266","use":"FISH CULTURE","source":"UNNAMED STREAM                                    ","link":"https://apps.wrd.state.or.us/apps/wr/wrinfo/wr_details.aspx?snp_id=85661","pod_use_id":101245},"geometry":{"type":"Point","coordinates":[-123.06963496571579,45.82258090330239]}},{"type":"Feature","properties":{"kind":"pod","name":"33267","use":"FISH CULTURE","source":"UNNAMED STREAM/RESERVOIR                          ","link":"https://apps.wrd.state.or.us/apps/wr/wrinfo/wr_details.aspx?snp_id=85662","pod_use_id":101246},"geometry":{"type":"Point","coordinates":[-123.06963496571579,45.82258090330239]}},{"type":"Feature","properties":{"kind":"pod","name":"33287","use":"FISH CULTURE","source":"RACK HEAP CREEK                                  ","link":"https://apps.wrd.state.or.us/apps/wr/wrinfo/wr_details.aspx?snp_id=85682","pod_use_id":101271},"geometry":{"type":"Point","coordinates":[-123.82435985716411,45.762968633934626]}},{"type":"Feature","properties":{"kind":"pod","name":"33288","use":"FISH CULTURE","source":"UNNAMED STREAM/RS                                 ","link":"https://apps.wrd.state.or.us/apps/wr/wrinfo/wr_details.aspx?snp_id=85683","pod_use_id":101272},"geometry":{"type":"Point","coordinates":[-123.82435985716411,45.762968633934626]}},{"type":"Feature","properties":{"kind":"pod","name":"34853","use":"IRRIGATION","source":"ROCK CREEK                                        ","link":"https://apps.wrd.state.or.us/apps/wr/wrinfo/wr_details.aspx?snp_id=87248","pod_use_id":103366},"geometry":{"type":"Point","coordinates":[-123.2865619750707,45.88047511697467]}},{"type":"Feature","properties":{"kind":"pod","name":"35617","use":"LIVESTOCK","source":"BUCHANAN CREEK                                    ","link":"https://apps.wrd.state.or.us/apps/wr/wrinfo/wr_details.aspx?snp_id=88014","pod_use_id":104441},"geometry":{"type":"Point","coordinates":[-123.69188115949684,45.838638317734954]}},{"type":"Feature","properties":{"kind":"pod","name":"35620","use":"DOMESTIC","source":"A SPRING","link":"https://apps.wrd.state.or.us/apps/wr/wrinfo/wr_details.aspx?snp_id=88017","pod_use_id":104444},"geometry":{"type":"Point","coordinates":[-123.18997160121705,45.873758376430324]}},{"type":"Feature","properties":{"kind":"pod","name":"37799","use":"DOMESTIC","source":"SPRUCE RUN CREEK                                  ","link":"https://apps.wrd.state.or.us/apps/wr/wrinfo/wr_details.aspx?snp_id=90196","pod_use_id":107767},"geometry":{"type":"Point","coordinates":[-123.60883519849111,45.81012426688913]}},{"type":"Feature","properties":{"kind":"pod","name":"38227","use":"DOMESTIC INCLUDING LAWN AND GARDEN","source":"COW CREEK                                         ","link":"https://apps.wrd.state.or.us/apps/wr/wrinfo/wr_details.aspx?snp_id=90624","pod_use_id":108379},"geometry":{"type":"Point","coordinates":[-123.5439069761409,45.87823836445667]}},{"type":"Feature","properties":{"kind":"pod","name":"38227","use":"LIVESTOCK","source":"COW CREEK                                         ","link":"https://apps.wrd.state.or.us/apps/wr/wrinfo/wr_details.aspx?snp_id=90624","pod_use_id":108380},"geometry":{"type":"Point","coordinates":[-123.5439069761409,45.87823836445667]}},{"type":"Feature","properties":{"kind":"pod","name":"38283","use":"DOMESTIC","source":"BIG RACK HEAP CREEK","link":"https://apps.wrd.state.or.us/apps/wr/wrinfo/wr_details.aspx?snp_id=90680","pod_use_id":108451},"geometry":{"type":"Point","coordinates":[-123.8341555296728,45.75660739409863]}},{"type":"Feature","properties":{"kind":"pod","name":"38283","use":"DOMESTIC","source":"BIG RACK HEAP CREEK","link":"https://apps.wrd.state.or.us/apps/wr/wrinfo/wr_details.aspx?snp_id=90680","pod_use_id":108452},"geometry":{"type":"Point","coordinates":[-123.83510584857463,45.75865847507945]}},{"type":"Feature","properties":{"kind":"pod","name":"38285","use":"DOMESTIC","source":"ANDERSON CREEK                                    ","link":"https://apps.wrd.state.or.us/apps/wr/wrinfo/wr_details.aspx?snp_id=90682","pod_use_id":108454},"geometry":{"type":"Point","coordinates":[-123.8717661768159,45.74373364893291]}},{"type":"Feature","properties":{"kind":"pod","name":"38285","use":"IRRIGATION","source":"ANDERSON CREEK                                    ","link":"https://apps.wrd.state.or.us/apps/wr/wrinfo/wr_details.aspx?snp_id=90682","pod_use_id":108455},"geometry":{"type":"Point","coordinates":[-123.8717661768159,45.74373364893291]}},{"type":"Feature","properties":{"kind":"pod","name":"38331","use":"DOMESTIC INCLUDING LAWN AND GARDEN","source":"KLINES CREEK                                      ","link":"https://apps.wrd.state.or.us/apps/wr/wrinfo/wr_details.aspx?snp_id=90728","pod_use_id":108512},"geometry":{"type":"Point","coordinates":[-123.54407590368996,45.88940379458714]}},{"type":"Feature","properties":{"kind":"pod","name":"38425","use":"DOMESTIC","source":"LOUSIGNONT CREEK                                  ","link":"https://apps.wrd.state.or.us/apps/wr/wrinfo/wr_details.aspx?snp_id=90822","pod_use_id":108644},"geometry":{"type":"Point","coordinates":[-123.38600376670217,45.99631505195193]}},{"type":"Feature","properties":{"kind":"pod","name":"38487","use":"DOMESTIC","source":"STEP CREEK                                        ","link":"https://apps.wrd.state.or.us/apps/wr/wrinfo/wr_details.aspx?snp_id=90884","pod_use_id":108740},"geometry":{"type":"Point","coordinates":[-123.32154331419706,45.70591394384291]}},{"type":"Feature","properties":{"kind":"pod","name":"38688","use":"RECREATION","source":"FISHHAWK CREEK                                    ","link":"https://apps.wrd.state.or.us/apps/wr/wrinfo/wr_details.aspx?snp_id=91085","pod_use_id":109022},"geometry":{"type":"Point","coordinates":[-123.36778575260718,46.03204241134384]}},{"type":"Feature","properties":{"kind":"pod","name":"38689","use":"RECREATION","source":"FISHHAWK CREEK                                    ","link":"https://apps.wrd.state.or.us/apps/wr/wrinfo/wr_details.aspx?snp_id=91086","pod_use_id":109023},"geometry":{"type":"Point","coordinates":[-123.36778575260718,46.03204241134384]}},{"type":"Feature","properties":{"kind":"pod","name":"38937","use":"IRRIGATION","source":"NEHALEM RIVER                                     ","link":"https://apps.wrd.state.or.us/apps/wr/wrinfo/wr_details.aspx?snp_id=91334","pod_use_id":109365},"geometry":{"type":"Point","coordinates":[-123.55426047097633,45.85166167850741]}},{"type":"Feature","properties":{"kind":"pod","name":"39032","use":"IRRIGATION","source":"UNNAMED STREAM                                    ","link":"https://apps.wrd.state.or.us/apps/wr/wrinfo/wr_details.aspx?snp_id=91429","pod_use_id":109478},"geometry":{"type":"Point","coordinates":[-123.79259887994111,45.801735384848875]}},{"type":"Feature","properties":{"kind":"pod","name":"39033","use":"DOMESTIC","source":"FISHHAWK CREEK                                    ","link":"https://apps.wrd.state.or.us/apps/wr/wrinfo/wr_details.aspx?snp_id=91430","pod_use_id":109479},"geometry":{"type":"Point","coordinates":[-123.49737101301939,45.932532270211865]}},{"type":"Feature","properties":{"kind":"pod","name":"39124","use":"IRRIGATION","source":"UNNAMED STREAM                                    ","link":"https://apps.wrd.state.or.us/apps/wr/wrinfo/wr_details.aspx?snp_id=91521","pod_use_id":109611},"geometry":{"type":"Point","coordinates":[-123.79259887994111,45.801735384848875]}},{"type":"Feature","properties":{"kind":"pod","name":"40982","use":"DOMESTIC","source":"NORTH FORK NEHALEM RIVER                          ","link":"https://apps.wrd.state.or.us/apps/wr/wrinfo/wr_details.aspx?snp_id=93379","pod_use_id":112262},"geometry":{"type":"Point","coordinates":[-123.68902384171791,45.83663741925393]}},{"type":"Feature","properties":{"kind":"pod","name":"40983","use":"DOMESTIC","source":"UNNAMED STREAM                                    ","link":"https://apps.wrd.state.or.us/apps/wr/wrinfo/wr_details.aspx?snp_id=93380","pod_use_id":112263},"geometry":{"type":"Point","coordinates":[-123.78119359567658,45.80253101594966]}},{"type":"Feature","properties":{"kind":"pod","name":"40983","use":"IRRIGATION","source":"UNNAMED STREAM                                    ","link":"https://apps.wrd.state.or.us/apps/wr/wrinfo/wr_details.aspx?snp_id=93380","pod_use_id":112264},"geometry":{"type":"Point","coordinates":[-123.78119359567658,45.80253101594966]}},{"type":"Feature","properties":{"kind":"pod","name":"40983","use":"LIVESTOCK","source":"UNNAMED STREAM                                    ","link":"https://apps.wrd.state.or.us/apps/wr/wrinfo/wr_details.aspx?snp_id=93380","pod_use_id":112265},"geometry":{"type":"Point","coordinates":[-123.78119359567658,45.80253101594966]}},{"type":"Feature","properties":{"kind":"pod","name":"40984","use":"DOMESTIC INCLUDING LAWN AND GARDEN","source":"UNNAMED STREAM                                    ","link":"https://apps.wrd.state.or.us/apps/wr/wrinfo/wr_details.aspx?snp_id=93381","pod_use_id":112266},"geometry":{"type":"Point","coordinates":[-123.79226662448585,45.804418198668664]}},{"type":"Feature","properties":{"kind":"pod","name":"41084","use":"FISH CULTURE","source":"NORTH FORK NEHALEM RIVER                          ","link":"https://apps.wrd.state.or.us/apps/wr/wrinfo/wr_details.aspx?snp_id=93481","pod_use_id":112406},"geometry":{"type":"Point","coordinates":[-123.77531897037939,45.81336805048327]}},{"type":"Feature","properties":{"kind":"pod","name":"41085","use":"FISH CULTURE","source":"NORTH FORK NEHALEM RIVER                          ","link":"https://apps.wrd.state.or.us/apps/wr/wrinfo/wr_details.aspx?snp_id=93482","pod_use_id":112407},"geometry":{"type":"Point","coordinates":[-123.77531897037939,45.81336805048327]}},{"type":"Feature","properties":{"kind":"pod","name":"41085","use":"DOMESTIC","source":"NORTH FORK NEHALEM RIVER                          ","link":"https://apps.wrd.state.or.us/apps/wr/wrinfo/wr_details.aspx?snp_id=93482","pod_use_id":112408},"geometry":{"type":"Point","coordinates":[-123.77531897037939,45.81336805048327]}},{"type":"Feature","properties":{"kind":"pod","name":"41085","use":"FISH CULTURE","source":"UNNAMED STREAM                                    ","link":"https://apps.wrd.state.or.us/apps/wr/wrinfo/wr_details.aspx?snp_id=93482","pod_use_id":112409},"geometry":{"type":"Point","coordinates":[-123.77367903025291,45.81038527210491]}},{"type":"Feature","properties":{"kind":"pod","name":"41087","use":"DOMESTIC","source":"UNNAMED STREAM","link":"https://apps.wrd.state.or.us/apps/wr/wrinfo/wr_details.aspx?snp_id=93484","pod_use_id":112412},"geometry":{"type":"Point","coordinates":[-123.68892250853527,45.83641101549515]}},{"type":"Feature","properties":{"kind":"pod","name":"41088","use":"DOMESTIC","source":"UNNAMED STREAM                                    ","link":"https://apps.wrd.state.or.us/apps/wr/wrinfo/wr_details.aspx?snp_id=93485","pod_use_id":112413},"geometry":{"type":"Point","coordinates":[-123.77730682223897,45.808226007971264]}},{"type":"Feature","properties":{"kind":"pod","name":"41187","use":"DOMESTIC","source":"UNNAMED STREAM                                    ","link":"https://apps.wrd.state.or.us/apps/wr/wrinfo/wr_details.aspx?snp_id=93584","pod_use_id":112567},"geometry":{"type":"Point","coordinates":[-123.77315844668395,45.805314350155875]}},{"type":"Feature","properties":{"kind":"pod","name":"41187","use":"IRRIGATION","source":"UNNAMED STREAM                                    ","link":"https://apps.wrd.state.or.us/apps/wr/wrinfo/wr_details.aspx?snp_id=93584","pod_use_id":112568},"geometry":{"type":"Point","coordinates":[-123.77315844668395,45.805314350155875]}},{"type":"Feature","properties":{"kind":"pod","name":"41251","use":"DOMESTIC INCLUDING LAWN AND GARDEN","source":"PEARL CREEK","link":"https://apps.wrd.state.or.us/apps/wr/wrinfo/wr_details.aspx?snp_id=93648","pod_use_id":112656},"geometry":{"type":"Point","coordinates":[-123.84717428857802,45.727531550900146]}},{"type":"Feature","properties":{"kind":"pod","name":"41372","use":"DOMESTIC","source":"PEARL CREEK                                       ","link":"https://apps.wrd.state.or.us/apps/wr/wrinfo/wr_details.aspx?snp_id=93769","pod_use_id":112833},"geometry":{"type":"Point","coordinates":[-123.8470472809595,45.727654718148166]}},{"type":"Feature","properties":{"kind":"pod","name":"41373","use":"LIVESTOCK","source":"PEARL CREEK                                       ","link":"https://apps.wrd.state.or.us/apps/wr/wrinfo/wr_details.aspx?snp_id=93770","pod_use_id":112834},"geometry":{"type":"Point","coordinates":[-123.8470472809595,45.727654718148166]}},{"type":"Feature","properties":{"kind":"pod","name":"41472","use":"DOMESTIC","source":"PEARL CREEK                                       ","link":"https://apps.wrd.state.or.us/apps/wr/wrinfo/wr_details.aspx?snp_id=93869","pod_use_id":112967},"geometry":{"type":"Point","coordinates":[-123.84876972358754,45.727506338146824]}},{"type":"Feature","properties":{"kind":"pod","name":"42369","use":"DOMESTIC","source":"OSWEG CREEK                                       ","link":"https://apps.wrd.state.or.us/apps/wr/wrinfo/wr_details.aspx?snp_id=94766","pod_use_id":114391},"geometry":{"type":"Point","coordinates":[-123.549908035406,45.85374206021774]}},{"type":"Feature","properties":{"kind":"pod","name":"42369","use":"IRRIGATION","source":"OSWEG CREEK                                       ","link":"https://apps.wrd.state.or.us/apps/wr/wrinfo/wr_details.aspx?snp_id=94766","pod_use_id":114392},"geometry":{"type":"Point","coordinates":[-123.549908035406,45.85374206021774]}},{"type":"Feature","properties":{"kind":"pod","name":"42473","use":"DOMESTIC INCLUDING LAWN AND GARDEN","source":"COW CREEK                                         ","link":"https://apps.wrd.state.or.us/apps/wr/wrinfo/wr_details.aspx?snp_id=94870","pod_use_id":114577},"geometry":{"type":"Point","coordinates":[-123.54155601763011,45.871948175660165]}},{"type":"Feature","properties":{"kind":"pod","name":"42599","use":"DOMESTIC INCLUDING LAWN AND GARDEN","source":"KLINES CREEK                                      ","link":"https://apps.wrd.state.or.us/apps/wr/wrinfo/wr_details.aspx?snp_id=94996","pod_use_id":114801},"geometry":{"type":"Point","coordinates":[-123.54527174790883,45.891936089349535]}},{"type":"Feature","properties":{"kind":"pod","name":"42697","use":"DOMESTIC INCLUDING LAWN AND GARDEN","source":"LOST L CREEK                                      ","link":"https://apps.wrd.state.or.us/apps/wr/wrinfo/wr_details.aspx?snp_id=95094","pod_use_id":114967},"geometry":{"type":"Point","coordinates":[-123.60158130869104,45.828075941720414]}},{"type":"Feature","properties":{"kind":"pod","name":"43309","use":"DOMESTIC INCLUDING LAWN AND GARDEN","source":"HATCHERY CREEK                                    ","link":"https://apps.wrd.state.or.us/apps/wr/wrinfo/wr_details.aspx?snp_id=95706","pod_use_id":115906},"geometry":{"type":"Point","coordinates":[-123.65142219395877,45.74699627427645]}},{"type":"Feature","properties":{"kind":"pod","name":"43451","use":"WILDLIFE","source":"BENEKE CREEK                                      ","link":"https://apps.wrd.state.or.us/apps/wr/wrinfo/wr_details.aspx?snp_id=95848","pod_use_id":116096},"geometry":{"type":"Point","coordinates":[-123.49273226570462,45.92955258357373]}},{"type":"Feature","properties":{"kind":"pod","name":"43451","use":"FISH CULTURE","source":"BENEKE CREEK                                      ","link":"https://apps.wrd.state.or.us/apps/wr/wrinfo/wr_details.aspx?snp_id=95848","pod_use_id":116097},"geometry":{"type":"Point","coordinates":[-123.49273226570462,45.92955258357373]}},{"type":"Feature","properties":{"kind":"pod","name":"43451","use":"RECREATION","source":"BENEKE CREEK                                      ","link":"https://apps.wrd.state.or.us/apps/wr/wrinfo/wr_details.aspx?snp_id=95848","pod_use_id":116098},"geometry":{"type":"Point","coordinates":[-123.49273226570462,45.92955258357373]}},{"type":"Feature","properties":{"kind":"pod","name":"43452","use":"WILDLIFE","source":"BENEKE CREEK                                      ","link":"https://apps.wrd.state.or.us/apps/wr/wrinfo/wr_details.aspx?snp_id=95849","pod_use_id":116099},"geometry":{"type":"Point","coordinates":[-123.49273226570462,45.92955258357373]}},{"type":"Feature","properties":{"kind":"pod","name":"43452","use":"FISH CULTURE","source":"BENEKE CREEK                                      ","link":"https://apps.wrd.state.or.us/apps/wr/wrinfo/wr_details.aspx?snp_id=95849","pod_use_id":116100},"geometry":{"type":"Point","coordinates":[-123.49273226570462,45.92955258357373]}},{"type":"Feature","properties":{"kind":"pod","name":"43452","use":"RECREATION","source":"BENEKE CREEK                                      ","link":"https://apps.wrd.state.or.us/apps/wr/wrinfo/wr_details.aspx?snp_id=95849","pod_use_id":116101},"geometry":{"type":"Point","coordinates":[-123.49273226570462,45.92955258357373]}},{"type":"Feature","properties":{"kind":"pod","name":"43519","use":"DOMESTIC INCLUDING LAWN AND GARDEN","source":"RACK HEAP CREEK                                  ","link":"https://apps.wrd.state.or.us/apps/wr/wrinfo/wr_details.aspx?snp_id=95916","pod_use_id":116215},"geometry":{"type":"Point","coordinates":[-123.832721228378,45.76131963769083]}},{"type":"Feature","properties":{"kind":"pod","name":"43636","use":"INDUSTRIAL/MANUFACTURING USES","source":"EAST FORK NEHALEM RIVER                           ","link":"https://apps.wrd.state.or.us/apps/wr/wrinfo/wr_details.aspx?snp_id=96033","pod_use_id":116374},"geometry":{"type":"Point","coordinates":[-123.11902092836878,45.86697454016249]}},{"type":"Feature","properties":{"kind":"pod","name":"43637","use":"IRRIGATION","source":"NEHALEM RIVER","link":"https://apps.wrd.state.or.us/apps/wr/wrinfo/wr_details.aspx?snp_id=96034","pod_use_id":116375},"geometry":{"type":"Point","coordinates":[-123.17268178723054,45.857994917986545]}},{"type":"Feature","properties":{"kind":"pod","name":"43814","use":"DOMESTIC","source":"HAMILTON CREEK                                    ","link":"https://apps.wrd.state.or.us/apps/wr/wrinfo/wr_details.aspx?snp_id=96211","pod_use_id":116646},"geometry":{"type":"Point","coordinates":[-123.58066624552829,45.9591117500898]}},{"type":"Feature","properties":{"kind":"pod","name":"44222","use":"DOMESTIC INCLUDING LAWN AND GARDEN","source":"UNNAMED STREAM/RACK HEAP CREEK                    ","link":"https://apps.wrd.state.or.us/apps/wr/wrinfo/wr_details.aspx?snp_id=96620","pod_use_id":117219},"geometry":{"type":"Point","coordinates":[-123.82392670709699,45.7619541938918]}},{"type":"Feature","properties":{"kind":"pod","name":"44260","use":"DOMESTIC","source":"UNNAMED STREAM                                    ","link":"https://apps.wrd.state.or.us/apps/wr/wrinfo/wr_details.aspx?snp_id=96658","pod_use_id":117277},"geometry":{"type":"Point","coordinates":[-123.60865897612051,45.82777453214341]}},{"type":"Feature","properties":{"kind":"pod","name":"44260","use":"IRRIGATION","source":"UNNAMED STREAM                                    ","link":"https://apps.wrd.state.or.us/apps/wr/wrinfo/wr_details.aspx?snp_id=96658","pod_use_id":117278},"geometry":{"type":"Point","coordinates":[-123.60865897612051,45.82777453214341]}},{"type":"Feature","properties":{"kind":"pod","name":"44351","use":"FISH CULTURE","source":"BATTLE CREEK                                      ","link":"https://apps.wrd.state.or.us/apps/wr/wrinfo/wr_details.aspx?snp_id=96749","pod_use_id":117417},"geometry":{"type":"Point","coordinates":[-123.21370145061465,45.97321433355763]}},{"type":"Feature","properties":{"kind":"pod","name":"44356","use":"IRRIGATION","source":"NEHALEM RIVER","link":"https://apps.wrd.state.or.us/apps/wr/wrinfo/wr_details.aspx?snp_id=96754","pod_use_id":117424},"geometry":{"type":"Point","coordinates":[-123.2372275336414,45.847007590484516]}},{"type":"Feature","properties":{"kind":"pod","name":"44455","use":"FISH CULTURE","source":"NEHALEM RIVER                                     ","link":"https://apps.wrd.state.or.us/apps/wr/wrinfo/wr_details.aspx?snp_id=96853","pod_use_id":117564},"geometry":{"type":"Point","coordinates":[-123.17711901835676,45.852796183962596]}},{"type":"Feature","properties":{"kind":"pod","name":"44455","use":"FISH CULTURE","source":"VERNONIA LOG POND                                 ","link":"https://apps.wrd.state.or.us/apps/wr/wrinfo/wr_details.aspx?snp_id=96853","pod_use_id":117565},"geometry":{"type":"Point","coordinates":[-123.17234439466397,45.85662826539695]}},{"type":"Feature","properties":{"kind":"pod","name":"44456","use":"FISH CULTURE","source":"NEHALEM RIVER                                     ","link":"https://apps.wrd.state.or.us/apps/wr/wrinfo/wr_details.aspx?snp_id=96854","pod_use_id":117566},"geometry":{"type":"Point","coordinates":[-123.17711901835676,45.852796183962596]}},{"type":"Feature","properties":{"kind":"pod","name":"44555","use":"DOMESTIC INCLUDING LAWN AND GARDEN","source":"CRYSTAL CREEK                                     ","link":"https://apps.wrd.state.or.us/apps/wr/wrinfo/wr_details.aspx?snp_id=96953","pod_use_id":117709},"geometry":{"type":"Point","coordinates":[-123.83754894644906,45.65974403625265]}},{"type":"Feature","properties":{"kind":"pod","name":"44775","use":"MUNICIPAL USES","source":"ANDERSON CREEK                                    ","link":"https://apps.wrd.state.or.us/apps/wr/wrinfo/wr_details.aspx?snp_id=97173","pod_use_id":118048},"geometry":{"type":"Point","coordinates":[-123.89407342646969,45.75312048293333]}},{"type":"Feature","properties":{"kind":"pod","name":"44775","use":"MUNICIPAL USES","source":"ANDERSON CREEK                                    ","link":"https://apps.wrd.state.or.us/apps/wr/wrinfo/wr_details.aspx?snp_id=97173","pod_use_id":118049},"geometry":{"type":"Point","coordinates":[-123.89407342646969,45.75312048293333]}},{"type":"Feature","properties":{"kind":"pod","name":"44775","use":"MUNICIPAL USES","source":"ANDERSON CREEK                                    ","link":"https://apps.wrd.state.or.us/apps/wr/wrinfo/wr_details.aspx?snp_id=97173","pod_use_id":118050},"geometry":{"type":"Point","coordinates":[-123.89510341713438,45.75191537335079]}},{"type":"Feature","properties":{"kind":"pod","name":"44775","use":"MUNICIPAL USES","source":"ANDERSON CREEK                                    ","link":"https://apps.wrd.state.or.us/apps/wr/wrinfo/wr_details.aspx?snp_id=97173","pod_use_id":118051},"geometry":{"type":"Point","coordinates":[-123.89510341713438,45.75191537335079]}},{"type":"Feature","properties":{"kind":"pod","name":"45474","use":"DOMESTIC","source":"UNNAMED STREAM                                    ","link":"https://apps.wrd.state.or.us/apps/wr/wrinfo/wr_details.aspx?snp_id=97873","pod_use_id":119128},"geometry":{"type":"Point","coordinates":[-123.55960650783064,45.86972828464955]}},{"type":"Feature","properties":{"kind":"pod","name":"45474","use":"LIVESTOCK","source":"UNNAMED STREAM                                    ","link":"https://apps.wrd.state.or.us/apps/wr/wrinfo/wr_details.aspx?snp_id=97873","pod_use_id":119129},"geometry":{"type":"Point","coordinates":[-123.55960650783064,45.86972828464955]}},{"type":"Feature","properties":{"kind":"pod","name":"45474","use":"DOMESTIC","source":"UNNAMED STREAM                                    ","link":"https://apps.wrd.state.or.us/apps/wr/wrinfo/wr_details.aspx?snp_id=97873","pod_use_id":119130},"geometry":{"type":"Point","coordinates":[-123.55508476198182,45.87047807063469]}},{"type":"Feature","properties":{"kind":"pod","name":"45474","use":"LIVESTOCK","source":"UNNAMED STREAM                                    ","link":"https://apps.wrd.state.or.us/apps/wr/wrinfo/wr_details.aspx?snp_id=97873","pod_use_id":119131},"geometry":{"type":"Point","coordinates":[-123.55508476198182,45.87047807063469]}},{"type":"Feature","properties":{"kind":"pod","name":"45476","use":"FISH CULTURE","source":"NORTH FORK NEHALEM RIVER                          ","link":"https://apps.wrd.state.or.us/apps/wr/wrinfo/wr_details.aspx?snp_id=97875","pod_use_id":119133},"geometry":{"type":"Point","coordinates":[-123.77531897037939,45.81336805048327]}},{"type":"Feature","properties":{"kind":"pod","name":"45811","use":"IRRIGATION","source":"NEHALEM RIVER                                     ","link":"https://apps.wrd.state.or.us/apps/wr/wrinfo/wr_details.aspx?snp_id=98210","pod_use_id":119659},"geometry":{"type":"Point","coordinates":[-123.78734317128196,45.69575680320286]}},{"type":"Feature","properties":{"kind":"pod","name":"45811","use":"IRRIGATION","source":"NEHALEM RIVER                                     ","link":"https://apps.wrd.state.or.us/apps/wr/wrinfo/wr_details.aspx?snp_id=98210","pod_use_id":119660},"geometry":{"type":"Point","coordinates":[-123.79390471486266,45.69401020049685]}},{"type":"Feature","properties":{"kind":"pod","name":"46654","use":"IRRIGATION","source":"NEHALEM RIVER","link":"https://apps.wrd.state.or.us/apps/wr/wrinfo/wr_details.aspx?snp_id=99054","pod_use_id":120877},"geometry":{"type":"Point","coordinates":[-123.33149856296811,46.00052203829069]}},{"type":"Feature","properties":{"kind":"pod","name":"46654","use":"LIVESTOCK","source":"NEHALEM RIVER","link":"https://apps.wrd.state.or.us/apps/wr/wrinfo/wr_details.aspx?snp_id=99054","pod_use_id":120878},"geometry":{"type":"Point","coordinates":[-123.33149856296811,46.00052203829069]}},{"type":"Feature","properties":{"kind":"pod","name":"46654","use":"IRRIGATION","source":"NEHALEM RIVER","link":"https://apps.wrd.state.or.us/apps/wr/wrinfo/wr_details.aspx?snp_id=99054","pod_use_id":120879},"geometry":{"type":"Point","coordinates":[-123.32729648963517,46.00221839300149]}},{"type":"Feature","properties":{"kind":"pod","name":"46654","use":"LIVESTOCK","source":"NEHALEM RIVER","link":"https://apps.wrd.state.or.us/apps/wr/wrinfo/wr_details.aspx?snp_id=99054","pod_use_id":120880},"geometry":{"type":"Point","coordinates":[-123.32729648963517,46.00221839300149]}},{"type":"Feature","properties":{"kind":"pod","name":"46762","use":"COMMERCIAL USES","source":"UNNAMED STREAM                                    ","link":"https://apps.wrd.state.or.us/apps/wr/wrinfo/wr_details.aspx?snp_id=99162","pod_use_id":121039},"geometry":{"type":"Point","coordinates":[-123.15484500491556,45.88287517063477]}},{"type":"Feature","properties":{"kind":"pod","name":"46762","use":"DOMESTIC","source":"UNNAMED STREAM                                    ","link":"https://apps.wrd.state.or.us/apps/wr/wrinfo/wr_details.aspx?snp_id=99162","pod_use_id":121040},"geometry":{"type":"Point","coordinates":[-123.15484500491556,45.88287517063477]}},{"type":"Feature","properties":{"kind":"pod","name":"46763","use":"LIVESTOCK","source":"NEHALEM RIVER                                     ","link":"https://apps.wrd.state.or.us/apps/wr/wrinfo/wr_details.aspx?snp_id=99163","pod_use_id":121041},"geometry":{"type":"Point","coordinates":[-123.14955748771776,45.88143392349186]}},{"type":"Feature","properties":{"kind":"pod","name":"46763","use":"COMMERCIAL USES","source":"NEHALEM RIVER                                     ","link":"https://apps.wrd.state.or.us/apps/wr/wrinfo/wr_details.aspx?snp_id=99163","pod_use_id":121042},"geometry":{"type":"Point","coordinates":[-123.14945846614995,45.88176090849308]}},{"type":"Feature","properties":{"kind":"pod","name":"46855","use":"DOMESTIC","source":"ROCK CREEK                                        ","link":"https://apps.wrd.state.or.us/apps/wr/wrinfo/wr_details.aspx?snp_id=99255","pod_use_id":121164},"geometry":{"type":"Point","coordinates":[-123.31125857956052,45.87530225577522]}},{"type":"Feature","properties":{"kind":"pod","name":"46855","use":"IRRIGATION","source":"ROCK CREEK                                        ","link":"https://apps.wrd.state.or.us/apps/wr/wrinfo/wr_details.aspx?snp_id=99255","pod_use_id":121165},"geometry":{"type":"Point","coordinates":[-123.31125857956052,45.87530225577522]}},{"type":"Feature","properties":{"kind":"pod","name":"46968","use":"RECREATION","source":"ROCK CREEK                                        ","link":"https://apps.wrd.state.or.us/apps/wr/wrinfo/wr_details.aspx?snp_id=99368","pod_use_id":121318},"geometry":{"type":"Point","coordinates":[-123.1921817872261,45.85900468945414]}},{"type":"Feature","properties":{"kind":"pod","name":"46969","use":"RECREATION","source":"ROCK CREEK                                        ","link":"https://apps.wrd.state.or.us/apps/wr/wrinfo/wr_details.aspx?snp_id=99369","pod_use_id":121319},"geometry":{"type":"Point","coordinates":[-123.1921817872261,45.85900468945414]}},{"type":"Feature","properties":{"kind":"pod","name":"47053","use":"DOMESTIC","source":"DEEP CREEK                                        ","link":"https://apps.wrd.state.or.us/apps/wr/wrinfo/wr_details.aspx?snp_id=99453","pod_use_id":121446},"geometry":{"type":"Point","coordinates":[-123.3316953431219,45.97427488783433]}},{"type":"Feature","properties":{"kind":"pod","name":"47160","use":"DOMESTIC EXPANDED","source":"HUMBUG CREEK","link":"https://apps.wrd.state.or.us/apps/wr/wrinfo/wr_details.aspx?snp_id=99560","pod_use_id":121602},"geometry":{"type":"Point","coordinates":[-123.58740849347934,45.859880861776624]}},{"type":"Feature","properties":{"kind":"pod","name":"47165","use":"DOMESTIC","source":"FISHHAWK CREEK                                    ","link":"https://apps.wrd.state.or.us/apps/wr/wrinfo/wr_details.aspx?snp_id=99565","pod_use_id":121608},"geometry":{"type":"Point","coordinates":[-123.34209872788979,45.99980035553835]}},{"type":"Feature","properties":{"kind":"pod","name":"47165","use":"IRRIGATION","source":"FISHHAWK CREEK                                    ","link":"https://apps.wrd.state.or.us/apps/wr/wrinfo/wr_details.aspx?snp_id=99565","pod_use_id":121609},"geometry":{"type":"Point","coordinates":[-123.34209872788979,45.99980035553835]}},{"type":"Feature","properties":{"kind":"pod","name":"47165","use":"LIVESTOCK","source":"FISHHAWK CREEK                                    ","link":"https://apps.wrd.state.or.us/apps/wr/wrinfo/wr_details.aspx?snp_id=99565","pod_use_id":121610},"geometry":{"type":"Point","coordinates":[-123.34209872788979,45.99980035553835]}},{"type":"Feature","properties":{"kind":"pod","name":"47264","use":"DOMESTIC INCLUDING LAWN AND GARDEN","source":"PEBBLE CREEK                                      ","link":"https://apps.wrd.state.or.us/apps/wr/wrinfo/wr_details.aspx?snp_id=99664","pod_use_id":121769},"geometry":{"type":"Point","coordinates":[-123.17277189101841,45.84862627154464]}},{"type":"Feature","properties":{"kind":"pod","name":"47388","use":"IRRIGATION","source":"ROCK CREEK                                        ","link":"https://apps.wrd.state.or.us/apps/wr/wrinfo/wr_details.aspx?snp_id=99788","pod_use_id":121947},"geometry":{"type":"Point","coordinates":[-123.19940363298836,45.87589274880317]}},{"type":"Feature","properties":{"kind":"pod","name":"47390","use":"DOMESTIC","source":"BEAVER CREEK","link":"https://apps.wrd.state.or.us/apps/wr/wrinfo/wr_details.aspx?snp_id=99790","pod_use_id":121949},"geometry":{"type":"Point","coordinates":[-123.2268120387154,45.8372723215632]}},{"type":"Feature","properties":{"kind":"pod","name":"47390","use":"IRRIGATION","source":"BEAVER CREEK","link":"https://apps.wrd.state.or.us/apps/wr/wrinfo/wr_details.aspx?snp_id=99790","pod_use_id":121950},"geometry":{"type":"Point","coordinates":[-123.2268120387154,45.8372723215632]}},{"type":"Feature","properties":{"kind":"pod","name":"47534","use":"IRRIGATION","source":"PETERSON CREEK","link":"https://apps.wrd.state.or.us/apps/wr/wrinfo/wr_details.aspx?snp_id=99934","pod_use_id":122166},"geometry":{"type":"Point","coordinates":[-123.79516347666858,45.70692895498598]}},{"type":"Feature","properties":{"kind":"pod","name":"47534","use":"DAIRY BARN USES","source":"PETERSON CREEK","link":"https://apps.wrd.state.or.us/apps/wr/wrinfo/wr_details.aspx?snp_id=99934","pod_use_id":122167},"geometry":{"type":"Point","coordinates":[-123.79516347666858,45.70692895498598]}},{"type":"Feature","properties":{"kind":"pod","name":"47788","use":"DOMESTIC INCLUDING LAWN AND GARDEN","source":"NEHALEM RIVER                                     ","link":"https://apps.wrd.state.or.us/apps/wr/wrinfo/wr_details.aspx?snp_id=100188","pod_use_id":122535},"geometry":{"type":"Point","coordinates":[-123.27568726768789,46.00284004791826]}},{"type":"Feature","properties":{"kind":"pod","name":"47788","use":"LIVESTOCK","source":"NEHALEM RIVER                                     ","link":"https://apps.wrd.state.or.us/apps/wr/wrinfo/wr_details.aspx?snp_id=100188","pod_use_id":122536},"geometry":{"type":"Point","coordinates":[-123.27568726768789,46.00284004791826]}},{"type":"Feature","properties":{"kind":"pod","name":"47788","use":"DOMESTIC INCLUDING LAWN AND GARDEN","source":"NEHALEM RIVER                                     ","link":"https://apps.wrd.state.or.us/apps/wr/wrinfo/wr_details.aspx?snp_id=100188","pod_use_id":122537},"geometry":{"type":"Point","coordinates":[-123.27049624998612,46.00271775016116]}},{"type":"Feature","properties":{"kind":"pod","name":"47788","use":"LIVESTOCK","source":"NEHALEM RIVER                                     ","link":"https://apps.wrd.state.or.us/apps/wr/wrinfo/wr_details.aspx?snp_id=100188","pod_use_id":122538},"geometry":{"type":"Point","coordinates":[-123.27049624998612,46.00271775016116]}},{"type":"Feature","properties":{"kind":"pod","name":"48079","use":"DOMESTIC","source":"PETERSON CREEK                                    ","link":"https://apps.wrd.state.or.us/apps/wr/wrinfo/wr_details.aspx?snp_id=100479","pod_use_id":122963},"geometry":{"type":"Point","coordinates":[-123.8171097186245,45.696126960055174]}},{"type":"Feature","properties":{"kind":"pod","name":"48117","use":"IRRIGATION","source":"NEHALEM RIVER","link":"https://apps.wrd.state.or.us/apps/wr/wrinfo/wr_details.aspx?snp_id=100517","pod_use_id":123010},"geometry":{"type":"Point","coordinates":[-123.1623839987006,45.87958722881387]}},{"type":"Feature","properties":{"kind":"pod","name":"48223","use":"DOMESTIC","source":"EAST FORK NEHALEM RIVER                           ","link":"https://apps.wrd.state.or.us/apps/wr/wrinfo/wr_details.aspx?snp_id=100623","pod_use_id":123156},"geometry":{"type":"Point","coordinates":[-123.13459873507034,45.89779815684406]}},{"type":"Feature","properties":{"kind":"pod","name":"48223","use":"IRRIGATION","source":"EAST FORK NEHALEM RIVER                           ","link":"https://apps.wrd.state.or.us/apps/wr/wrinfo/wr_details.aspx?snp_id=100623","pod_use_id":123157},"geometry":{"type":"Point","coordinates":[-123.13459873507034,45.89779815684406]}},{"type":"Feature","properties":{"kind":"pod","name":"48305","use":"IRRIGATION","source":"KEBBE CREEK                                       ","link":"https://apps.wrd.state.or.us/apps/wr/wrinfo/wr_details.aspx?snp_id=100705","pod_use_id":123303},"geometry":{"type":"Point","coordinates":[-123.84962058550302,45.72194630720121]}},{"type":"Feature","properties":{"kind":"pod","name":"50249","use":"DOMESTIC","source":"UNNAMED STREAM                                    ","link":"https://apps.wrd.state.or.us/apps/wr/wrinfo/wr_details.aspx?snp_id=102650","pod_use_id":126119},"geometry":{"type":"Point","coordinates":[-123.83788100437268,45.67314463418842]}},{"type":"Feature","properties":{"kind":"pod","name":"50529","use":"IRRIGATION","source":"UNNAMED STREAM","link":"https://apps.wrd.state.or.us/apps/wr/wrinfo/wr_details.aspx?snp_id=102930","pod_use_id":126544},"geometry":{"type":"Point","coordinates":[-123.88383549539373,45.73154254712586]}},{"type":"Feature","properties":{"kind":"pod","name":"50631","use":"IRRIGATION","source":"PEARL CREEK                                       ","link":"https://apps.wrd.state.or.us/apps/wr/wrinfo/wr_details.aspx?snp_id=103032","pod_use_id":126689},"geometry":{"type":"Point","coordinates":[-123.85070401440123,45.72622655860339]}},{"type":"Feature","properties":{"kind":"pod","name":"50784","use":"IRRIGATION","source":"NEHALEM RIVER                                     ","link":"https://apps.wrd.state.or.us/apps/wr/wrinfo/wr_details.aspx?snp_id=103185","pod_use_id":126959},"geometry":{"type":"Point","coordinates":[-123.4077803939784,45.988488274400915]}},{"type":"Feature","properties":{"kind":"pod","name":"50785","use":"DOMESTIC","source":"SAGER CREEK                                       ","link":"https://apps.wrd.state.or.us/apps/wr/wrinfo/wr_details.aspx?snp_id=103186","pod_use_id":126960},"geometry":{"type":"Point","coordinates":[-123.40768930416743,45.9849636168368]}},{"type":"Feature","properties":{"kind":"pod","name":"50871","use":"DOMESTIC INCLUDING LAWN AND GARDEN","source":"GRAVEL CREEK                                      ","link":"https://apps.wrd.state.or.us/apps/wr/wrinfo/wr_details.aspx?snp_id=103272","pod_use_id":127081},"geometry":{"type":"Point","coordinates":[-123.84215811184058,45.74289363428391]}},{"type":"Feature","properties":{"kind":"pod","name":"51050","use":"DOMESTIC","source":"UNNAMED STREAM","link":"https://apps.wrd.state.or.us/apps/wr/wrinfo/wr_details.aspx?snp_id=103451","pod_use_id":127353},"geometry":{"type":"Point","coordinates":[-123.78401847327976,45.700831356488855]}},{"type":"Feature","properties":{"kind":"pod","name":"51050","use":"IRRIGATION","source":"UNNAMED STREAM","link":"https://apps.wrd.state.or.us/apps/wr/wrinfo/wr_details.aspx?snp_id=103451","pod_use_id":127354},"geometry":{"type":"Point","coordinates":[-123.78401847327976,45.700831356488855]}},{"type":"Feature","properties":{"kind":"pod","name":"51163","use":"DOMESTIC","source":"UNNAMED STREAM                                    ","link":"https://apps.wrd.state.or.us/apps/wr/wrinfo/wr_details.aspx?snp_id=103565","pod_use_id":127525},"geometry":{"type":"Point","coordinates":[-123.92157217867339,45.678587758411325]}},{"type":"Feature","properties":{"kind":"pod","name":"51165","use":"IRRIGATION","source":"UNNAMED STREAM","link":"https://apps.wrd.state.or.us/apps/wr/wrinfo/wr_details.aspx?snp_id=103567","pod_use_id":127533},"geometry":{"type":"Point","coordinates":[-123.84655171818187,45.73968641131944]}},{"type":"Feature","properties":{"kind":"pod","name":"51292","use":"DOMESTIC","source":"A SPRING                                          ","link":"https://apps.wrd.state.or.us/apps/wr/wrinfo/wr_details.aspx?snp_id=103694","pod_use_id":127727},"geometry":{"type":"Point","coordinates":[-123.85707201856407,45.69601689925955]}},{"type":"Feature","properties":{"kind":"pod","name":"51293","use":"DOMESTIC INCLUDING LAWN AND GARDEN","source":"RACKHEAP CREEK","link":"https://apps.wrd.state.or.us/apps/wr/wrinfo/wr_details.aspx?snp_id=103695","pod_use_id":127728},"geometry":{"type":"Point","coordinates":[-123.83086485215686,45.75888127438511]}},{"type":"Feature","properties":{"kind":"pod","name":"52518","use":"COMMERCIAL USES","source":"OSWEG CREEK","link":"https://apps.wrd.state.or.us/apps/wr/wrinfo/wr_details.aspx?snp_id=104920","pod_use_id":129693},"geometry":{"type":"Point","coordinates":[-123.5234474013034,45.85454259147426]}},{"type":"Feature","properties":{"kind":"pod","name":"52518","use":"DOMESTIC","source":"OSWEG CREEK","link":"https://apps.wrd.state.or.us/apps/wr/wrinfo/wr_details.aspx?snp_id=104920","pod_use_id":129694},"geometry":{"type":"Point","coordinates":[-123.5234474013034,45.85454259147426]}},{"type":"Feature","properties":{"kind":"pod","name":"52518","use":"COMMERCIAL USES","source":"OSWEG CREEK","link":"https://apps.wrd.state.or.us/apps/wr/wrinfo/wr_details.aspx?snp_id=104920","pod_use_id":129695},"geometry":{"type":"Point","coordinates":[-123.52914189765141,45.85483106368836]}},{"type":"Feature","properties":{"kind":"pod","name":"52518","use":"DOMESTIC","source":"OSWEG CREEK","link":"https://apps.wrd.state.or.us/apps/wr/wrinfo/wr_details.aspx?snp_id=104920","pod_use_id":129696},"geometry":{"type":"Point","coordinates":[-123.52914189765141,45.85483106368836]}},{"type":"Feature","properties":{"kind":"pod","name":"53027","use":"DOMESTIC INCLUDING LAWN AND GARDEN","source":"NEHALEM RIVER                                     ","link":"https://apps.wrd.state.or.us/apps/wr/wrinfo/wr_details.aspx?snp_id=105429","pod_use_id":130350},"geometry":{"type":"Point","coordinates":[-123.40677708565138,45.98827058600169]}},{"type":"Feature","properties":{"kind":"pod","name":"53030","use":"DOMESTIC INCLUDING LAWN AND GARDEN","source":"NEHALEM RIVER                                     ","link":"https://apps.wrd.state.or.us/apps/wr/wrinfo/wr_details.aspx?snp_id=105432","pod_use_id":130353},"geometry":{"type":"Point","coordinates":[-123.50681121484816,45.903708385685036]}},{"type":"Feature","properties":{"kind":"pod","name":"53032","use":"DOMESTIC","source":"NEHALEM RIVER                                     ","link":"https://apps.wrd.state.or.us/apps/wr/wrinfo/wr_details.aspx?snp_id=105434","pod_use_id":130355},"geometry":{"type":"Point","coordinates":[-123.40273921162029,45.987430987904105]}},{"type":"Feature","properties":{"kind":"pod","name":"53032","use":"IRRIGATION","source":"NEHALEM RIVER                                     ","link":"https://apps.wrd.state.or.us/apps/wr/wrinfo/wr_details.aspx?snp_id=105434","pod_use_id":130356},"geometry":{"type":"Point","coordinates":[-123.40273921162029,45.987430987904105]}},{"type":"Feature","properties":{"kind":"pod","name":"53032","use":"LIVESTOCK","source":"NEHALEM RIVER                                     ","link":"https://apps.wrd.state.or.us/apps/wr/wrinfo/wr_details.aspx?snp_id=105434","pod_use_id":130357},"geometry":{"type":"Point","coordinates":[-123.40273921162029,45.987430987904105]}},{"type":"Feature","properties":{"kind":"pod","name":"53129","use":"DOMESTIC EXPANDED","source":"NEHALEM RIVER","link":"https://apps.wrd.state.or.us/apps/wr/wrinfo/wr_details.aspx?snp_id=105531","pod_use_id":130491},"geometry":{"type":"Point","coordinates":[-123.25443375516076,45.82768401761696]}},{"type":"Feature","properties":{"kind":"pod","name":"53550","use":"AGRICULTURE USES","source":"PEARL CREEK                                       ","link":"https://apps.wrd.state.or.us/apps/wr/wrinfo/wr_details.aspx?snp_id=105952","pod_use_id":131086},"geometry":{"type":"Point","coordinates":[-123.84645514371452,45.72746031659235]}},{"type":"Feature","properties":{"kind":"pod","name":"53550","use":"DOMESTIC","source":"PEARL CREEK                                       ","link":"https://apps.wrd.state.or.us/apps/wr/wrinfo/wr_details.aspx?snp_id=105952","pod_use_id":131087},"geometry":{"type":"Point","coordinates":[-123.84645514371452,45.72746031659235]}},{"type":"Feature","properties":{"kind":"pod","name":"53550","use":"LIVESTOCK","source":"PEARL CREEK                                       ","link":"https://apps.wrd.state.or.us/apps/wr/wrinfo/wr_details.aspx?snp_id=105952","pod_use_id":131088},"geometry":{"type":"Point","coordinates":[-123.84645514371452,45.72746031659235]}},{"type":"Feature","properties":{"kind":"pod","name":"53771","use":"DOMESTIC","source":"COW CREEK                                         ","link":"https://apps.wrd.state.or.us/apps/wr/wrinfo/wr_details.aspx?snp_id=106173","pod_use_id":131415},"geometry":{"type":"Point","coordinates":[-123.54281859966389,45.875398975845116]}},{"type":"Feature","properties":{"kind":"pod","name":"53771","use":"IRRIGATION","source":"COW CREEK                                         ","link":"https://apps.wrd.state.or.us/apps/wr/wrinfo/wr_details.aspx?snp_id=106173","pod_use_id":131416},"geometry":{"type":"Point","coordinates":[-123.54281859966389,45.875398975845116]}},{"type":"Feature","properties":{"kind":"pod","name":"53771","use":"IRRIGATION AND DOMESTIC","source":"COW CREEK                                         ","link":"https://apps.wrd.state.or.us/apps/wr/wrinfo/wr_details.aspx?snp_id=106173","pod_use_id":131417},"geometry":{"type":"Point","coordinates":[-123.54236142149705,45.874858874590444]}},{"type":"Feature","properties":{"kind":"pod","name":"53772","use":"DOMESTIC","source":"NORTH FORK NEHALEM RIVER                          ","link":"https://apps.wrd.state.or.us/apps/wr/wrinfo/wr_details.aspx?snp_id=106174","pod_use_id":131418},"geometry":{"type":"Point","coordinates":[-123.79249797049009,45.799265045532564]}},{"type":"Feature","properties":{"kind":"pod","name":"53773","use":"DOMESTIC","source":"NEHALEM RIVER","link":"https://apps.wrd.state.or.us/apps/wr/wrinfo/wr_details.aspx?snp_id=106175","pod_use_id":131419},"geometry":{"type":"Point","coordinates":[-123.25071079204801,45.8485337405061]}},{"type":"Feature","properties":{"kind":"pod","name":"53773","use":"IRRIGATION","source":"NEHALEM RIVER","link":"https://apps.wrd.state.or.us/apps/wr/wrinfo/wr_details.aspx?snp_id=106175","pod_use_id":131420},"geometry":{"type":"Point","coordinates":[-123.25071079204801,45.8485337405061]}},{"type":"Feature","properties":{"kind":"pod","name":"53828","use":"DOMESTIC","source":"UNNAMED STREAM","link":"https://apps.wrd.state.or.us/apps/wr/wrinfo/wr_details.aspx?snp_id=106230","pod_use_id":131496},"geometry":{"type":"Point","coordinates":[-123.85506561370103,45.70811049840511]}},{"type":"Feature","properties":{"kind":"pod","name":"53829","use":"DOMESTIC INCLUDING LAWN AND GARDEN","source":"UNNAMED STREAM                                    ","link":"https://apps.wrd.state.or.us/apps/wr/wrinfo/wr_details.aspx?snp_id=106231","pod_use_id":131497},"geometry":{"type":"Point","coordinates":[-123.8518775951387,45.751831681346395]}},{"type":"Feature","properties":{"kind":"pod","name":"53829","use":"DOMESTIC INCLUDING LAWN AND GARDEN","source":"UNNAMED STREAM                                    ","link":"https://apps.wrd.state.or.us/apps/wr/wrinfo/wr_details.aspx?snp_id=106231","pod_use_id":131498},"geometry":{"type":"Point","coordinates":[-123.8518775951387,45.751831681346395]}},{"type":"Feature","properties":{"kind":"pod","name":"53830","use":"DOMESTIC","source":"NEHALEM RIVER                                     ","link":"https://apps.wrd.state.or.us/apps/wr/wrinfo/wr_details.aspx?snp_id=106232","pod_use_id":131499},"geometry":{"type":"Point","coordinates":[-123.77083896015839,45.71746251730826]}},{"type":"Feature","properties":{"kind":"pod","name":"53848","use":"DOMESTIC INCLUDING LAWN AND GARDEN","source":"SQUAW CREEK                                       ","link":"https://apps.wrd.state.or.us/apps/wr/wrinfo/wr_details.aspx?snp_id=106250","pod_use_id":131531},"geometry":{"type":"Point","coordinates":[-123.43649534951757,45.95420336966012]}},{"type":"Feature","properties":{"kind":"pod","name":"53965","use":"DOMESTIC INCLUDING LAWN AND GARDEN","source":"ZADDACH CREEK                                     ","link":"https://apps.wrd.state.or.us/apps/wr/wrinfo/wr_details.aspx?snp_id=106367","pod_use_id":131672},"geometry":{"type":"Point","coordinates":[-123.85011297210612,45.712262722769225]}},{"type":"Feature","properties":{"kind":"pod","name":"53965","use":"LIVESTOCK","source":"ZADDACH CREEK                                     ","link":"https://apps.wrd.state.or.us/apps/wr/wrinfo/wr_details.aspx?snp_id=106367","pod_use_id":131673},"geometry":{"type":"Point","coordinates":[-123.85011297210612,45.712262722769225]}},{"type":"Feature","properties":{"kind":"pod","name":"53966","use":"DOMESTIC INCLUDING LAWN AND GARDEN","source":"ACEY CREEK                                        ","link":"https://apps.wrd.state.or.us/apps/wr/wrinfo/wr_details.aspx?snp_id=106368","pod_use_id":131674},"geometry":{"type":"Point","coordinates":[-123.82269370139149,45.77938631992912]}},{"type":"Feature","properties":{"kind":"pod","name":"53967","use":"DOMESTIC","source":"KEBBE CREEK                                       ","link":"https://apps.wrd.state.or.us/apps/wr/wrinfo/wr_details.aspx?snp_id=106369","pod_use_id":131675},"geometry":{"type":"Point","coordinates":[-123.85352079014098,45.71864059047667]}},{"type":"Feature","properties":{"kind":"pod","name":"54200","use":"DOMESTIC INCLUDING LAWN AND GARDEN","source":"UNNAMED STREAM                                    ","link":"https://apps.wrd.state.or.us/apps/wr/wrinfo/wr_details.aspx?snp_id=106602","pod_use_id":131998},"geometry":{"type":"Point","coordinates":[-123.84625903336757,45.727316350208284]}},{"type":"Feature","properties":{"kind":"pod","name":"54280","use":"DOMESTIC","source":"A SPRING                                          ","link":"https://apps.wrd.state.or.us/apps/wr/wrinfo/wr_details.aspx?snp_id=106682","pod_use_id":132091},"geometry":{"type":"Point","coordinates":[-123.8544600962983,45.696798805041794]}},{"type":"Feature","properties":{"kind":"pod","name":"54374","use":"DOMESTIC","source":"UNNAMED STREAM","link":"https://apps.wrd.state.or.us/apps/wr/wrinfo/wr_details.aspx?snp_id=106776","pod_use_id":132204},"geometry":{"type":"Point","coordinates":[-123.69401084354269,45.85887409768955]}},{"type":"Feature","properties":{"kind":"pod","name":"54879","use":"IRRIGATION","source":"LITTLE RACK HEAP CREEK","link":"https://apps.wrd.state.or.us/apps/wr/wrinfo/wr_details.aspx?snp_id=107281","pod_use_id":132898},"geometry":{"type":"Point","coordinates":[-123.83119009392102,45.762469288100874]}},{"type":"Feature","properties":{"kind":"pod","name":"54991","use":"DOMESTIC EXPANDED","source":"UNNAMED STREAM","link":"https://apps.wrd.state.or.us/apps/wr/wrinfo/wr_details.aspx?snp_id=107393","pod_use_id":133063},"geometry":{"type":"Point","coordinates":[-123.81757864961763,45.78372251740075]}},{"type":"Feature","properties":{"kind":"pod","name":"55725","use":"DOMESTIC INCLUDING LAWN AND GARDEN","source":"UNNAMED STREAM                                    ","link":"https://apps.wrd.state.or.us/apps/wr/wrinfo/wr_details.aspx?snp_id=108127","pod_use_id":134048},"geometry":{"type":"Point","coordinates":[-123.81408691454862,45.69668938209677]}},{"type":"Feature","properties":{"kind":"pod","name":"56083","use":"IRRIGATION","source":"NEHALEM RIVER                                     ","link":"https://apps.wrd.state.or.us/apps/wr/wrinfo/wr_details.aspx?snp_id=108485","pod_use_id":134581},"geometry":{"type":"Point","coordinates":[-123.16704780285856,45.877700786908115]}},{"type":"Feature","properties":{"kind":"pod","name":"56083","use":"LIVESTOCK","source":"NEHALEM RIVER                                     ","link":"https://apps.wrd.state.or.us/apps/wr/wrinfo/wr_details.aspx?snp_id=108485","pod_use_id":134582},"geometry":{"type":"Point","coordinates":[-123.16704780285856,45.877700786908115]}},{"type":"Feature","properties":{"kind":"pod","name":"56707","use":"IRRIGATION","source":"NEHALEM RIVER                                     ","link":"https://apps.wrd.state.or.us/apps/wr/wrinfo/wr_details.aspx?snp_id=109109","pod_use_id":135461},"geometry":{"type":"Point","coordinates":[-123.27791474353741,45.801038943050486]}},{"type":"Feature","properties":{"kind":"pod","name":"56848","use":"DOMESTIC","source":"UNNAMED STREAM","link":"https://apps.wrd.state.or.us/apps/wr/wrinfo/wr_details.aspx?snp_id=109250","pod_use_id":135645},"geometry":{"type":"Point","coordinates":[-123.85014564312682,45.73922521519585]}},{"type":"Feature","properties":{"kind":"pod","name":"56918","use":"DOMESTIC","source":"UNNAMED STREAM                                    ","link":"https://apps.wrd.state.or.us/apps/wr/wrinfo/wr_details.aspx?snp_id=109320","pod_use_id":135742},"geometry":{"type":"Point","coordinates":[-123.23425667541868,45.81372783197627]}},{"type":"Feature","properties":{"kind":"pod","name":"56932","use":"DOMESTIC","source":"ROCK CREEK                                        ","link":"https://apps.wrd.state.or.us/apps/wr/wrinfo/wr_details.aspx?snp_id=109334","pod_use_id":135758},"geometry":{"type":"Point","coordinates":[-123.22908438278623,45.87731501428633]}},{"type":"Feature","properties":{"kind":"pod","name":"57009","use":"DOMESTIC","source":"NEHALEM RIVER                                     ","link":"https://apps.wrd.state.or.us/apps/wr/wrinfo/wr_details.aspx?snp_id=109411","pod_use_id":135857},"geometry":{"type":"Point","coordinates":[-123.42069778867541,45.98790892659586]}},{"type":"Feature","properties":{"kind":"pod","name":"57009","use":"IRRIGATION","source":"NEHALEM RIVER                                     ","link":"https://apps.wrd.state.or.us/apps/wr/wrinfo/wr_details.aspx?snp_id=109411","pod_use_id":135858},"geometry":{"type":"Point","coordinates":[-123.42069778867541,45.98790892659586]}},{"type":"Feature","properties":{"kind":"pod","name":"57010","use":"DOMESTIC","source":"UNNAMED STREAM                                    ","link":"https://apps.wrd.state.or.us/apps/wr/wrinfo/wr_details.aspx?snp_id=109412","pod_use_id":135859},"geometry":{"type":"Point","coordinates":[-123.60859455361621,45.83020556574672]}},{"type":"Feature","properties":{"kind":"pod","name":"57097","use":"DOMESTIC","source":"NEHALEM RIVER                                     ","link":"https://apps.wrd.state.or.us/apps/wr/wrinfo/wr_details.aspx?snp_id=109499","pod_use_id":135979},"geometry":{"type":"Point","coordinates":[-123.3046715367968,45.715779745544374]}},{"type":"Feature","properties":{"kind":"pod","name":"57325","use":"DOMESTIC","source":"LIT N FORK NEHALEM RIVER                          ","link":"https://apps.wrd.state.or.us/apps/wr/wrinfo/wr_details.aspx?snp_id=109727","pod_use_id":136298},"geometry":{"type":"Point","coordinates":[-123.68902384171791,45.83663741925393]}},{"type":"Feature","properties":{"kind":"pod","name":"57325","use":"IRRIGATION","source":"LIT N FORK NEHALEM RIVER                          ","link":"https://apps.wrd.state.or.us/apps/wr/wrinfo/wr_details.aspx?snp_id=109727","pod_use_id":136299},"geometry":{"type":"Point","coordinates":[-123.68902384171791,45.83663741925393]}},{"type":"Feature","properties":{"kind":"pod","name":"57337","use":"DOMESTIC INCLUDING LAWN AND GARDEN","source":"WEST FORK COAL CREEK                             ","link":"https://apps.wrd.state.or.us/apps/wr/wrinfo/wr_details.aspx?snp_id=109739","pod_use_id":136316},"geometry":{"type":"Point","coordinates":[-123.8661516200006,45.758228751567465]}},{"type":"Feature","properties":{"kind":"pod","name":"57339","use":"DOMESTIC EXPANDED","source":"WEST FORK COAL CREEK                             ","link":"https://apps.wrd.state.or.us/apps/wr/wrinfo/wr_details.aspx?snp_id=109741","pod_use_id":136320},"geometry":{"type":"Point","coordinates":[-123.86674499586823,45.759303269482636]}},{"type":"Feature","properties":{"kind":"pod","name":"57340","use":"DAIRY BARN USES","source":"COAL CREEK                                        ","link":"https://apps.wrd.state.or.us/apps/wr/wrinfo/wr_details.aspx?snp_id=109742","pod_use_id":136321},"geometry":{"type":"Point","coordinates":[-123.86322321764129,45.74609363721142]}},{"type":"Feature","properties":{"kind":"pod","name":"57340","use":"DOMESTIC EXPANDED","source":"COAL CREEK                                        ","link":"https://apps.wrd.state.or.us/apps/wr/wrinfo/wr_details.aspx?snp_id=109742","pod_use_id":136322},"geometry":{"type":"Point","coordinates":[-123.86322321764129,45.74609363721142]}},{"type":"Feature","properties":{"kind":"pod","name":"57340","use":"LIVESTOCK","source":"COAL CREEK                                        ","link":"https://apps.wrd.state.or.us/apps/wr/wrinfo/wr_details.aspx?snp_id=109742","pod_use_id":136323},"geometry":{"type":"Point","coordinates":[-123.86322321764129,45.74609363721142]}},{"type":"Feature","properties":{"kind":"pod","name":"57343","use":"DOMESTIC EXPANDED","source":"WEST FORK COAL CREEK                             ","link":"https://apps.wrd.state.or.us/apps/wr/wrinfo/wr_details.aspx?snp_id=109745","pod_use_id":136328},"geometry":{"type":"Point","coordinates":[-123.86605269634325,45.762526144025465]}},{"type":"Feature","properties":{"kind":"pod","name":"57344","use":"DOMESTIC EXPANDED","source":"WEST FORK COAL CREEK                             ","link":"https://apps.wrd.state.or.us/apps/wr/wrinfo/wr_details.aspx?snp_id=109746","pod_use_id":136329},"geometry":{"type":"Point","coordinates":[-123.86671957662342,45.76331208873465]}},{"type":"Feature","properties":{"kind":"pod","name":"57479","use":"DOMESTIC AND LIVESTOCK","source":"NEHALEM RIVER                                     ","link":"https://apps.wrd.state.or.us/apps/wr/wrinfo/wr_details.aspx?snp_id=109881","pod_use_id":136493},"geometry":{"type":"Point","coordinates":[-123.48706135418004,45.92509104859159]}},{"type":"Feature","properties":{"kind":"pod","name":"57529","use":"DOMESTIC","source":"PEARL CREEK                                       ","link":"https://apps.wrd.state.or.us/apps/wr/wrinfo/wr_details.aspx?snp_id=109931","pod_use_id":136553},"geometry":{"type":"Point","coordinates":[-123.8470472809595,45.727654718148166]}},{"type":"Feature","properties":{"kind":"pod","name":"58381","use":"DOMESTIC","source":"UNNAMED STREAM                                    ","link":"https://apps.wrd.state.or.us/apps/wr/wrinfo/wr_details.aspx?snp_id=110783","pod_use_id":137741},"geometry":{"type":"Point","coordinates":[-123.69386820568961,45.86357809626257]}},{"type":"Feature","properties":{"kind":"pod","name":"58896","use":"DOMESTIC INCLUDING LAWN AND GARDEN","source":"WEST FORK COAL CREEK                             ","link":"https://apps.wrd.state.or.us/apps/wr/wrinfo/wr_details.aspx?snp_id=111298","pod_use_id":138372},"geometry":{"type":"Point","coordinates":[-123.8661516200006,45.758228751567465]}},{"type":"Feature","properties":{"kind":"pod","name":"59087","use":"DOMESTIC INCLUDING LAWN AND GARDEN","source":"UNNAMED STREAM","link":"https://apps.wrd.state.or.us/apps/wr/wrinfo/wr_details.aspx?snp_id=111489","pod_use_id":138641},"geometry":{"type":"Point","coordinates":[-123.83159947697712,45.680305150553494]}},{"type":"Feature","properties":{"kind":"pod","name":"59096","use":"DOMESTIC","source":"BEAVER CREEK                                      ","link":"https://apps.wrd.state.or.us/apps/wr/wrinfo/wr_details.aspx?snp_id=111498","pod_use_id":138651},"geometry":{"type":"Point","coordinates":[-123.21589693229647,45.77819113047125]}},{"type":"Feature","properties":{"kind":"pod","name":"59108","use":"DOMESTIC","source":"GALLAGHER SL                                     ","link":"https://apps.wrd.state.or.us/apps/wr/wrinfo/wr_details.aspx?snp_id=111510","pod_use_id":138667},"geometry":{"type":"Point","coordinates":[-123.86771844043236,45.70653559956136]}},{"type":"Feature","properties":{"kind":"pod","name":"59108","use":"IRRIGATION","source":"GALLAGHER SL                                     ","link":"https://apps.wrd.state.or.us/apps/wr/wrinfo/wr_details.aspx?snp_id=111510","pod_use_id":138668},"geometry":{"type":"Point","coordinates":[-123.86771844043236,45.70653559956136]}},{"type":"Feature","properties":{"kind":"pod","name":"59108","use":"IRRIGATION","source":"GALLAGHER SL                                     ","link":"https://apps.wrd.state.or.us/apps/wr/wrinfo/wr_details.aspx?snp_id=111510","pod_use_id":138669},"geometry":{"type":"Point","coordinates":[-123.86859006444331,45.704700584489586]}},{"type":"Feature","properties":{"kind":"pod","name":"59117","use":"DOMESTIC","source":"UNNAMED STREAM","link":"https://apps.wrd.state.or.us/apps/wr/wrinfo/wr_details.aspx?snp_id=111519","pod_use_id":138681},"geometry":{"type":"Point","coordinates":[-123.81767258161572,45.78371240738984]}},{"type":"Feature","properties":{"kind":"pod","name":"59117","use":"POWER DEVELOPMENT","source":"UNNAMED STREAM","link":"https://apps.wrd.state.or.us/apps/wr/wrinfo/wr_details.aspx?snp_id=111519","pod_use_id":138682},"geometry":{"type":"Point","coordinates":[-123.81767258161572,45.78371240738984]}},{"type":"Feature","properties":{"kind":"pod","name":"60385","use":"DOMESTIC","source":"PEARL CREEK                                       ","link":"https://apps.wrd.state.or.us/apps/wr/wrinfo/wr_details.aspx?snp_id=112749","pod_use_id":139559},"geometry":{"type":"Point","coordinates":[-123.84819697884475,45.727596118362186]}},{"type":"Feature","properties":{"kind":"pod","name":"60387","use":"DOMESTIC EXPANDED","source":"RACK HEAP CREEK                                  ","link":"https://apps.wrd.state.or.us/apps/wr/wrinfo/wr_details.aspx?snp_id=112751","pod_use_id":139561},"geometry":{"type":"Point","coordinates":[-123.83036117047962,45.76233004860958]}},{"type":"Feature","properties":{"kind":"pod","name":"60503","use":"DOMESTIC EXPANDED","source":"NEHALEM RIVER                                     ","link":"https://apps.wrd.state.or.us/apps/wr/wrinfo/wr_details.aspx?snp_id=112867","pod_use_id":139709},"geometry":{"type":"Point","coordinates":[-123.51253684492929,45.89512759480966]}},{"type":"Feature","properties":{"kind":"pod","name":"60514","use":"DOMESTIC EXPANDED","source":"FISHHAWK CREEK                                    ","link":"https://apps.wrd.state.or.us/apps/wr/wrinfo/wr_details.aspx?snp_id=112878","pod_use_id":139721},"geometry":{"type":"Point","coordinates":[-123.55008674150636,45.944976859558274]}},{"type":"Feature","properties":{"kind":"pod","name":"60589","use":"FISH CULTURE","source":"UNNAMED STREAM                                    ","link":"https://apps.wrd.state.or.us/apps/wr/wrinfo/wr_details.aspx?snp_id=112953","pod_use_id":139826},"geometry":{"type":"Point","coordinates":[-123.84329034615848,45.691104871107726]}},{"type":"Feature","properties":{"kind":"pod","name":"60590","use":"FISH CULTURE","source":"UNNAMED STREAM/RESERVOIR                          ","link":"https://apps.wrd.state.or.us/apps/wr/wrinfo/wr_details.aspx?snp_id=112954","pod_use_id":139827},"geometry":{"type":"Point","coordinates":[-123.84329034615848,45.691104871107726]}},{"type":"Feature","properties":{"kind":"pod","name":"60618","use":"DOMESTIC EXPANDED","source":"HUMBUG CREEK                                      ","link":"https://apps.wrd.state.or.us/apps/wr/wrinfo/wr_details.aspx?snp_id=112982","pod_use_id":139876},"geometry":{"type":"Point","coordinates":[-123.60576626391568,45.873548779385054]}},{"type":"Feature","properties":{"kind":"pod","name":"60656","use":"DOMESTIC EXPANDED","source":"RACK HEAP CREEK                                  ","link":"https://apps.wrd.state.or.us/apps/wr/wrinfo/wr_details.aspx?snp_id=113020","pod_use_id":139930},"geometry":{"type":"Point","coordinates":[-123.83091816554034,45.762082333643576]}},{"type":"Feature","properties":{"kind":"pod","name":"60659","use":"CAMPSITE","source":"NEHALEM RIVER                                     ","link":"https://apps.wrd.state.or.us/apps/wr/wrinfo/wr_details.aspx?snp_id=113023","pod_use_id":139933},"geometry":{"type":"Point","coordinates":[-123.50204243349462,45.90019019859004]}},{"type":"Feature","properties":{"kind":"pod","name":"60674","use":"DOMESTIC","source":"NEHALEM RIVER                                     ","link":"https://apps.wrd.state.or.us/apps/wr/wrinfo/wr_details.aspx?snp_id=113038","pod_use_id":139956},"geometry":{"type":"Point","coordinates":[-123.59895314911084,45.838723242514924]}},{"type":"Feature","properties":{"kind":"pod","name":"60753","use":"DOMESTIC EXPANDED","source":"UNNAMED STREAM                                    ","link":"https://apps.wrd.state.or.us/apps/wr/wrinfo/wr_details.aspx?snp_id=113117","pod_use_id":140056},"geometry":{"type":"Point","coordinates":[-123.78082462751021,45.80198939682895]}},{"type":"Feature","properties":{"kind":"pod","name":"60772","use":"DOMESTIC","source":"ACEY CREEK                                        ","link":"https://apps.wrd.state.or.us/apps/wr/wrinfo/wr_details.aspx?snp_id=113136","pod_use_id":140080},"geometry":{"type":"Point","coordinates":[-123.81771408871508,45.78390227709505]}},{"type":"Feature","properties":{"kind":"pod","name":"60772","use":"IRRIGATION","source":"ACEY CREEK                                        ","link":"https://apps.wrd.state.or.us/apps/wr/wrinfo/wr_details.aspx?snp_id=113136","pod_use_id":140081},"geometry":{"type":"Point","coordinates":[-123.81771408871508,45.78390227709505]}},{"type":"Feature","properties":{"kind":"pod","name":"60792","use":"DOMESTIC EXPANDED","source":"NEHALEM RIVER                                     ","link":"https://apps.wrd.state.or.us/apps/wr/wrinfo/wr_details.aspx?snp_id=113156","pod_use_id":140106},"geometry":{"type":"Point","coordinates":[-123.51416354168138,45.895654139961096]}},{"type":"Feature","properties":{"kind":"pod","name":"60895","use":"DOMESTIC INCLUDING LAWN AND GARDEN","source":"RACK HEAP CREEK                                  ","link":"https://apps.wrd.state.or.us/apps/wr/wrinfo/wr_details.aspx?snp_id=113259","pod_use_id":140249},"geometry":{"type":"Point","coordinates":[-123.82796290315912,45.76293502104496]}},{"type":"Feature","properties":{"kind":"pod","name":"61151","use":"DOMESTIC","source":"HAMILTON CREEK","link":"https://apps.wrd.state.or.us/apps/wr/wrinfo/wr_details.aspx?snp_id=113515","pod_use_id":140599},"geometry":{"type":"Point","coordinates":[-123.57106156960882,45.95459623060705]}},{"type":"Feature","properties":{"kind":"pod","name":"61151","use":"IRRIGATION","source":"HAMILTON CREEK","link":"https://apps.wrd.state.or.us/apps/wr/wrinfo/wr_details.aspx?snp_id=113515","pod_use_id":140600},"geometry":{"type":"Point","coordinates":[-123.57106156960882,45.95459623060705]}},{"type":"Feature","properties":{"kind":"pod","name":"61152","use":"DOMESTIC","source":"HAMILTON CREEK                                    ","link":"https://apps.wrd.state.or.us/apps/wr/wrinfo/wr_details.aspx?snp_id=113516","pod_use_id":140601},"geometry":{"type":"Point","coordinates":[-123.57120355233445,45.95242814008569]}},{"type":"Feature","properties":{"kind":"pod","name":"61468","use":"DOMESTIC","source":"NEHALEM RIVER                                     ","link":"https://apps.wrd.state.or.us/apps/wr/wrinfo/wr_details.aspx?snp_id=113832","pod_use_id":140958},"geometry":{"type":"Point","coordinates":[-123.49323421285236,45.93326552631782]}},{"type":"Feature","properties":{"kind":"pod","name":"61569","use":"IRRIGATION","source":"A SPRING                                          ","link":"https://apps.wrd.state.or.us/apps/wr/wrinfo/wr_details.aspx?snp_id=113933","pod_use_id":141091},"geometry":{"type":"Point","coordinates":[-123.24476601517833,46.027166113240206]}},{"type":"Feature","properties":{"kind":"pod","name":"61584","use":"DOMESTIC","source":"NORTH FORK NEHALEM RIVER                          ","link":"https://apps.wrd.state.or.us/apps/wr/wrinfo/wr_details.aspx?snp_id=113948","pod_use_id":141113},"geometry":{"type":"Point","coordinates":[-123.84819500121631,45.74016428776431]}},{"type":"Feature","properties":{"kind":"pod","name":"61584","use":"IRRIGATION","source":"NORTH FORK NEHALEM RIVER                          ","link":"https://apps.wrd.state.or.us/apps/wr/wrinfo/wr_details.aspx?snp_id=113948","pod_use_id":141114},"geometry":{"type":"Point","coordinates":[-123.84819500121631,45.74016428776431]}},{"type":"Feature","properties":{"kind":"pod","name":"61740","use":"DOMESTIC","source":"NEHALEM RIVER","link":"https://apps.wrd.state.or.us/apps/wr/wrinfo/wr_details.aspx?snp_id=114104","pod_use_id":141333},"geometry":{"type":"Point","coordinates":[-123.41981283300206,45.96942626276464]}},{"type":"Feature","properties":{"kind":"pod","name":"61740","use":"IRRIGATION","source":"NEHALEM RIVER","link":"https://apps.wrd.state.or.us/apps/wr/wrinfo/wr_details.aspx?snp_id=114104","pod_use_id":141334},"geometry":{"type":"Point","coordinates":[-123.41981283300206,45.96942626276464]}},{"type":"Feature","properties":{"kind":"pod","name":"63308","use":"DOMESTIC EXPANDED","source":"NORTH FORK NEHALEM RIVER                          ","link":"https://apps.wrd.state.or.us/apps/wr/wrinfo/wr_details.aspx?snp_id=115672","pod_use_id":143327},"geometry":{"type":"Point","coordinates":[-123.81990656373338,45.79238660322874]}},{"type":"Feature","properties":{"kind":"pod","name":"63322","use":"DOMESTIC EXPANDED","source":"ACEY CREEK                                        ","link":"https://apps.wrd.state.or.us/apps/wr/wrinfo/wr_details.aspx?snp_id=115686","pod_use_id":143345},"geometry":{"type":"Point","coordinates":[-123.81919757822583,45.78846066474124]}},{"type":"Feature","properties":{"kind":"pod","name":"63662","use":"IRRIGATION","source":"NEHALEM RIVER                                     ","link":"https://apps.wrd.state.or.us/apps/wr/wrinfo/wr_details.aspx?snp_id=116026","pod_use_id":143759},"geometry":{"type":"Point","coordinates":[-123.41733526495547,45.96750357045562]}},{"type":"Feature","properties":{"kind":"pod","name":"63662","use":"LIVESTOCK","source":"NEHALEM RIVER                                     ","link":"https://apps.wrd.state.or.us/apps/wr/wrinfo/wr_details.aspx?snp_id=116026","pod_use_id":143760},"geometry":{"type":"Point","coordinates":[-123.41733526495547,45.96750357045562]}},{"type":"Feature","properties":{"kind":"pod","name":"64156","use":"DOMESTIC EXPANDED","source":"SAGER CREEK                                       ","link":"https://apps.wrd.state.or.us/apps/wr/wrinfo/wr_details.aspx?snp_id=116521","pod_use_id":144412},"geometry":{"type":"Point","coordinates":[-123.39974716383976,45.984662644752845]}},{"type":"Feature","properties":{"kind":"pod","name":"64459","use":"IRRIGATION","source":"NEHALEM RIVER                                     ","link":"https://apps.wrd.state.or.us/apps/wr/wrinfo/wr_details.aspx?snp_id=116826","pod_use_id":144871},"geometry":{"type":"Point","coordinates":[-123.40421076407415,45.991955455628755]}},{"type":"Feature","properties":{"kind":"pod","name":"64459","use":"LIVESTOCK","source":"NEHALEM RIVER                                     ","link":"https://apps.wrd.state.or.us/apps/wr/wrinfo/wr_details.aspx?snp_id=116826","pod_use_id":144872},"geometry":{"type":"Point","coordinates":[-123.40421076407415,45.991955455628755]}},{"type":"Feature","properties":{"kind":"pod","name":"64505","use":"DOMESTIC EXPANDED","source":"LITTLE RACK HEAP CREEK","link":"https://apps.wrd.state.or.us/apps/wr/wrinfo/wr_details.aspx?snp_id=116872","pod_use_id":144954},"geometry":{"type":"Point","coordinates":[-123.83291830798949,45.764280237719454]}},{"type":"Feature","properties":{"kind":"pod","name":"64505","use":"LIVESTOCK","source":"LITTLE RACK HEAP CREEK","link":"https://apps.wrd.state.or.us/apps/wr/wrinfo/wr_details.aspx?snp_id=116872","pod_use_id":144955},"geometry":{"type":"Point","coordinates":[-123.83291830798949,45.764280237719454]}},{"type":"Feature","properties":{"kind":"pod","name":"64543","use":"DOMESTIC","source":"NEHALEM RIVER                                     ","link":"https://apps.wrd.state.or.us/apps/wr/wrinfo/wr_details.aspx?snp_id=116910","pod_use_id":145014},"geometry":{"type":"Point","coordinates":[-123.40244522469803,45.99190983293696]}},{"type":"Feature","properties":{"kind":"pod","name":"65742","use":"DOMESTIC","source":"A SPRING                                          ","link":"https://apps.wrd.state.or.us/apps/wr/wrinfo/wr_details.aspx?snp_id=118079","pod_use_id":146824},"geometry":{"type":"Point","coordinates":[-123.3215475440152,45.880535995748616]}},{"type":"Feature","properties":{"kind":"pod","name":"65742","use":"DAIRY BARN USES","source":"A SPRING                                          ","link":"https://apps.wrd.state.or.us/apps/wr/wrinfo/wr_details.aspx?snp_id=118079","pod_use_id":146825},"geometry":{"type":"Point","coordinates":[-123.3215475440152,45.880535995748616]}},{"type":"Feature","properties":{"kind":"pod","name":"67237","use":"DOMESTIC","source":"UNNAMED STREAM                                    ","link":"https://apps.wrd.state.or.us/apps/wr/wrinfo/wr_details.aspx?snp_id=119574","pod_use_id":149044},"geometry":{"type":"Point","coordinates":[-123.84924637981133,45.64776945724082]}},{"type":"Feature","properties":{"kind":"pod","name":"67276","use":"DOMESTIC EXPANDED","source":"UNNAMED STREAM","link":"https://apps.wrd.state.or.us/apps/wr/wrinfo/wr_details.aspx?snp_id=119614","pod_use_id":149122},"geometry":{"type":"Point","coordinates":[-123.92170041127285,45.67158890085979]}},{"type":"Feature","properties":{"kind":"pod","name":"67862","use":"DOMESTIC EXPANDED","source":"UNNAMED STREAM","link":"https://apps.wrd.state.or.us/apps/wr/wrinfo/wr_details.aspx?snp_id=120199","pod_use_id":149941},"geometry":{"type":"Point","coordinates":[-123.60458736180217,45.83313403096926]}},{"type":"Feature","properties":{"kind":"pod","name":"68107","use":"DOMESTIC EXPANDED","source":"BIG RACKHEAP CREEK","link":"https://apps.wrd.state.or.us/apps/wr/wrinfo/wr_details.aspx?snp_id=120443","pod_use_id":150342},"geometry":{"type":"Point","coordinates":[-123.82443822697236,45.75830010055991]}},{"type":"Feature","properties":{"kind":"pod","name":"68293","use":"DOMESTIC EXPANDED","source":"NEHALEM RIVER                                     ","link":"https://apps.wrd.state.or.us/apps/wr/wrinfo/wr_details.aspx?snp_id=120627","pod_use_id":150673},"geometry":{"type":"Point","coordinates":[-123.3218729204966,45.999569745268175]}},{"type":"Feature","properties":{"kind":"pod","name":"68653","use":"FISH CULTURE","source":"FOLEY CR/RESERVOIR 1                              ","link":"https://apps.wrd.state.or.us/apps/wr/wrinfo/wr_details.aspx?snp_id=120985","pod_use_id":151441},"geometry":{"type":"Point","coordinates":[-123.84336714852016,45.685917461442564]}},{"type":"Feature","properties":{"kind":"pod","name":"68653","use":"FISH CULTURE","source":"FOLEY CR/RESERVOIR 2                              ","link":"https://apps.wrd.state.or.us/apps/wr/wrinfo/wr_details.aspx?snp_id=120985","pod_use_id":151442},"geometry":{"type":"Point","coordinates":[-123.84552493412656,45.69012758655248]}},{"type":"Feature","properties":{"kind":"pod","name":"68653","use":"FISH CULTURE","source":"FOLEY CR/RESERVOIR 3                              ","link":"https://apps.wrd.state.or.us/apps/wr/wrinfo/wr_details.aspx?snp_id=120985","pod_use_id":151443},"geometry":{"type":"Point","coordinates":[-123.84552493412656,45.69012758655248]}},{"type":"Feature","properties":{"kind":"pod","name":"68653","use":"FISH CULTURE","source":"FOLEY CR/RESERVOIR 4                              ","link":"https://apps.wrd.state.or.us/apps/wr/wrinfo/wr_details.aspx?snp_id=120985","pod_use_id":151444},"geometry":{"type":"Point","coordinates":[-123.84552493412656,45.69012758655248]}},{"type":"Feature","properties":{"kind":"pod","name":"68653","use":"FISH CULTURE","source":"FOLEY CR/RESERVOIR 5                              ","link":"https://apps.wrd.state.or.us/apps/wr/wrinfo/wr_details.aspx?snp_id=120985","pod_use_id":151445},"geometry":{"type":"Point","coordinates":[-123.84552493412656,45.69012758655248]}},{"type":"Feature","properties":{"kind":"pod","name":"68653","use":"FISH CULTURE","source":"FOLEY CR/RESERVOIR 6                              ","link":"https://apps.wrd.state.or.us/apps/wr/wrinfo/wr_details.aspx?snp_id=120985","pod_use_id":151446},"geometry":{"type":"Point","coordinates":[-123.84552493412656,45.69012758655248]}},{"type":"Feature","properties":{"kind":"pod","name":"68653","use":"FISH CULTURE","source":"FOLEY CR/RESERVOIR 7                              ","link":"https://apps.wrd.state.or.us/apps/wr/wrinfo/wr_details.aspx?snp_id=120985","pod_use_id":151447},"geometry":{"type":"Point","coordinates":[-123.84552493412656,45.69012758655248]}},{"type":"Feature","properties":{"kind":"pod","name":"68653","use":"FISH CULTURE","source":"FOLEY CR/RESERVOIR 8                              ","link":"https://apps.wrd.state.or.us/apps/wr/wrinfo/wr_details.aspx?snp_id=120985","pod_use_id":151448},"geometry":{"type":"Point","coordinates":[-123.84552493412656,45.69012758655248]}},{"type":"Feature","properties":{"kind":"pod","name":"68653","use":"FISH CULTURE","source":"FOLEY CR/RESERVOIR 9                              ","link":"https://apps.wrd.state.or.us/apps/wr/wrinfo/wr_details.aspx?snp_id=120985","pod_use_id":151449},"geometry":{"type":"Point","coordinates":[-123.84552493412656,45.69012758655248]}},{"type":"Feature","properties":{"kind":"pod","name":"68653","use":"FISH CULTURE","source":"FOLEY CR/RESERVOIR 10                             ","link":"https://apps.wrd.state.or.us/apps/wr/wrinfo/wr_details.aspx?snp_id=120985","pod_use_id":151450},"geometry":{"type":"Point","coordinates":[-123.84552493412656,45.69012758655248]}},{"type":"Feature","properties":{"kind":"pod","name":"68653","use":"FISH CULTURE","source":"FOLEY CR/RESERVOIR 11                             ","link":"https://apps.wrd.state.or.us/apps/wr/wrinfo/wr_details.aspx?snp_id=120985","pod_use_id":151451},"geometry":{"type":"Point","coordinates":[-123.84552493412656,45.69012758655248]}},{"type":"Feature","properties":{"kind":"pod","name":"68653","use":"FISH CULTURE","source":"FOLEY CR/RESERVOIR 12                             ","link":"https://apps.wrd.state.or.us/apps/wr/wrinfo/wr_details.aspx?snp_id=120985","pod_use_id":151452},"geometry":{"type":"Point","coordinates":[-123.84552493412656,45.69012758655248]}},{"type":"Feature","properties":{"kind":"pod","name":"68653","use":"FISH CULTURE","source":"FOLEY CR/RESERVOIR 13                             ","link":"https://apps.wrd.state.or.us/apps/wr/wrinfo/wr_details.aspx?snp_id=120985","pod_use_id":151453},"geometry":{"type":"Point","coordinates":[-123.84552493412656,45.69012758655248]}},{"type":"Feature","properties":{"kind":"pod","name":"68653","use":"FISH CULTURE","source":"FOLEY CR/RESERVOIR 14                             ","link":"https://apps.wrd.state.or.us/apps/wr/wrinfo/wr_details.aspx?snp_id=120985","pod_use_id":151454},"geometry":{"type":"Point","coordinates":[-123.84552493412656,45.69012758655248]}},{"type":"Feature","properties":{"kind":"pod","name":"68653","use":"FISH CULTURE","source":"FOLEY CR/RESERVOIR 15                             ","link":"https://apps.wrd.state.or.us/apps/wr/wrinfo/wr_details.aspx?snp_id=120985","pod_use_id":151455},"geometry":{"type":"Point","coordinates":[-123.84552493412656,45.69012758655248]}},{"type":"Feature","properties":{"kind":"pod","name":"68653","use":"FISH CULTURE","source":"FOLEY CR/RESERVOIR 16                             ","link":"https://apps.wrd.state.or.us/apps/wr/wrinfo/wr_details.aspx?snp_id=120985","pod_use_id":151456},"geometry":{"type":"Point","coordinates":[-123.84552493412656,45.69012758655248]}},{"type":"Feature","properties":{"kind":"pod","name":"68653","use":"FISH CULTURE","source":"FOLEY CR/RESERVOIR 17                             ","link":"https://apps.wrd.state.or.us/apps/wr/wrinfo/wr_details.aspx?snp_id=120985","pod_use_id":151457},"geometry":{"type":"Point","coordinates":[-123.84552493412656,45.69012758655248]}},{"type":"Feature","properties":{"kind":"pod","name":"68653","use":"FISH CULTURE","source":"FOLEY CR/RESERVOIR 18                             ","link":"https://apps.wrd.state.or.us/apps/wr/wrinfo/wr_details.aspx?snp_id=120985","pod_use_id":151458},"geometry":{"type":"Point","coordinates":[-123.84552493412656,45.69012758655248]}},{"type":"Feature","properties":{"kind":"pod","name":"68654","use":"FISH CULTURE","source":"FOLEY CREEK                                       ","link":"https://apps.wrd.state.or.us/apps/wr/wrinfo/wr_details.aspx?snp_id=120986","pod_use_id":151459},"geometry":{"type":"Point","coordinates":[-123.84336714852016,45.685917461442564]}},{"type":"Feature","properties":{"kind":"pod","name":"69055","use":"RECREATION","source":"CRONIN CREEK                                      ","link":"https://apps.wrd.state.or.us/apps/wr/wrinfo/wr_details.aspx?snp_id=121378","pod_use_id":152156},"geometry":{"type":"Point","coordinates":[-123.62624282238387,45.769407837101475]}},{"type":"Feature","properties":{"kind":"pod","name":"70825","use":"WILDLIFE","source":"KIST CR/UNN RESERVOIR                             ","link":"https://apps.wrd.state.or.us/apps/wr/wrinfo/wr_details.aspx?snp_id=123132","pod_use_id":158582},"geometry":{"type":"Point","coordinates":[-123.27415177502219,45.7962465593261]}},{"type":"Feature","properties":{"kind":"pod","name":"70973","use":"FIRE PROTECTION","source":"UNNAMED STREAM/RESERVOIR                          ","link":"https://apps.wrd.state.or.us/apps/wr/wrinfo/wr_details.aspx?snp_id=123276","pod_use_id":159164},"geometry":{"type":"Point","coordinates":[-123.53853176277458,45.82713163733664]}},{"type":"Feature","properties":{"kind":"pod","name":"70974","use":"FIRE PROTECTION","source":"BUSTER CR/RESERVOIR 1                             ","link":"https://apps.wrd.state.or.us/apps/wr/wrinfo/wr_details.aspx?snp_id=123277","pod_use_id":159165},"geometry":{"type":"Point","coordinates":[-123.41829616363061,45.89482632926917]}},{"type":"Feature","properties":{"kind":"pod","name":"70974","use":"FOREST MANAGEMENT","source":"BUSTER CR/RESERVOIR 1                             ","link":"https://apps.wrd.state.or.us/apps/wr/wrinfo/wr_details.aspx?snp_id=123277","pod_use_id":159166},"geometry":{"type":"Point","coordinates":[-123.41829616363061,45.89482632926917]}},{"type":"Feature","properties":{"kind":"pod","name":"70974","use":"FIRE PROTECTION","source":"BUSTER CR/RESERVOIR 2                             ","link":"https://apps.wrd.state.or.us/apps/wr/wrinfo/wr_details.aspx?snp_id=123277","pod_use_id":159167},"geometry":{"type":"Point","coordinates":[-123.429606188635,45.916031571096646]}},{"type":"Feature","properties":{"kind":"pod","name":"70974","use":"FOREST MANAGEMENT","source":"BUSTER CR/RESERVOIR 2                             ","link":"https://apps.wrd.state.or.us/apps/wr/wrinfo/wr_details.aspx?snp_id=123277","pod_use_id":159168},"geometry":{"type":"Point","coordinates":[-123.429606188635,45.916031571096646]}},{"type":"Feature","properties":{"kind":"pod","name":"70974","use":"FIRE PROTECTION","source":"SAGER CR/RESERVOIR 4                              ","link":"https://apps.wrd.state.or.us/apps/wr/wrinfo/wr_details.aspx?snp_id=123277","pod_use_id":159171},"geometry":{"type":"Point","coordinates":[-123.39200545760892,45.98060450667969]}},{"type":"Feature","properties":{"kind":"pod","name":"70974","use":"FOREST MANAGEMENT","source":"SAGER CR/RESERVOIR 4                              ","link":"https://apps.wrd.state.or.us/apps/wr/wrinfo/wr_details.aspx?snp_id=123277","pod_use_id":159172},"geometry":{"type":"Point","coordinates":[-123.39200545760892,45.98060450667969]}},{"type":"Feature","properties":{"kind":"pod","name":"70974","use":"FIRE PROTECTION","source":"SAGER CR/RESERVOIR 5                              ","link":"https://apps.wrd.state.or.us/apps/wr/wrinfo/wr_details.aspx?snp_id=123277","pod_use_id":159173},"geometry":{"type":"Point","coordinates":[-123.40317502946127,45.96290152488145]}},{"type":"Feature","properties":{"kind":"pod","name":"70974","use":"FOREST MANAGEMENT","source":"SAGER CR/RESERVOIR 5                              ","link":"https://apps.wrd.state.or.us/apps/wr/wrinfo/wr_details.aspx?snp_id=123277","pod_use_id":159174},"geometry":{"type":"Point","coordinates":[-123.40317502946127,45.96290152488145]}},{"type":"Feature","properties":{"kind":"pod","name":"70974","use":"FIRE PROTECTION","source":"BENEKE CR/RESERVOIR 6                             ","link":"https://apps.wrd.state.or.us/apps/wr/wrinfo/wr_details.aspx?snp_id=123277","pod_use_id":159175},"geometry":{"type":"Point","coordinates":[-123.53276176561626,46.0245666728634]}},{"type":"Feature","properties":{"kind":"pod","name":"70974","use":"FOREST MANAGEMENT","source":"BENEKE CR/RESERVOIR 6                             ","link":"https://apps.wrd.state.or.us/apps/wr/wrinfo/wr_details.aspx?snp_id=123277","pod_use_id":159176},"geometry":{"type":"Point","coordinates":[-123.53276176561626,46.0245666728634]}},{"type":"Feature","properties":{"kind":"pod","name":"70974","use":"FIRE PROTECTION","source":"BULL HEIFER CR/RESERVOIR 7                        ","link":"https://apps.wrd.state.or.us/apps/wr/wrinfo/wr_details.aspx?snp_id=123277","pod_use_id":159177},"geometry":{"type":"Point","coordinates":[-123.50706599781097,45.991940960390366]}},{"type":"Feature","properties":{"kind":"pod","name":"70974","use":"FOREST MANAGEMENT","source":"BULL HEIFER CR/RESERVOIR 7                        ","link":"https://apps.wrd.state.or.us/apps/wr/wrinfo/wr_details.aspx?snp_id=123277","pod_use_id":159178},"geometry":{"type":"Point","coordinates":[-123.50706599781097,45.991940960390366]}},{"type":"Feature","properties":{"kind":"pod","name":"71015","use":"WILDLIFE","source":"OAK RANCH CR/RESERVOIR 1                          ","link":"https://apps.wrd.state.or.us/apps/wr/wrinfo/wr_details.aspx?snp_id=123317","pod_use_id":159298},"geometry":{"type":"Point","coordinates":[-123.05470687647369,45.9225436094364]}},{"type":"Feature","properties":{"kind":"pod","name":"71923","use":"DOMESTIC EXPANDED","source":"UNNAMED STREAM/RESERVOIR                          ","link":"https://apps.wrd.state.or.us/apps/wr/wrinfo/wr_details.aspx?snp_id=124192","pod_use_id":163105},"geometry":{"type":"Point","coordinates":[-123.84947770912346,45.730306295668534]}},{"type":"Feature","properties":{"kind":"pod","name":"71923","use":"FIRE PROTECTION","source":"UNNAMED STREAM/RESERVOIR                          ","link":"https://apps.wrd.state.or.us/apps/wr/wrinfo/wr_details.aspx?snp_id=124192","pod_use_id":163106},"geometry":{"type":"Point","coordinates":[-123.84947770912346,45.730306295668534]}},{"type":"Feature","properties":{"kind":"pod","name":"72238","use":"DOMESTIC EXPANDED","source":"NEHALEM RIVER                                     ","link":"https://apps.wrd.state.or.us/apps/wr/wrinfo/wr_details.aspx?snp_id=124487","pod_use_id":164172},"geometry":{"type":"Point","coordinates":[-123.25778346092842,45.847256108599574]}},{"type":"Feature","properties":{"kind":"pod","name":"72767","use":"DOMESTIC EXPANDED","source":"NORTH FORK NEHALEM RIVER                          ","link":"https://apps.wrd.state.or.us/apps/wr/wrinfo/wr_details.aspx?snp_id=125013","pod_use_id":164646},"geometry":{"type":"Point","coordinates":[-123.82334543042103,45.78938359547355]}},{"type":"Feature","properties":{"kind":"pod","name":"72772","use":"DOMESTIC EXPANDED","source":"NEHALEM RIVER                                     ","link":"https://apps.wrd.state.or.us/apps/wr/wrinfo/wr_details.aspx?snp_id=125018","pod_use_id":164652},"geometry":{"type":"Point","coordinates":[-123.2552709164658,45.84630756478374]}},{"type":"Feature","properties":{"kind":"pod","name":"73500","use":"FOREST MANAGEMENT","source":"EAST FORK NEHALEM RIVER                           ","link":"https://apps.wrd.state.or.us/apps/wr/wrinfo/wr_details.aspx?snp_id=125860","pod_use_id":165545},"geometry":{"type":"Point","coordinates":[-123.06937099552273,45.81047290303579]}},{"type":"Feature","properties":{"kind":"pod","name":"73500","use":"FIRE PROTECTION","source":"EAST FORK NEHALEM RIVER                           ","link":"https://apps.wrd.state.or.us/apps/wr/wrinfo/wr_details.aspx?snp_id=125860","pod_use_id":165546},"geometry":{"type":"Point","coordinates":[-123.06937099552273,45.81047290303579]}},{"type":"Feature","properties":{"kind":"pod","name":"73500","use":"WILDLIFE","source":"EAST FORK NEHALEM RIVER                           ","link":"https://apps.wrd.state.or.us/apps/wr/wrinfo/wr_details.aspx?snp_id=125860","pod_use_id":165547},"geometry":{"type":"Point","coordinates":[-123.06937099552273,45.81047290303579]}},{"type":"Feature","properties":{"kind":"pod","name":"73500","use":"FOREST MANAGEMENT","source":"EAST FORK NEHALEM RIVER                           ","link":"https://apps.wrd.state.or.us/apps/wr/wrinfo/wr_details.aspx?snp_id=125860","pod_use_id":165548},"geometry":{"type":"Point","coordinates":[-123.05912671881195,45.802990390072665]}},{"type":"Feature","properties":{"kind":"pod","name":"73500","use":"FIRE PROTECTION","source":"EAST FORK NEHALEM RIVER                           ","link":"https://apps.wrd.state.or.us/apps/wr/wrinfo/wr_details.aspx?snp_id=125860","pod_use_id":165549},"geometry":{"type":"Point","coordinates":[-123.05912671881195,45.802990390072665]}},{"type":"Feature","properties":{"kind":"pod","name":"73500","use":"WILDLIFE","source":"EAST FORK NEHALEM RIVER                           ","link":"https://apps.wrd.state.or.us/apps/wr/wrinfo/wr_details.aspx?snp_id=125860","pod_use_id":165550},"geometry":{"type":"Point","coordinates":[-123.05912671881195,45.802990390072665]}},{"type":"Feature","properties":{"kind":"pod","name":"73501","use":"FOREST MANAGEMENT","source":"DEER CR/KAUPPI L RESERVOIR                        ","link":"https://apps.wrd.state.or.us/apps/wr/wrinfo/wr_details.aspx?snp_id=125861","pod_use_id":165551},"geometry":{"type":"Point","coordinates":[-123.29535010749727,45.9196244605546]}},{"type":"Feature","properties":{"kind":"pod","name":"76391","use":"DOMESTIC","source":"NEHALEM RIVER                                     ","link":"https://apps.wrd.state.or.us/apps/wr/wrinfo/wr_details.aspx?snp_id=128707","pod_use_id":172407},"geometry":{"type":"Point","coordinates":[-123.55197349568117,45.85092681725287]}},{"type":"Feature","properties":{"kind":"pod","name":"76391","use":"RECREATION","source":"NEHALEM RIVER                                     ","link":"https://apps.wrd.state.or.us/apps/wr/wrinfo/wr_details.aspx?snp_id=128707","pod_use_id":172408},"geometry":{"type":"Point","coordinates":[-123.55197349568117,45.85092681725287]}},{"type":"Feature","properties":{"kind":"pod","name":"77023","use":"DOMESTIC INCLUDING LAWN AND GARDEN","source":"UNNAMED STREAM","link":"https://apps.wrd.state.or.us/apps/wr/wrinfo/wr_details.aspx?snp_id=129359","pod_use_id":173796},"geometry":{"type":"Point","coordinates":[-123.86612149754426,45.7583481503683]}},{"type":"Feature","properties":{"kind":"pod","name":"59620","use":"AQUATIC LIFE (INSTREAM)","source":"COOK CREEK","link":"https://apps.wrd.state.or.us/apps/wr/wrinfo/wr_details.aspx?snp_id=112008","pod_use_id":184707},"geometry":{"type":"Point","coordinates":[-123.75290426958892,45.701342492732024]}},{"type":"Feature","properties":{"kind":"pod","name":"59620","use":"AQUATIC LIFE (INSTREAM)","source":"COOK CREEK","link":"https://apps.wrd.state.or.us/apps/wr/wrinfo/wr_details.aspx?snp_id=112008","pod_use_id":184709},"geometry":{"type":"Point","coordinates":[-123.75290426958892,45.701342492732024]}},{"type":"Feature","properties":{"kind":"pod","name":"59620","use":"AQUATIC LIFE (INSTREAM)","source":"COOK CREEK","link":"https://apps.wrd.state.or.us/apps/wr/wrinfo/wr_details.aspx?snp_id=112008","pod_use_id":184710},"geometry":{"type":"Point","coordinates":[-123.75290426958892,45.701342492732024]}},{"type":"Feature","properties":{"kind":"pod","name":"59620","use":"AQUATIC LIFE (INSTREAM)","source":"COOK CREEK","link":"https://apps.wrd.state.or.us/apps/wr/wrinfo/wr_details.aspx?snp_id=112008","pod_use_id":184714},"geometry":{"type":"Point","coordinates":[-123.75290426958892,45.701342492732024]}},{"type":"Feature","properties":{"kind":"pod","name":"59620","use":"AQUATIC LIFE (INSTREAM)","source":"COOK CREEK","link":"https://apps.wrd.state.or.us/apps/wr/wrinfo/wr_details.aspx?snp_id=112008","pod_use_id":184715},"geometry":{"type":"Point","coordinates":[-123.75290426958892,45.701342492732024]}},{"type":"Feature","properties":{"kind":"pod","name":"59620","use":"AQUATIC LIFE (INSTREAM)","source":"COOK CREEK","link":"https://apps.wrd.state.or.us/apps/wr/wrinfo/wr_details.aspx?snp_id=112008","pod_use_id":184719},"geometry":{"type":"Point","coordinates":[-123.75290426958892,45.701342492732024]}},{"type":"Feature","properties":{"kind":"pod","name":"59623","use":"AQUATIC LIFE (INSTREAM)","source":"FOLEY CREEK","link":"https://apps.wrd.state.or.us/apps/wr/wrinfo/wr_details.aspx?snp_id=112011","pod_use_id":184777},"geometry":{"type":"Point","coordinates":[-123.84913648255554,45.697854082867906]}},{"type":"Feature","properties":{"kind":"pod","name":"59623","use":"AQUATIC LIFE (INSTREAM)","source":"FOLEY CREEK","link":"https://apps.wrd.state.or.us/apps/wr/wrinfo/wr_details.aspx?snp_id=112011","pod_use_id":184781},"geometry":{"type":"Point","coordinates":[-123.84913648255554,45.697854082867906]}},{"type":"Feature","properties":{"kind":"pod","name":"59623","use":"AQUATIC LIFE (INSTREAM)","source":"FOLEY CREEK","link":"https://apps.wrd.state.or.us/apps/wr/wrinfo/wr_details.aspx?snp_id=112011","pod_use_id":184782},"geometry":{"type":"Point","coordinates":[-123.84913648255554,45.697854082867906]}},{"type":"Feature","properties":{"kind":"pod","name":"59623","use":"AQUATIC LIFE (INSTREAM)","source":"FOLEY CREEK","link":"https://apps.wrd.state.or.us/apps/wr/wrinfo/wr_details.aspx?snp_id=112011","pod_use_id":184783},"geometry":{"type":"Point","coordinates":[-123.84913648255554,45.697854082867906]}},{"type":"Feature","properties":{"kind":"pod","name":"59623","use":"AQUATIC LIFE (INSTREAM)","source":"FOLEY CREEK","link":"https://apps.wrd.state.or.us/apps/wr/wrinfo/wr_details.aspx?snp_id=112011","pod_use_id":184792},"geometry":{"type":"Point","coordinates":[-123.84913648255554,45.697854082867906]}},{"type":"Feature","properties":{"kind":"pod","name":"59623","use":"AQUATIC LIFE (INSTREAM)","source":"FOLEY CREEK","link":"https://apps.wrd.state.or.us/apps/wr/wrinfo/wr_details.aspx?snp_id=112011","pod_use_id":184794},"geometry":{"type":"Point","coordinates":[-123.84913648255554,45.697854082867906]}},{"type":"Feature","properties":{"kind":"pod","name":"59623","use":"AQUATIC LIFE (INSTREAM)","source":"FOLEY CREEK","link":"https://apps.wrd.state.or.us/apps/wr/wrinfo/wr_details.aspx?snp_id=112011","pod_use_id":184795},"geometry":{"type":"Point","coordinates":[-123.84913648255554,45.697854082867906]}},{"type":"Feature","properties":{"kind":"pod","name":"59624","use":"AQUATIC LIFE (INSTREAM)","source":"HUMBUG CREEK","link":"https://apps.wrd.state.or.us/apps/wr/wrinfo/wr_details.aspx?snp_id=112012","pod_use_id":184797},"geometry":{"type":"Point","coordinates":[-123.58647780757612,45.84248658396238]}},{"type":"Feature","properties":{"kind":"pod","name":"59624","use":"AQUATIC LIFE (INSTREAM)","source":"HUMBUG CREEK","link":"https://apps.wrd.state.or.us/apps/wr/wrinfo/wr_details.aspx?snp_id=112012","pod_use_id":184806},"geometry":{"type":"Point","coordinates":[-123.58647780757612,45.84248658396238]}},{"type":"Feature","properties":{"kind":"pod","name":"59624","use":"AQUATIC LIFE (INSTREAM)","source":"HUMBUG CREEK","link":"https://apps.wrd.state.or.us/apps/wr/wrinfo/wr_details.aspx?snp_id=112012","pod_use_id":184807},"geometry":{"type":"Point","coordinates":[-123.58647780757612,45.84248658396238]}},{"type":"Feature","properties":{"kind":"pod","name":"59624","use":"AQUATIC LIFE (INSTREAM)","source":"HUMBUG CREEK","link":"https://apps.wrd.state.or.us/apps/wr/wrinfo/wr_details.aspx?snp_id=112012","pod_use_id":184809},"geometry":{"type":"Point","coordinates":[-123.58647780757612,45.84248658396238]}},{"type":"Feature","properties":{"kind":"pod","name":"59624","use":"AQUATIC LIFE (INSTREAM)","source":"HUMBUG CREEK","link":"https://apps.wrd.state.or.us/apps/wr/wrinfo/wr_details.aspx?snp_id=112012","pod_use_id":184811},"geometry":{"type":"Point","coordinates":[-123.58647780757612,45.84248658396238]}},{"type":"Feature","properties":{"kind":"pod","name":"59624","use":"AQUATIC LIFE (INSTREAM)","source":"HUMBUG CREEK","link":"https://apps.wrd.state.or.us/apps/wr/wrinfo/wr_details.aspx?snp_id=112012","pod_use_id":184816},"geometry":{"type":"Point","coordinates":[-123.58647780757612,45.84248658396238]}},{"type":"Feature","properties":{"kind":"pod","name":"59625","use":"AQUATIC LIFE (INSTREAM)","source":"JETTY CREEK","link":"https://apps.wrd.state.or.us/apps/wr/wrinfo/wr_details.aspx?snp_id=112013","pod_use_id":184825},"geometry":{"type":"Point","coordinates":[-123.93238159376816,45.65978864735612]}},{"type":"Feature","properties":{"kind":"pod","name":"59625","use":"AQUATIC LIFE (INSTREAM)","source":"JETTY CREEK","link":"https://apps.wrd.state.or.us/apps/wr/wrinfo/wr_details.aspx?snp_id=112013","pod_use_id":184831},"geometry":{"type":"Point","coordinates":[-123.93238159376816,45.65978864735612]}},{"type":"Feature","properties":{"kind":"pod","name":"59625","use":"AQUATIC LIFE (INSTREAM)","source":"JETTY CREEK","link":"https://apps.wrd.state.or.us/apps/wr/wrinfo/wr_details.aspx?snp_id=112013","pod_use_id":184839},"geometry":{"type":"Point","coordinates":[-123.93238159376816,45.65978864735612]}},{"type":"Feature","properties":{"kind":"pod","name":"59625","use":"AQUATIC LIFE (INSTREAM)","source":"JETTY CREEK","link":"https://apps.wrd.state.or.us/apps/wr/wrinfo/wr_details.aspx?snp_id=112013","pod_use_id":184840},"geometry":{"type":"Point","coordinates":[-123.93238159376816,45.65978864735612]}},{"type":"Feature","properties":{"kind":"pod","name":"59639","use":"AQUATIC LIFE (INSTREAM)","source":"NORTH FORK NEHALEM RIVER","link":"https://apps.wrd.state.or.us/apps/wr/wrinfo/wr_details.aspx?snp_id=112027","pod_use_id":185158},"geometry":{"type":"Point","coordinates":[-123.87812069415746,45.73183868172892]}},{"type":"Feature","properties":{"kind":"pod","name":"59639","use":"AQUATIC LIFE (INSTREAM)","source":"NORTH FORK NEHALEM RIVER","link":"https://apps.wrd.state.or.us/apps/wr/wrinfo/wr_details.aspx?snp_id=112027","pod_use_id":185159},"geometry":{"type":"Point","coordinates":[-123.87812069415746,45.73183868172892]}},{"type":"Feature","properties":{"kind":"pod","name":"59639","use":"AQUATIC LIFE (INSTREAM)","source":"NORTH FORK NEHALEM RIVER","link":"https://apps.wrd.state.or.us/apps/wr/wrinfo/wr_details.aspx?snp_id=112027","pod_use_id":185163},"geometry":{"type":"Point","coordinates":[-123.87812069415746,45.73183868172892]}},{"type":"Feature","properties":{"kind":"pod","name":"59639","use":"AQUATIC LIFE (INSTREAM)","source":"NORTH FORK NEHALEM RIVER","link":"https://apps.wrd.state.or.us/apps/wr/wrinfo/wr_details.aspx?snp_id=112027","pod_use_id":185170},"geometry":{"type":"Point","coordinates":[-123.87812069415746,45.73183868172892]}},{"type":"Feature","properties":{"kind":"pod","name":"59639","use":"AQUATIC LIFE (INSTREAM)","source":"NORTH FORK NEHALEM RIVER","link":"https://apps.wrd.state.or.us/apps/wr/wrinfo/wr_details.aspx?snp_id=112027","pod_use_id":185172},"geometry":{"type":"Point","coordinates":[-123.87812069415746,45.73183868172892]}},{"type":"Feature","properties":{"kind":"pod","name":"59639","use":"AQUATIC LIFE (INSTREAM)","source":"NORTH FORK NEHALEM RIVER","link":"https://apps.wrd.state.or.us/apps/wr/wrinfo/wr_details.aspx?snp_id=112027","pod_use_id":185180},"geometry":{"type":"Point","coordinates":[-123.87812069415746,45.73183868172892]}},{"type":"Feature","properties":{"kind":"pod","name":"59640","use":"AQUATIC LIFE (INSTREAM)","source":"NORTH FORK NEHALEM RIVER","link":"https://apps.wrd.state.or.us/apps/wr/wrinfo/wr_details.aspx?snp_id=112028","pod_use_id":185182},"geometry":{"type":"Point","coordinates":[-123.77211102920192,45.81379269632099]}},{"type":"Feature","properties":{"kind":"pod","name":"59640","use":"AQUATIC LIFE (INSTREAM)","source":"NORTH FORK NEHALEM RIVER","link":"https://apps.wrd.state.or.us/apps/wr/wrinfo/wr_details.aspx?snp_id=112028","pod_use_id":185185},"geometry":{"type":"Point","coordinates":[-123.77211102920192,45.81379269632099]}},{"type":"Feature","properties":{"kind":"pod","name":"59640","use":"AQUATIC LIFE (INSTREAM)","source":"NORTH FORK NEHALEM RIVER","link":"https://apps.wrd.state.or.us/apps/wr/wrinfo/wr_details.aspx?snp_id=112028","pod_use_id":185187},"geometry":{"type":"Point","coordinates":[-123.77211102920192,45.81379269632099]}},{"type":"Feature","properties":{"kind":"pod","name":"59640","use":"AQUATIC LIFE (INSTREAM)","source":"NORTH FORK NEHALEM RIVER","link":"https://apps.wrd.state.or.us/apps/wr/wrinfo/wr_details.aspx?snp_id=112028","pod_use_id":185196},"geometry":{"type":"Point","coordinates":[-123.77211102920192,45.81379269632099]}},{"type":"Feature","properties":{"kind":"pod","name":"59640","use":"AQUATIC LIFE (INSTREAM)","source":"NORTH FORK NEHALEM RIVER","link":"https://apps.wrd.state.or.us/apps/wr/wrinfo/wr_details.aspx?snp_id=112028","pod_use_id":185199},"geometry":{"type":"Point","coordinates":[-123.77211102920192,45.81379269632099]}},{"type":"Feature","properties":{"kind":"pod","name":"59640","use":"AQUATIC LIFE (INSTREAM)","source":"NORTH FORK NEHALEM RIVER","link":"https://apps.wrd.state.or.us/apps/wr/wrinfo/wr_details.aspx?snp_id=112028","pod_use_id":185204},"geometry":{"type":"Point","coordinates":[-123.77211102920192,45.81379269632099]}},{"type":"Feature","properties":{"kind":"pod","name":"59646","use":"AQUATIC LIFE (INSTREAM)","source":"NEHALEM RIVER","link":"https://apps.wrd.state.or.us/apps/wr/wrinfo/wr_details.aspx?snp_id=112034","pod_use_id":185331},"geometry":{"type":"Point","coordinates":[-123.75290426958892,45.701342492732024]}},{"type":"Feature","properties":{"kind":"pod","name":"59646","use":"AQUATIC LIFE (INSTREAM)","source":"NEHALEM RIVER","link":"https://apps.wrd.state.or.us/apps/wr/wrinfo/wr_details.aspx?snp_id=112034","pod_use_id":185332},"geometry":{"type":"Point","coordinates":[-123.75290426958892,45.701342492732024]}},{"type":"Feature","properties":{"kind":"pod","name":"59646","use":"AQUATIC LIFE (INSTREAM)","source":"NEHALEM RIVER","link":"https://apps.wrd.state.or.us/apps/wr/wrinfo/wr_details.aspx?snp_id=112034","pod_use_id":185335},"geometry":{"type":"Point","coordinates":[-123.75290426958892,45.701342492732024]}},{"type":"Feature","properties":{"kind":"pod","name":"59646","use":"AQUATIC LIFE (INSTREAM)","source":"NEHALEM RIVER","link":"https://apps.wrd.state.or.us/apps/wr/wrinfo/wr_details.aspx?snp_id=112034","pod_use_id":185343},"geometry":{"type":"Point","coordinates":[-123.75290426958892,45.701342492732024]}},{"type":"Feature","properties":{"kind":"pod","name":"59646","use":"AQUATIC LIFE (INSTREAM)","source":"NEHALEM RIVER","link":"https://apps.wrd.state.or.us/apps/wr/wrinfo/wr_details.aspx?snp_id=112034","pod_use_id":185346},"geometry":{"type":"Point","coordinates":[-123.75290426958892,45.701342492732024]}},{"type":"Feature","properties":{"kind":"pod","name":"59646","use":"AQUATIC LIFE (INSTREAM)","source":"NEHALEM RIVER","link":"https://apps.wrd.state.or.us/apps/wr/wrinfo/wr_details.aspx?snp_id=112034","pod_use_id":185348},"geometry":{"type":"Point","coordinates":[-123.75290426958892,45.701342492732024]}},{"type":"Feature","properties":{"kind":"pod","name":"59647","use":"AQUATIC LIFE (INSTREAM)","source":"NEHALEM RIVER","link":"https://apps.wrd.state.or.us/apps/wr/wrinfo/wr_details.aspx?snp_id=112035","pod_use_id":185350},"geometry":{"type":"Point","coordinates":[-123.65363806514635,45.75040510528982]}},{"type":"Feature","properties":{"kind":"pod","name":"59647","use":"AQUATIC LIFE (INSTREAM)","source":"NEHALEM RIVER","link":"https://apps.wrd.state.or.us/apps/wr/wrinfo/wr_details.aspx?snp_id=112035","pod_use_id":185355},"geometry":{"type":"Point","coordinates":[-123.65363806514635,45.75040510528982]}},{"type":"Feature","properties":{"kind":"pod","name":"59647","use":"AQUATIC LIFE (INSTREAM)","source":"NEHALEM RIVER","link":"https://apps.wrd.state.or.us/apps/wr/wrinfo/wr_details.aspx?snp_id=112035","pod_use_id":185356},"geometry":{"type":"Point","coordinates":[-123.65363806514635,45.75040510528982]}},{"type":"Feature","properties":{"kind":"pod","name":"59647","use":"AQUATIC LIFE (INSTREAM)","source":"NEHALEM RIVER","link":"https://apps.wrd.state.or.us/apps/wr/wrinfo/wr_details.aspx?snp_id=112035","pod_use_id":185358},"geometry":{"type":"Point","coordinates":[-123.65363806514635,45.75040510528982]}},{"type":"Feature","properties":{"kind":"pod","name":"59647","use":"AQUATIC LIFE (INSTREAM)","source":"NEHALEM RIVER","link":"https://apps.wrd.state.or.us/apps/wr/wrinfo/wr_details.aspx?snp_id=112035","pod_use_id":185361},"geometry":{"type":"Point","coordinates":[-123.65363806514635,45.75040510528982]}},{"type":"Feature","properties":{"kind":"pod","name":"59647","use":"AQUATIC LIFE (INSTREAM)","source":"NEHALEM RIVER","link":"https://apps.wrd.state.or.us/apps/wr/wrinfo/wr_details.aspx?snp_id=112035","pod_use_id":185362},"geometry":{"type":"Point","coordinates":[-123.65363806514635,45.75040510528982]}},{"type":"Feature","properties":{"kind":"pod","name":"59647","use":"AQUATIC LIFE (INSTREAM)","source":"NEHALEM RIVER","link":"https://apps.wrd.state.or.us/apps/wr/wrinfo/wr_details.aspx?snp_id=112035","pod_use_id":185369},"geometry":{"type":"Point","coordinates":[-123.65363806514635,45.75040510528982]}},{"type":"Feature","properties":{"kind":"pod","name":"59648","use":"AQUATIC LIFE (INSTREAM)","source":"NEHALEM RIVER","link":"https://apps.wrd.state.or.us/apps/wr/wrinfo/wr_details.aspx?snp_id=112036","pod_use_id":185376},"geometry":{"type":"Point","coordinates":[-123.58647780757612,45.84248658396238]}},{"type":"Feature","properties":{"kind":"pod","name":"59648","use":"AQUATIC LIFE (INSTREAM)","source":"NEHALEM RIVER","link":"https://apps.wrd.state.or.us/apps/wr/wrinfo/wr_details.aspx?snp_id=112036","pod_use_id":185382},"geometry":{"type":"Point","coordinates":[-123.58647780757612,45.84248658396238]}},{"type":"Feature","properties":{"kind":"pod","name":"59648","use":"AQUATIC LIFE (INSTREAM)","source":"NEHALEM RIVER","link":"https://apps.wrd.state.or.us/apps/wr/wrinfo/wr_details.aspx?snp_id=112036","pod_use_id":185384},"geometry":{"type":"Point","coordinates":[-123.58647780757612,45.84248658396238]}},{"type":"Feature","properties":{"kind":"pod","name":"59648","use":"AQUATIC LIFE (INSTREAM)","source":"NEHALEM RIVER","link":"https://apps.wrd.state.or.us/apps/wr/wrinfo/wr_details.aspx?snp_id=112036","pod_use_id":185386},"geometry":{"type":"Point","coordinates":[-123.58647780757612,45.84248658396238]}},{"type":"Feature","properties":{"kind":"pod","name":"59648","use":"AQUATIC LIFE (INSTREAM)","source":"NEHALEM RIVER","link":"https://apps.wrd.state.or.us/apps/wr/wrinfo/wr_details.aspx?snp_id=112036","pod_use_id":185390},"geometry":{"type":"Point","coordinates":[-123.58647780757612,45.84248658396238]}},{"type":"Feature","properties":{"kind":"pod","name":"59648","use":"AQUATIC LIFE (INSTREAM)","source":"NEHALEM RIVER","link":"https://apps.wrd.state.or.us/apps/wr/wrinfo/wr_details.aspx?snp_id=112036","pod_use_id":185391},"geometry":{"type":"Point","coordinates":[-123.58647780757612,45.84248658396238]}},{"type":"Feature","properties":{"kind":"pod","name":"59648","use":"AQUATIC LIFE (INSTREAM)","source":"NEHALEM RIVER","link":"https://apps.wrd.state.or.us/apps/wr/wrinfo/wr_details.aspx?snp_id=112036","pod_use_id":185394},"geometry":{"type":"Point","coordinates":[-123.58647780757612,45.84248658396238]}},{"type":"Feature","properties":{"kind":"pod","name":"59649","use":"AQUATIC LIFE (INSTREAM)","source":"NEHALEM RIVER","link":"https://apps.wrd.state.or.us/apps/wr/wrinfo/wr_details.aspx?snp_id=112037","pod_use_id":185399},"geometry":{"type":"Point","coordinates":[-123.49456627953586,45.93096453160831]}},{"type":"Feature","properties":{"kind":"pod","name":"59649","use":"AQUATIC LIFE (INSTREAM)","source":"NEHALEM RIVER","link":"https://apps.wrd.state.or.us/apps/wr/wrinfo/wr_details.aspx?snp_id=112037","pod_use_id":185400},"geometry":{"type":"Point","coordinates":[-123.49456627953586,45.93096453160831]}},{"type":"Feature","properties":{"kind":"pod","name":"59649","use":"AQUATIC LIFE (INSTREAM)","source":"NEHALEM RIVER","link":"https://apps.wrd.state.or.us/apps/wr/wrinfo/wr_details.aspx?snp_id=112037","pod_use_id":185405},"geometry":{"type":"Point","coordinates":[-123.49456627953586,45.93096453160831]}},{"type":"Feature","properties":{"kind":"pod","name":"59649","use":"AQUATIC LIFE (INSTREAM)","source":"NEHALEM RIVER","link":"https://apps.wrd.state.or.us/apps/wr/wrinfo/wr_details.aspx?snp_id=112037","pod_use_id":185407},"geometry":{"type":"Point","coordinates":[-123.49456627953586,45.93096453160831]}},{"type":"Feature","properties":{"kind":"pod","name":"59649","use":"AQUATIC LIFE (INSTREAM)","source":"NEHALEM RIVER","link":"https://apps.wrd.state.or.us/apps/wr/wrinfo/wr_details.aspx?snp_id=112037","pod_use_id":185410},"geometry":{"type":"Point","coordinates":[-123.49456627953586,45.93096453160831]}},{"type":"Feature","properties":{"kind":"pod","name":"59649","use":"AQUATIC LIFE (INSTREAM)","source":"NEHALEM RIVER","link":"https://apps.wrd.state.or.us/apps/wr/wrinfo/wr_details.aspx?snp_id=112037","pod_use_id":185411},"geometry":{"type":"Point","coordinates":[-123.49456627953586,45.93096453160831]}},{"type":"Feature","properties":{"kind":"pod","name":"59649","use":"AQUATIC LIFE (INSTREAM)","source":"NEHALEM RIVER","link":"https://apps.wrd.state.or.us/apps/wr/wrinfo/wr_details.aspx?snp_id=112037","pod_use_id":185420},"geometry":{"type":"Point","coordinates":[-123.49456627953586,45.93096453160831]}},{"type":"Feature","properties":{"kind":"pod","name":"59650","use":"AQUATIC LIFE (INSTREAM)","source":"NEHALEM RIVER","link":"https://apps.wrd.state.or.us/apps/wr/wrinfo/wr_details.aspx?snp_id=112038","pod_use_id":185421},"geometry":{"type":"Point","coordinates":[-123.34716660039376,45.976359549530564]}},{"type":"Feature","properties":{"kind":"pod","name":"59650","use":"AQUATIC LIFE (INSTREAM)","source":"NEHALEM RIVER","link":"https://apps.wrd.state.or.us/apps/wr/wrinfo/wr_details.aspx?snp_id=112038","pod_use_id":185429},"geometry":{"type":"Point","coordinates":[-123.34716660039376,45.976359549530564]}},{"type":"Feature","properties":{"kind":"pod","name":"59650","use":"AQUATIC LIFE (INSTREAM)","source":"NEHALEM RIVER","link":"https://apps.wrd.state.or.us/apps/wr/wrinfo/wr_details.aspx?snp_id=112038","pod_use_id":185430},"geometry":{"type":"Point","coordinates":[-123.34716660039376,45.976359549530564]}},{"type":"Feature","properties":{"kind":"pod","name":"59650","use":"AQUATIC LIFE (INSTREAM)","source":"NEHALEM RIVER","link":"https://apps.wrd.state.or.us/apps/wr/wrinfo/wr_details.aspx?snp_id=112038","pod_use_id":185439},"geometry":{"type":"Point","coordinates":[-123.34716660039376,45.976359549530564]}},{"type":"Feature","properties":{"kind":"pod","name":"59650","use":"AQUATIC LIFE (INSTREAM)","source":"NEHALEM RIVER","link":"https://apps.wrd.state.or.us/apps/wr/wrinfo/wr_details.aspx?snp_id=112038","pod_use_id":185440},"geometry":{"type":"Point","coordinates":[-123.34716660039376,45.976359549530564]}},{"type":"Feature","properties":{"kind":"pod","name":"59650","use":"AQUATIC LIFE (INSTREAM)","source":"NEHALEM RIVER","link":"https://apps.wrd.state.or.us/apps/wr/wrinfo/wr_details.aspx?snp_id=112038","pod_use_id":185444},"geometry":{"type":"Point","coordinates":[-123.34716660039376,45.976359549530564]}},{"type":"Feature","properties":{"kind":"pod","name":"59651","use":"AQUATIC LIFE (INSTREAM)","source":"NEHALEM RIVER","link":"https://apps.wrd.state.or.us/apps/wr/wrinfo/wr_details.aspx?snp_id=112039","pod_use_id":185447},"geometry":{"type":"Point","coordinates":[-123.1902371515219,45.854914159238874]}},{"type":"Feature","properties":{"kind":"pod","name":"59651","use":"AQUATIC LIFE (INSTREAM)","source":"NEHALEM RIVER","link":"https://apps.wrd.state.or.us/apps/wr/wrinfo/wr_details.aspx?snp_id=112039","pod_use_id":185450},"geometry":{"type":"Point","coordinates":[-123.1902371515219,45.854914159238874]}},{"type":"Feature","properties":{"kind":"pod","name":"59651","use":"AQUATIC LIFE (INSTREAM)","source":"NEHALEM RIVER","link":"https://apps.wrd.state.or.us/apps/wr/wrinfo/wr_details.aspx?snp_id=112039","pod_use_id":185451},"geometry":{"type":"Point","coordinates":[-123.1902371515219,45.854914159238874]}},{"type":"Feature","properties":{"kind":"pod","name":"59651","use":"AQUATIC LIFE (INSTREAM)","source":"NEHALEM RIVER","link":"https://apps.wrd.state.or.us/apps/wr/wrinfo/wr_details.aspx?snp_id=112039","pod_use_id":185457},"geometry":{"type":"Point","coordinates":[-123.1902371515219,45.854914159238874]}},{"type":"Feature","properties":{"kind":"pod","name":"59651","use":"AQUATIC LIFE (INSTREAM)","source":"NEHALEM RIVER","link":"https://apps.wrd.state.or.us/apps/wr/wrinfo/wr_details.aspx?snp_id=112039","pod_use_id":185460},"geometry":{"type":"Point","coordinates":[-123.1902371515219,45.854914159238874]}},{"type":"Feature","properties":{"kind":"pod","name":"59651","use":"AQUATIC LIFE (INSTREAM)","source":"NEHALEM RIVER","link":"https://apps.wrd.state.or.us/apps/wr/wrinfo/wr_details.aspx?snp_id=112039","pod_use_id":185467},"geometry":{"type":"Point","coordinates":[-123.1902371515219,45.854914159238874]}},{"type":"Feature","properties":{"kind":"pod","name":"59659","use":"AQUATIC LIFE (INSTREAM)","source":"ROCK CREEK","link":"https://apps.wrd.state.or.us/apps/wr/wrinfo/wr_details.aspx?snp_id=112047","pod_use_id":185642},"geometry":{"type":"Point","coordinates":[-123.1902371515219,45.854914159238874]}},{"type":"Feature","properties":{"kind":"pod","name":"59659","use":"AQUATIC LIFE (INSTREAM)","source":"ROCK CREEK","link":"https://apps.wrd.state.or.us/apps/wr/wrinfo/wr_details.aspx?snp_id=112047","pod_use_id":185643},"geometry":{"type":"Point","coordinates":[-123.1902371515219,45.854914159238874]}},{"type":"Feature","properties":{"kind":"pod","name":"59659","use":"AQUATIC LIFE (INSTREAM)","source":"ROCK CREEK","link":"https://apps.wrd.state.or.us/apps/wr/wrinfo/wr_details.aspx?snp_id=112047","pod_use_id":185644},"geometry":{"type":"Point","coordinates":[-123.1902371515219,45.854914159238874]}},{"type":"Feature","properties":{"kind":"pod","name":"59659","use":"AQUATIC LIFE (INSTREAM)","source":"ROCK CREEK","link":"https://apps.wrd.state.or.us/apps/wr/wrinfo/wr_details.aspx?snp_id=112047","pod_use_id":185647},"geometry":{"type":"Point","coordinates":[-123.1902371515219,45.854914159238874]}},{"type":"Feature","properties":{"kind":"pod","name":"59659","use":"AQUATIC LIFE (INSTREAM)","source":"ROCK CREEK","link":"https://apps.wrd.state.or.us/apps/wr/wrinfo/wr_details.aspx?snp_id=112047","pod_use_id":185651},"geometry":{"type":"Point","coordinates":[-123.1902371515219,45.854914159238874]}},{"type":"Feature","properties":{"kind":"pod","name":"59659","use":"AQUATIC LIFE (INSTREAM)","source":"ROCK CREEK","link":"https://apps.wrd.state.or.us/apps/wr/wrinfo/wr_details.aspx?snp_id=112047","pod_use_id":185656},"geometry":{"type":"Point","coordinates":[-123.1902371515219,45.854914159238874]}},{"type":"Feature","properties":{"kind":"pod","name":"59659","use":"AQUATIC LIFE (INSTREAM)","source":"ROCK CREEK","link":"https://apps.wrd.state.or.us/apps/wr/wrinfo/wr_details.aspx?snp_id=112047","pod_use_id":185659},"geometry":{"type":"Point","coordinates":[-123.1902371515219,45.854914159238874]}},{"type":"Feature","properties":{"kind":"pod","name":"59663","use":"AQUATIC LIFE (INSTREAM)","source":"SALMONBERRY RIVER","link":"https://apps.wrd.state.or.us/apps/wr/wrinfo/wr_details.aspx?snp_id=112051","pod_use_id":185733},"geometry":{"type":"Point","coordinates":[-123.65363806514635,45.75040510528982]}},{"type":"Feature","properties":{"kind":"pod","name":"59663","use":"AQUATIC LIFE (INSTREAM)","source":"SALMONBERRY RIVER","link":"https://apps.wrd.state.or.us/apps/wr/wrinfo/wr_details.aspx?snp_id=112051","pod_use_id":185734},"geometry":{"type":"Point","coordinates":[-123.65363806514635,45.75040510528982]}},{"type":"Feature","properties":{"kind":"pod","name":"59663","use":"AQUATIC LIFE (INSTREAM)","source":"SALMONBERRY RIVER","link":"https://apps.wrd.state.or.us/apps/wr/wrinfo/wr_details.aspx?snp_id=112051","pod_use_id":185740},"geometry":{"type":"Point","coordinates":[-123.65363806514635,45.75040510528982]}},{"type":"Feature","properties":{"kind":"pod","name":"59663","use":"AQUATIC LIFE (INSTREAM)","source":"SALMONBERRY RIVER","link":"https://apps.wrd.state.or.us/apps/wr/wrinfo/wr_details.aspx?snp_id=112051","pod_use_id":185742},"geometry":{"type":"Point","coordinates":[-123.65363806514635,45.75040510528982]}},{"type":"Feature","properties":{"kind":"pod","name":"59663","use":"AQUATIC LIFE (INSTREAM)","source":"SALMONBERRY RIVER","link":"https://apps.wrd.state.or.us/apps/wr/wrinfo/wr_details.aspx?snp_id=112051","pod_use_id":185750},"geometry":{"type":"Point","coordinates":[-123.65363806514635,45.75040510528982]}},{"type":"Feature","properties":{"kind":"pod","name":"59663","use":"AQUATIC LIFE (INSTREAM)","source":"SALMONBERRY RIVER","link":"https://apps.wrd.state.or.us/apps/wr/wrinfo/wr_details.aspx?snp_id=112051","pod_use_id":185753},"geometry":{"type":"Point","coordinates":[-123.65363806514635,45.75040510528982]}},{"type":"Feature","properties":{"kind":"pod","name":"59663","use":"AQUATIC LIFE (INSTREAM)","source":"SALMONBERRY RIVER","link":"https://apps.wrd.state.or.us/apps/wr/wrinfo/wr_details.aspx?snp_id=112051","pod_use_id":185754},"geometry":{"type":"Point","coordinates":[-123.65363806514635,45.75040510528982]}},{"type":"Feature","properties":{"kind":"pod","name":"59671","use":"AQUATIC LIFE (INSTREAM)","source":"WALKER CREEK","link":"https://apps.wrd.state.or.us/apps/wr/wrinfo/wr_details.aspx?snp_id=112059","pod_use_id":185927},"geometry":{"type":"Point","coordinates":[-123.49487341294142,45.930913598460506]}},{"type":"Feature","properties":{"kind":"pod","name":"59671","use":"AQUATIC LIFE (INSTREAM)","source":"WALKER CREEK","link":"https://apps.wrd.state.or.us/apps/wr/wrinfo/wr_details.aspx?snp_id=112059","pod_use_id":185931},"geometry":{"type":"Point","coordinates":[-123.49487341294142,45.930913598460506]}},{"type":"Feature","properties":{"kind":"pod","name":"59671","use":"AQUATIC LIFE (INSTREAM)","source":"WALKER CREEK","link":"https://apps.wrd.state.or.us/apps/wr/wrinfo/wr_details.aspx?snp_id=112059","pod_use_id":185932},"geometry":{"type":"Point","coordinates":[-123.49487341294142,45.930913598460506]}},{"type":"Feature","properties":{"kind":"pod","name":"59671","use":"AQUATIC LIFE (INSTREAM)","source":"WALKER CREEK","link":"https://apps.wrd.state.or.us/apps/wr/wrinfo/wr_details.aspx?snp_id=112059","pod_use_id":185935},"geometry":{"type":"Point","coordinates":[-123.49487341294142,45.930913598460506]}},{"type":"Feature","properties":{"kind":"pod","name":"59671","use":"AQUATIC LIFE (INSTREAM)","source":"WALKER CREEK","link":"https://apps.wrd.state.or.us/apps/wr/wrinfo/wr_details.aspx?snp_id=112059","pod_use_id":185937},"geometry":{"type":"Point","coordinates":[-123.49487341294142,45.930913598460506]}},{"type":"Feature","properties":{"kind":"pod","name":"59671","use":"AQUATIC LIFE (INSTREAM)","source":"WALKER CREEK","link":"https://apps.wrd.state.or.us/apps/wr/wrinfo/wr_details.aspx?snp_id=112059","pod_use_id":185939},"geometry":{"type":"Point","coordinates":[-123.49487341294142,45.930913598460506]}},{"type":"Feature","properties":{"kind":"pod","name":"59671","use":"AQUATIC LIFE (INSTREAM)","source":"WALKER CREEK","link":"https://apps.wrd.state.or.us/apps/wr/wrinfo/wr_details.aspx?snp_id=112059","pod_use_id":185940},"geometry":{"type":"Point","coordinates":[-123.49487341294142,45.930913598460506]}},{"type":"Feature","properties":{"kind":"pod","name":"59684","use":"AQUATIC LIFE (INSTREAM)","source":"NEHALEM RIVER","link":"https://apps.wrd.state.or.us/apps/wr/wrinfo/wr_details.aspx?snp_id=112069","pod_use_id":186185},"geometry":{"type":"Point","coordinates":[-123.75524319814663,45.704171479108346]}},{"type":"Feature","properties":{"kind":"pod","name":"59752","use":"AQUATIC LIFE (INSTREAM)","source":"NEHALEM RIVER","link":"https://apps.wrd.state.or.us/apps/wr/wrinfo/wr_details.aspx?snp_id=112119","pod_use_id":187366},"geometry":{"type":"Point","coordinates":[-123.882141790568,45.699708466652]}},{"type":"Feature","properties":{"kind":"pod","name":"59752","use":"AQUATIC LIFE (INSTREAM)","source":"NEHALEM RIVER","link":"https://apps.wrd.state.or.us/apps/wr/wrinfo/wr_details.aspx?snp_id=112119","pod_use_id":187372},"geometry":{"type":"Point","coordinates":[-123.882141790568,45.699708466652]}},{"type":"Feature","properties":{"kind":"pod","name":"59752","use":"AQUATIC LIFE (INSTREAM)","source":"NEHALEM RIVER","link":"https://apps.wrd.state.or.us/apps/wr/wrinfo/wr_details.aspx?snp_id=112119","pod_use_id":187378},"geometry":{"type":"Point","coordinates":[-123.882141790568,45.699708466652]}},{"type":"Feature","properties":{"kind":"pod","name":"59752","use":"AQUATIC LIFE (INSTREAM)","source":"NEHALEM RIVER","link":"https://apps.wrd.state.or.us/apps/wr/wrinfo/wr_details.aspx?snp_id=112119","pod_use_id":187383},"geometry":{"type":"Point","coordinates":[-123.882141790568,45.699708466652]}},{"type":"Feature","properties":{"kind":"pod","name":"59752","use":"AQUATIC LIFE (INSTREAM)","source":"NEHALEM RIVER","link":"https://apps.wrd.state.or.us/apps/wr/wrinfo/wr_details.aspx?snp_id=112119","pod_use_id":187384},"geometry":{"type":"Point","coordinates":[-123.882141790568,45.699708466652]}},{"type":"Feature","properties":{"kind":"pod","name":"59752","use":"AQUATIC LIFE (INSTREAM)","source":"NEHALEM RIVER","link":"https://apps.wrd.state.or.us/apps/wr/wrinfo/wr_details.aspx?snp_id=112119","pod_use_id":187387},"geometry":{"type":"Point","coordinates":[-123.882141790568,45.699708466652]}},{"type":"Feature","properties":{"kind":"pod","name":"72490","use":"ANADROMOUS AND RESIDENT FISH HABITAT (INSTREAM)","source":"SALMONBERRY RIVER","link":"https://apps.wrd.state.or.us/apps/wr/wrinfo/wr_details.aspx?snp_id=124745","pod_use_id":194044},"geometry":{"type":"Point","coordinates":[-123.65363806514635,45.75040510528982]}},{"type":"Feature","properties":{"kind":"pod","name":"72490","use":"ANADROMOUS AND RESIDENT FISH HABITAT (INSTREAM)","source":"SALMONBERRY RIVER","link":"https://apps.wrd.state.or.us/apps/wr/wrinfo/wr_details.aspx?snp_id=124745","pod_use_id":194046},"geometry":{"type":"Point","coordinates":[-123.65363806514635,45.75040510528982]}},{"type":"Feature","properties":{"kind":"pod","name":"72490","use":"ANADROMOUS AND RESIDENT FISH HABITAT (INSTREAM)","source":"SALMONBERRY RIVER","link":"https://apps.wrd.state.or.us/apps/wr/wrinfo/wr_details.aspx?snp_id=124745","pod_use_id":194047},"geometry":{"type":"Point","coordinates":[-123.65363806514635,45.75040510528982]}},{"type":"Feature","properties":{"kind":"pod","name":"72490","use":"ANADROMOUS AND RESIDENT FISH HABITAT (INSTREAM)","source":"SALMONBERRY RIVER","link":"https://apps.wrd.state.or.us/apps/wr/wrinfo/wr_details.aspx?snp_id=124745","pod_use_id":194048},"geometry":{"type":"Point","coordinates":[-123.65363806514635,45.75040510528982]}},{"type":"Feature","properties":{"kind":"pod","name":"72490","use":"ANADROMOUS AND RESIDENT FISH HABITAT (INSTREAM)","source":"SALMONBERRY RIVER","link":"https://apps.wrd.state.or.us/apps/wr/wrinfo/wr_details.aspx?snp_id=124745","pod_use_id":194054},"geometry":{"type":"Point","coordinates":[-123.65363806514635,45.75040510528982]}},{"type":"Feature","properties":{"kind":"pod","name":"72490","use":"ANADROMOUS AND RESIDENT FISH HABITAT (INSTREAM)","source":"SALMONBERRY RIVER","link":"https://apps.wrd.state.or.us/apps/wr/wrinfo/wr_details.aspx?snp_id=124745","pod_use_id":194056},"geometry":{"type":"Point","coordinates":[-123.65363806514635,45.75040510528982]}},{"type":"Feature","properties":{"kind":"pod","name":"72492","use":"ANADROMOUS AND RESIDENT FISH HABITAT (INSTREAM)","source":"ANDERSON CREEK","link":"https://apps.wrd.state.or.us/apps/wr/wrinfo/wr_details.aspx?snp_id=124747","pod_use_id":194087},"geometry":{"type":"Point","coordinates":[-123.79851887393396,45.69372795466137]}},{"type":"Feature","properties":{"kind":"pod","name":"72492","use":"ANADROMOUS AND RESIDENT FISH HABITAT (INSTREAM)","source":"ANDERSON CREEK","link":"https://apps.wrd.state.or.us/apps/wr/wrinfo/wr_details.aspx?snp_id=124747","pod_use_id":194088},"geometry":{"type":"Point","coordinates":[-123.79851887393396,45.69372795466137]}},{"type":"Feature","properties":{"kind":"pod","name":"72492","use":"ANADROMOUS AND RESIDENT FISH HABITAT (INSTREAM)","source":"ANDERSON CREEK","link":"https://apps.wrd.state.or.us/apps/wr/wrinfo/wr_details.aspx?snp_id=124747","pod_use_id":194089},"geometry":{"type":"Point","coordinates":[-123.79851887393396,45.69372795466137]}},{"type":"Feature","properties":{"kind":"pod","name":"72492","use":"ANADROMOUS AND RESIDENT FISH HABITAT (INSTREAM)","source":"ANDERSON CREEK","link":"https://apps.wrd.state.or.us/apps/wr/wrinfo/wr_details.aspx?snp_id=124747","pod_use_id":194093},"geometry":{"type":"Point","coordinates":[-123.79851887393396,45.69372795466137]}},{"type":"Feature","properties":{"kind":"pod","name":"72492","use":"ANADROMOUS AND RESIDENT FISH HABITAT (INSTREAM)","source":"ANDERSON CREEK","link":"https://apps.wrd.state.or.us/apps/wr/wrinfo/wr_details.aspx?snp_id=124747","pod_use_id":194094},"geometry":{"type":"Point","coordinates":[-123.79851887393396,45.69372795466137]}},{"type":"Feature","properties":{"kind":"pod","name":"72492","use":"ANADROMOUS AND RESIDENT FISH HABITAT (INSTREAM)","source":"ANDERSON CREEK","link":"https://apps.wrd.state.or.us/apps/wr/wrinfo/wr_details.aspx?snp_id=124747","pod_use_id":194095},"geometry":{"type":"Point","coordinates":[-123.79851887393396,45.69372795466137]}},{"type":"Feature","properties":{"kind":"pod","name":"72492","use":"ANADROMOUS AND RESIDENT FISH HABITAT (INSTREAM)","source":"ANDERSON CREEK","link":"https://apps.wrd.state.or.us/apps/wr/wrinfo/wr_details.aspx?snp_id=124747","pod_use_id":194097},"geometry":{"type":"Point","coordinates":[-123.79851887393396,45.69372795466137]}},{"type":"Feature","properties":{"kind":"pod","name":"72492","use":"ANADROMOUS AND RESIDENT FISH HABITAT (INSTREAM)","source":"ANDERSON CREEK","link":"https://apps.wrd.state.or.us/apps/wr/wrinfo/wr_details.aspx?snp_id=124747","pod_use_id":194098},"geometry":{"type":"Point","coordinates":[-123.79851887393396,45.69372795466137]}},{"type":"Feature","properties":{"kind":"pod","name":"72492","use":"ANADROMOUS AND RESIDENT FISH HABITAT (INSTREAM)","source":"ANDERSON CREEK","link":"https://apps.wrd.state.or.us/apps/wr/wrinfo/wr_details.aspx?snp_id=124747","pod_use_id":194100},"geometry":{"type":"Point","coordinates":[-123.79851887393396,45.69372795466137]}},{"type":"Feature","properties":{"kind":"pod","name":"72492","use":"ANADROMOUS AND RESIDENT FISH HABITAT (INSTREAM)","source":"ANDERSON CREEK","link":"https://apps.wrd.state.or.us/apps/wr/wrinfo/wr_details.aspx?snp_id=124747","pod_use_id":194103},"geometry":{"type":"Point","coordinates":[-123.79851887393396,45.69372795466137]}},{"type":"Feature","properties":{"kind":"pod","name":"72492","use":"ANADROMOUS AND RESIDENT FISH HABITAT (INSTREAM)","source":"ANDERSON CREEK","link":"https://apps.wrd.state.or.us/apps/wr/wrinfo/wr_details.aspx?snp_id=124747","pod_use_id":194107},"geometry":{"type":"Point","coordinates":[-123.79851887393396,45.69372795466137]}},{"type":"Feature","properties":{"kind":"pod","name":"72492","use":"ANADROMOUS AND RESIDENT FISH HABITAT (INSTREAM)","source":"ANDERSON CREEK","link":"https://apps.wrd.state.or.us/apps/wr/wrinfo/wr_details.aspx?snp_id=124747","pod_use_id":194108},"geometry":{"type":"Point","coordinates":[-123.79851887393396,45.69372795466137]}},{"type":"Feature","properties":{"kind":"pod","name":"72495","use":"ANADROMOUS AND RESIDENT FISH HABITAT (INSTREAM)","source":"COOK CREEK","link":"https://apps.wrd.state.or.us/apps/wr/wrinfo/wr_details.aspx?snp_id=124750","pod_use_id":194157},"geometry":{"type":"Point","coordinates":[-123.75251760244791,45.701331559621025]}},{"type":"Feature","properties":{"kind":"pod","name":"72495","use":"ANADROMOUS AND RESIDENT FISH HABITAT (INSTREAM)","source":"COOK CREEK","link":"https://apps.wrd.state.or.us/apps/wr/wrinfo/wr_details.aspx?snp_id=124750","pod_use_id":194160},"geometry":{"type":"Point","coordinates":[-123.75251760244791,45.701331559621025]}},{"type":"Feature","properties":{"kind":"pod","name":"72495","use":"ANADROMOUS AND RESIDENT FISH HABITAT (INSTREAM)","source":"COOK CREEK","link":"https://apps.wrd.state.or.us/apps/wr/wrinfo/wr_details.aspx?snp_id=124750","pod_use_id":194166},"geometry":{"type":"Point","coordinates":[-123.75251760244791,45.701331559621025]}},{"type":"Feature","properties":{"kind":"pod","name":"72495","use":"ANADROMOUS AND RESIDENT FISH HABITAT (INSTREAM)","source":"COOK CREEK","link":"https://apps.wrd.state.or.us/apps/wr/wrinfo/wr_details.aspx?snp_id=124750","pod_use_id":194167},"geometry":{"type":"Point","coordinates":[-123.75251760244791,45.701331559621025]}},{"type":"Feature","properties":{"kind":"pod","name":"72495","use":"ANADROMOUS AND RESIDENT FISH HABITAT (INSTREAM)","source":"COOK CREEK","link":"https://apps.wrd.state.or.us/apps/wr/wrinfo/wr_details.aspx?snp_id=124750","pod_use_id":194170},"geometry":{"type":"Point","coordinates":[-123.75251760244791,45.701331559621025]}},{"type":"Feature","properties":{"kind":"pod","name":"72495","use":"ANADROMOUS AND RESIDENT FISH HABITAT (INSTREAM)","source":"COOK CREEK","link":"https://apps.wrd.state.or.us/apps/wr/wrinfo/wr_details.aspx?snp_id=124750","pod_use_id":194174},"geometry":{"type":"Point","coordinates":[-123.75251760244791,45.701331559621025]}},{"type":"Feature","properties":{"kind":"pod","name":"72495","use":"ANADROMOUS AND RESIDENT FISH HABITAT (INSTREAM)","source":"COOK CREEK","link":"https://apps.wrd.state.or.us/apps/wr/wrinfo/wr_details.aspx?snp_id=124750","pod_use_id":194177},"geometry":{"type":"Point","coordinates":[-123.75251760244791,45.701331559621025]}},{"type":"Feature","properties":{"kind":"pod","name":"72497","use":"ANADROMOUS AND RESIDENT FISH HABITAT (INSTREAM)","source":"LOST CREEK","link":"https://apps.wrd.state.or.us/apps/wr/wrinfo/wr_details.aspx?snp_id=124752","pod_use_id":194213},"geometry":{"type":"Point","coordinates":[-123.7632072062705,45.712835892383374]}},{"type":"Feature","properties":{"kind":"pod","name":"72497","use":"ANADROMOUS AND RESIDENT FISH HABITAT (INSTREAM)","source":"LOST CREEK","link":"https://apps.wrd.state.or.us/apps/wr/wrinfo/wr_details.aspx?snp_id=124752","pod_use_id":194215},"geometry":{"type":"Point","coordinates":[-123.7632072062705,45.712835892383374]}},{"type":"Feature","properties":{"kind":"pod","name":"72497","use":"ANADROMOUS AND RESIDENT FISH HABITAT (INSTREAM)","source":"LOST CREEK","link":"https://apps.wrd.state.or.us/apps/wr/wrinfo/wr_details.aspx?snp_id=124752","pod_use_id":194216},"geometry":{"type":"Point","coordinates":[-123.7632072062705,45.712835892383374]}},{"type":"Feature","properties":{"kind":"pod","name":"72497","use":"ANADROMOUS AND RESIDENT FISH HABITAT (INSTREAM)","source":"LOST CREEK","link":"https://apps.wrd.state.or.us/apps/wr/wrinfo/wr_details.aspx?snp_id=124752","pod_use_id":194218},"geometry":{"type":"Point","coordinates":[-123.7632072062705,45.712835892383374]}},{"type":"Feature","properties":{"kind":"pod","name":"72497","use":"ANADROMOUS AND RESIDENT FISH HABITAT (INSTREAM)","source":"LOST CREEK","link":"https://apps.wrd.state.or.us/apps/wr/wrinfo/wr_details.aspx?snp_id=124752","pod_use_id":194219},"geometry":{"type":"Point","coordinates":[-123.7632072062705,45.712835892383374]}},{"type":"Feature","properties":{"kind":"pod","name":"72497","use":"ANADROMOUS AND RESIDENT FISH HABITAT (INSTREAM)","source":"LOST CREEK","link":"https://apps.wrd.state.or.us/apps/wr/wrinfo/wr_details.aspx?snp_id=124752","pod_use_id":194222},"geometry":{"type":"Point","coordinates":[-123.7632072062705,45.712835892383374]}},{"type":"Feature","properties":{"kind":"pod","name":"72497","use":"ANADROMOUS AND RESIDENT FISH HABITAT (INSTREAM)","source":"LOST CREEK","link":"https://apps.wrd.state.or.us/apps/wr/wrinfo/wr_details.aspx?snp_id=124752","pod_use_id":194228},"geometry":{"type":"Point","coordinates":[-123.7632072062705,45.712835892383374]}},{"type":"Feature","properties":{"kind":"pod","name":"72502","use":"ANADROMOUS AND RESIDENT FISH HABITAT (INSTREAM)","source":"NORTH FORK NEHALEM RIVER","link":"https://apps.wrd.state.or.us/apps/wr/wrinfo/wr_details.aspx?snp_id=124757","pod_use_id":194326},"geometry":{"type":"Point","coordinates":[-123.86867929351283,45.73690648310251]}},{"type":"Feature","properties":{"kind":"pod","name":"72502","use":"ANADROMOUS AND RESIDENT FISH HABITAT (INSTREAM)","source":"NORTH FORK NEHALEM RIVER","link":"https://apps.wrd.state.or.us/apps/wr/wrinfo/wr_details.aspx?snp_id=124757","pod_use_id":194328},"geometry":{"type":"Point","coordinates":[-123.86867929351283,45.73690648310251]}},{"type":"Feature","properties":{"kind":"pod","name":"72502","use":"ANADROMOUS AND RESIDENT FISH HABITAT (INSTREAM)","source":"NORTH FORK NEHALEM RIVER","link":"https://apps.wrd.state.or.us/apps/wr/wrinfo/wr_details.aspx?snp_id=124757","pod_use_id":194330},"geometry":{"type":"Point","coordinates":[-123.86867929351283,45.73690648310251]}},{"type":"Feature","properties":{"kind":"pod","name":"72502","use":"ANADROMOUS AND RESIDENT FISH HABITAT (INSTREAM)","source":"NORTH FORK NEHALEM RIVER","link":"https://apps.wrd.state.or.us/apps/wr/wrinfo/wr_details.aspx?snp_id=124757","pod_use_id":194334},"geometry":{"type":"Point","coordinates":[-123.86867929351283,45.73690648310251]}},{"type":"Feature","properties":{"kind":"pod","name":"72502","use":"ANADROMOUS AND RESIDENT FISH HABITAT (INSTREAM)","source":"NORTH FORK NEHALEM RIVER","link":"https://apps.wrd.state.or.us/apps/wr/wrinfo/wr_details.aspx?snp_id=124757","pod_use_id":194340},"geometry":{"type":"Point","coordinates":[-123.86867929351283,45.73690648310251]}},{"type":"Feature","properties":{"kind":"pod","name":"72502","use":"ANADROMOUS AND RESIDENT FISH HABITAT (INSTREAM)","source":"NORTH FORK NEHALEM RIVER","link":"https://apps.wrd.state.or.us/apps/wr/wrinfo/wr_details.aspx?snp_id=124757","pod_use_id":194341},"geometry":{"type":"Point","coordinates":[-123.86867929351283,45.73690648310251]}},{"type":"Feature","properties":{"kind":"pod","name":"72502","use":"ANADROMOUS AND RESIDENT FISH HABITAT (INSTREAM)","source":"NORTH FORK NEHALEM RIVER","link":"https://apps.wrd.state.or.us/apps/wr/wrinfo/wr_details.aspx?snp_id=124757","pod_use_id":194347},"geometry":{"type":"Point","coordinates":[-123.86867929351283,45.73690648310251]}},{"type":"Feature","properties":{"kind":"pod","name":"72503","use":"ANADROMOUS AND RESIDENT FISH HABITAT (INSTREAM)","source":"PETERSON CREEK","link":"https://apps.wrd.state.or.us/apps/wr/wrinfo/wr_details.aspx?snp_id=124758","pod_use_id":194349},"geometry":{"type":"Point","coordinates":[-123.81805774420278,45.69135747549485]}},{"type":"Feature","properties":{"kind":"pod","name":"72503","use":"ANADROMOUS AND RESIDENT FISH HABITAT (INSTREAM)","source":"PETERSON CREEK","link":"https://apps.wrd.state.or.us/apps/wr/wrinfo/wr_details.aspx?snp_id=124758","pod_use_id":194350},"geometry":{"type":"Point","coordinates":[-123.81805774420278,45.69135747549485]}},{"type":"Feature","properties":{"kind":"pod","name":"72503","use":"ANADROMOUS AND RESIDENT FISH HABITAT (INSTREAM)","source":"PETERSON CREEK","link":"https://apps.wrd.state.or.us/apps/wr/wrinfo/wr_details.aspx?snp_id=124758","pod_use_id":194354},"geometry":{"type":"Point","coordinates":[-123.81805774420278,45.69135747549485]}},{"type":"Feature","properties":{"kind":"pod","name":"72503","use":"ANADROMOUS AND RESIDENT FISH HABITAT (INSTREAM)","source":"PETERSON CREEK","link":"https://apps.wrd.state.or.us/apps/wr/wrinfo/wr_details.aspx?snp_id=124758","pod_use_id":194355},"geometry":{"type":"Point","coordinates":[-123.81805774420278,45.69135747549485]}},{"type":"Feature","properties":{"kind":"pod","name":"72503","use":"ANADROMOUS AND RESIDENT FISH HABITAT (INSTREAM)","source":"PETERSON CREEK","link":"https://apps.wrd.state.or.us/apps/wr/wrinfo/wr_details.aspx?snp_id=124758","pod_use_id":194356},"geometry":{"type":"Point","coordinates":[-123.81805774420278,45.69135747549485]}},{"type":"Feature","properties":{"kind":"pod","name":"72503","use":"ANADROMOUS AND RESIDENT FISH HABITAT (INSTREAM)","source":"PETERSON CREEK","link":"https://apps.wrd.state.or.us/apps/wr/wrinfo/wr_details.aspx?snp_id=124758","pod_use_id":194357},"geometry":{"type":"Point","coordinates":[-123.81805774420278,45.69135747549485]}},{"type":"Feature","properties":{"kind":"pod","name":"72503","use":"ANADROMOUS AND RESIDENT FISH HABITAT (INSTREAM)","source":"PETERSON CREEK","link":"https://apps.wrd.state.or.us/apps/wr/wrinfo/wr_details.aspx?snp_id=124758","pod_use_id":194359},"geometry":{"type":"Point","coordinates":[-123.81805774420278,45.69135747549485]}},{"type":"Feature","properties":{"kind":"pod","name":"72503","use":"ANADROMOUS AND RESIDENT FISH HABITAT (INSTREAM)","source":"PETERSON CREEK","link":"https://apps.wrd.state.or.us/apps/wr/wrinfo/wr_details.aspx?snp_id=124758","pod_use_id":194361},"geometry":{"type":"Point","coordinates":[-123.81805774420278,45.69135747549485]}},{"type":"Feature","properties":{"kind":"pod","name":"72503","use":"ANADROMOUS AND RESIDENT FISH HABITAT (INSTREAM)","source":"PETERSON CREEK","link":"https://apps.wrd.state.or.us/apps/wr/wrinfo/wr_details.aspx?snp_id=124758","pod_use_id":194364},"geometry":{"type":"Point","coordinates":[-123.81805774420278,45.69135747549485]}},{"type":"Feature","properties":{"kind":"pod","name":"72503","use":"ANADROMOUS AND RESIDENT FISH HABITAT (INSTREAM)","source":"PETERSON CREEK","link":"https://apps.wrd.state.or.us/apps/wr/wrinfo/wr_details.aspx?snp_id=124758","pod_use_id":194366},"geometry":{"type":"Point","coordinates":[-123.81805774420278,45.69135747549485]}},{"type":"Feature","properties":{"kind":"pod","name":"72503","use":"ANADROMOUS AND RESIDENT FISH HABITAT (INSTREAM)","source":"PETERSON CREEK","link":"https://apps.wrd.state.or.us/apps/wr/wrinfo/wr_details.aspx?snp_id=124758","pod_use_id":194367},"geometry":{"type":"Point","coordinates":[-123.81805774420278,45.69135747549485]}},{"type":"Feature","properties":{"kind":"pod","name":"72503","use":"ANADROMOUS AND RESIDENT FISH HABITAT (INSTREAM)","source":"PETERSON CREEK","link":"https://apps.wrd.state.or.us/apps/wr/wrinfo/wr_details.aspx?snp_id=124758","pod_use_id":194371},"geometry":{"type":"Point","coordinates":[-123.81805774420278,45.69135747549485]}},{"type":"Feature","properties":{"kind":"pod","name":"72539","use":"ANADROMOUS AND RESIDENT FISH HABITAT (INSTREAM)","source":"FISHHAWK CREEK","link":"https://apps.wrd.state.or.us/apps/wr/wrinfo/wr_details.aspx?snp_id=124794","pod_use_id":195213},"geometry":{"type":"Point","coordinates":[-123.33612307114936,46.00088261883658]}},{"type":"Feature","properties":{"kind":"pod","name":"72539","use":"ANADROMOUS AND RESIDENT FISH HABITAT (INSTREAM)","source":"FISHHAWK CREEK","link":"https://apps.wrd.state.or.us/apps/wr/wrinfo/wr_details.aspx?snp_id=124794","pod_use_id":195214},"geometry":{"type":"Point","coordinates":[-123.33612307114936,46.00088261883658]}},{"type":"Feature","properties":{"kind":"pod","name":"72539","use":"ANADROMOUS AND RESIDENT FISH HABITAT (INSTREAM)","source":"FISHHAWK CREEK","link":"https://apps.wrd.state.or.us/apps/wr/wrinfo/wr_details.aspx?snp_id=124794","pod_use_id":195222},"geometry":{"type":"Point","coordinates":[-123.33612307114936,46.00088261883658]}},{"type":"Feature","properties":{"kind":"pod","name":"72539","use":"ANADROMOUS AND RESIDENT FISH HABITAT (INSTREAM)","source":"FISHHAWK CREEK","link":"https://apps.wrd.state.or.us/apps/wr/wrinfo/wr_details.aspx?snp_id=124794","pod_use_id":195225},"geometry":{"type":"Point","coordinates":[-123.33612307114936,46.00088261883658]}},{"type":"Feature","properties":{"kind":"pod","name":"72539","use":"ANADROMOUS AND RESIDENT FISH HABITAT (INSTREAM)","source":"FISHHAWK CREEK","link":"https://apps.wrd.state.or.us/apps/wr/wrinfo/wr_details.aspx?snp_id=124794","pod_use_id":195226},"geometry":{"type":"Point","coordinates":[-123.33612307114936,46.00088261883658]}},{"type":"Feature","properties":{"kind":"pod","name":"72539","use":"ANADROMOUS AND RESIDENT FISH HABITAT (INSTREAM)","source":"FISHHAWK CREEK","link":"https://apps.wrd.state.or.us/apps/wr/wrinfo/wr_details.aspx?snp_id=124794","pod_use_id":195228},"geometry":{"type":"Point","coordinates":[-123.33612307114936,46.00088261883658]}},{"type":"Feature","properties":{"kind":"pod","name":"72539","use":"ANADROMOUS AND RESIDENT FISH HABITAT (INSTREAM)","source":"FISHHAWK CREEK","link":"https://apps.wrd.state.or.us/apps/wr/wrinfo/wr_details.aspx?snp_id=124794","pod_use_id":195231},"geometry":{"type":"Point","coordinates":[-123.33612307114936,46.00088261883658]}},{"type":"Feature","properties":{"kind":"pod","name":"72540","use":"ANADROMOUS AND RESIDENT FISH HABITAT (INSTREAM)","source":"DEEP CREEK","link":"https://apps.wrd.state.or.us/apps/wr/wrinfo/wr_details.aspx?snp_id=124795","pod_use_id":195242},"geometry":{"type":"Point","coordinates":[-123.34716660039376,45.976359549530564]}},{"type":"Feature","properties":{"kind":"pod","name":"72540","use":"ANADROMOUS AND RESIDENT FISH HABITAT (INSTREAM)","source":"DEEP CREEK","link":"https://apps.wrd.state.or.us/apps/wr/wrinfo/wr_details.aspx?snp_id=124795","pod_use_id":195245},"geometry":{"type":"Point","coordinates":[-123.34716660039376,45.976359549530564]}},{"type":"Feature","properties":{"kind":"pod","name":"72540","use":"ANADROMOUS AND RESIDENT FISH HABITAT (INSTREAM)","source":"DEEP CREEK","link":"https://apps.wrd.state.or.us/apps/wr/wrinfo/wr_details.aspx?snp_id=124795","pod_use_id":195249},"geometry":{"type":"Point","coordinates":[-123.34716660039376,45.976359549530564]}},{"type":"Feature","properties":{"kind":"pod","name":"72540","use":"ANADROMOUS AND RESIDENT FISH HABITAT (INSTREAM)","source":"DEEP CREEK","link":"https://apps.wrd.state.or.us/apps/wr/wrinfo/wr_details.aspx?snp_id=124795","pod_use_id":195253},"geometry":{"type":"Point","coordinates":[-123.34716660039376,45.976359549530564]}},{"type":"Feature","properties":{"kind":"pod","name":"72540","use":"ANADROMOUS AND RESIDENT FISH HABITAT (INSTREAM)","source":"DEEP CREEK","link":"https://apps.wrd.state.or.us/apps/wr/wrinfo/wr_details.aspx?snp_id=124795","pod_use_id":195254},"geometry":{"type":"Point","coordinates":[-123.34716660039376,45.976359549530564]}},{"type":"Feature","properties":{"kind":"pod","name":"72540","use":"ANADROMOUS AND RESIDENT FISH HABITAT (INSTREAM)","source":"DEEP CREEK","link":"https://apps.wrd.state.or.us/apps/wr/wrinfo/wr_details.aspx?snp_id=124795","pod_use_id":195256},"geometry":{"type":"Point","coordinates":[-123.34716660039376,45.976359549530564]}},{"type":"Feature","properties":{"kind":"pod","name":"72540","use":"ANADROMOUS AND RESIDENT FISH HABITAT (INSTREAM)","source":"DEEP CREEK","link":"https://apps.wrd.state.or.us/apps/wr/wrinfo/wr_details.aspx?snp_id=124795","pod_use_id":195257},"geometry":{"type":"Point","coordinates":[-123.34716660039376,45.976359549530564]}},{"type":"Feature","properties":{"kind":"pod","name":"72541","use":"ANADROMOUS AND RESIDENT FISH HABITAT (INSTREAM)","source":"NORTHRUP CREEK","link":"https://apps.wrd.state.or.us/apps/wr/wrinfo/wr_details.aspx?snp_id=124796","pod_use_id":195261},"geometry":{"type":"Point","coordinates":[-123.42251948048026,45.98344200848157]}},{"type":"Feature","properties":{"kind":"pod","name":"72541","use":"ANADROMOUS AND RESIDENT FISH HABITAT (INSTREAM)","source":"NORTHRUP CREEK","link":"https://apps.wrd.state.or.us/apps/wr/wrinfo/wr_details.aspx?snp_id=124796","pod_use_id":195263},"geometry":{"type":"Point","coordinates":[-123.42251948048026,45.98344200848157]}},{"type":"Feature","properties":{"kind":"pod","name":"72541","use":"ANADROMOUS AND RESIDENT FISH HABITAT (INSTREAM)","source":"NORTHRUP CREEK","link":"https://apps.wrd.state.or.us/apps/wr/wrinfo/wr_details.aspx?snp_id=124796","pod_use_id":195265},"geometry":{"type":"Point","coordinates":[-123.42251948048026,45.98344200848157]}},{"type":"Feature","properties":{"kind":"pod","name":"72541","use":"ANADROMOUS AND RESIDENT FISH HABITAT (INSTREAM)","source":"NORTHRUP CREEK","link":"https://apps.wrd.state.or.us/apps/wr/wrinfo/wr_details.aspx?snp_id=124796","pod_use_id":195267},"geometry":{"type":"Point","coordinates":[-123.42251948048026,45.98344200848157]}},{"type":"Feature","properties":{"kind":"pod","name":"72541","use":"ANADROMOUS AND RESIDENT FISH HABITAT (INSTREAM)","source":"NORTHRUP CREEK","link":"https://apps.wrd.state.or.us/apps/wr/wrinfo/wr_details.aspx?snp_id=124796","pod_use_id":195272},"geometry":{"type":"Point","coordinates":[-123.42251948048026,45.98344200848157]}},{"type":"Feature","properties":{"kind":"pod","name":"72541","use":"ANADROMOUS AND RESIDENT FISH HABITAT (INSTREAM)","source":"NORTHRUP CREEK","link":"https://apps.wrd.state.or.us/apps/wr/wrinfo/wr_details.aspx?snp_id=124796","pod_use_id":195276},"geometry":{"type":"Point","coordinates":[-123.42251948048026,45.98344200848157]}},{"type":"Feature","properties":{"kind":"pod","name":"72541","use":"ANADROMOUS AND RESIDENT FISH HABITAT (INSTREAM)","source":"NORTHRUP CREEK","link":"https://apps.wrd.state.or.us/apps/wr/wrinfo/wr_details.aspx?snp_id=124796","pod_use_id":195279},"geometry":{"type":"Point","coordinates":[-123.42251948048026,45.98344200848157]}},{"type":"Feature","properties":{"kind":"pod","name":"72542","use":"ANADROMOUS AND RESIDENT FISH HABITAT (INSTREAM)","source":"FISHHAWK CREEK","link":"https://apps.wrd.state.or.us/apps/wr/wrinfo/wr_details.aspx?snp_id=124797","pod_use_id":195285},"geometry":{"type":"Point","coordinates":[-123.50201068193401,45.934041797977095]}},{"type":"Feature","properties":{"kind":"pod","name":"72542","use":"ANADROMOUS AND RESIDENT FISH HABITAT (INSTREAM)","source":"FISHHAWK CREEK","link":"https://apps.wrd.state.or.us/apps/wr/wrinfo/wr_details.aspx?snp_id=124797","pod_use_id":195290},"geometry":{"type":"Point","coordinates":[-123.50201068193401,45.934041797977095]}},{"type":"Feature","properties":{"kind":"pod","name":"72542","use":"ANADROMOUS AND RESIDENT FISH HABITAT (INSTREAM)","source":"FISHHAWK CREEK","link":"https://apps.wrd.state.or.us/apps/wr/wrinfo/wr_details.aspx?snp_id=124797","pod_use_id":195292},"geometry":{"type":"Point","coordinates":[-123.50201068193401,45.934041797977095]}},{"type":"Feature","properties":{"kind":"pod","name":"72542","use":"ANADROMOUS AND RESIDENT FISH HABITAT (INSTREAM)","source":"FISHHAWK CREEK","link":"https://apps.wrd.state.or.us/apps/wr/wrinfo/wr_details.aspx?snp_id=124797","pod_use_id":195294},"geometry":{"type":"Point","coordinates":[-123.50201068193401,45.934041797977095]}},{"type":"Feature","properties":{"kind":"pod","name":"72542","use":"ANADROMOUS AND RESIDENT FISH HABITAT (INSTREAM)","source":"FISHHAWK CREEK","link":"https://apps.wrd.state.or.us/apps/wr/wrinfo/wr_details.aspx?snp_id=124797","pod_use_id":195298},"geometry":{"type":"Point","coordinates":[-123.50201068193401,45.934041797977095]}},{"type":"Feature","properties":{"kind":"pod","name":"72542","use":"ANADROMOUS AND RESIDENT FISH HABITAT (INSTREAM)","source":"FISHHAWK CREEK","link":"https://apps.wrd.state.or.us/apps/wr/wrinfo/wr_details.aspx?snp_id=124797","pod_use_id":195304},"geometry":{"type":"Point","coordinates":[-123.50201068193401,45.934041797977095]}},{"type":"Feature","properties":{"kind":"pod","name":"72542","use":"ANADROMOUS AND RESIDENT FISH HABITAT (INSTREAM)","source":"FISHHAWK CREEK","link":"https://apps.wrd.state.or.us/apps/wr/wrinfo/wr_details.aspx?snp_id=124797","pod_use_id":195306},"geometry":{"type":"Point","coordinates":[-123.50201068193401,45.934041797977095]}},{"type":"Feature","properties":{"kind":"pod","name":"72542","use":"ANADROMOUS AND RESIDENT FISH HABITAT (INSTREAM)","source":"FISHHAWK CREEK","link":"https://apps.wrd.state.or.us/apps/wr/wrinfo/wr_details.aspx?snp_id=124797","pod_use_id":195307},"geometry":{"type":"Point","coordinates":[-123.50201068193401,45.934041797977095]}},{"type":"Feature","properties":{"kind":"pod","name":"72543","use":"ANADROMOUS AND RESIDENT FISH HABITAT (INSTREAM)","source":"BUSTER CREEK","link":"https://apps.wrd.state.or.us/apps/wr/wrinfo/wr_details.aspx?snp_id=124798","pod_use_id":195310},"geometry":{"type":"Point","coordinates":[-123.5074876066153,45.89386159491602]}},{"type":"Feature","properties":{"kind":"pod","name":"72543","use":"ANADROMOUS AND RESIDENT FISH HABITAT (INSTREAM)","source":"BUSTER CREEK","link":"https://apps.wrd.state.or.us/apps/wr/wrinfo/wr_details.aspx?snp_id=124798","pod_use_id":195315},"geometry":{"type":"Point","coordinates":[-123.5074876066153,45.89386159491602]}},{"type":"Feature","properties":{"kind":"pod","name":"72543","use":"ANADROMOUS AND RESIDENT FISH HABITAT (INSTREAM)","source":"BUSTER CREEK","link":"https://apps.wrd.state.or.us/apps/wr/wrinfo/wr_details.aspx?snp_id=124798","pod_use_id":195320},"geometry":{"type":"Point","coordinates":[-123.5074876066153,45.89386159491602]}},{"type":"Feature","properties":{"kind":"pod","name":"72543","use":"ANADROMOUS AND RESIDENT FISH HABITAT (INSTREAM)","source":"BUSTER CREEK","link":"https://apps.wrd.state.or.us/apps/wr/wrinfo/wr_details.aspx?snp_id=124798","pod_use_id":195321},"geometry":{"type":"Point","coordinates":[-123.5074876066153,45.89386159491602]}},{"type":"Feature","properties":{"kind":"pod","name":"72543","use":"ANADROMOUS AND RESIDENT FISH HABITAT (INSTREAM)","source":"BUSTER CREEK","link":"https://apps.wrd.state.or.us/apps/wr/wrinfo/wr_details.aspx?snp_id=124798","pod_use_id":195322},"geometry":{"type":"Point","coordinates":[-123.5074876066153,45.89386159491602]}},{"type":"Feature","properties":{"kind":"pod","name":"72543","use":"ANADROMOUS AND RESIDENT FISH HABITAT (INSTREAM)","source":"BUSTER CREEK","link":"https://apps.wrd.state.or.us/apps/wr/wrinfo/wr_details.aspx?snp_id=124798","pod_use_id":195323},"geometry":{"type":"Point","coordinates":[-123.5074876066153,45.89386159491602]}},{"type":"Feature","properties":{"kind":"pod","name":"72543","use":"ANADROMOUS AND RESIDENT FISH HABITAT (INSTREAM)","source":"BUSTER CREEK","link":"https://apps.wrd.state.or.us/apps/wr/wrinfo/wr_details.aspx?snp_id=124798","pod_use_id":195326},"geometry":{"type":"Point","coordinates":[-123.5074876066153,45.89386159491602]}},{"type":"Feature","properties":{"kind":"pod","name":"72543","use":"ANADROMOUS AND RESIDENT FISH HABITAT (INSTREAM)","source":"BUSTER CREEK","link":"https://apps.wrd.state.or.us/apps/wr/wrinfo/wr_details.aspx?snp_id=124798","pod_use_id":195327},"geometry":{"type":"Point","coordinates":[-123.5074876066153,45.89386159491602]}},{"type":"Feature","properties":{"kind":"pod","name":"72543","use":"ANADROMOUS AND RESIDENT FISH HABITAT (INSTREAM)","source":"BUSTER CREEK","link":"https://apps.wrd.state.or.us/apps/wr/wrinfo/wr_details.aspx?snp_id=124798","pod_use_id":195331},"geometry":{"type":"Point","coordinates":[-123.5074876066153,45.89386159491602]}},{"type":"Feature","properties":{"kind":"pod","name":"72543","use":"ANADROMOUS AND RESIDENT FISH HABITAT (INSTREAM)","source":"BUSTER CREEK","link":"https://apps.wrd.state.or.us/apps/wr/wrinfo/wr_details.aspx?snp_id=124798","pod_use_id":195332},"geometry":{"type":"Point","coordinates":[-123.5074876066153,45.89386159491602]}},{"type":"Feature","properties":{"kind":"pod","name":"72544","use":"ANADROMOUS AND RESIDENT FISH HABITAT (INSTREAM)","source":"COW CREEK","link":"https://apps.wrd.state.or.us/apps/wr/wrinfo/wr_details.aspx?snp_id=124799","pod_use_id":195334},"geometry":{"type":"Point","coordinates":[-123.55412783416408,45.89170118653029]}},{"type":"Feature","properties":{"kind":"pod","name":"72544","use":"ANADROMOUS AND RESIDENT FISH HABITAT (INSTREAM)","source":"COW CREEK","link":"https://apps.wrd.state.or.us/apps/wr/wrinfo/wr_details.aspx?snp_id=124799","pod_use_id":195340},"geometry":{"type":"Point","coordinates":[-123.55412783416408,45.89170118653029]}},{"type":"Feature","properties":{"kind":"pod","name":"72544","use":"ANADROMOUS AND RESIDENT FISH HABITAT (INSTREAM)","source":"COW CREEK","link":"https://apps.wrd.state.or.us/apps/wr/wrinfo/wr_details.aspx?snp_id=124799","pod_use_id":195345},"geometry":{"type":"Point","coordinates":[-123.55412783416408,45.89170118653029]}},{"type":"Feature","properties":{"kind":"pod","name":"72544","use":"ANADROMOUS AND RESIDENT FISH HABITAT (INSTREAM)","source":"COW CREEK","link":"https://apps.wrd.state.or.us/apps/wr/wrinfo/wr_details.aspx?snp_id=124799","pod_use_id":195346},"geometry":{"type":"Point","coordinates":[-123.55412783416408,45.89170118653029]}},{"type":"Feature","properties":{"kind":"pod","name":"72544","use":"ANADROMOUS AND RESIDENT FISH HABITAT (INSTREAM)","source":"COW CREEK","link":"https://apps.wrd.state.or.us/apps/wr/wrinfo/wr_details.aspx?snp_id=124799","pod_use_id":195347},"geometry":{"type":"Point","coordinates":[-123.55412783416408,45.89170118653029]}},{"type":"Feature","properties":{"kind":"pod","name":"72544","use":"ANADROMOUS AND RESIDENT FISH HABITAT (INSTREAM)","source":"COW CREEK","link":"https://apps.wrd.state.or.us/apps/wr/wrinfo/wr_details.aspx?snp_id=124799","pod_use_id":195356},"geometry":{"type":"Point","coordinates":[-123.55412783416408,45.89170118653029]}},{"type":"Feature","properties":{"kind":"pod","name":"72545","use":"ANADROMOUS AND RESIDENT FISH HABITAT (INSTREAM)","source":"QUARTZ CREEK","link":"https://apps.wrd.state.or.us/apps/wr/wrinfo/wr_details.aspx?snp_id=124800","pod_use_id":195357},"geometry":{"type":"Point","coordinates":[-123.55783440381946,45.846078120611075]}},{"type":"Feature","properties":{"kind":"pod","name":"72545","use":"ANADROMOUS AND RESIDENT FISH HABITAT (INSTREAM)","source":"QUARTZ CREEK","link":"https://apps.wrd.state.or.us/apps/wr/wrinfo/wr_details.aspx?snp_id=124800","pod_use_id":195358},"geometry":{"type":"Point","coordinates":[-123.55783440381946,45.846078120611075]}},{"type":"Feature","properties":{"kind":"pod","name":"72545","use":"ANADROMOUS AND RESIDENT FISH HABITAT (INSTREAM)","source":"QUARTZ CREEK","link":"https://apps.wrd.state.or.us/apps/wr/wrinfo/wr_details.aspx?snp_id=124800","pod_use_id":195360},"geometry":{"type":"Point","coordinates":[-123.55783440381946,45.846078120611075]}},{"type":"Feature","properties":{"kind":"pod","name":"72545","use":"ANADROMOUS AND RESIDENT FISH HABITAT (INSTREAM)","source":"QUARTZ CREEK","link":"https://apps.wrd.state.or.us/apps/wr/wrinfo/wr_details.aspx?snp_id=124800","pod_use_id":195366},"geometry":{"type":"Point","coordinates":[-123.55783440381946,45.846078120611075]}},{"type":"Feature","properties":{"kind":"pod","name":"72545","use":"ANADROMOUS AND RESIDENT FISH HABITAT (INSTREAM)","source":"QUARTZ CREEK","link":"https://apps.wrd.state.or.us/apps/wr/wrinfo/wr_details.aspx?snp_id=124800","pod_use_id":195367},"geometry":{"type":"Point","coordinates":[-123.55783440381946,45.846078120611075]}},{"type":"Feature","properties":{"kind":"pod","name":"72545","use":"ANADROMOUS AND RESIDENT FISH HABITAT (INSTREAM)","source":"QUARTZ CREEK","link":"https://apps.wrd.state.or.us/apps/wr/wrinfo/wr_details.aspx?snp_id=124800","pod_use_id":195369},"geometry":{"type":"Point","coordinates":[-123.55783440381946,45.846078120611075]}},{"type":"Feature","properties":{"kind":"pod","name":"72545","use":"ANADROMOUS AND RESIDENT FISH HABITAT (INSTREAM)","source":"QUARTZ CREEK","link":"https://apps.wrd.state.or.us/apps/wr/wrinfo/wr_details.aspx?snp_id=124800","pod_use_id":195373},"geometry":{"type":"Point","coordinates":[-123.55783440381946,45.846078120611075]}},{"type":"Feature","properties":{"kind":"pod","name":"72545","use":"ANADROMOUS AND RESIDENT FISH HABITAT (INSTREAM)","source":"QUARTZ CREEK","link":"https://apps.wrd.state.or.us/apps/wr/wrinfo/wr_details.aspx?snp_id=124800","pod_use_id":195378},"geometry":{"type":"Point","coordinates":[-123.55783440381946,45.846078120611075]}},{"type":"Feature","properties":{"kind":"pod","name":"72546","use":"ANADROMOUS AND RESIDENT FISH HABITAT (INSTREAM)","source":"WEST HUMBUG CREEK","link":"https://apps.wrd.state.or.us/apps/wr/wrinfo/wr_details.aspx?snp_id=124801","pod_use_id":195384},"geometry":{"type":"Point","coordinates":[-123.62085442264438,45.88876211596703]}},{"type":"Feature","properties":{"kind":"pod","name":"72546","use":"ANADROMOUS AND RESIDENT FISH HABITAT (INSTREAM)","source":"WEST HUMBUG CREEK","link":"https://apps.wrd.state.or.us/apps/wr/wrinfo/wr_details.aspx?snp_id=124801","pod_use_id":195386},"geometry":{"type":"Point","coordinates":[-123.62085442264438,45.88876211596703]}},{"type":"Feature","properties":{"kind":"pod","name":"72546","use":"ANADROMOUS AND RESIDENT FISH HABITAT (INSTREAM)","source":"WEST HUMBUG CREEK","link":"https://apps.wrd.state.or.us/apps/wr/wrinfo/wr_details.aspx?snp_id=124801","pod_use_id":195390},"geometry":{"type":"Point","coordinates":[-123.62085442264438,45.88876211596703]}},{"type":"Feature","properties":{"kind":"pod","name":"72546","use":"ANADROMOUS AND RESIDENT FISH HABITAT (INSTREAM)","source":"WEST HUMBUG CREEK","link":"https://apps.wrd.state.or.us/apps/wr/wrinfo/wr_details.aspx?snp_id=124801","pod_use_id":195391},"geometry":{"type":"Point","coordinates":[-123.62085442264438,45.88876211596703]}},{"type":"Feature","properties":{"kind":"pod","name":"72546","use":"ANADROMOUS AND RESIDENT FISH HABITAT (INSTREAM)","source":"WEST HUMBUG CREEK","link":"https://apps.wrd.state.or.us/apps/wr/wrinfo/wr_details.aspx?snp_id=124801","pod_use_id":195393},"geometry":{"type":"Point","coordinates":[-123.62085442264438,45.88876211596703]}},{"type":"Feature","properties":{"kind":"pod","name":"72546","use":"ANADROMOUS AND RESIDENT FISH HABITAT (INSTREAM)","source":"WEST HUMBUG CREEK","link":"https://apps.wrd.state.or.us/apps/wr/wrinfo/wr_details.aspx?snp_id=124801","pod_use_id":195395},"geometry":{"type":"Point","coordinates":[-123.62085442264438,45.88876211596703]}},{"type":"Feature","properties":{"kind":"pod","name":"72546","use":"ANADROMOUS AND RESIDENT FISH HABITAT (INSTREAM)","source":"WEST HUMBUG CREEK","link":"https://apps.wrd.state.or.us/apps/wr/wrinfo/wr_details.aspx?snp_id=124801","pod_use_id":195400},"geometry":{"type":"Point","coordinates":[-123.62085442264438,45.88876211596703]}},{"type":"Feature","properties":{"kind":"pod","name":"72547","use":"ANADROMOUS AND RESIDENT FISH HABITAT (INSTREAM)","source":"EAST HUMBUG CREEK","link":"https://apps.wrd.state.or.us/apps/wr/wrinfo/wr_details.aspx?snp_id=124802","pod_use_id":195405},"geometry":{"type":"Point","coordinates":[-123.62085442264438,45.88876211596703]}},{"type":"Feature","properties":{"kind":"pod","name":"72547","use":"ANADROMOUS AND RESIDENT FISH HABITAT (INSTREAM)","source":"EAST HUMBUG CREEK","link":"https://apps.wrd.state.or.us/apps/wr/wrinfo/wr_details.aspx?snp_id=124802","pod_use_id":195407},"geometry":{"type":"Point","coordinates":[-123.62085442264438,45.88876211596703]}},{"type":"Feature","properties":{"kind":"pod","name":"72547","use":"ANADROMOUS AND RESIDENT FISH HABITAT (INSTREAM)","source":"EAST HUMBUG CREEK","link":"https://apps.wrd.state.or.us/apps/wr/wrinfo/wr_details.aspx?snp_id=124802","pod_use_id":195412},"geometry":{"type":"Point","coordinates":[-123.62085442264438,45.88876211596703]}},{"type":"Feature","properties":{"kind":"pod","name":"72547","use":"ANADROMOUS AND RESIDENT FISH HABITAT (INSTREAM)","source":"EAST HUMBUG CREEK","link":"https://apps.wrd.state.or.us/apps/wr/wrinfo/wr_details.aspx?snp_id=124802","pod_use_id":195415},"geometry":{"type":"Point","coordinates":[-123.62085442264438,45.88876211596703]}},{"type":"Feature","properties":{"kind":"pod","name":"72547","use":"ANADROMOUS AND RESIDENT FISH HABITAT (INSTREAM)","source":"EAST HUMBUG CREEK","link":"https://apps.wrd.state.or.us/apps/wr/wrinfo/wr_details.aspx?snp_id=124802","pod_use_id":195417},"geometry":{"type":"Point","coordinates":[-123.62085442264438,45.88876211596703]}},{"type":"Feature","properties":{"kind":"pod","name":"72547","use":"ANADROMOUS AND RESIDENT FISH HABITAT (INSTREAM)","source":"EAST HUMBUG CREEK","link":"https://apps.wrd.state.or.us/apps/wr/wrinfo/wr_details.aspx?snp_id=124802","pod_use_id":195424},"geometry":{"type":"Point","coordinates":[-123.62085442264438,45.88876211596703]}},{"type":"Feature","properties":{"kind":"pod","name":"72547","use":"ANADROMOUS AND RESIDENT FISH HABITAT (INSTREAM)","source":"EAST HUMBUG CREEK","link":"https://apps.wrd.state.or.us/apps/wr/wrinfo/wr_details.aspx?snp_id=124802","pod_use_id":195428},"geometry":{"type":"Point","coordinates":[-123.62085442264438,45.88876211596703]}},{"type":"Feature","properties":{"kind":"pod","name":"72548","use":"ANADROMOUS AND RESIDENT FISH HABITAT (INSTREAM)","source":"HUMBUG CREEK","link":"https://apps.wrd.state.or.us/apps/wr/wrinfo/wr_details.aspx?snp_id=124803","pod_use_id":195429},"geometry":{"type":"Point","coordinates":[-123.58647780757612,45.84248658396238]}},{"type":"Feature","properties":{"kind":"pod","name":"72548","use":"ANADROMOUS AND RESIDENT FISH HABITAT (INSTREAM)","source":"HUMBUG CREEK","link":"https://apps.wrd.state.or.us/apps/wr/wrinfo/wr_details.aspx?snp_id=124803","pod_use_id":195434},"geometry":{"type":"Point","coordinates":[-123.58647780757612,45.84248658396238]}},{"type":"Feature","properties":{"kind":"pod","name":"72548","use":"ANADROMOUS AND RESIDENT FISH HABITAT (INSTREAM)","source":"HUMBUG CREEK","link":"https://apps.wrd.state.or.us/apps/wr/wrinfo/wr_details.aspx?snp_id=124803","pod_use_id":195439},"geometry":{"type":"Point","coordinates":[-123.58647780757612,45.84248658396238]}},{"type":"Feature","properties":{"kind":"pod","name":"72548","use":"ANADROMOUS AND RESIDENT FISH HABITAT (INSTREAM)","source":"HUMBUG CREEK","link":"https://apps.wrd.state.or.us/apps/wr/wrinfo/wr_details.aspx?snp_id=124803","pod_use_id":195445},"geometry":{"type":"Point","coordinates":[-123.58647780757612,45.84248658396238]}},{"type":"Feature","properties":{"kind":"pod","name":"72549","use":"ANADROMOUS AND RESIDENT FISH HABITAT (INSTREAM)","source":"SPRUCE RUN CREEK","link":"https://apps.wrd.state.or.us/apps/wr/wrinfo/wr_details.aspx?snp_id=124804","pod_use_id":195457},"geometry":{"type":"Point","coordinates":[-123.61316010363379,45.811906281071856]}},{"type":"Feature","properties":{"kind":"pod","name":"72549","use":"ANADROMOUS AND RESIDENT FISH HABITAT (INSTREAM)","source":"SPRUCE RUN CREEK","link":"https://apps.wrd.state.or.us/apps/wr/wrinfo/wr_details.aspx?snp_id=124804","pod_use_id":195460},"geometry":{"type":"Point","coordinates":[-123.61316010363379,45.811906281071856]}},{"type":"Feature","properties":{"kind":"pod","name":"72549","use":"ANADROMOUS AND RESIDENT FISH HABITAT (INSTREAM)","source":"SPRUCE RUN CREEK","link":"https://apps.wrd.state.or.us/apps/wr/wrinfo/wr_details.aspx?snp_id=124804","pod_use_id":195466},"geometry":{"type":"Point","coordinates":[-123.61316010363379,45.811906281071856]}},{"type":"Feature","properties":{"kind":"pod","name":"72549","use":"ANADROMOUS AND RESIDENT FISH HABITAT (INSTREAM)","source":"SPRUCE RUN CREEK","link":"https://apps.wrd.state.or.us/apps/wr/wrinfo/wr_details.aspx?snp_id=124804","pod_use_id":195468},"geometry":{"type":"Point","coordinates":[-123.61316010363379,45.811906281071856]}},{"type":"Feature","properties":{"kind":"pod","name":"72549","use":"ANADROMOUS AND RESIDENT FISH HABITAT (INSTREAM)","source":"SPRUCE RUN CREEK","link":"https://apps.wrd.state.or.us/apps/wr/wrinfo/wr_details.aspx?snp_id=124804","pod_use_id":195474},"geometry":{"type":"Point","coordinates":[-123.61316010363379,45.811906281071856]}},{"type":"Feature","properties":{"kind":"pod","name":"72550","use":"ANADROMOUS AND RESIDENT FISH HABITAT (INSTREAM)","source":"CRONIN CREEK","link":"https://apps.wrd.state.or.us/apps/wr/wrinfo/wr_details.aspx?snp_id=124805","pod_use_id":195478},"geometry":{"type":"Point","coordinates":[-123.63508140039265,45.771976575054204]}},{"type":"Feature","properties":{"kind":"pod","name":"72550","use":"ANADROMOUS AND RESIDENT FISH HABITAT (INSTREAM)","source":"CRONIN CREEK","link":"https://apps.wrd.state.or.us/apps/wr/wrinfo/wr_details.aspx?snp_id=124805","pod_use_id":195480},"geometry":{"type":"Point","coordinates":[-123.63508140039265,45.771976575054204]}},{"type":"Feature","properties":{"kind":"pod","name":"72550","use":"ANADROMOUS AND RESIDENT FISH HABITAT (INSTREAM)","source":"CRONIN CREEK","link":"https://apps.wrd.state.or.us/apps/wr/wrinfo/wr_details.aspx?snp_id=124805","pod_use_id":195485},"geometry":{"type":"Point","coordinates":[-123.63508140039265,45.771976575054204]}},{"type":"Feature","properties":{"kind":"pod","name":"72550","use":"ANADROMOUS AND RESIDENT FISH HABITAT (INSTREAM)","source":"CRONIN CREEK","link":"https://apps.wrd.state.or.us/apps/wr/wrinfo/wr_details.aspx?snp_id=124805","pod_use_id":195486},"geometry":{"type":"Point","coordinates":[-123.63508140039265,45.771976575054204]}},{"type":"Feature","properties":{"kind":"pod","name":"72550","use":"ANADROMOUS AND RESIDENT FISH HABITAT (INSTREAM)","source":"CRONIN CREEK","link":"https://apps.wrd.state.or.us/apps/wr/wrinfo/wr_details.aspx?snp_id=124805","pod_use_id":195487},"geometry":{"type":"Point","coordinates":[-123.63508140039265,45.771976575054204]}},{"type":"Feature","properties":{"kind":"pod","name":"72550","use":"ANADROMOUS AND RESIDENT FISH HABITAT (INSTREAM)","source":"CRONIN CREEK","link":"https://apps.wrd.state.or.us/apps/wr/wrinfo/wr_details.aspx?snp_id=124805","pod_use_id":195488},"geometry":{"type":"Point","coordinates":[-123.63508140039265,45.771976575054204]}},{"type":"Feature","properties":{"kind":"pod","name":"72550","use":"ANADROMOUS AND RESIDENT FISH HABITAT (INSTREAM)","source":"CRONIN CREEK","link":"https://apps.wrd.state.or.us/apps/wr/wrinfo/wr_details.aspx?snp_id=124805","pod_use_id":195492},"geometry":{"type":"Point","coordinates":[-123.63508140039265,45.771976575054204]}},{"type":"Feature","properties":{"kind":"pod","name":"72550","use":"ANADROMOUS AND RESIDENT FISH HABITAT (INSTREAM)","source":"CRONIN CREEK","link":"https://apps.wrd.state.or.us/apps/wr/wrinfo/wr_details.aspx?snp_id=124805","pod_use_id":195494},"geometry":{"type":"Point","coordinates":[-123.63508140039265,45.771976575054204]}},{"type":"Feature","properties":{"kind":"pod","name":"72552","use":"ANADROMOUS AND RESIDENT FISH HABITAT (INSTREAM)","source":"BENEKE CREEK","link":"https://apps.wrd.state.or.us/apps/wr/wrinfo/wr_details.aspx?snp_id=124807","pod_use_id":195527},"geometry":{"type":"Point","coordinates":[-123.49456627953586,45.93096453160831]}},{"type":"Feature","properties":{"kind":"pod","name":"72552","use":"ANADROMOUS AND RESIDENT FISH HABITAT (INSTREAM)","source":"BENEKE CREEK","link":"https://apps.wrd.state.or.us/apps/wr/wrinfo/wr_details.aspx?snp_id=124807","pod_use_id":195530},"geometry":{"type":"Point","coordinates":[-123.49456627953586,45.93096453160831]}},{"type":"Feature","properties":{"kind":"pod","name":"72552","use":"ANADROMOUS AND RESIDENT FISH HABITAT (INSTREAM)","source":"BENEKE CREEK","link":"https://apps.wrd.state.or.us/apps/wr/wrinfo/wr_details.aspx?snp_id=124807","pod_use_id":195531},"geometry":{"type":"Point","coordinates":[-123.49456627953586,45.93096453160831]}},{"type":"Feature","properties":{"kind":"pod","name":"72552","use":"ANADROMOUS AND RESIDENT FISH HABITAT (INSTREAM)","source":"BENEKE CREEK","link":"https://apps.wrd.state.or.us/apps/wr/wrinfo/wr_details.aspx?snp_id=124807","pod_use_id":195537},"geometry":{"type":"Point","coordinates":[-123.49456627953586,45.93096453160831]}},{"type":"Feature","properties":{"kind":"pod","name":"72552","use":"ANADROMOUS AND RESIDENT FISH HABITAT (INSTREAM)","source":"BENEKE CREEK","link":"https://apps.wrd.state.or.us/apps/wr/wrinfo/wr_details.aspx?snp_id=124807","pod_use_id":195539},"geometry":{"type":"Point","coordinates":[-123.49456627953586,45.93096453160831]}},{"type":"Feature","properties":{"kind":"pod","name":"72552","use":"ANADROMOUS AND RESIDENT FISH HABITAT (INSTREAM)","source":"BENEKE CREEK","link":"https://apps.wrd.state.or.us/apps/wr/wrinfo/wr_details.aspx?snp_id=124807","pod_use_id":195545},"geometry":{"type":"Point","coordinates":[-123.49456627953586,45.93096453160831]}},{"type":"Feature","properties":{"kind":"pod","name":"72553","use":"ANADROMOUS AND RESIDENT FISH HABITAT (INSTREAM)","source":"GODS VALLEY CREEK","link":"https://apps.wrd.state.or.us/apps/wr/wrinfo/wr_details.aspx?snp_id=124808","pod_use_id":195550},"geometry":{"type":"Point","coordinates":[-123.73410541657674,45.80535635520462]}},{"type":"Feature","properties":{"kind":"pod","name":"72553","use":"ANADROMOUS AND RESIDENT FISH HABITAT (INSTREAM)","source":"GODS VALLEY CREEK","link":"https://apps.wrd.state.or.us/apps/wr/wrinfo/wr_details.aspx?snp_id=124808","pod_use_id":195555},"geometry":{"type":"Point","coordinates":[-123.73410541657674,45.80535635520462]}},{"type":"Feature","properties":{"kind":"pod","name":"72553","use":"ANADROMOUS AND RESIDENT FISH HABITAT (INSTREAM)","source":"GODS VALLEY CREEK","link":"https://apps.wrd.state.or.us/apps/wr/wrinfo/wr_details.aspx?snp_id=124808","pod_use_id":195556},"geometry":{"type":"Point","coordinates":[-123.73410541657674,45.80535635520462]}},{"type":"Feature","properties":{"kind":"pod","name":"72553","use":"ANADROMOUS AND RESIDENT FISH HABITAT (INSTREAM)","source":"GODS VALLEY CREEK","link":"https://apps.wrd.state.or.us/apps/wr/wrinfo/wr_details.aspx?snp_id=124808","pod_use_id":195561},"geometry":{"type":"Point","coordinates":[-123.73410541657674,45.80535635520462]}},{"type":"Feature","properties":{"kind":"pod","name":"72553","use":"ANADROMOUS AND RESIDENT FISH HABITAT (INSTREAM)","source":"GODS VALLEY CREEK","link":"https://apps.wrd.state.or.us/apps/wr/wrinfo/wr_details.aspx?snp_id=124808","pod_use_id":195564},"geometry":{"type":"Point","coordinates":[-123.73410541657674,45.80535635520462]}},{"type":"Feature","properties":{"kind":"pod","name":"72553","use":"ANADROMOUS AND RESIDENT FISH HABITAT (INSTREAM)","source":"GODS VALLEY CREEK","link":"https://apps.wrd.state.or.us/apps/wr/wrinfo/wr_details.aspx?snp_id=124808","pod_use_id":195570},"geometry":{"type":"Point","coordinates":[-123.73410541657674,45.80535635520462]}},{"type":"Feature","properties":{"kind":"pod","name":"72553","use":"ANADROMOUS AND RESIDENT FISH HABITAT (INSTREAM)","source":"GODS VALLEY CREEK","link":"https://apps.wrd.state.or.us/apps/wr/wrinfo/wr_details.aspx?snp_id=124808","pod_use_id":195572},"geometry":{"type":"Point","coordinates":[-123.73410541657674,45.80535635520462]}},{"type":"Feature","properties":{"kind":"pod","name":"72554","use":"ANADROMOUS AND RESIDENT FISH HABITAT (INSTREAM)","source":"NEHALEM RIVER","link":"https://apps.wrd.state.or.us/apps/wr/wrinfo/wr_details.aspx?snp_id=124809","pod_use_id":195573},"geometry":{"type":"Point","coordinates":[-123.27729261160343,45.76529661265015]}},{"type":"Feature","properties":{"kind":"pod","name":"72554","use":"ANADROMOUS AND RESIDENT FISH HABITAT (INSTREAM)","source":"NEHALEM RIVER","link":"https://apps.wrd.state.or.us/apps/wr/wrinfo/wr_details.aspx?snp_id=124809","pod_use_id":195574},"geometry":{"type":"Point","coordinates":[-123.27729261160343,45.76529661265015]}},{"type":"Feature","properties":{"kind":"pod","name":"72554","use":"ANADROMOUS AND RESIDENT FISH HABITAT (INSTREAM)","source":"NEHALEM RIVER","link":"https://apps.wrd.state.or.us/apps/wr/wrinfo/wr_details.aspx?snp_id=124809","pod_use_id":195578},"geometry":{"type":"Point","coordinates":[-123.27729261160343,45.76529661265015]}},{"type":"Feature","properties":{"kind":"pod","name":"72554","use":"ANADROMOUS AND RESIDENT FISH HABITAT (INSTREAM)","source":"NEHALEM RIVER","link":"https://apps.wrd.state.or.us/apps/wr/wrinfo/wr_details.aspx?snp_id=124809","pod_use_id":195579},"geometry":{"type":"Point","coordinates":[-123.27729261160343,45.76529661265015]}},{"type":"Feature","properties":{"kind":"pod","name":"72554","use":"ANADROMOUS AND RESIDENT FISH HABITAT (INSTREAM)","source":"NEHALEM RIVER","link":"https://apps.wrd.state.or.us/apps/wr/wrinfo/wr_details.aspx?snp_id=124809","pod_use_id":195582},"geometry":{"type":"Point","coordinates":[-123.27729261160343,45.76529661265015]}},{"type":"Feature","properties":{"kind":"pod","name":"72554","use":"ANADROMOUS AND RESIDENT FISH HABITAT (INSTREAM)","source":"NEHALEM RIVER","link":"https://apps.wrd.state.or.us/apps/wr/wrinfo/wr_details.aspx?snp_id=124809","pod_use_id":195587},"geometry":{"type":"Point","coordinates":[-123.27729261160343,45.76529661265015]}},{"type":"Feature","properties":{"kind":"pod","name":"72554","use":"ANADROMOUS AND RESIDENT FISH HABITAT (INSTREAM)","source":"NEHALEM RIVER","link":"https://apps.wrd.state.or.us/apps/wr/wrinfo/wr_details.aspx?snp_id=124809","pod_use_id":195590},"geometry":{"type":"Point","coordinates":[-123.27729261160343,45.76529661265015]}},{"type":"Feature","properties":{"kind":"pod","name":"72555","use":"ANADROMOUS AND RESIDENT FISH HABITAT (INSTREAM)","source":"NORTH FORK NEHALEM RIVER","link":"https://apps.wrd.state.or.us/apps/wr/wrinfo/wr_details.aspx?snp_id=124810","pod_use_id":195603},"geometry":{"type":"Point","coordinates":[-123.77211102920192,45.81379269632099]}},{"type":"Feature","properties":{"kind":"pod","name":"72555","use":"ANADROMOUS AND RESIDENT FISH HABITAT (INSTREAM)","source":"NORTH FORK NEHALEM RIVER","link":"https://apps.wrd.state.or.us/apps/wr/wrinfo/wr_details.aspx?snp_id=124810","pod_use_id":195608},"geometry":{"type":"Point","coordinates":[-123.77211102920192,45.81379269632099]}},{"type":"Feature","properties":{"kind":"pod","name":"72555","use":"ANADROMOUS AND RESIDENT FISH HABITAT (INSTREAM)","source":"NORTH FORK NEHALEM RIVER","link":"https://apps.wrd.state.or.us/apps/wr/wrinfo/wr_details.aspx?snp_id=124810","pod_use_id":195616},"geometry":{"type":"Point","coordinates":[-123.77211102920192,45.81379269632099]}},{"type":"Feature","properties":{"kind":"pod","name":"72555","use":"ANADROMOUS AND RESIDENT FISH HABITAT (INSTREAM)","source":"NORTH FORK NEHALEM RIVER","link":"https://apps.wrd.state.or.us/apps/wr/wrinfo/wr_details.aspx?snp_id=124810","pod_use_id":195619},"geometry":{"type":"Point","coordinates":[-123.77211102920192,45.81379269632099]}},{"type":"Feature","properties":{"kind":"pod","name":"72556","use":"ANADROMOUS AND RESIDENT FISH HABITAT (INSTREAM)","source":"SOAPSTONE CREEK","link":"https://apps.wrd.state.or.us/apps/wr/wrinfo/wr_details.aspx?snp_id=124811","pod_use_id":195621},"geometry":{"type":"Point","coordinates":[-123.77211102920192,45.81379269632099]}},{"type":"Feature","properties":{"kind":"pod","name":"72556","use":"ANADROMOUS AND RESIDENT FISH HABITAT (INSTREAM)","source":"SOAPSTONE CREEK","link":"https://apps.wrd.state.or.us/apps/wr/wrinfo/wr_details.aspx?snp_id=124811","pod_use_id":195622},"geometry":{"type":"Point","coordinates":[-123.77211102920192,45.81379269632099]}},{"type":"Feature","properties":{"kind":"pod","name":"72556","use":"ANADROMOUS AND RESIDENT FISH HABITAT (INSTREAM)","source":"SOAPSTONE CREEK","link":"https://apps.wrd.state.or.us/apps/wr/wrinfo/wr_details.aspx?snp_id=124811","pod_use_id":195625},"geometry":{"type":"Point","coordinates":[-123.77211102920192,45.81379269632099]}},{"type":"Feature","properties":{"kind":"pod","name":"72556","use":"ANADROMOUS AND RESIDENT FISH HABITAT (INSTREAM)","source":"SOAPSTONE CREEK","link":"https://apps.wrd.state.or.us/apps/wr/wrinfo/wr_details.aspx?snp_id=124811","pod_use_id":195627},"geometry":{"type":"Point","coordinates":[-123.77211102920192,45.81379269632099]}},{"type":"Feature","properties":{"kind":"pod","name":"72556","use":"ANADROMOUS AND RESIDENT FISH HABITAT (INSTREAM)","source":"SOAPSTONE CREEK","link":"https://apps.wrd.state.or.us/apps/wr/wrinfo/wr_details.aspx?snp_id=124811","pod_use_id":195629},"geometry":{"type":"Point","coordinates":[-123.77211102920192,45.81379269632099]}},{"type":"Feature","properties":{"kind":"pod","name":"72556","use":"ANADROMOUS AND RESIDENT FISH HABITAT (INSTREAM)","source":"SOAPSTONE CREEK","link":"https://apps.wrd.state.or.us/apps/wr/wrinfo/wr_details.aspx?snp_id=124811","pod_use_id":195633},"geometry":{"type":"Point","coordinates":[-123.77211102920192,45.81379269632099]}},{"type":"Feature","properties":{"kind":"pod","name":"72556","use":"ANADROMOUS AND RESIDENT FISH HABITAT (INSTREAM)","source":"SOAPSTONE CREEK","link":"https://apps.wrd.state.or.us/apps/wr/wrinfo/wr_details.aspx?snp_id=124811","pod_use_id":195634},"geometry":{"type":"Point","coordinates":[-123.77211102920192,45.81379269632099]}},{"type":"Feature","properties":{"kind":"pod","name":"72556","use":"ANADROMOUS AND RESIDENT FISH HABITAT (INSTREAM)","source":"SOAPSTONE CREEK","link":"https://apps.wrd.state.or.us/apps/wr/wrinfo/wr_details.aspx?snp_id=124811","pod_use_id":195635},"geometry":{"type":"Point","coordinates":[-123.77211102920192,45.81379269632099]}},{"type":"Feature","properties":{"kind":"pod","name":"72556","use":"ANADROMOUS AND RESIDENT FISH HABITAT (INSTREAM)","source":"SOAPSTONE CREEK","link":"https://apps.wrd.state.or.us/apps/wr/wrinfo/wr_details.aspx?snp_id=124811","pod_use_id":195643},"geometry":{"type":"Point","coordinates":[-123.77211102920192,45.81379269632099]}},{"type":"Feature","properties":{"kind":"pod","name":"72556","use":"ANADROMOUS AND RESIDENT FISH HABITAT (INSTREAM)","source":"SOAPSTONE CREEK","link":"https://apps.wrd.state.or.us/apps/wr/wrinfo/wr_details.aspx?snp_id=124811","pod_use_id":195644},"geometry":{"type":"Point","coordinates":[-123.77211102920192,45.81379269632099]}},{"type":"Feature","properties":{"kind":"pod","name":"72561","use":"ANADROMOUS AND RESIDENT FISH HABITAT (INSTREAM)","source":"WOLF CREEK","link":"https://apps.wrd.state.or.us/apps/wr/wrinfo/wr_details.aspx?snp_id=124816","pod_use_id":195743},"geometry":{"type":"Point","coordinates":[-123.29701354721261,45.7614669432124]}},{"type":"Feature","properties":{"kind":"pod","name":"72561","use":"ANADROMOUS AND RESIDENT FISH HABITAT (INSTREAM)","source":"WOLF CREEK","link":"https://apps.wrd.state.or.us/apps/wr/wrinfo/wr_details.aspx?snp_id=124816","pod_use_id":195745},"geometry":{"type":"Point","coordinates":[-123.29701354721261,45.7614669432124]}},{"type":"Feature","properties":{"kind":"pod","name":"72561","use":"ANADROMOUS AND RESIDENT FISH HABITAT (INSTREAM)","source":"WOLF CREEK","link":"https://apps.wrd.state.or.us/apps/wr/wrinfo/wr_details.aspx?snp_id=124816","pod_use_id":195746},"geometry":{"type":"Point","coordinates":[-123.29701354721261,45.7614669432124]}},{"type":"Feature","properties":{"kind":"pod","name":"72561","use":"ANADROMOUS AND RESIDENT FISH HABITAT (INSTREAM)","source":"WOLF CREEK","link":"https://apps.wrd.state.or.us/apps/wr/wrinfo/wr_details.aspx?snp_id=124816","pod_use_id":195751},"geometry":{"type":"Point","coordinates":[-123.29701354721261,45.7614669432124]}},{"type":"Feature","properties":{"kind":"pod","name":"72561","use":"ANADROMOUS AND RESIDENT FISH HABITAT (INSTREAM)","source":"WOLF CREEK","link":"https://apps.wrd.state.or.us/apps/wr/wrinfo/wr_details.aspx?snp_id=124816","pod_use_id":195753},"geometry":{"type":"Point","coordinates":[-123.29701354721261,45.7614669432124]}},{"type":"Feature","properties":{"kind":"pod","name":"72561","use":"ANADROMOUS AND RESIDENT FISH HABITAT (INSTREAM)","source":"WOLF CREEK","link":"https://apps.wrd.state.or.us/apps/wr/wrinfo/wr_details.aspx?snp_id=124816","pod_use_id":195757},"geometry":{"type":"Point","coordinates":[-123.29701354721261,45.7614669432124]}},{"type":"Feature","properties":{"kind":"pod","name":"72561","use":"ANADROMOUS AND RESIDENT FISH HABITAT (INSTREAM)","source":"WOLF CREEK","link":"https://apps.wrd.state.or.us/apps/wr/wrinfo/wr_details.aspx?snp_id=124816","pod_use_id":195758},"geometry":{"type":"Point","coordinates":[-123.29701354721261,45.7614669432124]}},{"type":"Feature","properties":{"kind":"pod","name":"72561","use":"ANADROMOUS AND RESIDENT FISH HABITAT (INSTREAM)","source":"WOLF CREEK","link":"https://apps.wrd.state.or.us/apps/wr/wrinfo/wr_details.aspx?snp_id=124816","pod_use_id":195759},"geometry":{"type":"Point","coordinates":[-123.29701354721261,45.7614669432124]}},{"type":"Feature","properties":{"kind":"pod","name":"72561","use":"ANADROMOUS AND RESIDENT FISH HABITAT (INSTREAM)","source":"WOLF CREEK","link":"https://apps.wrd.state.or.us/apps/wr/wrinfo/wr_details.aspx?snp_id=124816","pod_use_id":195762},"geometry":{"type":"Point","coordinates":[-123.29701354721261,45.7614669432124]}},{"type":"Feature","properties":{"kind":"pod","name":"72562","use":"ANADROMOUS AND RESIDENT FISH HABITAT (INSTREAM)","source":"EAST FORK NEHALEM RIVER","link":"https://apps.wrd.state.or.us/apps/wr/wrinfo/wr_details.aspx?snp_id=124817","pod_use_id":195767},"geometry":{"type":"Point","coordinates":[-123.14657687483492,45.901564693961156]}},{"type":"Feature","properties":{"kind":"pod","name":"72562","use":"ANADROMOUS AND RESIDENT FISH HABITAT (INSTREAM)","source":"EAST FORK NEHALEM RIVER","link":"https://apps.wrd.state.or.us/apps/wr/wrinfo/wr_details.aspx?snp_id=124817","pod_use_id":195769},"geometry":{"type":"Point","coordinates":[-123.14657687483492,45.901564693961156]}},{"type":"Feature","properties":{"kind":"pod","name":"72562","use":"ANADROMOUS AND RESIDENT FISH HABITAT (INSTREAM)","source":"EAST FORK NEHALEM RIVER","link":"https://apps.wrd.state.or.us/apps/wr/wrinfo/wr_details.aspx?snp_id=124817","pod_use_id":195780},"geometry":{"type":"Point","coordinates":[-123.14657687483492,45.901564693961156]}},{"type":"Feature","properties":{"kind":"pod","name":"72562","use":"ANADROMOUS AND RESIDENT FISH HABITAT (INSTREAM)","source":"EAST FORK NEHALEM RIVER","link":"https://apps.wrd.state.or.us/apps/wr/wrinfo/wr_details.aspx?snp_id=124817","pod_use_id":195783},"geometry":{"type":"Point","coordinates":[-123.14657687483492,45.901564693961156]}},{"type":"Feature","properties":{"kind":"pod","name":"72562","use":"ANADROMOUS AND RESIDENT FISH HABITAT (INSTREAM)","source":"EAST FORK NEHALEM RIVER","link":"https://apps.wrd.state.or.us/apps/wr/wrinfo/wr_details.aspx?snp_id=124817","pod_use_id":195784},"geometry":{"type":"Point","coordinates":[-123.14657687483492,45.901564693961156]}},{"type":"Feature","properties":{"kind":"pod","name":"72562","use":"ANADROMOUS AND RESIDENT FISH HABITAT (INSTREAM)","source":"EAST FORK NEHALEM RIVER","link":"https://apps.wrd.state.or.us/apps/wr/wrinfo/wr_details.aspx?snp_id=124817","pod_use_id":195785},"geometry":{"type":"Point","coordinates":[-123.14657687483492,45.901564693961156]}},{"type":"Feature","properties":{"kind":"pod","name":"72562","use":"ANADROMOUS AND RESIDENT FISH HABITAT (INSTREAM)","source":"EAST FORK NEHALEM RIVER","link":"https://apps.wrd.state.or.us/apps/wr/wrinfo/wr_details.aspx?snp_id=124817","pod_use_id":195787},"geometry":{"type":"Point","coordinates":[-123.14657687483492,45.901564693961156]}},{"type":"Feature","properties":{"kind":"pod","name":"72580","use":"ANADROMOUS AND RESIDENT FISH HABITAT (INSTREAM)","source":"OAK RANCH CREEK","link":"https://apps.wrd.state.or.us/apps/wr/wrinfo/wr_details.aspx?snp_id=124835","pod_use_id":196197},"geometry":{"type":"Point","coordinates":[-123.16566616698397,45.946262966905174]}},{"type":"Feature","properties":{"kind":"pod","name":"72580","use":"ANADROMOUS AND RESIDENT FISH HABITAT (INSTREAM)","source":"OAK RANCH CREEK","link":"https://apps.wrd.state.or.us/apps/wr/wrinfo/wr_details.aspx?snp_id=124835","pod_use_id":196199},"geometry":{"type":"Point","coordinates":[-123.16566616698397,45.946262966905174]}},{"type":"Feature","properties":{"kind":"pod","name":"72580","use":"ANADROMOUS AND RESIDENT FISH HABITAT (INSTREAM)","source":"OAK RANCH CREEK","link":"https://apps.wrd.state.or.us/apps/wr/wrinfo/wr_details.aspx?snp_id=124835","pod_use_id":196201},"geometry":{"type":"Point","coordinates":[-123.16566616698397,45.946262966905174]}},{"type":"Feature","properties":{"kind":"pod","name":"72580","use":"ANADROMOUS AND RESIDENT FISH HABITAT (INSTREAM)","source":"OAK RANCH CREEK","link":"https://apps.wrd.state.or.us/apps/wr/wrinfo/wr_details.aspx?snp_id=124835","pod_use_id":196202},"geometry":{"type":"Point","coordinates":[-123.16566616698397,45.946262966905174]}},{"type":"Feature","properties":{"kind":"pod","name":"72580","use":"ANADROMOUS AND RESIDENT FISH HABITAT (INSTREAM)","source":"OAK RANCH CREEK","link":"https://apps.wrd.state.or.us/apps/wr/wrinfo/wr_details.aspx?snp_id=124835","pod_use_id":196206},"geometry":{"type":"Point","coordinates":[-123.16566616698397,45.946262966905174]}},{"type":"Feature","properties":{"kind":"pod","name":"72580","use":"ANADROMOUS AND RESIDENT FISH HABITAT (INSTREAM)","source":"OAK RANCH CREEK","link":"https://apps.wrd.state.or.us/apps/wr/wrinfo/wr_details.aspx?snp_id=124835","pod_use_id":196208},"geometry":{"type":"Point","coordinates":[-123.16566616698397,45.946262966905174]}},{"type":"Feature","properties":{"kind":"pod","name":"72580","use":"ANADROMOUS AND RESIDENT FISH HABITAT (INSTREAM)","source":"OAK RANCH CREEK","link":"https://apps.wrd.state.or.us/apps/wr/wrinfo/wr_details.aspx?snp_id=124835","pod_use_id":196211},"geometry":{"type":"Point","coordinates":[-123.16566616698397,45.946262966905174]}},{"type":"Feature","properties":{"kind":"pod","name":"72580","use":"ANADROMOUS AND RESIDENT FISH HABITAT (INSTREAM)","source":"OAK RANCH CREEK","link":"https://apps.wrd.state.or.us/apps/wr/wrinfo/wr_details.aspx?snp_id=124835","pod_use_id":196218},"geometry":{"type":"Point","coordinates":[-123.16566616698397,45.946262966905174]}},{"type":"Feature","properties":{"kind":"pod","name":"72580","use":"ANADROMOUS AND RESIDENT FISH HABITAT (INSTREAM)","source":"OAK RANCH CREEK","link":"https://apps.wrd.state.or.us/apps/wr/wrinfo/wr_details.aspx?snp_id=124835","pod_use_id":196219},"geometry":{"type":"Point","coordinates":[-123.16566616698397,45.946262966905174]}},{"type":"Feature","properties":{"kind":"pod","name":"72580","use":"ANADROMOUS AND RESIDENT FISH HABITAT (INSTREAM)","source":"OAK RANCH CREEK","link":"https://apps.wrd.state.or.us/apps/wr/wrinfo/wr_details.aspx?snp_id=124835","pod_use_id":196220},"geometry":{"type":"Point","coordinates":[-123.16566616698397,45.946262966905174]}},{"type":"Feature","properties":{"kind":"pod","name":"72581","use":"ANADROMOUS AND RESIDENT FISH HABITAT (INSTREAM)","source":"BEAVER CREEK","link":"https://apps.wrd.state.or.us/apps/wr/wrinfo/wr_details.aspx?snp_id=124836","pod_use_id":196222},"geometry":{"type":"Point","coordinates":[-123.33568567057554,46.00115381904898]}},{"type":"Feature","properties":{"kind":"pod","name":"72581","use":"ANADROMOUS AND RESIDENT FISH HABITAT (INSTREAM)","source":"BEAVER CREEK","link":"https://apps.wrd.state.or.us/apps/wr/wrinfo/wr_details.aspx?snp_id=124836","pod_use_id":196226},"geometry":{"type":"Point","coordinates":[-123.33568567057554,46.00115381904898]}},{"type":"Feature","properties":{"kind":"pod","name":"72581","use":"ANADROMOUS AND RESIDENT FISH HABITAT (INSTREAM)","source":"BEAVER CREEK","link":"https://apps.wrd.state.or.us/apps/wr/wrinfo/wr_details.aspx?snp_id=124836","pod_use_id":196231},"geometry":{"type":"Point","coordinates":[-123.33568567057554,46.00115381904898]}},{"type":"Feature","properties":{"kind":"pod","name":"72581","use":"ANADROMOUS AND RESIDENT FISH HABITAT (INSTREAM)","source":"BEAVER CREEK","link":"https://apps.wrd.state.or.us/apps/wr/wrinfo/wr_details.aspx?snp_id=124836","pod_use_id":196232},"geometry":{"type":"Point","coordinates":[-123.33568567057554,46.00115381904898]}},{"type":"Feature","properties":{"kind":"pod","name":"72581","use":"ANADROMOUS AND RESIDENT FISH HABITAT (INSTREAM)","source":"BEAVER CREEK","link":"https://apps.wrd.state.or.us/apps/wr/wrinfo/wr_details.aspx?snp_id=124836","pod_use_id":196234},"geometry":{"type":"Point","coordinates":[-123.33568567057554,46.00115381904898]}},{"type":"Feature","properties":{"kind":"pod","name":"72581","use":"ANADROMOUS AND RESIDENT FISH HABITAT (INSTREAM)","source":"BEAVER CREEK","link":"https://apps.wrd.state.or.us/apps/wr/wrinfo/wr_details.aspx?snp_id=124836","pod_use_id":196236},"geometry":{"type":"Point","coordinates":[-123.33568567057554,46.00115381904898]}},{"type":"Feature","properties":{"kind":"pod","name":"72581","use":"ANADROMOUS AND RESIDENT FISH HABITAT (INSTREAM)","source":"BEAVER CREEK","link":"https://apps.wrd.state.or.us/apps/wr/wrinfo/wr_details.aspx?snp_id=124836","pod_use_id":196239},"geometry":{"type":"Point","coordinates":[-123.33568567057554,46.00115381904898]}},{"type":"Feature","properties":{"kind":"pod","name":"72581","use":"ANADROMOUS AND RESIDENT FISH HABITAT (INSTREAM)","source":"BEAVER CREEK","link":"https://apps.wrd.state.or.us/apps/wr/wrinfo/wr_details.aspx?snp_id=124836","pod_use_id":196240},"geometry":{"type":"Point","coordinates":[-123.33568567057554,46.00115381904898]}},{"type":"Feature","properties":{"kind":"pod","name":"72581","use":"ANADROMOUS AND RESIDENT FISH HABITAT (INSTREAM)","source":"BEAVER CREEK","link":"https://apps.wrd.state.or.us/apps/wr/wrinfo/wr_details.aspx?snp_id=124836","pod_use_id":196242},"geometry":{"type":"Point","coordinates":[-123.33568567057554,46.00115381904898]}},{"type":"Feature","properties":{"kind":"pod","name":"72581","use":"ANADROMOUS AND RESIDENT FISH HABITAT (INSTREAM)","source":"BEAVER CREEK","link":"https://apps.wrd.state.or.us/apps/wr/wrinfo/wr_details.aspx?snp_id=124836","pod_use_id":196243},"geometry":{"type":"Point","coordinates":[-123.33568567057554,46.00115381904898]}},{"type":"Feature","properties":{"kind":"pod","name":"73182","use":"ANADROMOUS AND RESIDENT FISH HABITAT (INSTREAM)","source":"ROY CREEK","link":"https://apps.wrd.state.or.us/apps/wr/wrinfo/wr_details.aspx?snp_id=125421","pod_use_id":208269},"geometry":{"type":"Point","coordinates":[-123.8361711442862,45.702391062940464]}},{"type":"Feature","properties":{"kind":"pod","name":"73182","use":"ANADROMOUS AND RESIDENT FISH HABITAT (INSTREAM)","source":"ROY CREEK","link":"https://apps.wrd.state.or.us/apps/wr/wrinfo/wr_details.aspx?snp_id=125421","pod_use_id":208270},"geometry":{"type":"Point","coordinates":[-123.8361711442862,45.702391062940464]}},{"type":"Feature","properties":{"kind":"pod","name":"73182","use":"ANADROMOUS AND RESIDENT FISH HABITAT (INSTREAM)","source":"ROY CREEK","link":"https://apps.wrd.state.or.us/apps/wr/wrinfo/wr_details.aspx?snp_id=125421","pod_use_id":208273},"geometry":{"type":"Point","coordinates":[-123.8361711442862,45.702391062940464]}},{"type":"Feature","properties":{"kind":"pod","name":"73182","use":"ANADROMOUS AND RESIDENT FISH HABITAT (INSTREAM)","source":"ROY CREEK","link":"https://apps.wrd.state.or.us/apps/wr/wrinfo/wr_details.aspx?snp_id=125421","pod_use_id":208279},"geometry":{"type":"Point","coordinates":[-123.8361711442862,45.702391062940464]}},{"type":"Feature","properties":{"kind":"pod","name":"73182","use":"ANADROMOUS AND RESIDENT FISH HABITAT (INSTREAM)","source":"ROY CREEK","link":"https://apps.wrd.state.or.us/apps/wr/wrinfo/wr_details.aspx?snp_id=125421","pod_use_id":208281},"geometry":{"type":"Point","coordinates":[-123.8361711442862,45.702391062940464]}},{"type":"Feature","properties":{"kind":"pod","name":"73182","use":"ANADROMOUS AND RESIDENT FISH HABITAT (INSTREAM)","source":"ROY CREEK","link":"https://apps.wrd.state.or.us/apps/wr/wrinfo/wr_details.aspx?snp_id=125421","pod_use_id":208282},"geometry":{"type":"Point","coordinates":[-123.8361711442862,45.702391062940464]}},{"type":"Feature","properties":{"kind":"pod","name":"73182","use":"ANADROMOUS AND RESIDENT FISH HABITAT (INSTREAM)","source":"ROY CREEK","link":"https://apps.wrd.state.or.us/apps/wr/wrinfo/wr_details.aspx?snp_id=125421","pod_use_id":208283},"geometry":{"type":"Point","coordinates":[-123.8361711442862,45.702391062940464]}},{"type":"Feature","properties":{"kind":"pod","name":"73182","use":"ANADROMOUS AND RESIDENT FISH HABITAT (INSTREAM)","source":"ROY CREEK","link":"https://apps.wrd.state.or.us/apps/wr/wrinfo/wr_details.aspx?snp_id=125421","pod_use_id":208285},"geometry":{"type":"Point","coordinates":[-123.8361711442862,45.702391062940464]}},{"type":"Feature","properties":{"kind":"pod","name":"73182","use":"ANADROMOUS AND RESIDENT FISH HABITAT (INSTREAM)","source":"ROY CREEK","link":"https://apps.wrd.state.or.us/apps/wr/wrinfo/wr_details.aspx?snp_id=125421","pod_use_id":208286},"geometry":{"type":"Point","coordinates":[-123.8361711442862,45.702391062940464]}},{"type":"Feature","properties":{"kind":"pod","name":"73182","use":"ANADROMOUS AND RESIDENT FISH HABITAT (INSTREAM)","source":"ROY CREEK","link":"https://apps.wrd.state.or.us/apps/wr/wrinfo/wr_details.aspx?snp_id=125421","pod_use_id":208287},"geometry":{"type":"Point","coordinates":[-123.8361711442862,45.702391062940464]}},{"type":"Feature","properties":{"kind":"pod","name":"73182","use":"ANADROMOUS AND RESIDENT FISH HABITAT (INSTREAM)","source":"ROY CREEK","link":"https://apps.wrd.state.or.us/apps/wr/wrinfo/wr_details.aspx?snp_id=125421","pod_use_id":208289},"geometry":{"type":"Point","coordinates":[-123.8361711442862,45.702391062940464]}},{"type":"Feature","properties":{"kind":"pod","name":"73182","use":"ANADROMOUS AND RESIDENT FISH HABITAT (INSTREAM)","source":"ROY CREEK","link":"https://apps.wrd.state.or.us/apps/wr/wrinfo/wr_details.aspx?snp_id=125421","pod_use_id":208292},"geometry":{"type":"Point","coordinates":[-123.8361711442862,45.702391062940464]}},{"type":"Feature","properties":{"kind":"pod","name":"80014","use":"DOMESTIC EXPANDED","source":"NEHALEM RIVER                                     ","link":"https://apps.wrd.state.or.us/apps/wr/wrinfo/wr_details.aspx?snp_id=134437","pod_use_id":238108},"geometry":{"type":"Point","coordinates":[-123.2504832889039,45.84633447202446]}},{"type":"Feature","properties":{"kind":"pod","name":"80153","use":"DOMESTIC EXPANDED","source":"RACK HEAP CREEK                                  ","link":"https://apps.wrd.state.or.us/apps/wr/wrinfo/wr_details.aspx?snp_id=134660","pod_use_id":238617},"geometry":{"type":"Point","coordinates":[-123.83078214592321,45.76312012636555]}},{"type":"Feature","properties":{"kind":"pod","name":"80153","use":"HUMAN CONSUMPTION","source":"RACK HEAP CREEK                                  ","link":"https://apps.wrd.state.or.us/apps/wr/wrinfo/wr_details.aspx?snp_id=134660","pod_use_id":238618},"geometry":{"type":"Point","coordinates":[-123.83078214592321,45.76312012636555]}},{"type":"Feature","properties":{"kind":"pod","name":"R  13724","use":"FISH CULTURE","source":"WOLF CREEK                                        ","link":"https://apps.wrd.state.or.us/apps/wr/wrinfo/wr_details.aspx?snp_id=135123","pod_use_id":240293},"geometry":{"type":"Point","coordinates":[-123.30136348658918,45.75970804908914]}},{"type":"Feature","properties":{"kind":"pod","name":"R  13724","use":"FISH CULTURE","source":"WOLF CREEK                                        ","link":"https://apps.wrd.state.or.us/apps/wr/wrinfo/wr_details.aspx?snp_id=135123","pod_use_id":240298},"geometry":{"type":"Point","coordinates":[-123.30136348658918,45.75970804908914]}},{"type":"Feature","properties":{"kind":"pod","name":"61569","use":"LIVESTOCK","source":"A SPRING                                          ","link":"https://apps.wrd.state.or.us/apps/wr/wrinfo/wr_details.aspx?snp_id=113933","pod_use_id":272105},"geometry":{"type":"Point","coordinates":[-123.24476601517833,46.027166113240206]}},{"type":"Feature","properties":{"kind":"pod","name":"R  13974","use":"MULTIPLE PURPOSE","source":"UNNAMED STREAM                                    ","link":"https://apps.wrd.state.or.us/apps/wr/wrinfo/wr_details.aspx?snp_id=140655","pod_use_id":274689},"geometry":{"type":"Point","coordinates":[-123.31161704147952,46.013970048137956]}},{"type":"Feature","properties":{"kind":"pod","name":"R  13974","use":"MULTIPLE PURPOSE","source":"UNNAMED STREAM                                    ","link":"https://apps.wrd.state.or.us/apps/wr/wrinfo/wr_details.aspx?snp_id=140655","pod_use_id":274690},"geometry":{"type":"Point","coordinates":[-123.31161704147952,46.013970048137956]}},{"type":"Feature","properties":{"kind":"pod","name":"80153","use":"DOMESTIC EXPANDED","source":"RACK HEAP CREEK                                  ","link":"https://apps.wrd.state.or.us/apps/wr/wrinfo/wr_details.aspx?snp_id=134660","pod_use_id":284815},"geometry":{"type":"Point","coordinates":[-123.83078214592321,45.76312012636555]}},{"type":"Feature","properties":{"kind":"pod","name":"R  13724","use":"FISH CULTURE","source":"WOLF CREEK                                        ","link":"https://apps.wrd.state.or.us/apps/wr/wrinfo/wr_details.aspx?snp_id=135123","pod_use_id":284936},"geometry":{"type":"Point","coordinates":[-123.30136348658918,45.75970804908914]}},{"type":"Feature","properties":{"kind":"pod","name":"R  13974","use":"MULTIPLE PURPOSE","source":"UNNAMED STREAM                                    ","link":"https://apps.wrd.state.or.us/apps/wr/wrinfo/wr_details.aspx?snp_id=140655","pod_use_id":285600},"geometry":{"type":"Point","coordinates":[-123.31161704147952,46.013970048137956]}},{"type":"Feature","properties":{"kind":"pod","name":"1165","use":"DOMESTIC","source":"ALDER CREEK                                       ","link":"https://apps.wrd.state.or.us/apps/wr/wrinfo/wr_details.aspx?snp_id=53512","pod_use_id":306440},"geometry":{"type":"Point","coordinates":[-123.90871694313343,45.7183747718937]}},{"type":"Feature","properties":{"kind":"pod","name":"81886","use":"DOMESTIC EXPANDED","source":"NORTHRUP CREEK                                    ","link":"https://apps.wrd.state.or.us/apps/wr/wrinfo/wr_details.aspx?snp_id=146266","pod_use_id":310499},"geometry":{"type":"Point","coordinates":[-123.4227019184286,45.98447066150123]}},{"type":"Feature","properties":{"kind":"pod","name":"82037","use":"IRRIGATION","source":"NEHALEM RIVER                                     ","link":"https://apps.wrd.state.or.us/apps/wr/wrinfo/wr_details.aspx?snp_id=147536","pod_use_id":322572},"geometry":{"type":"Point","coordinates":[-123.26902323535893,46.00327153032055]}},{"type":"Feature","properties":{"kind":"pod","name":"82037","use":"LIVESTOCK","source":"NEHALEM RIVER                                     ","link":"https://apps.wrd.state.or.us/apps/wr/wrinfo/wr_details.aspx?snp_id=147536","pod_use_id":322573},"geometry":{"type":"Point","coordinates":[-123.26902323535893,46.00327153032055]}},{"type":"Feature","properties":{"kind":"pod","name":"82038","use":"IRRIGATION","source":"UNNAMED STREAM                                    ","link":"https://apps.wrd.state.or.us/apps/wr/wrinfo/wr_details.aspx?snp_id=147556","pod_use_id":322638},"geometry":{"type":"Point","coordinates":[-123.23416516383932,45.813984464482274]}},{"type":"Feature","properties":{"kind":"pod","name":"82116","use":"IRRIGATION","source":"NEHALEM RIVER                                     ","link":"https://apps.wrd.state.or.us/apps/wr/wrinfo/wr_details.aspx?snp_id=147770","pod_use_id":326774},"geometry":{"type":"Point","coordinates":[-123.16766794841713,45.876978857391926]}},{"type":"Feature","properties":{"kind":"pod","name":"82159","use":"MUNICIPAL USES","source":"WEST FORK ANDERSON CREEK                          ","link":"https://apps.wrd.state.or.us/apps/wr/wrinfo/wr_details.aspx?snp_id=148091","pod_use_id":334411},"geometry":{"type":"Point","coordinates":[-123.89900263015888,45.752287781923414]}},{"type":"Feature","properties":{"kind":"pod","name":"82229","use":"IRRIGATION","source":"BEAVER CREEK                                      ","link":"https://apps.wrd.state.or.us/apps/wr/wrinfo/wr_details.aspx?snp_id=148164","pod_use_id":334738},"geometry":{"type":"Point","coordinates":[-123.22418347675303,45.839073651830724]}},{"type":"Feature","properties":{"kind":"pod","name":"83245","use":"WILDLIFE","source":"OAK RANCH CREEK","link":"https://apps.wrd.state.or.us/apps/wr/wrinfo/wr_details.aspx?snp_id=151644","pod_use_id":364851},"geometry":{"type":"Point","coordinates":[-123.05446088925187,45.92569212233505]}},{"type":"Feature","properties":{"kind":"pod","name":"84143","use":"DOMESTIC EXPANDED","source":"NORTH FORK NEHALEM RIVER","link":"https://apps.wrd.state.or.us/apps/wr/wrinfo/wr_details.aspx?snp_id=160814","pod_use_id":456257},"geometry":{"type":"Point","coordinates":[-123.82669169805662,45.787249916581125]}},{"type":"Feature","properties":{"kind":"pod","name":"84280","use":"HUMAN CONSUMPTION","source":"NORTH FORK NEHALEM RIVER","link":"https://apps.wrd.state.or.us/apps/wr/wrinfo/wr_details.aspx?snp_id=161357","pod_use_id":480853},"geometry":{"type":"Point","coordinates":[-123.82572075729132,45.78562618090995]}},{"type":"Feature","properties":{"kind":"pod","name":"84280","use":"DOMESTIC EXPANDED","source":"NORTH FORK NEHALEM RIVER","link":"https://apps.wrd.state.or.us/apps/wr/wrinfo/wr_details.aspx?snp_id=161357","pod_use_id":480858},"geometry":{"type":"Point","coordinates":[-123.82572075729132,45.78562618090995]}},{"type":"Feature","properties":{"kind":"pod","name":"84300","use":"DOMESTIC EXPANDED","source":"LITTLE RACK HEAP CREEK","link":"https://apps.wrd.state.or.us/apps/wr/wrinfo/wr_details.aspx?snp_id=161405","pod_use_id":482603},"geometry":{"type":"Point","coordinates":[-123.83258535456908,45.7616549169342]}},{"type":"Feature","properties":{"kind":"pod","name":"84300","use":"HUMAN CONSUMPTION","source":"LITTLE RACK HEAP CREEK","link":"https://apps.wrd.state.or.us/apps/wr/wrinfo/wr_details.aspx?snp_id=161405","pod_use_id":482604},"geometry":{"type":"Point","coordinates":[-123.83258535456908,45.7616549169342]}},{"type":"Feature","properties":{"kind":"pod","name":"84372","use":"HUMAN CONSUMPTION","source":"SOAPSTONE CREEK","link":"https://apps.wrd.state.or.us/apps/wr/wrinfo/wr_details.aspx?snp_id=161695","pod_use_id":493806},"geometry":{"type":"Point","coordinates":[-123.77411904916953,45.823055165463]}},{"type":"Feature","properties":{"kind":"pod","name":"84372","use":"HUMAN CONSUMPTION","source":"SOAPSTONE CREEK","link":"https://apps.wrd.state.or.us/apps/wr/wrinfo/wr_details.aspx?snp_id=161695","pod_use_id":493807},"geometry":{"type":"Point","coordinates":[-123.77411904916953,45.823055165463]}},{"type":"Feature","properties":{"kind":"pod","name":"84462","use":"DOMESTIC EXPANDED","source":"NEHALEM RIVER","link":"https://apps.wrd.state.or.us/apps/wr/wrinfo/wr_details.aspx?snp_id=161773","pod_use_id":495957},"geometry":{"type":"Point","coordinates":[-123.34663235130908,45.977482980272164]}},{"type":"Feature","properties":{"kind":"pod","name":"84462","use":"HUMAN CONSUMPTION","source":"NEHALEM RIVER","link":"https://apps.wrd.state.or.us/apps/wr/wrinfo/wr_details.aspx?snp_id=161773","pod_use_id":495964},"geometry":{"type":"Point","coordinates":[-123.34663235130908,45.977482980272164]}},{"type":"Feature","properties":{"kind":"pod","name":"84475","use":"DOMESTIC EXPANDED","source":"UNNAMED STREAM","link":"https://apps.wrd.state.or.us/apps/wr/wrinfo/wr_details.aspx?snp_id=161871","pod_use_id":499141},"geometry":{"type":"Point","coordinates":[-123.91951922050323,45.67328316478401]}},{"type":"Feature","properties":{"kind":"pod","name":"84507","use":"HUMAN CONSUMPTION","source":"UNNAMED STREAM","link":"https://apps.wrd.state.or.us/apps/wr/wrinfo/wr_details.aspx?snp_id=161982","pod_use_id":503132},"geometry":{"type":"Point","coordinates":[-123.6524793501754,45.74619122947376]}},{"type":"Feature","properties":{"kind":"pod","name":"84558","use":"DOMESTIC EXPANDED","source":"NORTH FORK NEHALEM RIVER","link":"https://apps.wrd.state.or.us/apps/wr/wrinfo/wr_details.aspx?snp_id=161997","pod_use_id":503186},"geometry":{"type":"Point","coordinates":[-123.82239465608872,45.78675282190595]}},{"type":"Feature","properties":{"kind":"pod","name":"84558","use":"HUMAN CONSUMPTION","source":"NORTH FORK NEHALEM RIVER","link":"https://apps.wrd.state.or.us/apps/wr/wrinfo/wr_details.aspx?snp_id=161997","pod_use_id":503187},"geometry":{"type":"Point","coordinates":[-123.82239465608872,45.78675282190595]}},{"type":"Feature","properties":{"kind":"pod","name":"84966","use":"DOMESTIC EXPANDED","source":"NORTH FORK NEHALEM RIVER","link":"https://apps.wrd.state.or.us/apps/wr/wrinfo/wr_details.aspx?snp_id=163520","pod_use_id":516673},"geometry":{"type":"Point","coordinates":[-123.82283289878855,45.78806707796682]}},{"type":"Feature","properties":{"kind":"pod","name":"84966","use":"HUMAN CONSUMPTION","source":"NORTH FORK NEHALEM RIVER","link":"https://apps.wrd.state.or.us/apps/wr/wrinfo/wr_details.aspx?snp_id=163520","pod_use_id":516674},"geometry":{"type":"Point","coordinates":[-123.82283289878855,45.78806707796682]}},{"type":"Feature","properties":{"kind":"pod","name":"84987","use":"DOMESTIC EXPANDED","source":"BEAVER CREEK","link":"https://apps.wrd.state.or.us/apps/wr/wrinfo/wr_details.aspx?snp_id=163575","pod_use_id":517106},"geometry":{"type":"Point","coordinates":[-123.2177635587719,45.838922792232964]}},{"type":"Feature","properties":{"kind":"pod","name":"84987","use":"DOMESTIC EXPANDED","source":"BEAVER CREEK","link":"https://apps.wrd.state.or.us/apps/wr/wrinfo/wr_details.aspx?snp_id=163575","pod_use_id":517107},"geometry":{"type":"Point","coordinates":[-123.22005284657503,45.83927838860348]}},{"type":"Feature","properties":{"kind":"pod","name":"84987","use":"DOMESTIC EXPANDED","source":"BEAVER CREEK","link":"https://apps.wrd.state.or.us/apps/wr/wrinfo/wr_details.aspx?snp_id=163575","pod_use_id":517108},"geometry":{"type":"Point","coordinates":[-123.2177635587719,45.838922792232964]}},{"type":"Feature","properties":{"kind":"pod","name":"84987","use":"HUMAN CONSUMPTION","source":"BEAVER CREEK","link":"https://apps.wrd.state.or.us/apps/wr/wrinfo/wr_details.aspx?snp_id=163575","pod_use_id":517109},"geometry":{"type":"Point","coordinates":[-123.2177635587719,45.838922792232964]}},{"type":"Feature","properties":{"kind":"pod","name":"84987","use":"DOMESTIC EXPANDED","source":"BEAVER CREEK","link":"https://apps.wrd.state.or.us/apps/wr/wrinfo/wr_details.aspx?snp_id=163575","pod_use_id":517110},"geometry":{"type":"Point","coordinates":[-123.22005284657503,45.83927838860348]}},{"type":"Feature","properties":{"kind":"pod","name":"84987","use":"HUMAN CONSUMPTION","source":"BEAVER CREEK","link":"https://apps.wrd.state.or.us/apps/wr/wrinfo/wr_details.aspx?snp_id=163575","pod_use_id":517111},"geometry":{"type":"Point","coordinates":[-123.22005284657503,45.83927838860348]}},{"type":"Feature","properties":{"kind":"pod","name":"T  10877","use":"QUASI-MUNICIPAL USES","source":"ROCK CREEK","link":"https://apps.wrd.state.or.us/apps/wr/wrinfo/wr_details.aspx?snp_id=165875","pod_use_id":552121},"geometry":{"type":"Point","coordinates":[-123.25699293369625,45.885219103336595]}},{"type":"Feature","properties":{"kind":"pod","name":"T  10877","use":"QUASI-MUNICIPAL USES","source":"ROCK CREEK","link":"https://apps.wrd.state.or.us/apps/wr/wrinfo/wr_details.aspx?snp_id=165875","pod_use_id":552122},"geometry":{"type":"Point","coordinates":[-123.25694736383844,45.88504414122818]}},{"type":"Feature","properties":{"kind":"pod","name":"T  10877","use":"QUASI-MUNICIPAL USES","source":"ROCK CREEK","link":"https://apps.wrd.state.or.us/apps/wr/wrinfo/wr_details.aspx?snp_id=165875","pod_use_id":552123},"geometry":{"type":"Point","coordinates":[-123.25624080512348,45.885407472733746]}},{"type":"Feature","properties":{"kind":"pod","name":"T  10877","use":"QUASI-MUNICIPAL USES","source":"ROCK CREEK","link":"https://apps.wrd.state.or.us/apps/wr/wrinfo/wr_details.aspx?snp_id=165875","pod_use_id":552124},"geometry":{"type":"Point","coordinates":[-123.2558629776839,45.88542588917967]}},{"type":"Feature","properties":{"kind":"pod","name":"T  10877","use":"QUASI-MUNICIPAL USES","source":"ROCK CREEK","link":"https://apps.wrd.state.or.us/apps/wr/wrinfo/wr_details.aspx?snp_id=165875","pod_use_id":552125},"geometry":{"type":"Point","coordinates":[-123.25551129464448,45.885418201195776]}},{"type":"Feature","properties":{"kind":"pod","name":"T  10877","use":"QUASI-MUNICIPAL USES","source":"ROCK CREEK","link":"https://apps.wrd.state.or.us/apps/wr/wrinfo/wr_details.aspx?snp_id=165875","pod_use_id":552126},"geometry":{"type":"Point","coordinates":[-123.25516446353755,45.88541677703915]}},{"type":"Feature","properties":{"kind":"pod","name":"T  10877","use":"QUASI-MUNICIPAL USES","source":"ROCK CREEK","link":"https://apps.wrd.state.or.us/apps/wr/wrinfo/wr_details.aspx?snp_id=165875","pod_use_id":552127},"geometry":{"type":"Point","coordinates":[-123.25480682549527,45.88538053579871]}},{"type":"Feature","properties":{"kind":"pod","name":"T  10877","use":"QUASI-MUNICIPAL USES","source":"ROCK CREEK","link":"https://apps.wrd.state.or.us/apps/wr/wrinfo/wr_details.aspx?snp_id=165875","pod_use_id":552128},"geometry":{"type":"Point","coordinates":[-123.25448246891801,45.88527662202213]}},{"type":"Feature","properties":{"kind":"pod","name":"T  10877","use":"QUASI-MUNICIPAL USES","source":"ROCK CREEK","link":"https://apps.wrd.state.or.us/apps/wr/wrinfo/wr_details.aspx?snp_id=165875","pod_use_id":552129},"geometry":{"type":"Point","coordinates":[-123.2541844980196,45.88515295403154]}},{"type":"Feature","properties":{"kind":"pod","name":"T  10877","use":"QUASI-MUNICIPAL USES","source":"ROCK CREEK","link":"https://apps.wrd.state.or.us/apps/wr/wrinfo/wr_details.aspx?snp_id=165875","pod_use_id":552130},"geometry":{"type":"Point","coordinates":[-123.25390889257045,45.885019227922065]}},{"type":"Feature","properties":{"kind":"pod","name":"T  10877","use":"QUASI-MUNICIPAL USES","source":"ROCK CREEK","link":"https://apps.wrd.state.or.us/apps/wr/wrinfo/wr_details.aspx?snp_id=165875","pod_use_id":552131},"geometry":{"type":"Point","coordinates":[-123.25374731860857,45.884790401728026]}},{"type":"Feature","properties":{"kind":"pod","name":"T  10877","use":"QUASI-MUNICIPAL USES","source":"ROCK CREEK","link":"https://apps.wrd.state.or.us/apps/wr/wrinfo/wr_details.aspx?snp_id=165875","pod_use_id":552132},"geometry":{"type":"Point","coordinates":[-123.25361510207625,45.884602312043725]}},{"type":"Feature","properties":{"kind":"pod","name":"T  10877","use":"QUASI-MUNICIPAL USES","source":"ROCK CREEK","link":"https://apps.wrd.state.or.us/apps/wr/wrinfo/wr_details.aspx?snp_id=165875","pod_use_id":552133},"geometry":{"type":"Point","coordinates":[-123.25352827156277,45.88431437514705]}},{"type":"Feature","properties":{"kind":"pod","name":"T  10877","use":"QUASI-MUNICIPAL USES","source":"ROCK CREEK","link":"https://apps.wrd.state.or.us/apps/wr/wrinfo/wr_details.aspx?snp_id=165875","pod_use_id":552134},"geometry":{"type":"Point","coordinates":[-123.25346820887442,45.88410868363018]}},{"type":"Feature","properties":{"kind":"pod","name":"T  10877","use":"QUASI-MUNICIPAL USES","source":"ROCK CREEK","link":"https://apps.wrd.state.or.us/apps/wr/wrinfo/wr_details.aspx?snp_id=165875","pod_use_id":552135},"geometry":{"type":"Point","coordinates":[-123.25343880236237,45.8838767601827]}},{"type":"Feature","properties":{"kind":"pod","name":"T  10877","use":"QUASI-MUNICIPAL USES","source":"ROCK CREEK","link":"https://apps.wrd.state.or.us/apps/wr/wrinfo/wr_details.aspx?snp_id=165875","pod_use_id":552136},"geometry":{"type":"Point","coordinates":[-123.2534122921061,45.88360972283056]}},{"type":"Feature","properties":{"kind":"pod","name":"T  10877","use":"QUASI-MUNICIPAL USES","source":"ROCK CREEK","link":"https://apps.wrd.state.or.us/apps/wr/wrinfo/wr_details.aspx?snp_id=165875","pod_use_id":552138},"geometry":{"type":"Point","coordinates":[-123.2533741012643,45.88338438284607]}},{"type":"Feature","properties":{"kind":"pod","name":"T  10877","use":"QUASI-MUNICIPAL USES","source":"ROCK CREEK","link":"https://apps.wrd.state.or.us/apps/wr/wrinfo/wr_details.aspx?snp_id=165875","pod_use_id":552139},"geometry":{"type":"Point","coordinates":[-123.25334903669632,45.88295799155388]}},{"type":"Feature","properties":{"kind":"pod","name":"T  10877","use":"QUASI-MUNICIPAL USES","source":"ROCK CREEK","link":"https://apps.wrd.state.or.us/apps/wr/wrinfo/wr_details.aspx?snp_id=165875","pod_use_id":552140},"geometry":{"type":"Point","coordinates":[-123.25338329335834,45.88262579345187]}},{"type":"Feature","properties":{"kind":"pod","name":"T  10877","use":"QUASI-MUNICIPAL USES","source":"ROCK CREEK","link":"https://apps.wrd.state.or.us/apps/wr/wrinfo/wr_details.aspx?snp_id=165875","pod_use_id":552141},"geometry":{"type":"Point","coordinates":[-123.25339202615037,45.88242802220605]}},{"type":"Feature","properties":{"kind":"pod","name":"T  10877","use":"QUASI-MUNICIPAL USES","source":"ROCK CREEK","link":"https://apps.wrd.state.or.us/apps/wr/wrinfo/wr_details.aspx?snp_id=165875","pod_use_id":552142},"geometry":{"type":"Point","coordinates":[-123.25331973336266,45.88196769115887]}},{"type":"Feature","properties":{"kind":"pod","name":"T  10877","use":"QUASI-MUNICIPAL USES","source":"ROCK CREEK","link":"https://apps.wrd.state.or.us/apps/wr/wrinfo/wr_details.aspx?snp_id=165875","pod_use_id":552143},"geometry":{"type":"Point","coordinates":[-123.25302898029648,45.88151885677097]}},{"type":"Feature","properties":{"kind":"pod","name":"T  10877","use":"QUASI-MUNICIPAL USES","source":"ROCK CREEK","link":"https://apps.wrd.state.or.us/apps/wr/wrinfo/wr_details.aspx?snp_id=165875","pod_use_id":552144},"geometry":{"type":"Point","coordinates":[-123.25249979577997,45.881139320171634]}},{"type":"Feature","properties":{"kind":"pod","name":"T  10877","use":"QUASI-MUNICIPAL USES","source":"ROCK CREEK","link":"https://apps.wrd.state.or.us/apps/wr/wrinfo/wr_details.aspx?snp_id=165875","pod_use_id":552145},"geometry":{"type":"Point","coordinates":[-123.25132890242982,45.88117311898056]}},{"type":"Feature","properties":{"kind":"pod","name":"T  10877","use":"QUASI-MUNICIPAL USES","source":"ROCK CREEK","link":"https://apps.wrd.state.or.us/apps/wr/wrinfo/wr_details.aspx?snp_id=165875","pod_use_id":552146},"geometry":{"type":"Point","coordinates":[-123.25096163740791,45.881315546128796]}},{"type":"Feature","properties":{"kind":"pod","name":"T  10877","use":"QUASI-MUNICIPAL USES","source":"ROCK CREEK","link":"https://apps.wrd.state.or.us/apps/wr/wrinfo/wr_details.aspx?snp_id=165875","pod_use_id":552148},"geometry":{"type":"Point","coordinates":[-123.25060616656472,45.88132386715673]}},{"type":"Feature","properties":{"kind":"pod","name":"T  10877","use":"QUASI-MUNICIPAL USES","source":"ROCK CREEK","link":"https://apps.wrd.state.or.us/apps/wr/wrinfo/wr_details.aspx?snp_id=165875","pod_use_id":552149},"geometry":{"type":"Point","coordinates":[-123.25038193598073,45.88130998140397]}},{"type":"Feature","properties":{"kind":"pod","name":"86138","use":"DOMESTIC EXPANDED","source":"LITTLE RACK HEAP CREEK","link":"https://apps.wrd.state.or.us/apps/wr/wrinfo/wr_details.aspx?snp_id=168589","pod_use_id":557556},"geometry":{"type":"Point","coordinates":[-123.83170864219902,45.762010406101666]}},{"type":"Feature","properties":{"kind":"pod","name":"86138","use":"HUMAN CONSUMPTION","source":"LITTLE RACK HEAP CREEK","link":"https://apps.wrd.state.or.us/apps/wr/wrinfo/wr_details.aspx?snp_id=168589","pod_use_id":557557},"geometry":{"type":"Point","coordinates":[-123.83170864219902,45.762010406101666]}},{"type":"Feature","properties":{"kind":"pod","name":"86239","use":"MULTIPLE PURPOSE","source":"NEHALEM RIVER","link":"https://apps.wrd.state.or.us/apps/wr/wrinfo/wr_details.aspx?snp_id=168974","pod_use_id":561389},"geometry":{"type":"Point","coordinates":[-123.29371617172107,46.0053328132621]}},{"type":"Feature","properties":{"kind":"pod","name":"86239","use":"MULTIPLE PURPOSE","source":"UNNAMED STREAM","link":"https://apps.wrd.state.or.us/apps/wr/wrinfo/wr_details.aspx?snp_id=168974","pod_use_id":561391},"geometry":{"type":"Point","coordinates":[-123.30088190738677,46.003138483809465]}},{"type":"Feature","properties":{"kind":"pod","name":"86312","use":"INDUSTRIAL/MANUFACTURING USES","source":"NEHALEM RIVER","link":"https://apps.wrd.state.or.us/apps/wr/wrinfo/wr_details.aspx?snp_id=169056","pod_use_id":561879},"geometry":{"type":"Point","coordinates":[-123.293724339801,46.00533282560644]}},{"type":"Feature","properties":{"kind":"pod","name":"86312","use":"POND MAINTENANCE","source":"NEHALEM RIVER","link":"https://apps.wrd.state.or.us/apps/wr/wrinfo/wr_details.aspx?snp_id=169056","pod_use_id":561880},"geometry":{"type":"Point","coordinates":[-123.293724339801,46.00533282560644]}},{"type":"Feature","properties":{"kind":"pod","name":"T  10877","use":"DOMESTIC EXPANDED","source":"ROCK CREEK","link":"https://apps.wrd.state.or.us/apps/wr/wrinfo/wr_details.aspx?snp_id=172618","pod_use_id":597759},"geometry":{"type":"Point","coordinates":[-123.24962412211015,45.88119084555934]}},{"type":"Feature","properties":{"kind":"pod","name":"T  10877","use":"LIVESTOCK","source":"ROCK CREEK","link":"https://apps.wrd.state.or.us/apps/wr/wrinfo/wr_details.aspx?snp_id=172618","pod_use_id":597760},"geometry":{"type":"Point","coordinates":[-123.24962412211015,45.88119084555934]}},{"type":"Feature","properties":{"kind":"pod","name":"84280","use":"DOMESTIC EXPANDED","source":"NORTH FORK NEHALEM RIVER","link":"https://apps.wrd.state.or.us/apps/wr/wrinfo/wr_details.aspx?snp_id=161357","pod_use_id":598956},"geometry":{"type":"Point","coordinates":[-123.82572075729132,45.78562618090995]}},{"type":"Feature","properties":{"kind":"pod","name":"84300","use":"DOMESTIC EXPANDED","source":"LITTLE RACK HEAP CREEK","link":"https://apps.wrd.state.or.us/apps/wr/wrinfo/wr_details.aspx?snp_id=161405","pod_use_id":598961},"geometry":{"type":"Point","coordinates":[-123.83258535456908,45.7616549169342]}},{"type":"Feature","properties":{"kind":"pod","name":"84372","use":"HUMAN CONSUMPTION","source":"SOAPSTONE CREEK","link":"https://apps.wrd.state.or.us/apps/wr/wrinfo/wr_details.aspx?snp_id=161695","pod_use_id":599027},"geometry":{"type":"Point","coordinates":[-123.77411904916953,45.823055165463]}},{"type":"Feature","properties":{"kind":"pod","name":"84462","use":"DOMESTIC EXPANDED","source":"NEHALEM RIVER","link":"https://apps.wrd.state.or.us/apps/wr/wrinfo/wr_details.aspx?snp_id=161773","pod_use_id":599048},"geometry":{"type":"Point","coordinates":[-123.34663235130908,45.977482980272164]}},{"type":"Feature","properties":{"kind":"pod","name":"84558","use":"DOMESTIC EXPANDED","source":"NORTH FORK NEHALEM RIVER","link":"https://apps.wrd.state.or.us/apps/wr/wrinfo/wr_details.aspx?snp_id=161997","pod_use_id":599130},"geometry":{"type":"Point","coordinates":[-123.82239465608872,45.78675282190595]}},{"type":"Feature","properties":{"kind":"pod","name":"84966","use":"DOMESTIC EXPANDED","source":"NORTH FORK NEHALEM RIVER","link":"https://apps.wrd.state.or.us/apps/wr/wrinfo/wr_details.aspx?snp_id=163520","pod_use_id":599605},"geometry":{"type":"Point","coordinates":[-123.82283289878855,45.78806707796682]}},{"type":"Feature","properties":{"kind":"pod","name":"84987","use":"DOMESTIC EXPANDED","source":"BEAVER CREEK","link":"https://apps.wrd.state.or.us/apps/wr/wrinfo/wr_details.aspx?snp_id=163575","pod_use_id":599622},"geometry":{"type":"Point","coordinates":[-123.2177635587719,45.838922792232964]}},{"type":"Feature","properties":{"kind":"pod","name":"84987","use":"DOMESTIC EXPANDED","source":"BEAVER CREEK","link":"https://apps.wrd.state.or.us/apps/wr/wrinfo/wr_details.aspx?snp_id=163575","pod_use_id":599623},"geometry":{"type":"Point","coordinates":[-123.22005284657503,45.83927838860348]}},{"type":"Feature","properties":{"kind":"pod","name":"86138","use":"DOMESTIC EXPANDED","source":"LITTLE RACK HEAP CREEK","link":"https://apps.wrd.state.or.us/apps/wr/wrinfo/wr_details.aspx?snp_id=168589","pod_use_id":600927},"geometry":{"type":"Point","coordinates":[-123.83170864219902,45.762010406101666]}},{"type":"Feature","properties":{"kind":"pod","name":"86239","use":"MULTIPLE PURPOSE","source":"NEHALEM RIVER","link":"https://apps.wrd.state.or.us/apps/wr/wrinfo/wr_details.aspx?snp_id=168974","pod_use_id":600993},"geometry":{"type":"Point","coordinates":[-123.29371617172107,46.0053328132621]}},{"type":"Feature","properties":{"kind":"pod","name":"86239","use":"MULTIPLE PURPOSE","source":"UNNAMED STREAM","link":"https://apps.wrd.state.or.us/apps/wr/wrinfo/wr_details.aspx?snp_id=168974","pod_use_id":600994},"geometry":{"type":"Point","coordinates":[-123.30088190738677,46.003138483809465]}},{"type":"Feature","properties":{"kind":"pod","name":"47534","use":"DOMESTIC","source":"PETERSON CREEK","link":"https://apps.wrd.state.or.us/apps/wr/wrinfo/wr_details.aspx?snp_id=99934","pod_use_id":642900},"geometry":{"type":"Point","coordinates":[-123.79516347666858,45.70692895498598]}},{"type":"Feature","properties":{"kind":"pod","name":"89664","use":"DOMESTIC EXPANDED","source":"NORTHRUP CREEK","link":"https://apps.wrd.state.or.us/apps/wr/wrinfo/wr_details.aspx?snp_id=182306","pod_use_id":662980},"geometry":{"type":"Point","coordinates":[-123.42546541464435,45.98485320836348]}},{"type":"Feature","properties":{"kind":"pod","name":"89664","use":"DOMESTIC EXPANDED","source":"NORTHRUP CREEK","link":"https://apps.wrd.state.or.us/apps/wr/wrinfo/wr_details.aspx?snp_id=182306","pod_use_id":662981},"geometry":{"type":"Point","coordinates":[-123.42546541464435,45.98485320836348]}},{"type":"Feature","properties":{"kind":"pod","name":"89664","use":"HUMAN CONSUMPTION","source":"NORTHRUP CREEK","link":"https://apps.wrd.state.or.us/apps/wr/wrinfo/wr_details.aspx?snp_id=182306","pod_use_id":662982},"geometry":{"type":"Point","coordinates":[-123.42546541464435,45.98485320836348]}},{"type":"Feature","properties":{"kind":"pod","name":"S  54917","use":"POND MAINTENANCE","source":"UNNAMED STREAM","link":"https://apps.wrd.state.or.us/apps/wr/wrinfo/wr_details.aspx?snp_id=183079","pod_use_id":666794},"geometry":{"type":"Point","coordinates":[-123.31342664782046,46.01317816665971]}},{"type":"Feature","properties":{"kind":"pod","name":"S  54917","use":"POND MAINTENANCE","source":"UNNAMED STREAM","link":"https://apps.wrd.state.or.us/apps/wr/wrinfo/wr_details.aspx?snp_id=183079","pod_use_id":666795},"geometry":{"type":"Point","coordinates":[-123.31342664782046,46.01317816665971]}},{"type":"Feature","properties":{"kind":"pod","name":"S  54917","use":"WILDLIFE","source":"UNNAMED STREAM","link":"https://apps.wrd.state.or.us/apps/wr/wrinfo/wr_details.aspx?snp_id=183079","pod_use_id":666796},"geometry":{"type":"Point","coordinates":[-123.31342664782046,46.01317816665971]}},{"type":"Feature","properties":{"kind":"pod","name":"S  54917","use":"WILDLIFE","source":"UNNAMED STREAM","link":"https://apps.wrd.state.or.us/apps/wr/wrinfo/wr_details.aspx?snp_id=183079","pod_use_id":666797},"geometry":{"type":"Point","coordinates":[-123.31342664782046,46.01317816665971]}},{"type":"Feature","properties":{"kind":"pod","name":"S  54917","use":"WILDLIFE","source":"NEHALEM RIVER","link":"https://apps.wrd.state.or.us/apps/wr/wrinfo/wr_details.aspx?snp_id=183079","pod_use_id":666798},"geometry":{"type":"Point","coordinates":[-123.31091066388957,46.014134914603375]}},{"type":"Feature","properties":{"kind":"pod","name":"S  54917","use":"WILDLIFE","source":"NEHALEM RIVER","link":"https://apps.wrd.state.or.us/apps/wr/wrinfo/wr_details.aspx?snp_id=183079","pod_use_id":666799},"geometry":{"type":"Point","coordinates":[-123.31091066388957,46.014134914603375]}},{"type":"Feature","properties":{"kind":"pod","name":"S  54917","use":"POND MAINTENANCE","source":"NEHALEM RIVER","link":"https://apps.wrd.state.or.us/apps/wr/wrinfo/wr_details.aspx?snp_id=183079","pod_use_id":666800},"geometry":{"type":"Point","coordinates":[-123.31091066388957,46.014134914603375]}},{"type":"Feature","properties":{"kind":"pod","name":"S  54917","use":"POND MAINTENANCE","source":"NEHALEM RIVER","link":"https://apps.wrd.state.or.us/apps/wr/wrinfo/wr_details.aspx?snp_id=183079","pod_use_id":666801},"geometry":{"type":"Point","coordinates":[-123.31091066388957,46.014134914603375]}},{"type":"Feature","properties":{"kind":"pod","name":"90092","use":"INDUSTRIAL/MANUFACTURING USES","source":"WEST FORK PETERSON CREEK","link":"https://apps.wrd.state.or.us/apps/wr/wrinfo/wr_details.aspx?snp_id=183350","pod_use_id":669383},"geometry":{"type":"Point","coordinates":[-123.81647803001808,45.695557422633]}},{"type":"Feature","properties":{"kind":"pod","name":"90092","use":"INDUSTRIAL/MANUFACTURING USES","source":"WEST FORK PETERSON CREEK","link":"https://apps.wrd.state.or.us/apps/wr/wrinfo/wr_details.aspx?snp_id=183350","pod_use_id":669386},"geometry":{"type":"Point","coordinates":[-123.81647803001808,45.695557422633]}},{"type":"Feature","properties":{"kind":"pod","name":"90092","use":"INDUSTRIAL/MANUFACTURING USES","source":"WEST FORK PETERSON CREEK","link":"https://apps.wrd.state.or.us/apps/wr/wrinfo/wr_details.aspx?snp_id=183350","pod_use_id":669387},"geometry":{"type":"Point","coordinates":[-123.81647803001808,45.695557422633]}},{"type":"Feature","properties":{"kind":"pod","name":"90092","use":"INDUSTRIAL/MANUFACTURING USES","source":"WEST FORK PETERSON CREEK","link":"https://apps.wrd.state.or.us/apps/wr/wrinfo/wr_details.aspx?snp_id=183350","pod_use_id":669388},"geometry":{"type":"Point","coordinates":[-123.81647803001808,45.695557422633]}},{"type":"Feature","properties":{"kind":"pod","name":"90103","use":"INDUSTRIAL/MANUFACTURING USES","source":"NEHALEM RIVER","link":"https://apps.wrd.state.or.us/apps/wr/wrinfo/wr_details.aspx?snp_id=183407","pod_use_id":669747},"geometry":{"type":"Point","coordinates":[-123.81805046176986,45.69136319133302]}},{"type":"Feature","properties":{"kind":"pod","name":"90103","use":"INDUSTRIAL/MANUFACTURING USES","source":"PETERSON CREEK","link":"https://apps.wrd.state.or.us/apps/wr/wrinfo/wr_details.aspx?snp_id=183407","pod_use_id":669748},"geometry":{"type":"Point","coordinates":[-123.81781926806713,45.691733291964276]}},{"type":"Feature","properties":{"kind":"pod","name":"90103","use":"INDUSTRIAL/MANUFACTURING USES","source":"PETERSON CREEK","link":"https://apps.wrd.state.or.us/apps/wr/wrinfo/wr_details.aspx?snp_id=183407","pod_use_id":669831},"geometry":{"type":"Point","coordinates":[-123.81781926806713,45.691733291964276]}},{"type":"Feature","properties":{"kind":"pod","name":"R  15114","use":"MULTIPLE PURPOSE","source":"NEHALEM RIVER","link":"https://apps.wrd.state.or.us/apps/wr/wrinfo/wr_details.aspx?snp_id=184357","pod_use_id":677664},"geometry":{"type":"Point","coordinates":[-123.34316804361816,45.979089251434395]}},{"type":"Feature","properties":{"kind":"pod","name":"R  15114","use":"MULTIPLE PURPOSE","source":"NEHALEM RIVER","link":"https://apps.wrd.state.or.us/apps/wr/wrinfo/wr_details.aspx?snp_id=184357","pod_use_id":677665},"geometry":{"type":"Point","coordinates":[-123.34316804361816,45.979089251434395]}},{"type":"Feature","properties":{"kind":"pod","name":"90717","use":"MULTIPLE PURPOSE","source":"UNNAMED STREAM","link":"https://apps.wrd.state.or.us/apps/wr/wrinfo/wr_details.aspx?snp_id=184933","pod_use_id":680320},"geometry":{"type":"Point","coordinates":[-123.17650444072943,45.8489230020805]}},{"type":"Feature","properties":{"kind":"pod","name":"90717","use":"MULTIPLE PURPOSE","source":"UNNAMED STREAM","link":"https://apps.wrd.state.or.us/apps/wr/wrinfo/wr_details.aspx?snp_id=184933","pod_use_id":680321},"geometry":{"type":"Point","coordinates":[-123.17650444072943,45.8489230020805]}},{"type":"Feature","properties":{"kind":"pod","name":"87881","use":"DOMESTIC INCLUDING LAWN AND GARDEN","source":"CLEAR CREEK","link":"https://apps.wrd.state.or.us/apps/wr/wrinfo/wr_details.aspx?snp_id=187827","pod_use_id":693763},"geometry":{"type":"Point","coordinates":[-123.91920528736499,45.670339474198705]}},{"type":"Feature","properties":{"kind":"pod","name":"77023","use":"DOMESTIC INCLUDING LAWN AND GARDEN","source":"UNNAMED STREAM","link":"https://apps.wrd.state.or.us/apps/wr/wrinfo/wr_details.aspx?snp_id=129359","pod_use_id":705987},"geometry":{"type":"Point","coordinates":[-123.86612149754426,45.7583481503683]}},{"type":"Feature","properties":{"kind":"pod","name":"77023","use":"DOMESTIC INCLUDING LAWN AND GARDEN","source":"UNNAMED STREAM","link":"https://apps.wrd.state.or.us/apps/wr/wrinfo/wr_details.aspx?snp_id=129359","pod_use_id":705988},"geometry":{"type":"Point","coordinates":[-123.86612149754426,45.7583481503683]}},{"type":"Feature","properties":{"kind":"pod","name":"77023","use":"HUMAN CONSUMPTION","source":"UNNAMED STREAM","link":"https://apps.wrd.state.or.us/apps/wr/wrinfo/wr_details.aspx?snp_id=129359","pod_use_id":705989},"geometry":{"type":"Point","coordinates":[-123.86612149754426,45.7583481503683]}},{"type":"Feature","properties":{"kind":"pod","name":"93104","use":"DOMESTIC EXPANDED","source":"UNNAMED CREEK","link":"https://apps.wrd.state.or.us/apps/wr/wrinfo/wr_details.aspx?snp_id=193620","pod_use_id":720447},"geometry":{"type":"Point","coordinates":[-123.8492834149199,45.71625662494675]}},{"type":"Feature","properties":{"kind":"pod","name":"93104","use":"LIVESTOCK","source":"UNNAMED CREEK","link":"https://apps.wrd.state.or.us/apps/wr/wrinfo/wr_details.aspx?snp_id=193620","pod_use_id":720448},"geometry":{"type":"Point","coordinates":[-123.8492834149199,45.71625662494675]}},{"type":"Feature","properties":{"kind":"pod","name":"93279","use":"DOMESTIC INCLUDING LAWN AND GARDEN","source":"UNNAMED STREAM","link":"https://apps.wrd.state.or.us/apps/wr/wrinfo/wr_details.aspx?snp_id=194257","pod_use_id":722913},"geometry":{"type":"Point","coordinates":[-123.91920528736499,45.670339474198705]}},{"type":"Feature","properties":{"kind":"pod","name":"93279","use":"DOMESTIC INCLUDING LAWN AND GARDEN","source":"UNNAMED STREAM","link":"https://apps.wrd.state.or.us/apps/wr/wrinfo/wr_details.aspx?snp_id=194257","pod_use_id":722914},"geometry":{"type":"Point","coordinates":[-123.92398144616018,45.66918113687082]}},{"type":"Feature","properties":{"kind":"pod","name":"93482","use":"INDUSTRIAL/MANUFACTURING USES","source":"NEHALEM RIVER","link":"https://apps.wrd.state.or.us/apps/wr/wrinfo/wr_details.aspx?snp_id=195091","pod_use_id":726702},"geometry":{"type":"Point","coordinates":[-123.29371621402713,46.00533301835517]}},{"type":"Feature","properties":{"kind":"pod","name":"93482","use":"INDUSTRIAL/MANUFACTURING USES","source":"NEHALEM RIVER","link":"https://apps.wrd.state.or.us/apps/wr/wrinfo/wr_details.aspx?snp_id=195091","pod_use_id":726703},"geometry":{"type":"Point","coordinates":[-123.29371621402713,46.00533301835517]}},{"type":"Feature","properties":{"kind":"pod","name":"93482","use":"INDUSTRIAL/MANUFACTURING USES","source":"UNNAMED STREAM","link":"https://apps.wrd.state.or.us/apps/wr/wrinfo/wr_details.aspx?snp_id=195091","pod_use_id":726704},"geometry":{"type":"Point","coordinates":[-123.30069725493009,46.00261326569119]}},{"type":"Feature","properties":{"kind":"pod","name":"93482","use":"INDUSTRIAL/MANUFACTURING USES","source":"UNNAMED STREAM","link":"https://apps.wrd.state.or.us/apps/wr/wrinfo/wr_details.aspx?snp_id=195091","pod_use_id":726705},"geometry":{"type":"Point","coordinates":[-123.30069725493009,46.00261326569119]}},{"type":"Feature","properties":{"kind":"pod","name":"93482","use":"INDUSTRIAL/MANUFACTURING USES","source":"UNNAMED STREAM","link":"https://apps.wrd.state.or.us/apps/wr/wrinfo/wr_details.aspx?snp_id=195091","pod_use_id":726706},"geometry":{"type":"Point","coordinates":[-123.3016338695823,46.003226718339064]}},{"type":"Feature","properties":{"kind":"pod","name":"93482","use":"INDUSTRIAL/MANUFACTURING USES","source":"UNNAMED STREAM","link":"https://apps.wrd.state.or.us/apps/wr/wrinfo/wr_details.aspx?snp_id=195091","pod_use_id":726707},"geometry":{"type":"Point","coordinates":[-123.3016338695823,46.003226718339064]}},{"type":"Feature","properties":{"kind":"pod","name":"93481","use":"INDUSTRIAL/MANUFACTURING USES","source":"UNNAMED STREAM","link":"https://apps.wrd.state.or.us/apps/wr/wrinfo/wr_details.aspx?snp_id=195093","pod_use_id":726711},"geometry":{"type":"Point","coordinates":[-123.30069725493009,46.00261326569119]}},{"type":"Feature","properties":{"kind":"pod","name":"93481","use":"INDUSTRIAL/MANUFACTURING USES","source":"UNNAMED STREAM","link":"https://apps.wrd.state.or.us/apps/wr/wrinfo/wr_details.aspx?snp_id=195093","pod_use_id":726712},"geometry":{"type":"Point","coordinates":[-123.3016338695823,46.003226718339064]}},{"type":"Feature","properties":{"kind":"pod","name":"72490","use":"ANADROMOUS AND RESIDENT FISH HABITAT (INSTREAM)","source":"SALMONBERRY RIVER","link":"https://apps.wrd.state.or.us/apps/wr/wrinfo/wr_details.aspx?snp_id=124745","pod_use_id":745364},"geometry":{"type":"Point","coordinates":[-123.65363806514635,45.75040510528982]}},{"type":"Feature","properties":{"kind":"pod","name":"72495","use":"ANADROMOUS AND RESIDENT FISH HABITAT (INSTREAM)","source":"COOK CREEK","link":"https://apps.wrd.state.or.us/apps/wr/wrinfo/wr_details.aspx?snp_id=124750","pod_use_id":745573},"geometry":{"type":"Point","coordinates":[-123.75251760244791,45.701331559621025]}},{"type":"Feature","properties":{"kind":"pod","name":"72497","use":"ANADROMOUS AND RESIDENT FISH HABITAT (INSTREAM)","source":"LOST CREEK","link":"https://apps.wrd.state.or.us/apps/wr/wrinfo/wr_details.aspx?snp_id=124752","pod_use_id":746371},"geometry":{"type":"Point","coordinates":[-123.7632072062705,45.712835892383374]}},{"type":"Feature","properties":{"kind":"pod","name":"72502","use":"ANADROMOUS AND RESIDENT FISH HABITAT (INSTREAM)","source":"NORTH FORK NEHALEM RIVER","link":"https://apps.wrd.state.or.us/apps/wr/wrinfo/wr_details.aspx?snp_id=124757","pod_use_id":746386},"geometry":{"type":"Point","coordinates":[-123.86867929351283,45.73690648310251]}},{"type":"Feature","properties":{"kind":"pod","name":"72539","use":"ANADROMOUS AND RESIDENT FISH HABITAT (INSTREAM)","source":"FISHHAWK CREEK","link":"https://apps.wrd.state.or.us/apps/wr/wrinfo/wr_details.aspx?snp_id=124794","pod_use_id":748702},"geometry":{"type":"Point","coordinates":[-123.33612307114936,46.00088261883658]}},{"type":"Feature","properties":{"kind":"pod","name":"72540","use":"ANADROMOUS AND RESIDENT FISH HABITAT (INSTREAM)","source":"DEEP CREEK","link":"https://apps.wrd.state.or.us/apps/wr/wrinfo/wr_details.aspx?snp_id=124795","pod_use_id":750434},"geometry":{"type":"Point","coordinates":[-123.34716660039376,45.976359549530564]}},{"type":"Feature","properties":{"kind":"pod","name":"72541","use":"ANADROMOUS AND RESIDENT FISH HABITAT (INSTREAM)","source":"NORTHRUP CREEK","link":"https://apps.wrd.state.or.us/apps/wr/wrinfo/wr_details.aspx?snp_id=124796","pod_use_id":751875},"geometry":{"type":"Point","coordinates":[-123.42251948048026,45.98344200848157]}},{"type":"Feature","properties":{"kind":"pod","name":"72544","use":"ANADROMOUS AND RESIDENT FISH HABITAT (INSTREAM)","source":"COW CREEK","link":"https://apps.wrd.state.or.us/apps/wr/wrinfo/wr_details.aspx?snp_id=124799","pod_use_id":752166},"geometry":{"type":"Point","coordinates":[-123.55412783416408,45.89170118653029]}},{"type":"Feature","properties":{"kind":"pod","name":"72545","use":"ANADROMOUS AND RESIDENT FISH HABITAT (INSTREAM)","source":"QUARTZ CREEK","link":"https://apps.wrd.state.or.us/apps/wr/wrinfo/wr_details.aspx?snp_id=124800","pod_use_id":752893},"geometry":{"type":"Point","coordinates":[-123.55783440381946,45.846078120611075]}},{"type":"Feature","properties":{"kind":"pod","name":"72546","use":"ANADROMOUS AND RESIDENT FISH HABITAT (INSTREAM)","source":"WEST HUMBUG CREEK","link":"https://apps.wrd.state.or.us/apps/wr/wrinfo/wr_details.aspx?snp_id=124801","pod_use_id":752896},"geometry":{"type":"Point","coordinates":[-123.62085442264438,45.88876211596703]}},{"type":"Feature","properties":{"kind":"pod","name":"72547","use":"ANADROMOUS AND RESIDENT FISH HABITAT (INSTREAM)","source":"EAST HUMBUG CREEK","link":"https://apps.wrd.state.or.us/apps/wr/wrinfo/wr_details.aspx?snp_id=124802","pod_use_id":753331},"geometry":{"type":"Point","coordinates":[-123.62085442264438,45.88876211596703]}},{"type":"Feature","properties":{"kind":"pod","name":"72549","use":"ANADROMOUS AND RESIDENT FISH HABITAT (INSTREAM)","source":"SPRUCE RUN CREEK","link":"https://apps.wrd.state.or.us/apps/wr/wrinfo/wr_details.aspx?snp_id=124804","pod_use_id":753787},"geometry":{"type":"Point","coordinates":[-123.61316010363379,45.811906281071856]}},{"type":"Feature","properties":{"kind":"pod","name":"72553","use":"ANADROMOUS AND RESIDENT FISH HABITAT (INSTREAM)","source":"GODS VALLEY CREEK","link":"https://apps.wrd.state.or.us/apps/wr/wrinfo/wr_details.aspx?snp_id=124808","pod_use_id":753836},"geometry":{"type":"Point","coordinates":[-123.73410541657674,45.80535635520462]}},{"type":"Feature","properties":{"kind":"pod","name":"72554","use":"ANADROMOUS AND RESIDENT FISH HABITAT (INSTREAM)","source":"NEHALEM RIVER","link":"https://apps.wrd.state.or.us/apps/wr/wrinfo/wr_details.aspx?snp_id=124809","pod_use_id":753878},"geometry":{"type":"Point","coordinates":[-123.27729261160343,45.76529661265015]}},{"type":"Feature","properties":{"kind":"pod","name":"72562","use":"ANADROMOUS AND RESIDENT FISH HABITAT (INSTREAM)","source":"EAST FORK NEHALEM RIVER","link":"https://apps.wrd.state.or.us/apps/wr/wrinfo/wr_details.aspx?snp_id=124817","pod_use_id":753902},"geometry":{"type":"Point","coordinates":[-123.14657687483492,45.901564693961156]}},{"type":"Feature","properties":{"kind":"pod","name":"94047","use":"HUMAN CONSUMPTION","source":"LITTLE RACK HEAP CREEK","link":"https://apps.wrd.state.or.us/apps/wr/wrinfo/wr_details.aspx?snp_id=197922","pod_use_id":755200},"geometry":{"type":"Point","coordinates":[-123.82935602742046,45.762953269607074]}},{"type":"Feature","properties":{"kind":"pod","name":"94591","use":"MULTIPLE INSTREAM USES","source":"BUSTER CREEK","link":"https://apps.wrd.state.or.us/apps/wr/wrinfo/wr_details.aspx?snp_id=200344","pod_use_id":774956},"geometry":{"type":"Point","coordinates":[-123.50748728546945,45.89386188667727]}},{"type":"Feature","properties":{"kind":"pod","name":"94591","use":"MULTIPLE INSTREAM USES","source":"BUSTER CREEK","link":"https://apps.wrd.state.or.us/apps/wr/wrinfo/wr_details.aspx?snp_id=200344","pod_use_id":774957},"geometry":{"type":"Point","coordinates":[-123.50748728546945,45.89386188667727]}},{"type":"Feature","properties":{"kind":"pod","name":"94591","use":"MULTIPLE INSTREAM USES","source":"BUSTER CREEK","link":"https://apps.wrd.state.or.us/apps/wr/wrinfo/wr_details.aspx?snp_id=200344","pod_use_id":774958},"geometry":{"type":"Point","coordinates":[-123.50748728546945,45.89386188667727]}},{"type":"Feature","properties":{"kind":"pod","name":"94591","use":"MULTIPLE INSTREAM USES","source":"BUSTER CREEK","link":"https://apps.wrd.state.or.us/apps/wr/wrinfo/wr_details.aspx?snp_id=200344","pod_use_id":774959},"geometry":{"type":"Point","coordinates":[-123.50748728546945,45.89386188667727]}},{"type":"Feature","properties":{"kind":"pod","name":"94591","use":"MULTIPLE INSTREAM USES","source":"BUSTER CREEK","link":"https://apps.wrd.state.or.us/apps/wr/wrinfo/wr_details.aspx?snp_id=200344","pod_use_id":774960},"geometry":{"type":"Point","coordinates":[-123.50748728546945,45.89386188667727]}},{"type":"Feature","properties":{"kind":"pod","name":"94591","use":"MULTIPLE INSTREAM USES","source":"BUSTER CREEK","link":"https://apps.wrd.state.or.us/apps/wr/wrinfo/wr_details.aspx?snp_id=200344","pod_use_id":774961},"geometry":{"type":"Point","coordinates":[-123.50748728546945,45.89386188667727]}},{"type":"Feature","properties":{"kind":"pod","name":"94591","use":"MULTIPLE INSTREAM USES","source":"BUSTER CREEK","link":"https://apps.wrd.state.or.us/apps/wr/wrinfo/wr_details.aspx?snp_id=200344","pod_use_id":774962},"geometry":{"type":"Point","coordinates":[-123.50748728546945,45.89386188667727]}},{"type":"Feature","properties":{"kind":"pod","name":"94591","use":"MULTIPLE INSTREAM USES","source":"BUSTER CREEK","link":"https://apps.wrd.state.or.us/apps/wr/wrinfo/wr_details.aspx?snp_id=200344","pod_use_id":774963},"geometry":{"type":"Point","coordinates":[-123.50748728546945,45.89386188667727]}},{"type":"Feature","properties":{"kind":"pod","name":"94591","use":"MULTIPLE INSTREAM USES","source":"BUSTER CREEK","link":"https://apps.wrd.state.or.us/apps/wr/wrinfo/wr_details.aspx?snp_id=200344","pod_use_id":774964},"geometry":{"type":"Point","coordinates":[-123.50748728546945,45.89386188667727]}},{"type":"Feature","properties":{"kind":"pod","name":"94591","use":"MULTIPLE INSTREAM USES","source":"BUSTER CREEK","link":"https://apps.wrd.state.or.us/apps/wr/wrinfo/wr_details.aspx?snp_id=200344","pod_use_id":774965},"geometry":{"type":"Point","coordinates":[-123.50748728546945,45.89386188667727]}},{"type":"Feature","properties":{"kind":"pod","name":"94592","use":"MULTIPLE INSTREAM USES","source":"COOK CREEK","link":"https://apps.wrd.state.or.us/apps/wr/wrinfo/wr_details.aspx?snp_id=200345","pod_use_id":774966},"geometry":{"type":"Point","coordinates":[-123.75251760244791,45.701331559621025]}},{"type":"Feature","properties":{"kind":"pod","name":"94592","use":"MULTIPLE INSTREAM USES","source":"COOK CREEK","link":"https://apps.wrd.state.or.us/apps/wr/wrinfo/wr_details.aspx?snp_id=200345","pod_use_id":774967},"geometry":{"type":"Point","coordinates":[-123.75251760244791,45.701331559621025]}},{"type":"Feature","properties":{"kind":"pod","name":"94592","use":"MULTIPLE INSTREAM USES","source":"COOK CREEK","link":"https://apps.wrd.state.or.us/apps/wr/wrinfo/wr_details.aspx?snp_id=200345","pod_use_id":774968},"geometry":{"type":"Point","coordinates":[-123.75251760244791,45.701331559621025]}},{"type":"Feature","properties":{"kind":"pod","name":"94592","use":"MULTIPLE INSTREAM USES","source":"COOK CREEK","link":"https://apps.wrd.state.or.us/apps/wr/wrinfo/wr_details.aspx?snp_id=200345","pod_use_id":774969},"geometry":{"type":"Point","coordinates":[-123.75251760244791,45.701331559621025]}},{"type":"Feature","properties":{"kind":"pod","name":"94592","use":"MULTIPLE INSTREAM USES","source":"COOK CREEK","link":"https://apps.wrd.state.or.us/apps/wr/wrinfo/wr_details.aspx?snp_id=200345","pod_use_id":774970},"geometry":{"type":"Point","coordinates":[-123.75251760244791,45.701331559621025]}},{"type":"Feature","properties":{"kind":"pod","name":"94592","use":"MULTIPLE INSTREAM USES","source":"COOK CREEK","link":"https://apps.wrd.state.or.us/apps/wr/wrinfo/wr_details.aspx?snp_id=200345","pod_use_id":774971},"geometry":{"type":"Point","coordinates":[-123.75251760244791,45.701331559621025]}},{"type":"Feature","properties":{"kind":"pod","name":"94592","use":"MULTIPLE INSTREAM USES","source":"COOK CREEK","link":"https://apps.wrd.state.or.us/apps/wr/wrinfo/wr_details.aspx?snp_id=200345","pod_use_id":774972},"geometry":{"type":"Point","coordinates":[-123.75251760244791,45.701331559621025]}},{"type":"Feature","properties":{"kind":"pod","name":"94592","use":"MULTIPLE INSTREAM USES","source":"COOK CREEK","link":"https://apps.wrd.state.or.us/apps/wr/wrinfo/wr_details.aspx?snp_id=200345","pod_use_id":774973},"geometry":{"type":"Point","coordinates":[-123.75251760244791,45.701331559621025]}},{"type":"Feature","properties":{"kind":"pod","name":"94593","use":"MULTIPLE INSTREAM USES","source":"COW CREEK","link":"https://apps.wrd.state.or.us/apps/wr/wrinfo/wr_details.aspx?snp_id=200349","pod_use_id":775002},"geometry":{"type":"Point","coordinates":[-123.55412749771696,45.891702009016555]}},{"type":"Feature","properties":{"kind":"pod","name":"94593","use":"MULTIPLE INSTREAM USES","source":"COW CREEK","link":"https://apps.wrd.state.or.us/apps/wr/wrinfo/wr_details.aspx?snp_id=200349","pod_use_id":775003},"geometry":{"type":"Point","coordinates":[-123.55412749771696,45.891702009016555]}},{"type":"Feature","properties":{"kind":"pod","name":"94593","use":"MULTIPLE INSTREAM USES","source":"COW CREEK","link":"https://apps.wrd.state.or.us/apps/wr/wrinfo/wr_details.aspx?snp_id=200349","pod_use_id":775004},"geometry":{"type":"Point","coordinates":[-123.55412749771696,45.891702009016555]}},{"type":"Feature","properties":{"kind":"pod","name":"94593","use":"MULTIPLE INSTREAM USES","source":"COW CREEK","link":"https://apps.wrd.state.or.us/apps/wr/wrinfo/wr_details.aspx?snp_id=200349","pod_use_id":775005},"geometry":{"type":"Point","coordinates":[-123.55412749771696,45.891702009016555]}},{"type":"Feature","properties":{"kind":"pod","name":"94588","use":"MULTIPLE INSTREAM USES","source":"BEAVER CREEK","link":"https://apps.wrd.state.or.us/apps/wr/wrinfo/wr_details.aspx?snp_id=200350","pod_use_id":775006},"geometry":{"type":"Point","coordinates":[-123.33572659486622,46.001241731467836]}},{"type":"Feature","properties":{"kind":"pod","name":"94588","use":"MULTIPLE INSTREAM USES","source":"BEAVER CREEK","link":"https://apps.wrd.state.or.us/apps/wr/wrinfo/wr_details.aspx?snp_id=200350","pod_use_id":775007},"geometry":{"type":"Point","coordinates":[-123.33572659486622,46.001241731467836]}},{"type":"Feature","properties":{"kind":"pod","name":"94588","use":"MULTIPLE INSTREAM USES","source":"BEAVER CREEK","link":"https://apps.wrd.state.or.us/apps/wr/wrinfo/wr_details.aspx?snp_id=200350","pod_use_id":775008},"geometry":{"type":"Point","coordinates":[-123.33572659486622,46.001241731467836]}},{"type":"Feature","properties":{"kind":"pod","name":"94588","use":"MULTIPLE INSTREAM USES","source":"BEAVER CREEK","link":"https://apps.wrd.state.or.us/apps/wr/wrinfo/wr_details.aspx?snp_id=200350","pod_use_id":775009},"geometry":{"type":"Point","coordinates":[-123.33572659486622,46.001241731467836]}},{"type":"Feature","properties":{"kind":"pod","name":"94588","use":"MULTIPLE INSTREAM USES","source":"BEAVER CREEK","link":"https://apps.wrd.state.or.us/apps/wr/wrinfo/wr_details.aspx?snp_id=200350","pod_use_id":775010},"geometry":{"type":"Point","coordinates":[-123.33572659486622,46.001241731467836]}},{"type":"Feature","properties":{"kind":"pod","name":"94588","use":"MULTIPLE INSTREAM USES","source":"BEAVER CREEK","link":"https://apps.wrd.state.or.us/apps/wr/wrinfo/wr_details.aspx?snp_id=200350","pod_use_id":775011},"geometry":{"type":"Point","coordinates":[-123.33572659486622,46.001241731467836]}},{"type":"Feature","properties":{"kind":"pod","name":"94588","use":"MULTIPLE INSTREAM USES","source":"BEAVER CREEK","link":"https://apps.wrd.state.or.us/apps/wr/wrinfo/wr_details.aspx?snp_id=200350","pod_use_id":775012},"geometry":{"type":"Point","coordinates":[-123.33572659486622,46.001241731467836]}},{"type":"Feature","properties":{"kind":"pod","name":"94588","use":"MULTIPLE INSTREAM USES","source":"BEAVER CREEK","link":"https://apps.wrd.state.or.us/apps/wr/wrinfo/wr_details.aspx?snp_id=200350","pod_use_id":775013},"geometry":{"type":"Point","coordinates":[-123.33572659486622,46.001241731467836]}},{"type":"Feature","properties":{"kind":"pod","name":"94588","use":"MULTIPLE INSTREAM USES","source":"BEAVER CREEK","link":"https://apps.wrd.state.or.us/apps/wr/wrinfo/wr_details.aspx?snp_id=200350","pod_use_id":775014},"geometry":{"type":"Point","coordinates":[-123.33572659486622,46.001241731467836]}},{"type":"Feature","properties":{"kind":"pod","name":"94588","use":"MULTIPLE INSTREAM USES","source":"BEAVER CREEK","link":"https://apps.wrd.state.or.us/apps/wr/wrinfo/wr_details.aspx?snp_id=200350","pod_use_id":775015},"geometry":{"type":"Point","coordinates":[-123.33572659486622,46.001241731467836]}},{"type":"Feature","properties":{"kind":"pod","name":"94588","use":"MULTIPLE INSTREAM USES","source":"BEAVER CREEK","link":"https://apps.wrd.state.or.us/apps/wr/wrinfo/wr_details.aspx?snp_id=200350","pod_use_id":775016},"geometry":{"type":"Point","coordinates":[-123.33572659486622,46.001241731467836]}},{"type":"Feature","properties":{"kind":"pod","name":"94589","use":"MULTIPLE INSTREAM USES","source":"BENEKE CREEK","link":"https://apps.wrd.state.or.us/apps/wr/wrinfo/wr_details.aspx?snp_id=200351","pod_use_id":775017},"geometry":{"type":"Point","coordinates":[-123.49487341294142,45.930913598460506]}},{"type":"Feature","properties":{"kind":"pod","name":"94589","use":"MULTIPLE INSTREAM USES","source":"BENEKE CREEK","link":"https://apps.wrd.state.or.us/apps/wr/wrinfo/wr_details.aspx?snp_id=200351","pod_use_id":775018},"geometry":{"type":"Point","coordinates":[-123.49487341294142,45.930913598460506]}},{"type":"Feature","properties":{"kind":"pod","name":"94589","use":"MULTIPLE INSTREAM USES","source":"BENEKE CREEK","link":"https://apps.wrd.state.or.us/apps/wr/wrinfo/wr_details.aspx?snp_id=200351","pod_use_id":775019},"geometry":{"type":"Point","coordinates":[-123.49487341294142,45.930913598460506]}},{"type":"Feature","properties":{"kind":"pod","name":"94589","use":"MULTIPLE INSTREAM USES","source":"BENEKE CREEK","link":"https://apps.wrd.state.or.us/apps/wr/wrinfo/wr_details.aspx?snp_id=200351","pod_use_id":775020},"geometry":{"type":"Point","coordinates":[-123.49487341294142,45.930913598460506]}},{"type":"Feature","properties":{"kind":"pod","name":"94589","use":"MULTIPLE INSTREAM USES","source":"BENEKE CREEK","link":"https://apps.wrd.state.or.us/apps/wr/wrinfo/wr_details.aspx?snp_id=200351","pod_use_id":775021},"geometry":{"type":"Point","coordinates":[-123.49487341294142,45.930913598460506]}},{"type":"Feature","properties":{"kind":"pod","name":"94589","use":"MULTIPLE INSTREAM USES","source":"BENEKE CREEK","link":"https://apps.wrd.state.or.us/apps/wr/wrinfo/wr_details.aspx?snp_id=200351","pod_use_id":775022},"geometry":{"type":"Point","coordinates":[-123.49487341294142,45.930913598460506]}},{"type":"Feature","properties":{"kind":"pod","name":"94589","use":"MULTIPLE INSTREAM USES","source":"BENEKE CREEK","link":"https://apps.wrd.state.or.us/apps/wr/wrinfo/wr_details.aspx?snp_id=200351","pod_use_id":775023},"geometry":{"type":"Point","coordinates":[-123.49487341294142,45.930913598460506]}},{"type":"Feature","properties":{"kind":"pod","name":"94589","use":"MULTIPLE INSTREAM USES","source":"BENEKE CREEK","link":"https://apps.wrd.state.or.us/apps/wr/wrinfo/wr_details.aspx?snp_id=200351","pod_use_id":775024},"geometry":{"type":"Point","coordinates":[-123.49487341294142,45.930913598460506]}},{"type":"Feature","properties":{"kind":"pod","name":"94594","use":"MULTIPLE INSTREAM USES","source":"CRONIN CREEK","link":"https://apps.wrd.state.or.us/apps/wr/wrinfo/wr_details.aspx?snp_id=200353","pod_use_id":775035},"geometry":{"type":"Point","coordinates":[-123.63490211214642,45.77181817385465]}},{"type":"Feature","properties":{"kind":"pod","name":"94594","use":"MULTIPLE INSTREAM USES","source":"CRONIN CREEK","link":"https://apps.wrd.state.or.us/apps/wr/wrinfo/wr_details.aspx?snp_id=200353","pod_use_id":775036},"geometry":{"type":"Point","coordinates":[-123.63490211214642,45.77181817385465]}},{"type":"Feature","properties":{"kind":"pod","name":"94594","use":"MULTIPLE INSTREAM USES","source":"CRONIN CREEK","link":"https://apps.wrd.state.or.us/apps/wr/wrinfo/wr_details.aspx?snp_id=200353","pod_use_id":775037},"geometry":{"type":"Point","coordinates":[-123.63490211214642,45.77181817385465]}},{"type":"Feature","properties":{"kind":"pod","name":"94594","use":"MULTIPLE INSTREAM USES","source":"CRONIN CREEK","link":"https://apps.wrd.state.or.us/apps/wr/wrinfo/wr_details.aspx?snp_id=200353","pod_use_id":775038},"geometry":{"type":"Point","coordinates":[-123.63490211214642,45.77181817385465]}},{"type":"Feature","properties":{"kind":"pod","name":"94594","use":"MULTIPLE INSTREAM USES","source":"CRONIN CREEK","link":"https://apps.wrd.state.or.us/apps/wr/wrinfo/wr_details.aspx?snp_id=200353","pod_use_id":775039},"geometry":{"type":"Point","coordinates":[-123.63490211214642,45.77181817385465]}},{"type":"Feature","properties":{"kind":"pod","name":"94595","use":"MULTIPLE INSTREAM USES","source":"EAST HUMBUG CREEK","link":"https://apps.wrd.state.or.us/apps/wr/wrinfo/wr_details.aspx?snp_id=200357","pod_use_id":775049},"geometry":{"type":"Point","coordinates":[-123.62085541097888,45.88876239308307]}},{"type":"Feature","properties":{"kind":"pod","name":"94595","use":"MULTIPLE INSTREAM USES","source":"EAST HUMBUG CREEK","link":"https://apps.wrd.state.or.us/apps/wr/wrinfo/wr_details.aspx?snp_id=200357","pod_use_id":775050},"geometry":{"type":"Point","coordinates":[-123.62085541097888,45.88876239308307]}},{"type":"Feature","properties":{"kind":"pod","name":"94595","use":"MULTIPLE INSTREAM USES","source":"EAST HUMBUG CREEK","link":"https://apps.wrd.state.or.us/apps/wr/wrinfo/wr_details.aspx?snp_id=200357","pod_use_id":775051},"geometry":{"type":"Point","coordinates":[-123.62085541097888,45.88876239308307]}},{"type":"Feature","properties":{"kind":"pod","name":"94595","use":"MULTIPLE INSTREAM USES","source":"EAST HUMBUG CREEK","link":"https://apps.wrd.state.or.us/apps/wr/wrinfo/wr_details.aspx?snp_id=200357","pod_use_id":775052},"geometry":{"type":"Point","coordinates":[-123.62085541097888,45.88876239308307]}},{"type":"Feature","properties":{"kind":"pod","name":"94595","use":"MULTIPLE INSTREAM USES","source":"EAST HUMBUG CREEK","link":"https://apps.wrd.state.or.us/apps/wr/wrinfo/wr_details.aspx?snp_id=200357","pod_use_id":775053},"geometry":{"type":"Point","coordinates":[-123.62085541097888,45.88876239308307]}},{"type":"Feature","properties":{"kind":"pod","name":"94595","use":"MULTIPLE INSTREAM USES","source":"EAST HUMBUG CREEK","link":"https://apps.wrd.state.or.us/apps/wr/wrinfo/wr_details.aspx?snp_id=200357","pod_use_id":775054},"geometry":{"type":"Point","coordinates":[-123.62085541097888,45.88876239308307]}},{"type":"Feature","properties":{"kind":"pod","name":"94595","use":"MULTIPLE INSTREAM USES","source":"EAST HUMBUG CREEK","link":"https://apps.wrd.state.or.us/apps/wr/wrinfo/wr_details.aspx?snp_id=200357","pod_use_id":775055},"geometry":{"type":"Point","coordinates":[-123.62085541097888,45.88876239308307]}},{"type":"Feature","properties":{"kind":"pod","name":"94595","use":"MULTIPLE INSTREAM USES","source":"EAST HUMBUG CREEK","link":"https://apps.wrd.state.or.us/apps/wr/wrinfo/wr_details.aspx?snp_id=200357","pod_use_id":775056},"geometry":{"type":"Point","coordinates":[-123.62085541097888,45.88876239308307]}},{"type":"Feature","properties":{"kind":"pod","name":"94595","use":"MULTIPLE INSTREAM USES","source":"EAST HUMBUG CREEK","link":"https://apps.wrd.state.or.us/apps/wr/wrinfo/wr_details.aspx?snp_id=200357","pod_use_id":775057},"geometry":{"type":"Point","coordinates":[-123.62085541097888,45.88876239308307]}},{"type":"Feature","properties":{"kind":"pod","name":"94596","use":"MULTIPLE INSTREAM USES","source":"FISHHAWK CREEK","link":"https://apps.wrd.state.or.us/apps/wr/wrinfo/wr_details.aspx?snp_id=200362","pod_use_id":775066},"geometry":{"type":"Point","coordinates":[-123.50201068193401,45.934041797977095]}},{"type":"Feature","properties":{"kind":"pod","name":"94596","use":"MULTIPLE INSTREAM USES","source":"FISHHAWK CREEK","link":"https://apps.wrd.state.or.us/apps/wr/wrinfo/wr_details.aspx?snp_id=200362","pod_use_id":775067},"geometry":{"type":"Point","coordinates":[-123.50201068193401,45.934041797977095]}},{"type":"Feature","properties":{"kind":"pod","name":"94596","use":"MULTIPLE INSTREAM USES","source":"FISHHAWK CREEK","link":"https://apps.wrd.state.or.us/apps/wr/wrinfo/wr_details.aspx?snp_id=200362","pod_use_id":775068},"geometry":{"type":"Point","coordinates":[-123.50201068193401,45.934041797977095]}},{"type":"Feature","properties":{"kind":"pod","name":"94596","use":"MULTIPLE INSTREAM USES","source":"FISHHAWK CREEK","link":"https://apps.wrd.state.or.us/apps/wr/wrinfo/wr_details.aspx?snp_id=200362","pod_use_id":775069},"geometry":{"type":"Point","coordinates":[-123.50201068193401,45.934041797977095]}},{"type":"Feature","properties":{"kind":"pod","name":"94596","use":"MULTIPLE INSTREAM USES","source":"FISHHAWK CREEK","link":"https://apps.wrd.state.or.us/apps/wr/wrinfo/wr_details.aspx?snp_id=200362","pod_use_id":775070},"geometry":{"type":"Point","coordinates":[-123.50201068193401,45.934041797977095]}},{"type":"Feature","properties":{"kind":"pod","name":"94596","use":"MULTIPLE INSTREAM USES","source":"FISHHAWK CREEK","link":"https://apps.wrd.state.or.us/apps/wr/wrinfo/wr_details.aspx?snp_id=200362","pod_use_id":775071},"geometry":{"type":"Point","coordinates":[-123.50201068193401,45.934041797977095]}},{"type":"Feature","properties":{"kind":"pod","name":"94596","use":"MULTIPLE INSTREAM USES","source":"FISHHAWK CREEK","link":"https://apps.wrd.state.or.us/apps/wr/wrinfo/wr_details.aspx?snp_id=200362","pod_use_id":775072},"geometry":{"type":"Point","coordinates":[-123.50201068193401,45.934041797977095]}},{"type":"Feature","properties":{"kind":"pod","name":"94596","use":"MULTIPLE INSTREAM USES","source":"FISHHAWK CREEK","link":"https://apps.wrd.state.or.us/apps/wr/wrinfo/wr_details.aspx?snp_id=200362","pod_use_id":775073},"geometry":{"type":"Point","coordinates":[-123.50201068193401,45.934041797977095]}},{"type":"Feature","properties":{"kind":"pod","name":"94596","use":"MULTIPLE INSTREAM USES","source":"FISHHAWK CREEK","link":"https://apps.wrd.state.or.us/apps/wr/wrinfo/wr_details.aspx?snp_id=200362","pod_use_id":775074},"geometry":{"type":"Point","coordinates":[-123.50201068193401,45.934041797977095]}},{"type":"Feature","properties":{"kind":"pod","name":"94596","use":"MULTIPLE INSTREAM USES","source":"FISHHAWK CREEK","link":"https://apps.wrd.state.or.us/apps/wr/wrinfo/wr_details.aspx?snp_id=200362","pod_use_id":775075},"geometry":{"type":"Point","coordinates":[-123.50201068193401,45.934041797977095]}},{"type":"Feature","properties":{"kind":"pod","name":"94597","use":"MULTIPLE INSTREAM USES","source":"FISHHAWK CREEK","link":"https://apps.wrd.state.or.us/apps/wr/wrinfo/wr_details.aspx?snp_id=200368","pod_use_id":775093},"geometry":{"type":"Point","coordinates":[-123.33612126688718,46.000882876489385]}},{"type":"Feature","properties":{"kind":"pod","name":"94597","use":"MULTIPLE INSTREAM USES","source":"FISHHAWK CREEK","link":"https://apps.wrd.state.or.us/apps/wr/wrinfo/wr_details.aspx?snp_id=200368","pod_use_id":775094},"geometry":{"type":"Point","coordinates":[-123.33612126688718,46.000882876489385]}},{"type":"Feature","properties":{"kind":"pod","name":"94597","use":"MULTIPLE INSTREAM USES","source":"FISHHAWK CREEK","link":"https://apps.wrd.state.or.us/apps/wr/wrinfo/wr_details.aspx?snp_id=200368","pod_use_id":775095},"geometry":{"type":"Point","coordinates":[-123.33612126688718,46.000882876489385]}},{"type":"Feature","properties":{"kind":"pod","name":"94597","use":"MULTIPLE INSTREAM USES","source":"FISHHAWK CREEK","link":"https://apps.wrd.state.or.us/apps/wr/wrinfo/wr_details.aspx?snp_id=200368","pod_use_id":775096},"geometry":{"type":"Point","coordinates":[-123.33612126688718,46.000882876489385]}},{"type":"Feature","properties":{"kind":"pod","name":"94597","use":"MULTIPLE INSTREAM USES","source":"FISHHAWK CREEK","link":"https://apps.wrd.state.or.us/apps/wr/wrinfo/wr_details.aspx?snp_id=200368","pod_use_id":775097},"geometry":{"type":"Point","coordinates":[-123.33612126688718,46.000882876489385]}},{"type":"Feature","properties":{"kind":"pod","name":"94597","use":"MULTIPLE INSTREAM USES","source":"FISHHAWK CREEK","link":"https://apps.wrd.state.or.us/apps/wr/wrinfo/wr_details.aspx?snp_id=200368","pod_use_id":775098},"geometry":{"type":"Point","coordinates":[-123.33612126688718,46.000882876489385]}},{"type":"Feature","properties":{"kind":"pod","name":"94597","use":"MULTIPLE INSTREAM USES","source":"FISHHAWK CREEK","link":"https://apps.wrd.state.or.us/apps/wr/wrinfo/wr_details.aspx?snp_id=200368","pod_use_id":775099},"geometry":{"type":"Point","coordinates":[-123.33612126688718,46.000882876489385]}},{"type":"Feature","properties":{"kind":"pod","name":"94597","use":"MULTIPLE INSTREAM USES","source":"FISHHAWK CREEK","link":"https://apps.wrd.state.or.us/apps/wr/wrinfo/wr_details.aspx?snp_id=200368","pod_use_id":775100},"geometry":{"type":"Point","coordinates":[-123.33612126688718,46.000882876489385]}},{"type":"Feature","properties":{"kind":"pod","name":"94597","use":"MULTIPLE INSTREAM USES","source":"FISHHAWK CREEK","link":"https://apps.wrd.state.or.us/apps/wr/wrinfo/wr_details.aspx?snp_id=200368","pod_use_id":775101},"geometry":{"type":"Point","coordinates":[-123.33612126688718,46.000882876489385]}},{"type":"Feature","properties":{"kind":"pod","name":"94597","use":"MULTIPLE INSTREAM USES","source":"FISHHAWK CREEK","link":"https://apps.wrd.state.or.us/apps/wr/wrinfo/wr_details.aspx?snp_id=200368","pod_use_id":775102},"geometry":{"type":"Point","coordinates":[-123.33612126688718,46.000882876489385]}},{"type":"Feature","properties":{"kind":"pod","name":"94598","use":"MULTIPLE INSTREAM USES","source":"GODS VALLEY CREEK","link":"https://apps.wrd.state.or.us/apps/wr/wrinfo/wr_details.aspx?snp_id=200381","pod_use_id":775119},"geometry":{"type":"Point","coordinates":[-123.73422188803838,45.80538370051277]}},{"type":"Feature","properties":{"kind":"pod","name":"94598","use":"MULTIPLE INSTREAM USES","source":"GODS VALLEY CREEK","link":"https://apps.wrd.state.or.us/apps/wr/wrinfo/wr_details.aspx?snp_id=200381","pod_use_id":775120},"geometry":{"type":"Point","coordinates":[-123.73422188803838,45.80538370051277]}},{"type":"Feature","properties":{"kind":"pod","name":"94598","use":"MULTIPLE INSTREAM USES","source":"GODS VALLEY CREEK","link":"https://apps.wrd.state.or.us/apps/wr/wrinfo/wr_details.aspx?snp_id=200381","pod_use_id":775121},"geometry":{"type":"Point","coordinates":[-123.73422188803838,45.80538370051277]}},{"type":"Feature","properties":{"kind":"pod","name":"94599","use":"MULTIPLE INSTREAM USES","source":"HUMBUG CREEK","link":"https://apps.wrd.state.or.us/apps/wr/wrinfo/wr_details.aspx?snp_id=200385","pod_use_id":775158},"geometry":{"type":"Point","coordinates":[-123.58634614555679,45.842755559979366]}},{"type":"Feature","properties":{"kind":"pod","name":"94599","use":"MULTIPLE INSTREAM USES","source":"HUMBUG CREEK","link":"https://apps.wrd.state.or.us/apps/wr/wrinfo/wr_details.aspx?snp_id=200385","pod_use_id":775159},"geometry":{"type":"Point","coordinates":[-123.58634614555679,45.842755559979366]}},{"type":"Feature","properties":{"kind":"pod","name":"94599","use":"MULTIPLE INSTREAM USES","source":"HUMBUG CREEK","link":"https://apps.wrd.state.or.us/apps/wr/wrinfo/wr_details.aspx?snp_id=200385","pod_use_id":775160},"geometry":{"type":"Point","coordinates":[-123.58634614555679,45.842755559979366]}},{"type":"Feature","properties":{"kind":"pod","name":"94599","use":"MULTIPLE INSTREAM USES","source":"HUMBUG CREEK","link":"https://apps.wrd.state.or.us/apps/wr/wrinfo/wr_details.aspx?snp_id=200385","pod_use_id":775161},"geometry":{"type":"Point","coordinates":[-123.58634614555679,45.842755559979366]}},{"type":"Feature","properties":{"kind":"pod","name":"94599","use":"MULTIPLE INSTREAM USES","source":"HUMBUG CREEK","link":"https://apps.wrd.state.or.us/apps/wr/wrinfo/wr_details.aspx?snp_id=200385","pod_use_id":775162},"geometry":{"type":"Point","coordinates":[-123.58634614555679,45.842755559979366]}},{"type":"Feature","properties":{"kind":"pod","name":"94599","use":"MULTIPLE INSTREAM USES","source":"HUMBUG CREEK","link":"https://apps.wrd.state.or.us/apps/wr/wrinfo/wr_details.aspx?snp_id=200385","pod_use_id":775163},"geometry":{"type":"Point","coordinates":[-123.58634614555679,45.842755559979366]}},{"type":"Feature","properties":{"kind":"pod","name":"94599","use":"MULTIPLE INSTREAM USES","source":"HUMBUG CREEK","link":"https://apps.wrd.state.or.us/apps/wr/wrinfo/wr_details.aspx?snp_id=200385","pod_use_id":775164},"geometry":{"type":"Point","coordinates":[-123.58634614555679,45.842755559979366]}},{"type":"Feature","properties":{"kind":"pod","name":"94599","use":"MULTIPLE INSTREAM USES","source":"HUMBUG CREEK","link":"https://apps.wrd.state.or.us/apps/wr/wrinfo/wr_details.aspx?snp_id=200385","pod_use_id":775165},"geometry":{"type":"Point","coordinates":[-123.58634614555679,45.842755559979366]}},{"type":"Feature","properties":{"kind":"pod","name":"94599","use":"MULTIPLE INSTREAM USES","source":"HUMBUG CREEK","link":"https://apps.wrd.state.or.us/apps/wr/wrinfo/wr_details.aspx?snp_id=200385","pod_use_id":775166},"geometry":{"type":"Point","coordinates":[-123.58634614555679,45.842755559979366]}},{"type":"Feature","properties":{"kind":"pod","name":"94612","use":"MULTIPLE INSTREAM USES","source":"SOAPSTONE CREEK","link":"https://apps.wrd.state.or.us/apps/wr/wrinfo/wr_details.aspx?snp_id=200392","pod_use_id":775234},"geometry":{"type":"Point","coordinates":[-123.77930468719495,45.82503158511]}},{"type":"Feature","properties":{"kind":"pod","name":"94612","use":"MULTIPLE INSTREAM USES","source":"SOAPSTONE CREEK","link":"https://apps.wrd.state.or.us/apps/wr/wrinfo/wr_details.aspx?snp_id=200392","pod_use_id":775235},"geometry":{"type":"Point","coordinates":[-123.77930468719495,45.82503158511]}},{"type":"Feature","properties":{"kind":"pod","name":"94612","use":"MULTIPLE INSTREAM USES","source":"SOAPSTONE CREEK","link":"https://apps.wrd.state.or.us/apps/wr/wrinfo/wr_details.aspx?snp_id=200392","pod_use_id":775236},"geometry":{"type":"Point","coordinates":[-123.77930468719495,45.82503158511]}},{"type":"Feature","properties":{"kind":"pod","name":"94612","use":"MULTIPLE INSTREAM USES","source":"SOAPSTONE CREEK","link":"https://apps.wrd.state.or.us/apps/wr/wrinfo/wr_details.aspx?snp_id=200392","pod_use_id":775237},"geometry":{"type":"Point","coordinates":[-123.77930468719495,45.82503158511]}},{"type":"Feature","properties":{"kind":"pod","name":"94613","use":"MULTIPLE INSTREAM USES","source":"SPRUCE RUN CREEK","link":"https://apps.wrd.state.or.us/apps/wr/wrinfo/wr_details.aspx?snp_id=200402","pod_use_id":775270},"geometry":{"type":"Point","coordinates":[-123.61261429659623,45.81211990352846]}},{"type":"Feature","properties":{"kind":"pod","name":"94613","use":"MULTIPLE INSTREAM USES","source":"SPRUCE RUN CREEK","link":"https://apps.wrd.state.or.us/apps/wr/wrinfo/wr_details.aspx?snp_id=200402","pod_use_id":775271},"geometry":{"type":"Point","coordinates":[-123.61261429659623,45.81211990352846]}},{"type":"Feature","properties":{"kind":"pod","name":"94613","use":"MULTIPLE INSTREAM USES","source":"SPRUCE RUN CREEK","link":"https://apps.wrd.state.or.us/apps/wr/wrinfo/wr_details.aspx?snp_id=200402","pod_use_id":775272},"geometry":{"type":"Point","coordinates":[-123.61261429659623,45.81211990352846]}},{"type":"Feature","properties":{"kind":"pod","name":"94613","use":"MULTIPLE INSTREAM USES","source":"SPRUCE RUN CREEK","link":"https://apps.wrd.state.or.us/apps/wr/wrinfo/wr_details.aspx?snp_id=200402","pod_use_id":775273},"geometry":{"type":"Point","coordinates":[-123.61261429659623,45.81211990352846]}},{"type":"Feature","properties":{"kind":"pod","name":"94613","use":"MULTIPLE INSTREAM USES","source":"SPRUCE RUN CREEK","link":"https://apps.wrd.state.or.us/apps/wr/wrinfo/wr_details.aspx?snp_id=200402","pod_use_id":775274},"geometry":{"type":"Point","coordinates":[-123.61261429659623,45.81211990352846]}},{"type":"Feature","properties":{"kind":"pod","name":"94613","use":"MULTIPLE INSTREAM USES","source":"SPRUCE RUN CREEK","link":"https://apps.wrd.state.or.us/apps/wr/wrinfo/wr_details.aspx?snp_id=200402","pod_use_id":775275},"geometry":{"type":"Point","coordinates":[-123.61261429659623,45.81211990352846]}},{"type":"Feature","properties":{"kind":"pod","name":"94613","use":"MULTIPLE INSTREAM USES","source":"SPRUCE RUN CREEK","link":"https://apps.wrd.state.or.us/apps/wr/wrinfo/wr_details.aspx?snp_id=200402","pod_use_id":775276},"geometry":{"type":"Point","coordinates":[-123.61261429659623,45.81211990352846]}},{"type":"Feature","properties":{"kind":"pod","name":"94613","use":"MULTIPLE INSTREAM USES","source":"SPRUCE RUN CREEK","link":"https://apps.wrd.state.or.us/apps/wr/wrinfo/wr_details.aspx?snp_id=200402","pod_use_id":775277},"geometry":{"type":"Point","coordinates":[-123.61261429659623,45.81211990352846]}},{"type":"Feature","properties":{"kind":"pod","name":"94613","use":"MULTIPLE INSTREAM USES","source":"SPRUCE RUN CREEK","link":"https://apps.wrd.state.or.us/apps/wr/wrinfo/wr_details.aspx?snp_id=200402","pod_use_id":775278},"geometry":{"type":"Point","coordinates":[-123.61261429659623,45.81211990352846]}},{"type":"Feature","properties":{"kind":"pod","name":"94604","use":"MULTIPLE INSTREAM USES","source":"NORTH FORK NEHALEM RIVER","link":"https://apps.wrd.state.or.us/apps/wr/wrinfo/wr_details.aspx?snp_id=200403","pod_use_id":775279},"geometry":{"type":"Point","coordinates":[-123.77211102920192,45.81379269632099]}},{"type":"Feature","properties":{"kind":"pod","name":"94604","use":"MULTIPLE INSTREAM USES","source":"NORTH FORK NEHALEM RIVER","link":"https://apps.wrd.state.or.us/apps/wr/wrinfo/wr_details.aspx?snp_id=200403","pod_use_id":775280},"geometry":{"type":"Point","coordinates":[-123.77211102920192,45.81379269632099]}},{"type":"Feature","properties":{"kind":"pod","name":"94604","use":"MULTIPLE INSTREAM USES","source":"NORTH FORK NEHALEM RIVER","link":"https://apps.wrd.state.or.us/apps/wr/wrinfo/wr_details.aspx?snp_id=200403","pod_use_id":775281},"geometry":{"type":"Point","coordinates":[-123.77211102920192,45.81379269632099]}},{"type":"Feature","properties":{"kind":"pod","name":"94604","use":"MULTIPLE INSTREAM USES","source":"NORTH FORK NEHALEM RIVER","link":"https://apps.wrd.state.or.us/apps/wr/wrinfo/wr_details.aspx?snp_id=200403","pod_use_id":775282},"geometry":{"type":"Point","coordinates":[-123.77211102920192,45.81379269632099]}},{"type":"Feature","properties":{"kind":"pod","name":"94604","use":"MULTIPLE INSTREAM USES","source":"NORTH FORK NEHALEM RIVER","link":"https://apps.wrd.state.or.us/apps/wr/wrinfo/wr_details.aspx?snp_id=200403","pod_use_id":775283},"geometry":{"type":"Point","coordinates":[-123.77211102920192,45.81379269632099]}},{"type":"Feature","properties":{"kind":"pod","name":"94604","use":"MULTIPLE INSTREAM USES","source":"NORTH FORK NEHALEM RIVER","link":"https://apps.wrd.state.or.us/apps/wr/wrinfo/wr_details.aspx?snp_id=200403","pod_use_id":775284},"geometry":{"type":"Point","coordinates":[-123.77211102920192,45.81379269632099]}},{"type":"Feature","properties":{"kind":"pod","name":"94605","use":"MULTIPLE INSTREAM USES","source":"NORTH FORK NEHALEM RIVER","link":"https://apps.wrd.state.or.us/apps/wr/wrinfo/wr_details.aspx?snp_id=200405","pod_use_id":775293},"geometry":{"type":"Point","coordinates":[-123.70051525654812,45.84828097137513]}},{"type":"Feature","properties":{"kind":"pod","name":"94605","use":"MULTIPLE INSTREAM USES","source":"NORTH FORK NEHALEM RIVER","link":"https://apps.wrd.state.or.us/apps/wr/wrinfo/wr_details.aspx?snp_id=200405","pod_use_id":775294},"geometry":{"type":"Point","coordinates":[-123.70051525654812,45.84828097137513]}},{"type":"Feature","properties":{"kind":"pod","name":"94605","use":"MULTIPLE INSTREAM USES","source":"NORTH FORK NEHALEM RIVER","link":"https://apps.wrd.state.or.us/apps/wr/wrinfo/wr_details.aspx?snp_id=200405","pod_use_id":775295},"geometry":{"type":"Point","coordinates":[-123.70051525654812,45.84828097137513]}},{"type":"Feature","properties":{"kind":"pod","name":"94605","use":"MULTIPLE INSTREAM USES","source":"NORTH FORK NEHALEM RIVER","link":"https://apps.wrd.state.or.us/apps/wr/wrinfo/wr_details.aspx?snp_id=200405","pod_use_id":775296},"geometry":{"type":"Point","coordinates":[-123.70051525654812,45.84828097137513]}},{"type":"Feature","properties":{"kind":"pod","name":"94605","use":"MULTIPLE INSTREAM USES","source":"NORTH FORK NEHALEM RIVER","link":"https://apps.wrd.state.or.us/apps/wr/wrinfo/wr_details.aspx?snp_id=200405","pod_use_id":775297},"geometry":{"type":"Point","coordinates":[-123.70051525654812,45.84828097137513]}},{"type":"Feature","properties":{"kind":"pod","name":"94605","use":"MULTIPLE INSTREAM USES","source":"NORTH FORK NEHALEM RIVER","link":"https://apps.wrd.state.or.us/apps/wr/wrinfo/wr_details.aspx?snp_id=200405","pod_use_id":775298},"geometry":{"type":"Point","coordinates":[-123.70051525654812,45.84828097137513]}},{"type":"Feature","properties":{"kind":"pod","name":"94605","use":"MULTIPLE INSTREAM USES","source":"NORTH FORK NEHALEM RIVER","link":"https://apps.wrd.state.or.us/apps/wr/wrinfo/wr_details.aspx?snp_id=200405","pod_use_id":775299},"geometry":{"type":"Point","coordinates":[-123.70051525654812,45.84828097137513]}},{"type":"Feature","properties":{"kind":"pod","name":"94605","use":"MULTIPLE INSTREAM USES","source":"NORTH FORK NEHALEM RIVER","link":"https://apps.wrd.state.or.us/apps/wr/wrinfo/wr_details.aspx?snp_id=200405","pod_use_id":775300},"geometry":{"type":"Point","coordinates":[-123.70051525654812,45.84828097137513]}},{"type":"Feature","properties":{"kind":"pod","name":"94605","use":"MULTIPLE INSTREAM USES","source":"NORTH FORK NEHALEM RIVER","link":"https://apps.wrd.state.or.us/apps/wr/wrinfo/wr_details.aspx?snp_id=200405","pod_use_id":775301},"geometry":{"type":"Point","coordinates":[-123.70051525654812,45.84828097137513]}},{"type":"Feature","properties":{"kind":"pod","name":"94605","use":"MULTIPLE INSTREAM USES","source":"NORTH FORK NEHALEM RIVER","link":"https://apps.wrd.state.or.us/apps/wr/wrinfo/wr_details.aspx?snp_id=200405","pod_use_id":775302},"geometry":{"type":"Point","coordinates":[-123.70051525654812,45.84828097137513]}},{"type":"Feature","properties":{"kind":"pod","name":"94615","use":"MULTIPLE INSTREAM USES","source":"WEST HUMBUG CREEK","link":"https://apps.wrd.state.or.us/apps/wr/wrinfo/wr_details.aspx?snp_id=200406","pod_use_id":775303},"geometry":{"type":"Point","coordinates":[-123.62085442264438,45.88876211596703]}},{"type":"Feature","properties":{"kind":"pod","name":"94615","use":"MULTIPLE INSTREAM USES","source":"WEST HUMBUG CREEK","link":"https://apps.wrd.state.or.us/apps/wr/wrinfo/wr_details.aspx?snp_id=200406","pod_use_id":775304},"geometry":{"type":"Point","coordinates":[-123.62085442264438,45.88876211596703]}},{"type":"Feature","properties":{"kind":"pod","name":"94615","use":"MULTIPLE INSTREAM USES","source":"WEST HUMBUG CREEK","link":"https://apps.wrd.state.or.us/apps/wr/wrinfo/wr_details.aspx?snp_id=200406","pod_use_id":775305},"geometry":{"type":"Point","coordinates":[-123.62085442264438,45.88876211596703]}},{"type":"Feature","properties":{"kind":"pod","name":"94615","use":"MULTIPLE INSTREAM USES","source":"WEST HUMBUG CREEK","link":"https://apps.wrd.state.or.us/apps/wr/wrinfo/wr_details.aspx?snp_id=200406","pod_use_id":775306},"geometry":{"type":"Point","coordinates":[-123.62085442264438,45.88876211596703]}},{"type":"Feature","properties":{"kind":"pod","name":"94615","use":"MULTIPLE INSTREAM USES","source":"WEST HUMBUG CREEK","link":"https://apps.wrd.state.or.us/apps/wr/wrinfo/wr_details.aspx?snp_id=200406","pod_use_id":775307},"geometry":{"type":"Point","coordinates":[-123.62085442264438,45.88876211596703]}},{"type":"Feature","properties":{"kind":"pod","name":"94615","use":"MULTIPLE INSTREAM USES","source":"WEST HUMBUG CREEK","link":"https://apps.wrd.state.or.us/apps/wr/wrinfo/wr_details.aspx?snp_id=200406","pod_use_id":775308},"geometry":{"type":"Point","coordinates":[-123.62085442264438,45.88876211596703]}},{"type":"Feature","properties":{"kind":"pod","name":"94615","use":"MULTIPLE INSTREAM USES","source":"WEST HUMBUG CREEK","link":"https://apps.wrd.state.or.us/apps/wr/wrinfo/wr_details.aspx?snp_id=200406","pod_use_id":775309},"geometry":{"type":"Point","coordinates":[-123.62085442264438,45.88876211596703]}},{"type":"Feature","properties":{"kind":"pod","name":"94615","use":"MULTIPLE INSTREAM USES","source":"WEST HUMBUG CREEK","link":"https://apps.wrd.state.or.us/apps/wr/wrinfo/wr_details.aspx?snp_id=200406","pod_use_id":775310},"geometry":{"type":"Point","coordinates":[-123.62085442264438,45.88876211596703]}},{"type":"Feature","properties":{"kind":"pod","name":"94615","use":"MULTIPLE INSTREAM USES","source":"WEST HUMBUG CREEK","link":"https://apps.wrd.state.or.us/apps/wr/wrinfo/wr_details.aspx?snp_id=200406","pod_use_id":775311},"geometry":{"type":"Point","coordinates":[-123.62085442264438,45.88876211596703]}},{"type":"Feature","properties":{"kind":"pod","name":"94615","use":"MULTIPLE INSTREAM USES","source":"WEST HUMBUG CREEK","link":"https://apps.wrd.state.or.us/apps/wr/wrinfo/wr_details.aspx?snp_id=200406","pod_use_id":775312},"geometry":{"type":"Point","coordinates":[-123.62085442264438,45.88876211596703]}},{"type":"Feature","properties":{"kind":"pod","name":"94616","use":"MULTIPLE INSTREAM USES","source":"WOLF CREEK","link":"https://apps.wrd.state.or.us/apps/wr/wrinfo/wr_details.aspx?snp_id=200407","pod_use_id":775313},"geometry":{"type":"Point","coordinates":[-123.29701354721261,45.7614669432124]}},{"type":"Feature","properties":{"kind":"pod","name":"94616","use":"MULTIPLE INSTREAM USES","source":"WOLF CREEK","link":"https://apps.wrd.state.or.us/apps/wr/wrinfo/wr_details.aspx?snp_id=200407","pod_use_id":775314},"geometry":{"type":"Point","coordinates":[-123.29701354721261,45.7614669432124]}},{"type":"Feature","properties":{"kind":"pod","name":"94616","use":"MULTIPLE INSTREAM USES","source":"WOLF CREEK","link":"https://apps.wrd.state.or.us/apps/wr/wrinfo/wr_details.aspx?snp_id=200407","pod_use_id":775315},"geometry":{"type":"Point","coordinates":[-123.29701354721261,45.7614669432124]}},{"type":"Feature","properties":{"kind":"pod","name":"94616","use":"MULTIPLE INSTREAM USES","source":"WOLF CREEK","link":"https://apps.wrd.state.or.us/apps/wr/wrinfo/wr_details.aspx?snp_id=200407","pod_use_id":775316},"geometry":{"type":"Point","coordinates":[-123.29701354721261,45.7614669432124]}},{"type":"Feature","properties":{"kind":"pod","name":"94616","use":"MULTIPLE INSTREAM USES","source":"WOLF CREEK","link":"https://apps.wrd.state.or.us/apps/wr/wrinfo/wr_details.aspx?snp_id=200407","pod_use_id":775317},"geometry":{"type":"Point","coordinates":[-123.29701354721261,45.7614669432124]}},{"type":"Feature","properties":{"kind":"pod","name":"94616","use":"MULTIPLE INSTREAM USES","source":"WOLF CREEK","link":"https://apps.wrd.state.or.us/apps/wr/wrinfo/wr_details.aspx?snp_id=200407","pod_use_id":775318},"geometry":{"type":"Point","coordinates":[-123.29701354721261,45.7614669432124]}},{"type":"Feature","properties":{"kind":"pod","name":"94616","use":"MULTIPLE INSTREAM USES","source":"WOLF CREEK","link":"https://apps.wrd.state.or.us/apps/wr/wrinfo/wr_details.aspx?snp_id=200407","pod_use_id":775319},"geometry":{"type":"Point","coordinates":[-123.29701354721261,45.7614669432124]}},{"type":"Feature","properties":{"kind":"pod","name":"94616","use":"MULTIPLE INSTREAM USES","source":"WOLF CREEK","link":"https://apps.wrd.state.or.us/apps/wr/wrinfo/wr_details.aspx?snp_id=200407","pod_use_id":775320},"geometry":{"type":"Point","coordinates":[-123.29701354721261,45.7614669432124]}},{"type":"Feature","properties":{"kind":"pod","name":"94616","use":"MULTIPLE INSTREAM USES","source":"WOLF CREEK","link":"https://apps.wrd.state.or.us/apps/wr/wrinfo/wr_details.aspx?snp_id=200407","pod_use_id":775321},"geometry":{"type":"Point","coordinates":[-123.29701354721261,45.7614669432124]}},{"type":"Feature","properties":{"kind":"pod","name":"94616","use":"MULTIPLE INSTREAM USES","source":"WOLF CREEK","link":"https://apps.wrd.state.or.us/apps/wr/wrinfo/wr_details.aspx?snp_id=200407","pod_use_id":775322},"geometry":{"type":"Point","coordinates":[-123.29701354721261,45.7614669432124]}},{"type":"Feature","properties":{"kind":"pod","name":"94606","use":"MULTIPLE INSTREAM USES","source":"NORTHRUP CREEK","link":"https://apps.wrd.state.or.us/apps/wr/wrinfo/wr_details.aspx?snp_id=200409","pod_use_id":775331},"geometry":{"type":"Point","coordinates":[-123.42253624992544,45.983479988236205]}},{"type":"Feature","properties":{"kind":"pod","name":"94606","use":"MULTIPLE INSTREAM USES","source":"NORTHRUP CREEK","link":"https://apps.wrd.state.or.us/apps/wr/wrinfo/wr_details.aspx?snp_id=200409","pod_use_id":775332},"geometry":{"type":"Point","coordinates":[-123.42253624992544,45.983479988236205]}},{"type":"Feature","properties":{"kind":"pod","name":"94606","use":"MULTIPLE INSTREAM USES","source":"NORTHRUP CREEK","link":"https://apps.wrd.state.or.us/apps/wr/wrinfo/wr_details.aspx?snp_id=200409","pod_use_id":775333},"geometry":{"type":"Point","coordinates":[-123.42253624992544,45.983479988236205]}},{"type":"Feature","properties":{"kind":"pod","name":"94606","use":"MULTIPLE INSTREAM USES","source":"NORTHRUP CREEK","link":"https://apps.wrd.state.or.us/apps/wr/wrinfo/wr_details.aspx?snp_id=200409","pod_use_id":775334},"geometry":{"type":"Point","coordinates":[-123.42253624992544,45.983479988236205]}},{"type":"Feature","properties":{"kind":"pod","name":"94606","use":"MULTIPLE INSTREAM USES","source":"NORTHRUP CREEK","link":"https://apps.wrd.state.or.us/apps/wr/wrinfo/wr_details.aspx?snp_id=200409","pod_use_id":775335},"geometry":{"type":"Point","coordinates":[-123.42253624992544,45.983479988236205]}},{"type":"Feature","properties":{"kind":"pod","name":"94606","use":"MULTIPLE INSTREAM USES","source":"NORTHRUP CREEK","link":"https://apps.wrd.state.or.us/apps/wr/wrinfo/wr_details.aspx?snp_id=200409","pod_use_id":775336},"geometry":{"type":"Point","coordinates":[-123.42253624992544,45.983479988236205]}},{"type":"Feature","properties":{"kind":"pod","name":"94606","use":"MULTIPLE INSTREAM USES","source":"NORTHRUP CREEK","link":"https://apps.wrd.state.or.us/apps/wr/wrinfo/wr_details.aspx?snp_id=200409","pod_use_id":775337},"geometry":{"type":"Point","coordinates":[-123.42253624992544,45.983479988236205]}},{"type":"Feature","properties":{"kind":"pod","name":"94606","use":"MULTIPLE INSTREAM USES","source":"NORTHRUP CREEK","link":"https://apps.wrd.state.or.us/apps/wr/wrinfo/wr_details.aspx?snp_id=200409","pod_use_id":775338},"geometry":{"type":"Point","coordinates":[-123.42253624992544,45.983479988236205]}},{"type":"Feature","properties":{"kind":"pod","name":"94606","use":"MULTIPLE INSTREAM USES","source":"NORTHRUP CREEK","link":"https://apps.wrd.state.or.us/apps/wr/wrinfo/wr_details.aspx?snp_id=200409","pod_use_id":775339},"geometry":{"type":"Point","coordinates":[-123.42253624992544,45.983479988236205]}},{"type":"Feature","properties":{"kind":"pod","name":"94606","use":"MULTIPLE INSTREAM USES","source":"NORTHRUP CREEK","link":"https://apps.wrd.state.or.us/apps/wr/wrinfo/wr_details.aspx?snp_id=200409","pod_use_id":775340},"geometry":{"type":"Point","coordinates":[-123.42253624992544,45.983479988236205]}},{"type":"Feature","properties":{"kind":"pod","name":"94607","use":"MULTIPLE INSTREAM USES","source":"QUARTZ CREEK","link":"https://apps.wrd.state.or.us/apps/wr/wrinfo/wr_details.aspx?snp_id=200414","pod_use_id":775363},"geometry":{"type":"Point","coordinates":[-123.55761507086682,45.846041985798614]}},{"type":"Feature","properties":{"kind":"pod","name":"94607","use":"MULTIPLE INSTREAM USES","source":"QUARTZ CREEK","link":"https://apps.wrd.state.or.us/apps/wr/wrinfo/wr_details.aspx?snp_id=200414","pod_use_id":775364},"geometry":{"type":"Point","coordinates":[-123.55761507086682,45.846041985798614]}},{"type":"Feature","properties":{"kind":"pod","name":"94607","use":"MULTIPLE INSTREAM USES","source":"QUARTZ CREEK","link":"https://apps.wrd.state.or.us/apps/wr/wrinfo/wr_details.aspx?snp_id=200414","pod_use_id":775365},"geometry":{"type":"Point","coordinates":[-123.55761507086682,45.846041985798614]}},{"type":"Feature","properties":{"kind":"pod","name":"94607","use":"MULTIPLE INSTREAM USES","source":"QUARTZ CREEK","link":"https://apps.wrd.state.or.us/apps/wr/wrinfo/wr_details.aspx?snp_id=200414","pod_use_id":775366},"geometry":{"type":"Point","coordinates":[-123.55761507086682,45.846041985798614]}},{"type":"Feature","properties":{"kind":"pod","name":"94607","use":"MULTIPLE INSTREAM USES","source":"QUARTZ CREEK","link":"https://apps.wrd.state.or.us/apps/wr/wrinfo/wr_details.aspx?snp_id=200414","pod_use_id":775367},"geometry":{"type":"Point","coordinates":[-123.55761507086682,45.846041985798614]}},{"type":"Feature","properties":{"kind":"pod","name":"94608","use":"MULTIPLE INSTREAM USES","source":"ROCK CREEK","link":"https://apps.wrd.state.or.us/apps/wr/wrinfo/wr_details.aspx?snp_id=200417","pod_use_id":775374},"geometry":{"type":"Point","coordinates":[-123.1902371515219,45.854914159238874]}},{"type":"Feature","properties":{"kind":"pod","name":"94608","use":"MULTIPLE INSTREAM USES","source":"ROCK CREEK","link":"https://apps.wrd.state.or.us/apps/wr/wrinfo/wr_details.aspx?snp_id=200417","pod_use_id":775375},"geometry":{"type":"Point","coordinates":[-123.1902371515219,45.854914159238874]}},{"type":"Feature","properties":{"kind":"pod","name":"94608","use":"MULTIPLE INSTREAM USES","source":"ROCK CREEK","link":"https://apps.wrd.state.or.us/apps/wr/wrinfo/wr_details.aspx?snp_id=200417","pod_use_id":775376},"geometry":{"type":"Point","coordinates":[-123.1902371515219,45.854914159238874]}},{"type":"Feature","properties":{"kind":"pod","name":"94608","use":"MULTIPLE INSTREAM USES","source":"ROCK CREEK","link":"https://apps.wrd.state.or.us/apps/wr/wrinfo/wr_details.aspx?snp_id=200417","pod_use_id":775377},"geometry":{"type":"Point","coordinates":[-123.1902371515219,45.854914159238874]}},{"type":"Feature","properties":{"kind":"pod","name":"94608","use":"MULTIPLE INSTREAM USES","source":"ROCK CREEK","link":"https://apps.wrd.state.or.us/apps/wr/wrinfo/wr_details.aspx?snp_id=200417","pod_use_id":775378},"geometry":{"type":"Point","coordinates":[-123.1902371515219,45.854914159238874]}},{"type":"Feature","properties":{"kind":"pod","name":"94608","use":"MULTIPLE INSTREAM USES","source":"ROCK CREEK","link":"https://apps.wrd.state.or.us/apps/wr/wrinfo/wr_details.aspx?snp_id=200417","pod_use_id":775379},"geometry":{"type":"Point","coordinates":[-123.1902371515219,45.854914159238874]}},{"type":"Feature","properties":{"kind":"pod","name":"94608","use":"MULTIPLE INSTREAM USES","source":"ROCK CREEK","link":"https://apps.wrd.state.or.us/apps/wr/wrinfo/wr_details.aspx?snp_id=200417","pod_use_id":775380},"geometry":{"type":"Point","coordinates":[-123.1902371515219,45.854914159238874]}},{"type":"Feature","properties":{"kind":"pod","name":"94608","use":"MULTIPLE INSTREAM USES","source":"ROCK CREEK","link":"https://apps.wrd.state.or.us/apps/wr/wrinfo/wr_details.aspx?snp_id=200417","pod_use_id":775381},"geometry":{"type":"Point","coordinates":[-123.1902371515219,45.854914159238874]}},{"type":"Feature","properties":{"kind":"pod","name":"94609","use":"MULTIPLE INSTREAM USES","source":"SALMONBERRY RIVER","link":"https://apps.wrd.state.or.us/apps/wr/wrinfo/wr_details.aspx?snp_id=200419","pod_use_id":775384},"geometry":{"type":"Point","coordinates":[-123.65348627941074,45.75030253400896]}},{"type":"Feature","properties":{"kind":"pod","name":"94609","use":"MULTIPLE INSTREAM USES","source":"SALMONBERRY RIVER","link":"https://apps.wrd.state.or.us/apps/wr/wrinfo/wr_details.aspx?snp_id=200419","pod_use_id":775385},"geometry":{"type":"Point","coordinates":[-123.65348627941074,45.75030253400896]}},{"type":"Feature","properties":{"kind":"pod","name":"94609","use":"MULTIPLE INSTREAM USES","source":"SALMONBERRY RIVER","link":"https://apps.wrd.state.or.us/apps/wr/wrinfo/wr_details.aspx?snp_id=200419","pod_use_id":775386},"geometry":{"type":"Point","coordinates":[-123.65348627941074,45.75030253400896]}},{"type":"Feature","properties":{"kind":"pod","name":"94609","use":"MULTIPLE INSTREAM USES","source":"SALMONBERRY RIVER","link":"https://apps.wrd.state.or.us/apps/wr/wrinfo/wr_details.aspx?snp_id=200419","pod_use_id":775387},"geometry":{"type":"Point","coordinates":[-123.65348627941074,45.75030253400896]}},{"type":"Feature","properties":{"kind":"pod","name":"94609","use":"MULTIPLE INSTREAM USES","source":"SALMONBERRY RIVER","link":"https://apps.wrd.state.or.us/apps/wr/wrinfo/wr_details.aspx?snp_id=200419","pod_use_id":775388},"geometry":{"type":"Point","coordinates":[-123.65348627941074,45.75030253400896]}},{"type":"Feature","properties":{"kind":"pod","name":"94609","use":"MULTIPLE INSTREAM USES","source":"SALMONBERRY RIVER","link":"https://apps.wrd.state.or.us/apps/wr/wrinfo/wr_details.aspx?snp_id=200419","pod_use_id":775389},"geometry":{"type":"Point","coordinates":[-123.65348627941074,45.75030253400896]}},{"type":"Feature","properties":{"kind":"pod","name":"94609","use":"MULTIPLE INSTREAM USES","source":"SALMONBERRY RIVER","link":"https://apps.wrd.state.or.us/apps/wr/wrinfo/wr_details.aspx?snp_id=200419","pod_use_id":775390},"geometry":{"type":"Point","coordinates":[-123.65348627941074,45.75030253400896]}},{"type":"Feature","properties":{"kind":"pod","name":"94609","use":"MULTIPLE INSTREAM USES","source":"SALMONBERRY RIVER","link":"https://apps.wrd.state.or.us/apps/wr/wrinfo/wr_details.aspx?snp_id=200419","pod_use_id":775391},"geometry":{"type":"Point","coordinates":[-123.65348627941074,45.75030253400896]}},{"type":"Feature","properties":{"kind":"pod","name":"94691","use":"DOMESTIC EXPANDED","source":"NORTHRUP CREEK","link":"https://apps.wrd.state.or.us/apps/wr/wrinfo/wr_details.aspx?snp_id=200595","pod_use_id":776092},"geometry":{"type":"Point","coordinates":[-123.43029826179142,45.993874164614326]}},{"type":"Feature","properties":{"kind":"pod","name":"95799","use":"QUASI-MUNICIPAL USES","source":"FISHHAWK CREEK","link":"https://apps.wrd.state.or.us/apps/wr/wrinfo/wr_details.aspx?snp_id=210302","pod_use_id":817138},"geometry":{"type":"Point","coordinates":[-123.35288973111139,46.03439579148463]}},{"type":"Feature","properties":{"kind":"pod","name":"97180","use":"MUNICIPAL USES","source":"JETTY CREEK","link":"https://apps.wrd.state.or.us/apps/wr/wrinfo/wr_details.aspx?snp_id=223111","pod_use_id":856568},"geometry":{"type":"Point","coordinates":[-123.92705552930273,45.657797173780466]}},{"type":"Feature","properties":{"kind":"pod","name":"97180","use":"MUNICIPAL USES","source":"JETTY CREEK","link":"https://apps.wrd.state.or.us/apps/wr/wrinfo/wr_details.aspx?snp_id=223111","pod_use_id":856569},"geometry":{"type":"Point","coordinates":[-123.92648729147005,45.65822544844379]}},{"type":"Feature","properties":{"kind":"pod","name":"97181","use":"MUNICIPAL USES","source":"JETTY CREEK","link":"https://apps.wrd.state.or.us/apps/wr/wrinfo/wr_details.aspx?snp_id=223113","pod_use_id":856572},"geometry":{"type":"Point","coordinates":[-123.92705552930273,45.657797173780466]}},{"type":"Feature","properties":{"kind":"pod","name":"97181","use":"MUNICIPAL USES","source":"JETTY CREEK","link":"https://apps.wrd.state.or.us/apps/wr/wrinfo/wr_details.aspx?snp_id=223113","pod_use_id":856573},"geometry":{"type":"Point","coordinates":[-123.92648729147005,45.65822544844379]}},{"type":"Feature","properties":{"kind":"pod","name":"IS 89941","use":"MULTIPLE INSTREAM USES","source":"NEHALEM RIVER","link":"https://apps.wrd.state.or.us/apps/wr/wrinfo/wr_details.aspx?snp_id=231085","pod_use_id":896665},"geometry":{"type":"Point","coordinates":[-123.88257947398745,45.69488094511528]}},{"type":"Feature","properties":{"kind":"pod","name":"IS 89941","use":"MULTIPLE INSTREAM USES","source":"NEHALEM RIVER","link":"https://apps.wrd.state.or.us/apps/wr/wrinfo/wr_details.aspx?snp_id=231085","pod_use_id":896666},"geometry":{"type":"Point","coordinates":[-123.88257947398745,45.69488094511528]}},{"type":"Feature","properties":{"kind":"pod","name":"IS 89941","use":"MULTIPLE INSTREAM USES","source":"NEHALEM RIVER","link":"https://apps.wrd.state.or.us/apps/wr/wrinfo/wr_details.aspx?snp_id=231085","pod_use_id":896667},"geometry":{"type":"Point","coordinates":[-123.88257947398745,45.69488094511528]}},{"type":"Feature","properties":{"kind":"pod","name":"IS 89941","use":"MULTIPLE INSTREAM USES","source":"NEHALEM RIVER","link":"https://apps.wrd.state.or.us/apps/wr/wrinfo/wr_details.aspx?snp_id=231085","pod_use_id":896668},"geometry":{"type":"Point","coordinates":[-123.88257947398745,45.69488094511528]}},{"type":"Feature","properties":{"kind":"pod","name":"IS 89941","use":"MULTIPLE INSTREAM USES","source":"NEHALEM RIVER","link":"https://apps.wrd.state.or.us/apps/wr/wrinfo/wr_details.aspx?snp_id=231085","pod_use_id":896669},"geometry":{"type":"Point","coordinates":[-123.88257947398745,45.69488094511528]}},{"type":"Feature","properties":{"kind":"pod","name":"IS 89941","use":"MULTIPLE INSTREAM USES","source":"NEHALEM RIVER","link":"https://apps.wrd.state.or.us/apps/wr/wrinfo/wr_details.aspx?snp_id=231085","pod_use_id":896670},"geometry":{"type":"Point","coordinates":[-123.88257947398745,45.69488094511528]}},{"type":"Feature","properties":{"kind":"pod","name":"IS 89941","use":"MULTIPLE INSTREAM USES","source":"NEHALEM RIVER","link":"https://apps.wrd.state.or.us/apps/wr/wrinfo/wr_details.aspx?snp_id=231085","pod_use_id":896671},"geometry":{"type":"Point","coordinates":[-123.88257947398745,45.69488094511528]}},{"type":"Feature","properties":{"kind":"pod","name":"98950","use":"IRRIGATION","source":"NEHALEM RIVER","link":"https://apps.wrd.state.or.us/apps/wr/wrinfo/wr_details.aspx?snp_id=231554","pod_use_id":899597},"geometry":{"type":"Point","coordinates":[-123.24800271514862,45.849736138226085]}}]}