{"type":"FeatureCollection","features":[{"type":"Feature","properties":{"kind":"well","wl_id":36815,"log":"Water Well","use":"Domestic","tag":118415},"geometry":{"type":"Point","coordinates":[-123.58443050332859,45.86488336994105]}},{"type":"Feature","properties":{"kind":"well","wl_id":36817,"log":"Water Well","use":"Domestic","tag":null},"geometry":{"type":"Point","coordinates":[-123.70122728842647,45.8483672972244]}},{"type":"Feature","properties":{"kind":"well","wl_id":36818,"log":"Water Well","use":"Domestic","tag":null},"geometry":{"type":"Point","coordinates":[-123.57370827488381,45.87851994233263]}},{"type":"Feature","properties":{"kind":"well","wl_id":36819,"log":"Water Well","use":"Domestic","tag":null},"geometry":{"type":"Point","coordinates":[-123.54909173853252,45.86510941410664]}},{"type":"Feature","properties":{"kind":"well","wl_id":36822,"log":"Water Well","use":"Domestic","tag":null},"geometry":{"type":"Point","coordinates":[-123.58438374230151,45.861121630134704]}},{"type":"Feature","properties":{"kind":"well","wl_id":36823,"log":"Water Well","use":"Domestic","tag":null},"geometry":{"type":"Point","coordinates":[-123.83313100561634,45.79081446020104]}},{"type":"Feature","properties":{"kind":"well","wl_id":36838,"log":"Water Well","use":"Domestic","tag":null},"geometry":{"type":"Point","coordinates":[-123.84100247855702,45.79995920984669]}},{"type":"Feature","properties":{"kind":"well","wl_id":36839,"log":"Water Well","use":"Domestic","tag":null},"geometry":{"type":"Point","coordinates":[-123.77888585075382,45.81034292720142]}},{"type":"Feature","properties":{"kind":"well","wl_id":36840,"log":"Water Well","use":"Domestic","tag":null},"geometry":{"type":"Point","coordinates":[-123.7685661078773,45.80318505738971]}},{"type":"Feature","properties":{"kind":"well","wl_id":36842,"log":"Water Well","use":"Domestic","tag":null},"geometry":{"type":"Point","coordinates":[-123.51708613880402,45.93488949080243]}},{"type":"Feature","properties":{"kind":"well","wl_id":36848,"log":"Water Well","use":"Community","tag":null},"geometry":{"type":"Point","coordinates":[-123.7685661078773,45.80318505738971]}},{"type":"Feature","properties":{"kind":"well","wl_id":36849,"log":"Water Well","use":"Domestic","tag":null},"geometry":{"type":"Point","coordinates":[-123.70122728842647,45.8483672972244]}},{"type":"Feature","properties":{"kind":"well","wl_id":36850,"log":"Water Well","use":"Domestic","tag":null},"geometry":{"type":"Point","coordinates":[-123.54730958157978,45.88204908496525]}},{"type":"Feature","properties":{"kind":"well","wl_id":36851,"log":"Water Well","use":"Domestic","tag":null},"geometry":{"type":"Point","coordinates":[-123.56887796139426,45.864975181782306]}},{"type":"Feature","properties":{"kind":"well","wl_id":36861,"log":"Water Well","use":"Domestic","tag":null},"geometry":{"type":"Point","coordinates":[-123.77115709929507,45.804996477009055]}},{"type":"Feature","properties":{"kind":"well","wl_id":36863,"log":"Water Well","use":"Domestic","tag":129026},"geometry":{"type":"Point","coordinates":[-123.5577671046247,45.88573188389419]}},{"type":"Feature","properties":{"kind":"well","wl_id":36864,"log":"Water Well","use":"Domestic","tag":null},"geometry":{"type":"Point","coordinates":[-123.57388177402943,45.871192071575535]}},{"type":"Feature","properties":{"kind":"well","wl_id":36865,"log":"Water Well","use":"Domestic","tag":null},"geometry":{"type":"Point","coordinates":[-123.78409876226861,45.810342446383935]}},{"type":"Feature","properties":{"kind":"well","wl_id":36866,"log":"Water Well","use":"Domestic","tag":null},"geometry":{"type":"Point","coordinates":[-123.56830897491973,45.88219162309889]}},{"type":"Feature","properties":{"kind":"well","wl_id":36867,"log":"Water Well","use":"Domestic","tag":null},"geometry":{"type":"Point","coordinates":[-123.56830897491973,45.88219162309889]}},{"type":"Feature","properties":{"kind":"well","wl_id":36876,"log":"Water Well","use":"Domestic","tag":null},"geometry":{"type":"Point","coordinates":[-123.52355009253115,45.855745576016304]}},{"type":"Feature","properties":{"kind":"well","wl_id":36877,"log":"Water Well","use":"Domestic","tag":null},"geometry":{"type":"Point","coordinates":[-123.53627219500656,45.85658039424877]}},{"type":"Feature","properties":{"kind":"well","wl_id":36878,"log":"Water Well","use":"Domestic","tag":null},"geometry":{"type":"Point","coordinates":[-123.5438890057151,45.85570024345356]}},{"type":"Feature","properties":{"kind":"well","wl_id":36879,"log":"Water Well","use":"Domestic","tag":null},"geometry":{"type":"Point","coordinates":[-123.55399433875326,45.86507563319818]}},{"type":"Feature","properties":{"kind":"well","wl_id":36880,"log":"Water Well","use":"Domestic","tag":null},"geometry":{"type":"Point","coordinates":[-123.55406681769551,45.85566771315784]}},{"type":"Feature","properties":{"kind":"well","wl_id":36881,"log":"Water Well","use":"Domestic","tag":null},"geometry":{"type":"Point","coordinates":[-123.55657511825059,45.85644625296021]}},{"type":"Feature","properties":{"kind":"well","wl_id":36882,"log":"Water Well","use":"Domestic","tag":null},"geometry":{"type":"Point","coordinates":[-123.55657511825059,45.85644625296021]}},{"type":"Feature","properties":{"kind":"well","wl_id":36883,"log":"Water Well","use":"Domestic","tag":null},"geometry":{"type":"Point","coordinates":[-123.55399433875326,45.86507563319818]}},{"type":"Feature","properties":{"kind":"well","wl_id":36884,"log":"Water Well","use":"Domestic","tag":null},"geometry":{"type":"Point","coordinates":[-123.58438374230151,45.861121630134704]}},{"type":"Feature","properties":{"kind":"well","wl_id":36885,"log":"Water Well","use":"Domestic","tag":null},"geometry":{"type":"Point","coordinates":[-123.58438374230151,45.861121630134704]}},{"type":"Feature","properties":{"kind":"well","wl_id":36886,"log":"Water Well","use":"Domestic","tag":null},"geometry":{"type":"Point","coordinates":[-123.58438374230151,45.861121630134704]}},{"type":"Feature","properties":{"kind":"well","wl_id":36887,"log":"Water Well","use":"Domestic","tag":null},"geometry":{"type":"Point","coordinates":[-123.58955156470896,45.86491638969092]}},{"type":"Feature","properties":{"kind":"well","wl_id":36888,"log":"Water Well","use":"Domestic","tag":null},"geometry":{"type":"Point","coordinates":[-123.60388043044975,45.833300186784726]}},{"type":"Feature","properties":{"kind":"well","wl_id":36889,"log":"Water Well","use":"Domestic","tag":null},"geometry":{"type":"Point","coordinates":[-123.6039559486655,45.829720535990106]}},{"type":"Feature","properties":{"kind":"well","wl_id":36890,"log":"Water Well","use":"Domestic","tag":null},"geometry":{"type":"Point","coordinates":[-123.5960042269933,45.82445629691853]}},{"type":"Feature","properties":{"kind":"well","wl_id":36891,"log":"Water Well","use":"Domestic","tag":null},"geometry":{"type":"Point","coordinates":[-123.55657511825059,45.85644625296021]}},{"type":"Feature","properties":{"kind":"well","wl_id":36892,"log":"Water Well","use":"Domestic","tag":null},"geometry":{"type":"Point","coordinates":[-123.59573717316856,45.85606057832064]}},{"type":"Feature","properties":{"kind":"well","wl_id":36893,"log":"Water Well","use":"Domestic","tag":null},"geometry":{"type":"Point","coordinates":[-123.59468325541222,45.86497858930812]}},{"type":"Feature","properties":{"kind":"well","wl_id":36894,"log":"Water Well","use":"Domestic","tag":130116},"geometry":{"type":"Point","coordinates":[-123.70122728842647,45.8483672972244]}},{"type":"Feature","properties":{"kind":"well","wl_id":36895,"log":"Water Well","use":"Domestic","tag":null},"geometry":{"type":"Point","coordinates":[-123.76831384222676,45.82131934835526]}},{"type":"Feature","properties":{"kind":"well","wl_id":36896,"log":"Water Well","use":"Domestic","tag":null},"geometry":{"type":"Point","coordinates":[-123.77115709929507,45.804996477009055]}},{"type":"Feature","properties":{"kind":"well","wl_id":36897,"log":"Water Well","use":"Domestic","tag":null},"geometry":{"type":"Point","coordinates":[-123.7996654725142,45.80328599397094]}},{"type":"Feature","properties":{"kind":"well","wl_id":36898,"log":"Water Well","use":"Domestic","tag":null},"geometry":{"type":"Point","coordinates":[-123.79189538158205,45.80502964571792]}},{"type":"Feature","properties":{"kind":"well","wl_id":36899,"log":"Water Well","use":"Domestic","tag":null},"geometry":{"type":"Point","coordinates":[-123.80983049155729,45.79251816317187]}},{"type":"Feature","properties":{"kind":"well","wl_id":36900,"log":"Water Well","use":"Domestic","tag":null},"geometry":{"type":"Point","coordinates":[-123.82002398251674,45.785311021407814]}},{"type":"Feature","properties":{"kind":"well","wl_id":36901,"log":"Water Well","use":"Domestic","tag":null},"geometry":{"type":"Point","coordinates":[-123.81491072244995,45.78891434201714]}},{"type":"Feature","properties":{"kind":"well","wl_id":36902,"log":"Water Well","use":"Domestic","tag":null},"geometry":{"type":"Point","coordinates":[-123.82006689230883,45.78893366142752]}},{"type":"Feature","properties":{"kind":"well","wl_id":36903,"log":"Water Well","use":"Domestic","tag":null},"geometry":{"type":"Point","coordinates":[-123.82002398251674,45.785311021407814]}},{"type":"Feature","properties":{"kind":"well","wl_id":36905,"log":"Water Well","use":"Domestic","tag":null},"geometry":{"type":"Point","coordinates":[-123.43467832944901,45.95214381060149]}},{"type":"Feature","properties":{"kind":"well","wl_id":36906,"log":"Water Well","use":"Domestic","tag":null},"geometry":{"type":"Point","coordinates":[-123.51181673936671,45.94202289152894]}},{"type":"Feature","properties":{"kind":"well","wl_id":36907,"log":"Water Well","use":"Domestic","tag":null},"geometry":{"type":"Point","coordinates":[-123.51181673936671,45.94202289152894]}},{"type":"Feature","properties":{"kind":"well","wl_id":36908,"log":"Water Well","use":"Domestic","tag":null},"geometry":{"type":"Point","coordinates":[-123.54766336566996,45.94595271870963]}},{"type":"Feature","properties":{"kind":"well","wl_id":36909,"log":"Water Well","use":"Domestic","tag":null},"geometry":{"type":"Point","coordinates":[-123.52248901677136,45.924157670177735]}},{"type":"Feature","properties":{"kind":"well","wl_id":36910,"log":"Water Well","use":"Domestic","tag":null},"geometry":{"type":"Point","coordinates":[-123.49143425215007,45.92047168306205]}},{"type":"Feature","properties":{"kind":"well","wl_id":36911,"log":"Water Well","use":"Domestic","tag":null},"geometry":{"type":"Point","coordinates":[-123.5576085861349,45.896441535007455]}},{"type":"Feature","properties":{"kind":"well","wl_id":36912,"log":"Water Well","use":"Domestic","tag":null},"geometry":{"type":"Point","coordinates":[-123.53732253265477,45.89618446649545]}},{"type":"Feature","properties":{"kind":"well","wl_id":36913,"log":"Water Well","use":"Domestic","tag":null},"geometry":{"type":"Point","coordinates":[-123.54730958157978,45.88204908496525]}},{"type":"Feature","properties":{"kind":"well","wl_id":36914,"log":"Water Well","use":"Domestic","tag":null},"geometry":{"type":"Point","coordinates":[-123.54730687389616,45.8892566656899]}},{"type":"Feature","properties":{"kind":"well","wl_id":36915,"log":"Water Well","use":"Domestic","tag":null},"geometry":{"type":"Point","coordinates":[-123.54730687389616,45.8892566656899]}},{"type":"Feature","properties":{"kind":"well","wl_id":36916,"log":"Water Well","use":"Domestic","tag":137002},"geometry":{"type":"Point","coordinates":[-123.54730958157978,45.88204908496525]}},{"type":"Feature","properties":{"kind":"well","wl_id":36917,"log":"Water Well","use":"Domestic","tag":null},"geometry":{"type":"Point","coordinates":[-123.55250192404708,45.88929112447996]}},{"type":"Feature","properties":{"kind":"well","wl_id":36918,"log":"Water Well","use":"Domestic","tag":null},"geometry":{"type":"Point","coordinates":[-123.55250192404708,45.88929112447996]}},{"type":"Feature","properties":{"kind":"well","wl_id":36919,"log":"Water Well","use":"Domestic","tag":null},"geometry":{"type":"Point","coordinates":[-123.54730958157978,45.88204908496525]}},{"type":"Feature","properties":{"kind":"well","wl_id":36920,"log":"Water Well","use":"Domestic","tag":null},"geometry":{"type":"Point","coordinates":[-123.57603117724338,45.88753523187942]}},{"type":"Feature","properties":{"kind":"well","wl_id":36921,"log":"Water Well","use":"Domestic","tag":null},"geometry":{"type":"Point","coordinates":[-123.56830897491973,45.88219162309889]}},{"type":"Feature","properties":{"kind":"well","wl_id":36922,"log":"Water Well","use":"Domestic","tag":null},"geometry":{"type":"Point","coordinates":[-123.57603117724338,45.88753523187942]}},{"type":"Feature","properties":{"kind":"well","wl_id":36923,"log":"Water Well","use":"Domestic","tag":null},"geometry":{"type":"Point","coordinates":[-123.57603117724338,45.88753523187942]}},{"type":"Feature","properties":{"kind":"well","wl_id":36924,"log":"Water Well","use":"Domestic","tag":null},"geometry":{"type":"Point","coordinates":[-123.57603117724338,45.88753523187942]}},{"type":"Feature","properties":{"kind":"well","wl_id":36925,"log":"Water Well","use":"Domestic","tag":null},"geometry":{"type":"Point","coordinates":[-123.57603117724338,45.88753523187942]}},{"type":"Feature","properties":{"kind":"well","wl_id":36926,"log":"Water Well","use":"Domestic","tag":null},"geometry":{"type":"Point","coordinates":[-123.59477208595644,45.86750684873423]}},{"type":"Feature","properties":{"kind":"well","wl_id":36927,"log":"Water Well","use":"Domestic","tag":null},"geometry":{"type":"Point","coordinates":[-123.57311472847466,45.89299402266017]}},{"type":"Feature","properties":{"kind":"well","wl_id":36928,"log":"Water Well","use":"Domestic","tag":null},"geometry":{"type":"Point","coordinates":[-123.57311472847466,45.89299402266017]}},{"type":"Feature","properties":{"kind":"well","wl_id":36929,"log":"Water Well","use":"Domestic","tag":754},"geometry":{"type":"Point","coordinates":[-123.57645916401539,45.87304339139623]}},{"type":"Feature","properties":{"kind":"well","wl_id":36930,"log":"Water Well","use":"Domestic","tag":15181},"geometry":{"type":"Point","coordinates":[-123.70122728842647,45.8483672972244]}},{"type":"Feature","properties":{"kind":"well","wl_id":36931,"log":"Water Well","use":"Domestic","tag":null},"geometry":{"type":"Point","coordinates":[-123.61550411320279,45.88558825778395]}},{"type":"Feature","properties":{"kind":"well","wl_id":36932,"log":"Water Well","use":"Domestic","tag":null},"geometry":{"type":"Point","coordinates":[-123.61063911125939,45.88192201825718]}},{"type":"Feature","properties":{"kind":"well","wl_id":36959,"log":"Water Well","use":"Domestic","tag":null},"geometry":{"type":"Point","coordinates":[-123.3620570457816,46.03156543204188]}},{"type":"Feature","properties":{"kind":"well","wl_id":36960,"log":"Water Well","use":"Domestic","tag":null},"geometry":{"type":"Point","coordinates":[-123.42234854457323,45.9846895832544]}},{"type":"Feature","properties":{"kind":"well","wl_id":36961,"log":"Water Well","use":"Domestic","tag":null},"geometry":{"type":"Point","coordinates":[-123.40707151381699,45.98807267557728]}},{"type":"Feature","properties":{"kind":"well","wl_id":36962,"log":"Water Well","use":"Domestic","tag":null},"geometry":{"type":"Point","coordinates":[-123.40697226378128,45.99169779564277]}},{"type":"Feature","properties":{"kind":"well","wl_id":36963,"log":"Water Well","use":"Domestic","tag":null},"geometry":{"type":"Point","coordinates":[-123.41796259144525,45.97013361275997]}},{"type":"Feature","properties":{"kind":"well","wl_id":36964,"log":"Water Well","use":"Domestic","tag":null},"geometry":{"type":"Point","coordinates":[-123.54243740871667,45.96360073998496]}},{"type":"Feature","properties":{"kind":"well","wl_id":37103,"log":"Water Well","use":"Domestic","tag":null},"geometry":{"type":"Point","coordinates":[-123.57886808685863,45.8821311116328]}},{"type":"Feature","properties":{"kind":"well","wl_id":37112,"log":"Water Well","use":"Domestic","tag":null},"geometry":{"type":"Point","coordinates":[-123.56830897491973,45.88219162309889]}},{"type":"Feature","properties":{"kind":"well","wl_id":37126,"log":"Water Well","use":"Domestic","tag":53914},"geometry":{"type":"Point","coordinates":[-123.82519650252216,45.78532217076416]}},{"type":"Feature","properties":{"kind":"well","wl_id":37127,"log":"Water Well","use":"Domestic","tag":null},"geometry":{"type":"Point","coordinates":[-123.57886808685863,45.8821311116328]}},{"type":"Feature","properties":{"kind":"well","wl_id":37145,"log":"Water Well","use":"Domestic","tag":null},"geometry":{"type":"Point","coordinates":[-123.56830897491973,45.88219162309889]}},{"type":"Feature","properties":{"kind":"well","wl_id":37166,"log":"Water Well","use":"Domestic","tag":null},"geometry":{"type":"Point","coordinates":[-123.5577671046247,45.88573188389419]}},{"type":"Feature","properties":{"kind":"well","wl_id":37170,"log":"Water Well","use":"Domestic","tag":null},"geometry":{"type":"Point","coordinates":[-123.54237278987257,45.87485966490393]}},{"type":"Feature","properties":{"kind":"well","wl_id":37178,"log":"Water Well","use":"Domestic","tag":null},"geometry":{"type":"Point","coordinates":[-123.81239032234402,45.790724782156786]}},{"type":"Feature","properties":{"kind":"well","wl_id":37188,"log":"Water Well","use":"Community","tag":95016},"geometry":{"type":"Point","coordinates":[-123.55155569278465,45.884182394192656]}},{"type":"Feature","properties":{"kind":"well","wl_id":37199,"log":"Water Well","use":"Domestic","tag":null},"geometry":{"type":"Point","coordinates":[-123.43986351035988,45.95221399994399]}},{"type":"Feature","properties":{"kind":"well","wl_id":37200,"log":"Water Well","use":"Domestic","tag":null},"geometry":{"type":"Point","coordinates":[-123.57603117724338,45.88753523187942]}},{"type":"Feature","properties":{"kind":"well","wl_id":37202,"log":"Water Well","use":"Domestic","tag":null},"geometry":{"type":"Point","coordinates":[-123.57341860634575,45.88578222263387]}},{"type":"Feature","properties":{"kind":"well","wl_id":37226,"log":"Water Well","use":"Domestic","tag":null},"geometry":{"type":"Point","coordinates":[-123.52687137855358,45.878485157223174]}},{"type":"Feature","properties":{"kind":"well","wl_id":37233,"log":"Water Well","use":"Domestic","tag":null},"geometry":{"type":"Point","coordinates":[-123.59993346137297,45.840708887566066]}},{"type":"Feature","properties":{"kind":"well","wl_id":37237,"log":"Water Well","use":"Domestic","tag":null},"geometry":{"type":"Point","coordinates":[-123.56277045688765,45.89646241369743]}},{"type":"Feature","properties":{"kind":"well","wl_id":37238,"log":"Water Well","use":"Domestic","tag":null},"geometry":{"type":"Point","coordinates":[-123.54220828364494,45.89277448636121]}},{"type":"Feature","properties":{"kind":"well","wl_id":37240,"log":"Water Well","use":"Domestic","tag":null},"geometry":{"type":"Point","coordinates":[-123.57358101640638,45.882160972316115]}},{"type":"Feature","properties":{"kind":"well","wl_id":37250,"log":"Water Well","use":"Domestic","tag":146931},"geometry":{"type":"Point","coordinates":[-123.56904169663203,45.8880193928866]}},{"type":"Feature","properties":{"kind":"well","wl_id":37251,"log":"Water Well","use":"Domestic","tag":null},"geometry":{"type":"Point","coordinates":[-123.57603117724338,45.88753523187942]}},{"type":"Feature","properties":{"kind":"well","wl_id":37257,"log":"Water Well","use":"Domestic","tag":null},"geometry":{"type":"Point","coordinates":[-123.57886808685863,45.8821311116328]}},{"type":"Feature","properties":{"kind":"well","wl_id":37258,"log":"Water Well","use":"Domestic","tag":null},"geometry":{"type":"Point","coordinates":[-123.57358101640638,45.882160972316115]}},{"type":"Feature","properties":{"kind":"well","wl_id":37270,"log":"Water Well","use":"Domestic","tag":null},"geometry":{"type":"Point","coordinates":[-123.57603117724338,45.88753523187942]}},{"type":"Feature","properties":{"kind":"well","wl_id":37271,"log":"Water Well","use":"Domestic","tag":null},"geometry":{"type":"Point","coordinates":[-123.57603117724338,45.88753523187942]}},{"type":"Feature","properties":{"kind":"well","wl_id":37289,"log":"Water Well","use":"Domestic","tag":null},"geometry":{"type":"Point","coordinates":[-123.79189538158205,45.80502964571792]}},{"type":"Feature","properties":{"kind":"well","wl_id":37294,"log":"Water Well","use":"Domestic","tag":null},"geometry":{"type":"Point","coordinates":[-123.42228577606201,45.9920745641972]}},{"type":"Feature","properties":{"kind":"well","wl_id":37295,"log":"Water Well","use":"Domestic","tag":null},"geometry":{"type":"Point","coordinates":[-123.82519650252216,45.78532217076416]}},{"type":"Feature","properties":{"kind":"well","wl_id":37296,"log":"Water Well","use":"Domestic","tag":null},"geometry":{"type":"Point","coordinates":[-123.42228577606201,45.9920745641972]}},{"type":"Feature","properties":{"kind":"well","wl_id":37300,"log":"Water Well","use":"Domestic","tag":null},"geometry":{"type":"Point","coordinates":[-123.42760887713929,45.9920441930766]}},{"type":"Feature","properties":{"kind":"well","wl_id":37303,"log":"Water Well","use":"Domestic","tag":null},"geometry":{"type":"Point","coordinates":[-123.7734208729475,45.8249893778857]}},{"type":"Feature","properties":{"kind":"well","wl_id":37304,"log":"Water Well","use":"Domestic","tag":null},"geometry":{"type":"Point","coordinates":[-123.82519650252216,45.78532217076416]}},{"type":"Feature","properties":{"kind":"well","wl_id":37325,"log":"Water Well","use":"Domestic","tag":null},"geometry":{"type":"Point","coordinates":[-123.83313100561634,45.79081446020104]}},{"type":"Feature","properties":{"kind":"well","wl_id":37330,"log":"Water Well","use":"Domestic","tag":14781},"geometry":{"type":"Point","coordinates":[-123.55657511825059,45.85644625296021]}},{"type":"Feature","properties":{"kind":"well","wl_id":37372,"log":"Water Well","use":"Domestic","tag":null},"geometry":{"type":"Point","coordinates":[-123.55399433875326,45.86507563319818]}},{"type":"Feature","properties":{"kind":"well","wl_id":37373,"log":"Water Well","use":"Domestic","tag":null},"geometry":{"type":"Point","coordinates":[-123.56354917123697,45.867571022306045]}},{"type":"Feature","properties":{"kind":"well","wl_id":37374,"log":"Water Well","use":"Domestic","tag":null},"geometry":{"type":"Point","coordinates":[-123.84082924578064,45.78535647871243]}},{"type":"Feature","properties":{"kind":"well","wl_id":37434,"log":"Water Well","use":"Domestic","tag":null},"geometry":{"type":"Point","coordinates":[-123.82519650252216,45.78532217076416]}},{"type":"Feature","properties":{"kind":"well","wl_id":37435,"log":"Water Well","use":"Domestic","tag":null},"geometry":{"type":"Point","coordinates":[-123.6039559486655,45.829720535990106]}},{"type":"Feature","properties":{"kind":"well","wl_id":37436,"log":"Water Well","use":"Domestic","tag":null},"geometry":{"type":"Point","coordinates":[-123.60004301001642,45.83703461722166]}},{"type":"Feature","properties":{"kind":"well","wl_id":37437,"log":"Water Well","use":"Domestic","tag":null},"geometry":{"type":"Point","coordinates":[-123.60004301001642,45.83703461722166]}},{"type":"Feature","properties":{"kind":"well","wl_id":37439,"log":"Water Well","use":"Domestic","tag":null},"geometry":{"type":"Point","coordinates":[-123.50152967579919,45.93479618273424]}},{"type":"Feature","properties":{"kind":"well","wl_id":37440,"log":"Water Well","use":"Domestic","tag":null},"geometry":{"type":"Point","coordinates":[-123.5786589375248,45.88577737163802]}},{"type":"Feature","properties":{"kind":"well","wl_id":37441,"log":"Water Well","use":"Domestic","tag":null},"geometry":{"type":"Point","coordinates":[-123.57358101640638,45.882160972316115]}},{"type":"Feature","properties":{"kind":"well","wl_id":37442,"log":"Water Well","use":"Domestic","tag":null},"geometry":{"type":"Point","coordinates":[-123.61550411320279,45.88558825778395]}},{"type":"Feature","properties":{"kind":"well","wl_id":37443,"log":"Water Well","use":"Domestic","tag":null},"geometry":{"type":"Point","coordinates":[-123.40961896387569,45.989985204735724]}},{"type":"Feature","properties":{"kind":"well","wl_id":37450,"log":"Water Well","use":"Domestic","tag":null},"geometry":{"type":"Point","coordinates":[-123.77367623072183,45.81038726784564]}},{"type":"Feature","properties":{"kind":"well","wl_id":37476,"log":"Water Well","use":"Domestic","tag":2617},"geometry":{"type":"Point","coordinates":[-123.54730958157978,45.88204908496525]}},{"type":"Feature","properties":{"kind":"well","wl_id":37492,"log":"Water Well","use":"Domestic","tag":2624},"geometry":{"type":"Point","coordinates":[-123.69131145765304,45.853789548299396]}},{"type":"Feature","properties":{"kind":"well","wl_id":37498,"log":"Water Well","use":"Domestic","tag":2625},"geometry":{"type":"Point","coordinates":[-123.58438374230151,45.861121630134704]}},{"type":"Feature","properties":{"kind":"well","wl_id":37501,"log":"Water Well","use":"Other (multi)","tag":1407},"geometry":{"type":"Point","coordinates":[-123.54909173853252,45.86510941410664]}},{"type":"Feature","properties":{"kind":"well","wl_id":37505,"log":"Water Well","use":"Domestic","tag":7602},"geometry":{"type":"Point","coordinates":[-123.6968847072782,45.84995537735891]}},{"type":"Feature","properties":{"kind":"well","wl_id":37517,"log":"Water Well","use":"Domestic","tag":3176},"geometry":{"type":"Point","coordinates":[-123.54220828364494,45.89277448636121]}},{"type":"Feature","properties":{"kind":"well","wl_id":37518,"log":"Water Well","use":"Domestic","tag":3175},"geometry":{"type":"Point","coordinates":[-123.58438374230151,45.861121630134704]}},{"type":"Feature","properties":{"kind":"well","wl_id":37542,"log":"Water Well","use":"Domestic","tag":2625},"geometry":{"type":"Point","coordinates":[-123.58438374230151,45.861121630134704]}},{"type":"Feature","properties":{"kind":"well","wl_id":37550,"log":"Water Well","use":"Domestic","tag":2617},"geometry":{"type":"Point","coordinates":[-123.54730958157978,45.88204908496525]}},{"type":"Feature","properties":{"kind":"well","wl_id":37569,"log":"Water Well","use":"Domestic","tag":11358},"geometry":{"type":"Point","coordinates":[-123.70122728842647,45.8483672972244]}},{"type":"Feature","properties":{"kind":"well","wl_id":37600,"log":"Water Well","use":"Domestic","tag":12917},"geometry":{"type":"Point","coordinates":[-123.54909173853252,45.86510941410664]}},{"type":"Feature","properties":{"kind":"well","wl_id":37614,"log":"Water Well","use":"Domestic","tag":2839},"geometry":{"type":"Point","coordinates":[-123.54909173853252,45.86510941410664]}},{"type":"Feature","properties":{"kind":"well","wl_id":37629,"log":"Water Well","use":"Domestic","tag":16634},"geometry":{"type":"Point","coordinates":[-123.82519650252216,45.78532217076416]}},{"type":"Feature","properties":{"kind":"well","wl_id":37655,"log":"Water Well","use":"Domestic","tag":14781},"geometry":{"type":"Point","coordinates":[-123.55657511825059,45.85644625296021]}},{"type":"Feature","properties":{"kind":"well","wl_id":37656,"log":"Water Well","use":"Domestic","tag":null},"geometry":{"type":"Point","coordinates":[-123.54909173853252,45.86510941410664]}},{"type":"Feature","properties":{"kind":"well","wl_id":37657,"log":"Water Well","use":"Domestic","tag":11973},"geometry":{"type":"Point","coordinates":[-123.6039865880307,45.82622160645726]}},{"type":"Feature","properties":{"kind":"well","wl_id":37658,"log":"Water Well","use":"Domestic","tag":null},"geometry":{"type":"Point","coordinates":[-123.55763009627907,45.892895384592464]}},{"type":"Feature","properties":{"kind":"well","wl_id":37659,"log":"Water Well","use":"Domestic","tag":12944},"geometry":{"type":"Point","coordinates":[-123.55415230522509,45.845394732119296]}},{"type":"Feature","properties":{"kind":"well","wl_id":37668,"log":"Water Well","use":"Domestic","tag":11976},"geometry":{"type":"Point","coordinates":[-123.69639097814597,45.85388408818407]}},{"type":"Feature","properties":{"kind":"well","wl_id":37669,"log":"Water Well","use":"Domestic","tag":11977},"geometry":{"type":"Point","coordinates":[-123.70122728842647,45.8483672972244]}},{"type":"Feature","properties":{"kind":"well","wl_id":37670,"log":"Water Well","use":"Domestic","tag":11978},"geometry":{"type":"Point","coordinates":[-123.6039865880307,45.82622160645726]}},{"type":"Feature","properties":{"kind":"well","wl_id":37671,"log":"Water Well","use":"Domestic","tag":18416},"geometry":{"type":"Point","coordinates":[-123.6039865880307,45.82622160645726]}},{"type":"Feature","properties":{"kind":"well","wl_id":37704,"log":"Water Well","use":"Domestic","tag":20492},"geometry":{"type":"Point","coordinates":[-123.83313100561634,45.79081446020104]}},{"type":"Feature","properties":{"kind":"well","wl_id":37777,"log":"Water Well","use":"Unknown","tag":24572},"geometry":{"type":"Point","coordinates":[-123.51460190700367,45.92948864052937]}},{"type":"Feature","properties":{"kind":"well","wl_id":37800,"log":"Water Well","use":"Domestic","tag":23607},"geometry":{"type":"Point","coordinates":[-123.60353281708848,45.86503190852268]}},{"type":"Feature","properties":{"kind":"well","wl_id":37821,"log":"Water Well","use":"Domestic","tag":16122},"geometry":{"type":"Point","coordinates":[-123.42762044863454,45.99569779334519]}},{"type":"Feature","properties":{"kind":"well","wl_id":37828,"log":"Water Well","use":"Domestic","tag":11471},"geometry":{"type":"Point","coordinates":[-123.36197951151279,46.0143451017547]}},{"type":"Feature","properties":{"kind":"well","wl_id":37837,"log":"Water Well","use":"Domestic","tag":18663},"geometry":{"type":"Point","coordinates":[-123.55816803169843,45.871246552744836]}},{"type":"Feature","properties":{"kind":"well","wl_id":37839,"log":"Water Well","use":"Domestic","tag":28765},"geometry":{"type":"Point","coordinates":[-123.83313100561634,45.79081446020104]}},{"type":"Feature","properties":{"kind":"well","wl_id":37841,"log":"Water Well","use":"Domestic","tag":null},"geometry":{"type":"Point","coordinates":[-123.56380345018158,45.86501061220488]}},{"type":"Feature","properties":{"kind":"well","wl_id":37842,"log":"Water Well","use":"Domestic","tag":null},"geometry":{"type":"Point","coordinates":[-123.69369335817976,45.8556960478664]}},{"type":"Feature","properties":{"kind":"well","wl_id":37846,"log":"Water Well","use":"Domestic","tag":28759},"geometry":{"type":"Point","coordinates":[-123.84095991657385,45.792671499552064]}},{"type":"Feature","properties":{"kind":"well","wl_id":37864,"log":"Water Well","use":"Domestic","tag":28768},"geometry":{"type":"Point","coordinates":[-123.83313100561634,45.79081446020104]}},{"type":"Feature","properties":{"kind":"well","wl_id":37865,"log":"Water Well","use":"Domestic","tag":27698},"geometry":{"type":"Point","coordinates":[-123.56830897491973,45.88219162309889]}},{"type":"Feature","properties":{"kind":"well","wl_id":37866,"log":"Water Well","use":"Domestic","tag":27699},"geometry":{"type":"Point","coordinates":[-123.56830897491973,45.88219162309889]}},{"type":"Feature","properties":{"kind":"well","wl_id":37879,"log":"Water Well","use":"Domestic","tag":27705},"geometry":{"type":"Point","coordinates":[-123.60353281708848,45.86503190852268]}},{"type":"Feature","properties":{"kind":"well","wl_id":37880,"log":"Water Well","use":"Domestic","tag":31069},"geometry":{"type":"Point","coordinates":[-123.82519650252216,45.78532217076416]}},{"type":"Feature","properties":{"kind":"well","wl_id":37882,"log":"Water Well","use":"Domestic","tag":31456},"geometry":{"type":"Point","coordinates":[-123.7063932492692,45.85414158688255]}},{"type":"Feature","properties":{"kind":"well","wl_id":37917,"log":"Water Well","use":"Domestic","tag":30599},"geometry":{"type":"Point","coordinates":[-123.4276732751452,45.98473278279601]}},{"type":"Feature","properties":{"kind":"well","wl_id":37919,"log":"Water Well","use":"Domestic","tag":28282},"geometry":{"type":"Point","coordinates":[-123.68620718263573,45.83597938821672]}},{"type":"Feature","properties":{"kind":"well","wl_id":37921,"log":"Water Well","use":"Domestic","tag":28283},"geometry":{"type":"Point","coordinates":[-123.68620718263573,45.83597938821672]}},{"type":"Feature","properties":{"kind":"well","wl_id":37969,"log":"Water Well","use":"Domestic","tag":30235},"geometry":{"type":"Point","coordinates":[-123.6104764625573,45.885529868395125]}},{"type":"Feature","properties":{"kind":"well","wl_id":37986,"log":"Water Well","use":"Domestic","tag":16729},"geometry":{"type":"Point","coordinates":[-123.5541256061139,45.85010261242411]}},{"type":"Feature","properties":{"kind":"well","wl_id":38067,"log":"Water Well","use":"Domestic","tag":39006},"geometry":{"type":"Point","coordinates":[-123.82012798368075,45.79256367167535]}},{"type":"Feature","properties":{"kind":"well","wl_id":38078,"log":"Water Well","use":"Domestic","tag":37272},"geometry":{"type":"Point","coordinates":[-123.56277045688765,45.89646241369743]}},{"type":"Feature","properties":{"kind":"well","wl_id":38144,"log":"Water Well","use":"Other","tag":null},"geometry":{"type":"Point","coordinates":[-123.16196924068717,45.872219334532154]}},{"type":"Feature","properties":{"kind":"well","wl_id":38145,"log":"Water Well","use":"Domestic","tag":null},"geometry":{"type":"Point","coordinates":[-123.285387850128,45.87240220206081]}},{"type":"Feature","properties":{"kind":"well","wl_id":38154,"log":"Water Well","use":"Domestic","tag":null},"geometry":{"type":"Point","coordinates":[-123.24596283394722,45.82820699336602]}},{"type":"Feature","properties":{"kind":"well","wl_id":38233,"log":"Water Well","use":"Domestic","tag":null},"geometry":{"type":"Point","coordinates":[-123.20379428342044,45.853405179304914]}},{"type":"Feature","properties":{"kind":"well","wl_id":38234,"log":"Water Well","use":"Domestic","tag":null},"geometry":{"type":"Point","coordinates":[-123.22468415696746,45.853326277245564]}},{"type":"Feature","properties":{"kind":"well","wl_id":38235,"log":"Water Well","use":"Domestic","tag":null},"geometry":{"type":"Point","coordinates":[-123.22993129474068,45.84243133607964]}},{"type":"Feature","properties":{"kind":"well","wl_id":38236,"log":"Water Well","use":"Domestic","tag":null},"geometry":{"type":"Point","coordinates":[-123.20912087332572,45.849503288116466]}},{"type":"Feature","properties":{"kind":"well","wl_id":38237,"log":"Water Well","use":"Domestic","tag":null},"geometry":{"type":"Point","coordinates":[-123.20644355215218,45.84407332811725]}},{"type":"Feature","properties":{"kind":"well","wl_id":38238,"log":"Water Well","use":"Domestic","tag":null},"geometry":{"type":"Point","coordinates":[-123.21447399180389,45.83861316727858]}},{"type":"Feature","properties":{"kind":"well","wl_id":38239,"log":"Water Well","use":"Domestic","tag":null},"geometry":{"type":"Point","coordinates":[-123.18569105836043,45.84381271042693]}},{"type":"Feature","properties":{"kind":"well","wl_id":38240,"log":"Water Well","use":"Domestic","tag":null},"geometry":{"type":"Point","coordinates":[-123.206399938651,45.82966904727554]}},{"type":"Feature","properties":{"kind":"well","wl_id":38241,"log":"Water Well","use":"Domestic","tag":null},"geometry":{"type":"Point","coordinates":[-123.23442263232673,45.82442375476095]}},{"type":"Feature","properties":{"kind":"well","wl_id":38242,"log":"Water Well","use":"Domestic","tag":null},"geometry":{"type":"Point","coordinates":[-123.23432649149746,45.82083175442386]}},{"type":"Feature","properties":{"kind":"well","wl_id":38243,"log":"Water Well","use":"Domestic","tag":null},"geometry":{"type":"Point","coordinates":[-123.16154654665048,45.80635365057419]}},{"type":"Feature","properties":{"kind":"well","wl_id":38244,"log":"Water Well","use":"Domestic","tag":null},"geometry":{"type":"Point","coordinates":[-123.21402719300657,45.79584959462259]}},{"type":"Feature","properties":{"kind":"well","wl_id":38245,"log":"Water Well","use":"Domestic","tag":null},"geometry":{"type":"Point","coordinates":[-123.21881495136498,45.78874949408593]}},{"type":"Feature","properties":{"kind":"well","wl_id":38247,"log":"Water Well","use":"Domestic","tag":null},"geometry":{"type":"Point","coordinates":[-123.25190281552906,45.82831252275874]}},{"type":"Feature","properties":{"kind":"well","wl_id":38248,"log":"Water Well","use":"Domestic","tag":null},"geometry":{"type":"Point","coordinates":[-123.27191392320383,45.80159585953472]}},{"type":"Feature","properties":{"kind":"well","wl_id":38277,"log":"Water Well","use":"Domestic","tag":null},"geometry":{"type":"Point","coordinates":[-123.16448982723755,45.94590735851052]}},{"type":"Feature","properties":{"kind":"well","wl_id":38278,"log":"Water Well","use":"Domestic","tag":null},"geometry":{"type":"Point","coordinates":[-123.15251811526932,45.899637677081074]}},{"type":"Feature","properties":{"kind":"well","wl_id":38279,"log":"Water Well","use":"Other","tag":null},"geometry":{"type":"Point","coordinates":[-123.17227408632547,45.89031374490415]}},{"type":"Feature","properties":{"kind":"well","wl_id":38280,"log":"Water Well","use":"Domestic","tag":null},"geometry":{"type":"Point","coordinates":[-123.16196924068717,45.872219334532154]}},{"type":"Feature","properties":{"kind":"well","wl_id":38281,"log":"Water Well","use":"Domestic","tag":null},"geometry":{"type":"Point","coordinates":[-123.32084529722432,45.879802128503904]}},{"type":"Feature","properties":{"kind":"well","wl_id":38320,"log":"Water Well","use":"Domestic","tag":null},"geometry":{"type":"Point","coordinates":[-123.18279651608273,45.97306503799265]}},{"type":"Feature","properties":{"kind":"well","wl_id":38321,"log":"Water Well","use":"Domestic","tag":null},"geometry":{"type":"Point","coordinates":[-123.19814999795038,45.9730589563986]}},{"type":"Feature","properties":{"kind":"well","wl_id":38322,"log":"Water Well","use":"Domestic","tag":null},"geometry":{"type":"Point","coordinates":[-123.16483394013987,45.96043875926285]}},{"type":"Feature","properties":{"kind":"well","wl_id":38323,"log":"Water Well","use":"Domestic","tag":null},"geometry":{"type":"Point","coordinates":[-123.24982072213177,45.99851681200007]}},{"type":"Feature","properties":{"kind":"well","wl_id":38324,"log":"Water Well","use":"Domestic","tag":null},"geometry":{"type":"Point","coordinates":[-123.26798636607275,46.00448587111098]}},{"type":"Feature","properties":{"kind":"well","wl_id":38408,"log":"Water Well","use":"Domestic","tag":null},"geometry":{"type":"Point","coordinates":[-123.2480314467039,45.787192381297224]}},{"type":"Feature","properties":{"kind":"well","wl_id":38476,"log":"Water Well","use":"Domestic","tag":null},"geometry":{"type":"Point","coordinates":[-123.23442263232673,45.82442375476095]}},{"type":"Feature","properties":{"kind":"well","wl_id":38477,"log":"Water Well","use":"Domestic","tag":null},"geometry":{"type":"Point","coordinates":[-123.22468415696746,45.853326277245564]}},{"type":"Feature","properties":{"kind":"well","wl_id":38478,"log":"Water Well","use":"Domestic","tag":null},"geometry":{"type":"Point","coordinates":[-123.20904290372557,45.85328124893649]}},{"type":"Feature","properties":{"kind":"well","wl_id":38481,"log":"Water Well","use":"Domestic","tag":null},"geometry":{"type":"Point","coordinates":[-123.23935404910266,45.90102497771298]}},{"type":"Feature","properties":{"kind":"well","wl_id":38496,"log":"Water Well","use":"Domestic","tag":null},"geometry":{"type":"Point","coordinates":[-123.23966471113468,46.00181251385305]}},{"type":"Feature","properties":{"kind":"well","wl_id":38508,"log":"Water Well","use":"Domestic","tag":null},"geometry":{"type":"Point","coordinates":[-123.17227408632547,45.89031374490415]}},{"type":"Feature","properties":{"kind":"well","wl_id":38511,"log":"Water Well","use":"Domestic","tag":null},"geometry":{"type":"Point","coordinates":[-123.33161308455047,46.04485706659896]}},{"type":"Feature","properties":{"kind":"well","wl_id":38512,"log":"Water Well","use":"Domestic","tag":null},"geometry":{"type":"Point","coordinates":[-123.34283453573146,46.04489544527682]}},{"type":"Feature","properties":{"kind":"well","wl_id":38516,"log":"Water Well","use":"Domestic","tag":null},"geometry":{"type":"Point","coordinates":[-123.25694513687415,45.831976942767014]}},{"type":"Feature","properties":{"kind":"well","wl_id":38522,"log":"Water Well","use":"Domestic","tag":null},"geometry":{"type":"Point","coordinates":[-123.20904290372557,45.85328124893649]}},{"type":"Feature","properties":{"kind":"well","wl_id":38539,"log":"Water Well","use":"Domestic","tag":null},"geometry":{"type":"Point","coordinates":[-123.19863061062244,45.845982739143814]}},{"type":"Feature","properties":{"kind":"well","wl_id":38540,"log":"Water Well","use":"Domestic","tag":null},"geometry":{"type":"Point","coordinates":[-123.15134104192292,45.92919093884214]}},{"type":"Feature","properties":{"kind":"well","wl_id":38547,"log":"Water Well","use":"Domestic","tag":null},"geometry":{"type":"Point","coordinates":[-123.20368652386409,45.8572828190026]}},{"type":"Feature","properties":{"kind":"well","wl_id":38564,"log":"Water Well","use":"Domestic","tag":null},"geometry":{"type":"Point","coordinates":[-123.24933116907296,45.894008396234085]}},{"type":"Feature","properties":{"kind":"well","wl_id":38565,"log":"Water Well","use":"Domestic","tag":null},"geometry":{"type":"Point","coordinates":[-123.32171997435321,45.86861642775029]}},{"type":"Feature","properties":{"kind":"well","wl_id":38568,"log":"Water Well","use":"Domestic","tag":null},"geometry":{"type":"Point","coordinates":[-123.20876109663394,45.817224716338686]}},{"type":"Feature","properties":{"kind":"well","wl_id":38577,"log":"Water Well","use":"Domestic","tag":null},"geometry":{"type":"Point","coordinates":[-123.25046266944572,45.84998591387721]}},{"type":"Feature","properties":{"kind":"well","wl_id":38580,"log":"Water Well","use":"Domestic","tag":null},"geometry":{"type":"Point","coordinates":[-123.20904290372557,45.85328124893649]}},{"type":"Feature","properties":{"kind":"well","wl_id":38588,"log":"Water Well","use":"Domestic","tag":19172},"geometry":{"type":"Point","coordinates":[-123.25039567109408,45.85370450468756]}},{"type":"Feature","properties":{"kind":"well","wl_id":38602,"log":"Water Well","use":"Domestic","tag":null},"geometry":{"type":"Point","coordinates":[-123.20912087332572,45.849503288116466]}},{"type":"Feature","properties":{"kind":"well","wl_id":38622,"log":"Water Well","use":"Domestic","tag":null},"geometry":{"type":"Point","coordinates":[-123.20850313952465,45.97317750555159]}},{"type":"Feature","properties":{"kind":"well","wl_id":38638,"log":"Water Well","use":"Domestic","tag":null},"geometry":{"type":"Point","coordinates":[-123.20850313952465,45.97317750555159]}},{"type":"Feature","properties":{"kind":"well","wl_id":38639,"log":"Water Well","use":"Domestic","tag":null},"geometry":{"type":"Point","coordinates":[-123.2059107892547,45.974953605476394]}},{"type":"Feature","properties":{"kind":"well","wl_id":38642,"log":"Water Well","use":"Domestic","tag":null},"geometry":{"type":"Point","coordinates":[-123.2844450582813,45.81821393901676]}},{"type":"Feature","properties":{"kind":"well","wl_id":38651,"log":"Water Well","use":"Domestic","tag":null},"geometry":{"type":"Point","coordinates":[-123.22461325233083,45.83155168546562]}},{"type":"Feature","properties":{"kind":"well","wl_id":38653,"log":"Water Well","use":"Domestic","tag":null},"geometry":{"type":"Point","coordinates":[-123.23432649149746,45.82083175442386]}},{"type":"Feature","properties":{"kind":"well","wl_id":38664,"log":"Water Well","use":"Domestic","tag":null},"geometry":{"type":"Point","coordinates":[-123.22461325233083,45.83155168546562]}},{"type":"Feature","properties":{"kind":"well","wl_id":38672,"log":"Water Well","use":"Domestic","tag":null},"geometry":{"type":"Point","coordinates":[-123.17211204763474,45.9405598176079]}},{"type":"Feature","properties":{"kind":"well","wl_id":38673,"log":"Water Well","use":"Domestic","tag":null},"geometry":{"type":"Point","coordinates":[-123.34178077138601,45.977850061908256]}},{"type":"Feature","properties":{"kind":"well","wl_id":38674,"log":"Water Well","use":"Domestic","tag":null},"geometry":{"type":"Point","coordinates":[-123.1778011570829,45.845180081906335]}},{"type":"Feature","properties":{"kind":"well","wl_id":38724,"log":"Water Well","use":"Domestic","tag":null},"geometry":{"type":"Point","coordinates":[-123.13651433354195,45.90006031847852]}},{"type":"Feature","properties":{"kind":"well","wl_id":38725,"log":"Water Well","use":"Domestic","tag":null},"geometry":{"type":"Point","coordinates":[-123.25487463254439,45.998681591775075]}},{"type":"Feature","properties":{"kind":"well","wl_id":38732,"log":"Water Well","use":"Domestic","tag":null},"geometry":{"type":"Point","coordinates":[-123.17226830395778,45.87981850373276]}},{"type":"Feature","properties":{"kind":"well","wl_id":38733,"log":"Water Well","use":"Domestic","tag":null},"geometry":{"type":"Point","coordinates":[-123.17226830395778,45.87981850373276]}},{"type":"Feature","properties":{"kind":"well","wl_id":38734,"log":"Water Well","use":"Domestic","tag":null},"geometry":{"type":"Point","coordinates":[-123.17226830395778,45.87981850373276]}},{"type":"Feature","properties":{"kind":"well","wl_id":38736,"log":"Water Well","use":"Domestic","tag":null},"geometry":{"type":"Point","coordinates":[-123.13651433354195,45.90006031847852]}},{"type":"Feature","properties":{"kind":"well","wl_id":38745,"log":"Water Well","use":"Domestic","tag":null},"geometry":{"type":"Point","coordinates":[-123.24480422788646,46.03413429436908]}},{"type":"Feature","properties":{"kind":"well","wl_id":38761,"log":"Water Well","use":"Domestic","tag":null},"geometry":{"type":"Point","coordinates":[-123.23970958976854,45.99817918338663]}},{"type":"Feature","properties":{"kind":"well","wl_id":38763,"log":"Water Well","use":"Domestic","tag":null},"geometry":{"type":"Point","coordinates":[-123.23970958976854,45.99817918338663]}},{"type":"Feature","properties":{"kind":"well","wl_id":38780,"log":"Water Well","use":"Domestic","tag":null},"geometry":{"type":"Point","coordinates":[-123.21965512356905,45.84224816728103]}},{"type":"Feature","properties":{"kind":"well","wl_id":38783,"log":"Water Well","use":"Domestic","tag":113075},"geometry":{"type":"Point","coordinates":[-123.21896571286719,45.79228848465445]}},{"type":"Feature","properties":{"kind":"well","wl_id":38797,"log":"Water Well","use":"Domestic","tag":null},"geometry":{"type":"Point","coordinates":[-123.2844450582813,45.81821393901676]}},{"type":"Feature","properties":{"kind":"well","wl_id":38802,"log":"Water Well","use":"Domestic","tag":null},"geometry":{"type":"Point","coordinates":[-123.18788335825177,45.887097832379325]}},{"type":"Feature","properties":{"kind":"well","wl_id":38803,"log":"Water Well","use":"Domestic","tag":null},"geometry":{"type":"Point","coordinates":[-123.35213862446167,45.84591833377265]}},{"type":"Feature","properties":{"kind":"well","wl_id":38807,"log":"Water Well","use":"Domestic","tag":null},"geometry":{"type":"Point","coordinates":[-123.13651433354195,45.90006031847852]}},{"type":"Feature","properties":{"kind":"well","wl_id":38808,"log":"Water Well","use":"Domestic","tag":null},"geometry":{"type":"Point","coordinates":[-123.16212293225853,45.87922724454902]}},{"type":"Feature","properties":{"kind":"well","wl_id":38809,"log":"Water Well","use":"Domestic","tag":null},"geometry":{"type":"Point","coordinates":[-123.2844450582813,45.81821393901676]}},{"type":"Feature","properties":{"kind":"well","wl_id":38815,"log":"Water Well","use":"Domestic","tag":null},"geometry":{"type":"Point","coordinates":[-123.23970958976854,45.99817918338663]}},{"type":"Feature","properties":{"kind":"well","wl_id":38827,"log":"Water Well","use":"Domestic","tag":null},"geometry":{"type":"Point","coordinates":[-123.33859028331771,46.03442668482316]}},{"type":"Feature","properties":{"kind":"well","wl_id":38848,"log":"Water Well","use":"Domestic","tag":null},"geometry":{"type":"Point","coordinates":[-123.21891552196139,45.97677078467589]}},{"type":"Feature","properties":{"kind":"well","wl_id":38852,"log":"Water Well","use":"Domestic","tag":null},"geometry":{"type":"Point","coordinates":[-123.23504324796025,45.85355162557096]}},{"type":"Feature","properties":{"kind":"well","wl_id":38853,"log":"Water Well","use":"Domestic","tag":null},"geometry":{"type":"Point","coordinates":[-123.20388049143928,45.845920298730945]}},{"type":"Feature","properties":{"kind":"well","wl_id":38855,"log":"Water Well","use":"Domestic","tag":null},"geometry":{"type":"Point","coordinates":[-123.04864661710768,45.84240890430555]}},{"type":"Feature","properties":{"kind":"well","wl_id":38857,"log":"Water Well","use":"Domestic","tag":null},"geometry":{"type":"Point","coordinates":[-123.32926942932444,45.97611305275643]}},{"type":"Feature","properties":{"kind":"well","wl_id":38863,"log":"Water Well","use":"Domestic","tag":null},"geometry":{"type":"Point","coordinates":[-123.21965512356905,45.84224816728103]}},{"type":"Feature","properties":{"kind":"well","wl_id":38888,"log":"Water Well","use":"Domestic","tag":null},"geometry":{"type":"Point","coordinates":[-123.22638825330277,45.7869386628572]}},{"type":"Feature","properties":{"kind":"well","wl_id":38889,"log":"Water Well","use":"Domestic","tag":null},"geometry":{"type":"Point","coordinates":[-123.23423251838194,45.81016714406489]}},{"type":"Feature","properties":{"kind":"well","wl_id":38906,"log":"Water Well","use":"Domestic","tag":null},"geometry":{"type":"Point","coordinates":[-123.10062485604591,45.84620337981445]}},{"type":"Feature","properties":{"kind":"well","wl_id":38907,"log":"Water Well","use":"Domestic","tag":null},"geometry":{"type":"Point","coordinates":[-123.23423251838194,45.81016714406489]}},{"type":"Feature","properties":{"kind":"well","wl_id":38931,"log":"Water Well","use":"Domestic","tag":null},"geometry":{"type":"Point","coordinates":[-123.16493799199094,45.87388411395784]}},{"type":"Feature","properties":{"kind":"well","wl_id":38933,"log":"Water Well","use":"Domestic","tag":null},"geometry":{"type":"Point","coordinates":[-123.34680225205462,45.97774768132659]}},{"type":"Feature","properties":{"kind":"well","wl_id":38937,"log":"Water Well","use":"Domestic","tag":null},"geometry":{"type":"Point","coordinates":[-123.43312739539017,45.981175491786644]}},{"type":"Feature","properties":{"kind":"well","wl_id":38943,"log":"Water Well","use":"Domestic","tag":null},"geometry":{"type":"Point","coordinates":[-123.24529377743796,45.8426521043418]}},{"type":"Feature","properties":{"kind":"well","wl_id":38951,"log":"Water Well","use":"Domestic","tag":null},"geometry":{"type":"Point","coordinates":[-123.21893209294095,45.98037274486706]}},{"type":"Feature","properties":{"kind":"well","wl_id":38959,"log":"Water Well","use":"Domestic","tag":null},"geometry":{"type":"Point","coordinates":[-123.18261048678978,45.88349807267783]}},{"type":"Feature","properties":{"kind":"well","wl_id":38972,"log":"Water Well","use":"Domestic","tag":null},"geometry":{"type":"Point","coordinates":[-123.24473687204276,46.00197147338562]}},{"type":"Feature","properties":{"kind":"well","wl_id":38973,"log":"Water Well","use":"Domestic","tag":null},"geometry":{"type":"Point","coordinates":[-123.19303029611599,45.96576701610585]}},{"type":"Feature","properties":{"kind":"well","wl_id":38977,"log":"Water Well","use":"Domestic","tag":null},"geometry":{"type":"Point","coordinates":[-123.24529377743796,45.8426521043418]}},{"type":"Feature","properties":{"kind":"well","wl_id":38991,"log":"Water Well","use":"Domestic","tag":null},"geometry":{"type":"Point","coordinates":[-123.26954676281326,45.80330390974573]}},{"type":"Feature","properties":{"kind":"well","wl_id":38992,"log":"Water Well","use":"Domestic","tag":null},"geometry":{"type":"Point","coordinates":[-123.08481680344515,45.799700068258794]}},{"type":"Feature","properties":{"kind":"well","wl_id":38998,"log":"Water Well","use":"Domestic","tag":null},"geometry":{"type":"Point","coordinates":[-123.24532825780916,45.846293654764814]}},{"type":"Feature","properties":{"kind":"well","wl_id":39006,"log":"Water Well","use":"Domestic","tag":null},"geometry":{"type":"Point","coordinates":[-123.24529377743796,45.8426521043418]}},{"type":"Feature","properties":{"kind":"well","wl_id":39013,"log":"Water Well","use":"Domestic","tag":null},"geometry":{"type":"Point","coordinates":[-123.22993129474068,45.84243133607964]}},{"type":"Feature","properties":{"kind":"well","wl_id":39032,"log":"Water Well","use":"Domestic","tag":null},"geometry":{"type":"Point","coordinates":[-123.22676587185693,45.87430925774315]}},{"type":"Feature","properties":{"kind":"well","wl_id":39035,"log":"Water Well","use":"Domestic","tag":null},"geometry":{"type":"Point","coordinates":[-123.25487463254439,45.998681591775075]}},{"type":"Feature","properties":{"kind":"well","wl_id":39040,"log":"Water Well","use":"Domestic","tag":null},"geometry":{"type":"Point","coordinates":[-123.20915176263861,45.84584649857542]}},{"type":"Feature","properties":{"kind":"well","wl_id":39043,"log":"Water Well","use":"Domestic","tag":null},"geometry":{"type":"Point","coordinates":[-123.27470918417423,45.80348852881497]}},{"type":"Feature","properties":{"kind":"well","wl_id":39044,"log":"Water Well","use":"Domestic","tag":34999},"geometry":{"type":"Point","coordinates":[-123.22411941363553,45.9802548542864]}},{"type":"Feature","properties":{"kind":"well","wl_id":39045,"log":"Water Well","use":"Unknown","tag":null},"geometry":{"type":"Point","coordinates":[-123.23450726370852,45.879677857323664]}},{"type":"Feature","properties":{"kind":"well","wl_id":39046,"log":"Water Well","use":"Domestic","tag":null},"geometry":{"type":"Point","coordinates":[-123.26798636607275,46.00448587111098]}},{"type":"Feature","properties":{"kind":"well","wl_id":39047,"log":"Water Well","use":"Domestic","tag":null},"geometry":{"type":"Point","coordinates":[-123.26798636607275,46.00448587111098]}},{"type":"Feature","properties":{"kind":"well","wl_id":39069,"log":"Water Well","use":"Domestic","tag":null},"geometry":{"type":"Point","coordinates":[-123.18784596858286,45.98025399771635]}},{"type":"Feature","properties":{"kind":"well","wl_id":39086,"log":"Water Well","use":"Domestic","tag":null},"geometry":{"type":"Point","coordinates":[-123.15251811526932,45.899637677081074]}},{"type":"Feature","properties":{"kind":"well","wl_id":39092,"log":"Water Well","use":"Domestic","tag":null},"geometry":{"type":"Point","coordinates":[-123.21867618083397,45.785214083641776]}},{"type":"Feature","properties":{"kind":"well","wl_id":39093,"log":"Water Well","use":"Domestic","tag":null},"geometry":{"type":"Point","coordinates":[-123.21867618083397,45.785214083641776]}},{"type":"Feature","properties":{"kind":"well","wl_id":39094,"log":"Water Well","use":"Domestic","tag":null},"geometry":{"type":"Point","coordinates":[-123.21867618083397,45.785214083641776]}},{"type":"Feature","properties":{"kind":"well","wl_id":39095,"log":"Water Well","use":"Domestic","tag":null},"geometry":{"type":"Point","coordinates":[-123.21867618083397,45.785214083641776]}},{"type":"Feature","properties":{"kind":"well","wl_id":39096,"log":"Water Well","use":"Domestic","tag":null},"geometry":{"type":"Point","coordinates":[-123.21867618083397,45.785214083641776]}},{"type":"Feature","properties":{"kind":"well","wl_id":39099,"log":"Water Well","use":"Domestic","tag":null},"geometry":{"type":"Point","coordinates":[-123.172239335426,45.883409544042365]}},{"type":"Feature","properties":{"kind":"well","wl_id":39101,"log":"Water Well","use":"Domestic","tag":null},"geometry":{"type":"Point","coordinates":[-123.24471253262817,46.00920887309389]}},{"type":"Feature","properties":{"kind":"well","wl_id":39102,"log":"Water Well","use":"Domestic","tag":null},"geometry":{"type":"Point","coordinates":[-123.2793450077257,45.82179356935994]}},{"type":"Feature","properties":{"kind":"well","wl_id":39107,"log":"Water Well","use":"Domestic","tag":null},"geometry":{"type":"Point","coordinates":[-123.21376319997013,45.876064919125405]}},{"type":"Feature","properties":{"kind":"well","wl_id":39119,"log":"Water Well","use":"Domestic","tag":null},"geometry":{"type":"Point","coordinates":[-123.22704627185446,45.82978215521455]}},{"type":"Feature","properties":{"kind":"well","wl_id":39121,"log":"Water Well","use":"Domestic","tag":null},"geometry":{"type":"Point","coordinates":[-123.20644355215218,45.84407332811725]}},{"type":"Feature","properties":{"kind":"well","wl_id":39127,"log":"Water Well","use":"Domestic","tag":null},"geometry":{"type":"Point","coordinates":[-123.23471639323165,45.83167039516472]}},{"type":"Feature","properties":{"kind":"well","wl_id":39133,"log":"Water Well","use":"Domestic","tag":null},"geometry":{"type":"Point","coordinates":[-123.172239335426,45.883409544042365]}},{"type":"Feature","properties":{"kind":"well","wl_id":39136,"log":"Water Well","use":"Domestic","tag":null},"geometry":{"type":"Point","coordinates":[-123.27191392320383,45.80159585953472]}},{"type":"Feature","properties":{"kind":"well","wl_id":39148,"log":"Water Well","use":"Domestic","tag":null},"geometry":{"type":"Point","coordinates":[-123.18787873485238,45.86882832182528]}},{"type":"Feature","properties":{"kind":"well","wl_id":39150,"log":"Water Well","use":"Domestic","tag":null},"geometry":{"type":"Point","coordinates":[-123.24023588798975,45.84986975498526]}},{"type":"Feature","properties":{"kind":"well","wl_id":39174,"log":"Water Well","use":"Domestic","tag":null},"geometry":{"type":"Point","coordinates":[-123.14612165960419,45.925469649155716]}},{"type":"Feature","properties":{"kind":"well","wl_id":39187,"log":"Water Well","use":"Other","tag":null},"geometry":{"type":"Point","coordinates":[-123.18266778772505,45.887070672799254]}},{"type":"Feature","properties":{"kind":"well","wl_id":39196,"log":"Water Well","use":"Domestic","tag":null},"geometry":{"type":"Point","coordinates":[-123.30025672328587,45.87975950050824]}},{"type":"Feature","properties":{"kind":"well","wl_id":39220,"log":"Water Well","use":"Domestic","tag":null},"geometry":{"type":"Point","coordinates":[-123.1827904156993,45.96947592801606]}},{"type":"Feature","properties":{"kind":"well","wl_id":39223,"log":"Water Well","use":"Domestic","tag":null},"geometry":{"type":"Point","coordinates":[-123.16459221853269,45.85857401344366]}},{"type":"Feature","properties":{"kind":"well","wl_id":39224,"log":"Water Well","use":"Domestic","tag":null},"geometry":{"type":"Point","coordinates":[-123.16459221853269,45.85857401344366]}},{"type":"Feature","properties":{"kind":"well","wl_id":39225,"log":"Water Well","use":"Domestic","tag":null},"geometry":{"type":"Point","coordinates":[-123.16459221853269,45.85857401344366]}},{"type":"Feature","properties":{"kind":"well","wl_id":39226,"log":"Water Well","use":"Domestic","tag":null},"geometry":{"type":"Point","coordinates":[-123.16719259981214,45.860718923445944]}},{"type":"Feature","properties":{"kind":"well","wl_id":39227,"log":"Water Well","use":"Domestic","tag":null},"geometry":{"type":"Point","coordinates":[-123.1852472322465,45.85894626159272]}},{"type":"Feature","properties":{"kind":"well","wl_id":39228,"log":"Water Well","use":"Domestic","tag":null},"geometry":{"type":"Point","coordinates":[-123.1852472322465,45.85894626159272]}},{"type":"Feature","properties":{"kind":"well","wl_id":39229,"log":"Water Well","use":"Domestic","tag":12283},"geometry":{"type":"Point","coordinates":[-123.17750847243924,45.86480752270892]}},{"type":"Feature","properties":{"kind":"well","wl_id":39230,"log":"Water Well","use":"Domestic","tag":null},"geometry":{"type":"Point","coordinates":[-123.19855189254889,45.85350431964968]}},{"type":"Feature","properties":{"kind":"well","wl_id":39231,"log":"Water Well","use":"Domestic","tag":null},"geometry":{"type":"Point","coordinates":[-123.20904290372557,45.85328124893649]}},{"type":"Feature","properties":{"kind":"well","wl_id":39232,"log":"Water Well","use":"Domestic","tag":null},"geometry":{"type":"Point","coordinates":[-123.19855189254889,45.85350431964968]}},{"type":"Feature","properties":{"kind":"well","wl_id":39233,"log":"Water Well","use":"Domestic","tag":null},"geometry":{"type":"Point","coordinates":[-123.20904290372557,45.85328124893649]}},{"type":"Feature","properties":{"kind":"well","wl_id":39234,"log":"Water Well","use":"Domestic","tag":31000},"geometry":{"type":"Point","coordinates":[-123.22468415696746,45.853326277245564]}},{"type":"Feature","properties":{"kind":"well","wl_id":39235,"log":"Water Well","use":"Domestic","tag":30999},"geometry":{"type":"Point","coordinates":[-123.22468415696746,45.853326277245564]}},{"type":"Feature","properties":{"kind":"well","wl_id":39236,"log":"Water Well","use":"Domestic","tag":null},"geometry":{"type":"Point","coordinates":[-123.22468415696746,45.853326277245564]}},{"type":"Feature","properties":{"kind":"well","wl_id":39237,"log":"Water Well","use":"Domestic","tag":null},"geometry":{"type":"Point","coordinates":[-123.22986774775332,45.853461566776396]}},{"type":"Feature","properties":{"kind":"well","wl_id":39238,"log":"Water Well","use":"Other","tag":null},"geometry":{"type":"Point","coordinates":[-123.22479769380564,45.83875116592905]}},{"type":"Feature","properties":{"kind":"well","wl_id":39239,"log":"Water Well","use":"Domestic","tag":null},"geometry":{"type":"Point","coordinates":[-123.23500357647228,45.84252552516446]}},{"type":"Feature","properties":{"kind":"well","wl_id":39240,"log":"Water Well","use":"Domestic","tag":null},"geometry":{"type":"Point","coordinates":[-123.21960405500167,45.84940367743499]}},{"type":"Feature","properties":{"kind":"well","wl_id":39241,"log":"Water Well","use":"Domestic","tag":null},"geometry":{"type":"Point","coordinates":[-123.22993129474068,45.84243133607964]}},{"type":"Feature","properties":{"kind":"well","wl_id":39242,"log":"Water Well","use":"Domestic","tag":null},"geometry":{"type":"Point","coordinates":[-123.22480892460403,45.8423364263961]}},{"type":"Feature","properties":{"kind":"well","wl_id":39243,"log":"Water Well","use":"Domestic","tag":null},"geometry":{"type":"Point","coordinates":[-123.22733615561181,45.84423630593224]}},{"type":"Feature","properties":{"kind":"well","wl_id":39244,"log":"Water Well","use":"Domestic","tag":null},"geometry":{"type":"Point","coordinates":[-123.22733615561181,45.84423630593224]}},{"type":"Feature","properties":{"kind":"well","wl_id":39245,"log":"Water Well","use":"Domestic","tag":null},"geometry":{"type":"Point","coordinates":[-123.22733615561181,45.84423630593224]}},{"type":"Feature","properties":{"kind":"well","wl_id":39246,"log":"Water Well","use":"Other","tag":null},"geometry":{"type":"Point","coordinates":[-123.22993129474068,45.84243133607964]}},{"type":"Feature","properties":{"kind":"well","wl_id":39247,"log":"Water Well","use":"Domestic","tag":null},"geometry":{"type":"Point","coordinates":[-123.22993129474068,45.84243133607964]}},{"type":"Feature","properties":{"kind":"well","wl_id":39248,"log":"Water Well","use":"Domestic","tag":null},"geometry":{"type":"Point","coordinates":[-123.22479769380564,45.83875116592905]}},{"type":"Feature","properties":{"kind":"well","wl_id":39249,"log":"Water Well","use":"Domestic","tag":null},"geometry":{"type":"Point","coordinates":[-123.22479769380564,45.83875116592905]}},{"type":"Feature","properties":{"kind":"well","wl_id":39250,"log":"Water Well","use":"Domestic","tag":null},"geometry":{"type":"Point","coordinates":[-123.21969071218898,45.83867394669914]}},{"type":"Feature","properties":{"kind":"well","wl_id":39251,"log":"Water Well","use":"Domestic","tag":null},"geometry":{"type":"Point","coordinates":[-123.21969071218898,45.83867394669914]}},{"type":"Feature","properties":{"kind":"well","wl_id":39252,"log":"Water Well","use":"Domestic","tag":null},"geometry":{"type":"Point","coordinates":[-123.21969071218898,45.83867394669914]}},{"type":"Feature","properties":{"kind":"well","wl_id":39254,"log":"Water Well","use":"Irrigation","tag":null},"geometry":{"type":"Point","coordinates":[-123.2038669423872,45.849614579016006]}},{"type":"Feature","properties":{"kind":"well","wl_id":39255,"log":"Water Well","use":"Domestic","tag":null},"geometry":{"type":"Point","coordinates":[-123.21435264420052,45.849386678316556]}},{"type":"Feature","properties":{"kind":"well","wl_id":39256,"log":"Water Well","use":"Domestic","tag":null},"geometry":{"type":"Point","coordinates":[-123.20912087332572,45.849503288116466]}},{"type":"Feature","properties":{"kind":"well","wl_id":39257,"log":"Water Well","use":"Domestic","tag":43118},"geometry":{"type":"Point","coordinates":[-123.19863061062244,45.845982739143814]}},{"type":"Feature","properties":{"kind":"well","wl_id":39258,"log":"Water Well","use":"Domestic","tag":null},"geometry":{"type":"Point","coordinates":[-123.21447399180389,45.83861316727858]}},{"type":"Feature","properties":{"kind":"well","wl_id":39259,"log":"Water Well","use":"Domestic","tag":null},"geometry":{"type":"Point","coordinates":[-123.21447399180389,45.83861316727858]}},{"type":"Feature","properties":{"kind":"well","wl_id":39260,"log":"Water Well","use":"Domestic","tag":null},"geometry":{"type":"Point","coordinates":[-123.21447399180389,45.83861316727858]}},{"type":"Feature","properties":{"kind":"well","wl_id":39261,"log":"Water Well","use":"Domestic","tag":null},"geometry":{"type":"Point","coordinates":[-123.21435264420052,45.849386678316556]}},{"type":"Feature","properties":{"kind":"well","wl_id":39262,"log":"Water Well","use":"Domestic","tag":null},"geometry":{"type":"Point","coordinates":[-123.19860445217327,45.84971531951046]}},{"type":"Feature","properties":{"kind":"well","wl_id":39263,"log":"Water Well","use":"Other","tag":null},"geometry":{"type":"Point","coordinates":[-123.20644355215218,45.84407332811725]}},{"type":"Feature","properties":{"kind":"well","wl_id":39264,"log":"Water Well","use":"Domestic","tag":null},"geometry":{"type":"Point","coordinates":[-123.19860445217327,45.84971531951046]}},{"type":"Feature","properties":{"kind":"well","wl_id":39265,"log":"Water Well","use":"Domestic","tag":null},"geometry":{"type":"Point","coordinates":[-123.19860445217327,45.84971531951046]}},{"type":"Feature","properties":{"kind":"well","wl_id":39266,"log":"Water Well","use":"Domestic","tag":null},"geometry":{"type":"Point","coordinates":[-123.20644355215218,45.84407332811725]}},{"type":"Feature","properties":{"kind":"well","wl_id":39267,"log":"Water Well","use":"Domestic","tag":null},"geometry":{"type":"Point","coordinates":[-123.20644355215218,45.84407332811725]}},{"type":"Feature","properties":{"kind":"well","wl_id":39268,"log":"Water Well","use":"Domestic","tag":null},"geometry":{"type":"Point","coordinates":[-123.19860445217327,45.84971531951046]}},{"type":"Feature","properties":{"kind":"well","wl_id":39269,"log":"Water Well","use":"Domestic","tag":null},"geometry":{"type":"Point","coordinates":[-123.19860445217327,45.84971531951046]}},{"type":"Feature","properties":{"kind":"well","wl_id":39270,"log":"Water Well","use":"Domestic","tag":null},"geometry":{"type":"Point","coordinates":[-123.20388049143928,45.845920298730945]}},{"type":"Feature","properties":{"kind":"well","wl_id":39271,"log":"Water Well","use":"Domestic","tag":null},"geometry":{"type":"Point","coordinates":[-123.19863061062244,45.845982739143814]}},{"type":"Feature","properties":{"kind":"well","wl_id":39272,"log":"Water Well","use":"Domestic","tag":null},"geometry":{"type":"Point","coordinates":[-123.19862897020793,45.842270079056384]}},{"type":"Feature","properties":{"kind":"well","wl_id":39273,"log":"Water Well","use":"Domestic","tag":null},"geometry":{"type":"Point","coordinates":[-123.19860445217327,45.84971531951046]}},{"type":"Feature","properties":{"kind":"well","wl_id":39274,"log":"Water Well","use":"Domestic","tag":null},"geometry":{"type":"Point","coordinates":[-123.19860445217327,45.84971531951046]}},{"type":"Feature","properties":{"kind":"well","wl_id":39275,"log":"Water Well","use":"Domestic","tag":null},"geometry":{"type":"Point","coordinates":[-123.20915176263861,45.84584649857542]}},{"type":"Feature","properties":{"kind":"well","wl_id":39276,"log":"Water Well","use":"Domestic","tag":null},"geometry":{"type":"Point","coordinates":[-123.20915176263861,45.84584649857542]}},{"type":"Feature","properties":{"kind":"well","wl_id":39277,"log":"Water Well","use":"Domestic","tag":null},"geometry":{"type":"Point","coordinates":[-123.20388049143928,45.845920298730945]}},{"type":"Feature","properties":{"kind":"well","wl_id":39278,"log":"Water Well","use":"Domestic","tag":null},"geometry":{"type":"Point","coordinates":[-123.18312967837143,45.84189623106299]}},{"type":"Feature","properties":{"kind":"well","wl_id":39279,"log":"Water Well","use":"Domestic","tag":null},"geometry":{"type":"Point","coordinates":[-123.18569105836043,45.84381271042693]}},{"type":"Feature","properties":{"kind":"well","wl_id":39280,"log":"Water Well","use":"Domestic","tag":null},"geometry":{"type":"Point","coordinates":[-123.18569105836043,45.84381271042693]}},{"type":"Feature","properties":{"kind":"well","wl_id":39281,"log":"Water Well","use":"Domestic","tag":null},"geometry":{"type":"Point","coordinates":[-123.17793640630698,45.838051771037556]}},{"type":"Feature","properties":{"kind":"well","wl_id":39282,"log":"Water Well","use":"Domestic","tag":6185},"geometry":{"type":"Point","coordinates":[-123.18840768812031,45.83855790011294]}},{"type":"Feature","properties":{"kind":"well","wl_id":39283,"log":"Water Well","use":"Other","tag":null},"geometry":{"type":"Point","coordinates":[-123.18840768812031,45.83855790011294]}},{"type":"Feature","properties":{"kind":"well","wl_id":39284,"log":"Water Well","use":"Domestic","tag":null},"geometry":{"type":"Point","coordinates":[-123.1648346054667,45.8432120722855]}},{"type":"Feature","properties":{"kind":"well","wl_id":39285,"log":"Water Well","use":"Domestic","tag":null},"geometry":{"type":"Point","coordinates":[-123.17245322766746,45.848644571992985]}},{"type":"Feature","properties":{"kind":"well","wl_id":39286,"log":"Water Well","use":"Domestic","tag":null},"geometry":{"type":"Point","coordinates":[-123.17245322766746,45.848644571992985]}},{"type":"Feature","properties":{"kind":"well","wl_id":39287,"log":"Water Well","use":"Domestic","tag":null},"geometry":{"type":"Point","coordinates":[-123.11531155474067,45.831775047281766]}},{"type":"Feature","properties":{"kind":"well","wl_id":39288,"log":"Water Well","use":"Domestic","tag":null},"geometry":{"type":"Point","coordinates":[-123.19326414611349,45.82784196881576]}},{"type":"Feature","properties":{"kind":"well","wl_id":39289,"log":"Water Well","use":"Domestic","tag":null},"geometry":{"type":"Point","coordinates":[-123.1934008985204,45.83493185929638]}},{"type":"Feature","properties":{"kind":"well","wl_id":39290,"log":"Water Well","use":"Domestic","tag":null},"geometry":{"type":"Point","coordinates":[-123.18552092596379,45.82948383975088]}},{"type":"Feature","properties":{"kind":"well","wl_id":39291,"log":"Water Well","use":"Domestic","tag":null},"geometry":{"type":"Point","coordinates":[-123.18552092596379,45.82948383975088]}},{"type":"Feature","properties":{"kind":"well","wl_id":39292,"log":"Water Well","use":"Domestic","tag":null},"geometry":{"type":"Point","coordinates":[-123.18552092596379,45.82948383975088]}},{"type":"Feature","properties":{"kind":"well","wl_id":39293,"log":"Water Well","use":"Domestic","tag":null},"geometry":{"type":"Point","coordinates":[-123.206399938651,45.82966904727554]}},{"type":"Feature","properties":{"kind":"well","wl_id":39294,"log":"Water Well","use":"Domestic","tag":null},"geometry":{"type":"Point","coordinates":[-123.206399938651,45.82966904727554]}},{"type":"Feature","properties":{"kind":"well","wl_id":39295,"log":"Water Well","use":"Domestic","tag":null},"geometry":{"type":"Point","coordinates":[-123.206399938651,45.82966904727554]}},{"type":"Feature","properties":{"kind":"well","wl_id":39296,"log":"Water Well","use":"Domestic","tag":null},"geometry":{"type":"Point","coordinates":[-123.21444386170776,45.83503974723781]}},{"type":"Feature","properties":{"kind":"well","wl_id":39297,"log":"Water Well","use":"Domestic","tag":null},"geometry":{"type":"Point","coordinates":[-123.21444386170776,45.83503974723781]}},{"type":"Feature","properties":{"kind":"well","wl_id":39298,"log":"Water Well","use":"Domestic","tag":null},"geometry":{"type":"Point","coordinates":[-123.23442263232673,45.82442375476095]}},{"type":"Feature","properties":{"kind":"well","wl_id":39299,"log":"Water Well","use":"Domestic","tag":null},"geometry":{"type":"Point","coordinates":[-123.22968172217568,45.83161284498564]}},{"type":"Feature","properties":{"kind":"well","wl_id":39300,"log":"Water Well","use":"Domestic","tag":null},"geometry":{"type":"Point","coordinates":[-123.23456790321306,45.82804763420611]}},{"type":"Feature","properties":{"kind":"well","wl_id":39301,"log":"Water Well","use":"Domestic","tag":null},"geometry":{"type":"Point","coordinates":[-123.2293812910557,45.824385595261504]}},{"type":"Feature","properties":{"kind":"well","wl_id":39302,"log":"Water Well","use":"Domestic","tag":null},"geometry":{"type":"Point","coordinates":[-123.2190434860516,45.81018124536126]}},{"type":"Feature","properties":{"kind":"well","wl_id":39303,"log":"Water Well","use":"Domestic","tag":null},"geometry":{"type":"Point","coordinates":[-123.23432649149746,45.82083175442386]}},{"type":"Feature","properties":{"kind":"well","wl_id":39304,"log":"Water Well","use":"Domestic","tag":null},"geometry":{"type":"Point","coordinates":[-123.22669922846102,45.815482244405565]}},{"type":"Feature","properties":{"kind":"well","wl_id":39305,"log":"Water Well","use":"Domestic","tag":null},"geometry":{"type":"Point","coordinates":[-123.23429022022759,45.817278693605196]}},{"type":"Feature","properties":{"kind":"well","wl_id":39306,"log":"Water Well","use":"Domestic","tag":null},"geometry":{"type":"Point","coordinates":[-123.23429022022759,45.817278693605196]}},{"type":"Feature","properties":{"kind":"well","wl_id":39307,"log":"Water Well","use":"Domestic","tag":null},"geometry":{"type":"Point","coordinates":[-123.22669922846102,45.815482244405565]}},{"type":"Feature","properties":{"kind":"well","wl_id":39308,"log":"Water Well","use":"Domestic","tag":null},"geometry":{"type":"Point","coordinates":[-123.22669922846102,45.815482244405565]}},{"type":"Feature","properties":{"kind":"well","wl_id":39309,"log":"Water Well","use":"Domestic","tag":null},"geometry":{"type":"Point","coordinates":[-123.23432649149746,45.82083175442386]}},{"type":"Feature","properties":{"kind":"well","wl_id":39310,"log":"Water Well","use":"Domestic","tag":null},"geometry":{"type":"Point","coordinates":[-123.23432649149746,45.82083175442386]}},{"type":"Feature","properties":{"kind":"well","wl_id":39311,"log":"Water Well","use":"Domestic","tag":null},"geometry":{"type":"Point","coordinates":[-123.20347000543366,45.81368037682478]}},{"type":"Feature","properties":{"kind":"well","wl_id":39312,"log":"Water Well","use":"Domestic","tag":null},"geometry":{"type":"Point","coordinates":[-123.20866953501624,45.81015099644472]}},{"type":"Feature","properties":{"kind":"well","wl_id":39313,"log":"Water Well","use":"Domestic","tag":null},"geometry":{"type":"Point","coordinates":[-123.20866953501624,45.81015099644472]}},{"type":"Feature","properties":{"kind":"well","wl_id":39314,"log":"Water Well","use":"Domestic","tag":null},"geometry":{"type":"Point","coordinates":[-123.20866953501624,45.81015099644472]}},{"type":"Feature","properties":{"kind":"well","wl_id":39315,"log":"Water Well","use":"Domestic","tag":null},"geometry":{"type":"Point","coordinates":[-123.19822798406739,45.813664007901906]}},{"type":"Feature","properties":{"kind":"well","wl_id":39316,"log":"Water Well","use":"Domestic","tag":null},"geometry":{"type":"Point","coordinates":[-123.2034334035082,45.81013059641515]}},{"type":"Feature","properties":{"kind":"well","wl_id":39317,"log":"Water Well","use":"Domestic","tag":null},"geometry":{"type":"Point","coordinates":[-123.17749361183944,45.82051229053664]}},{"type":"Feature","properties":{"kind":"well","wl_id":39318,"log":"Water Well","use":"Domestic","tag":null},"geometry":{"type":"Point","coordinates":[-123.2138894753053,45.806620095208245]}},{"type":"Feature","properties":{"kind":"well","wl_id":39319,"log":"Water Well","use":"Domestic","tag":null},"geometry":{"type":"Point","coordinates":[-123.21397312409835,45.79944237526055]}},{"type":"Feature","properties":{"kind":"well","wl_id":39320,"log":"Water Well","use":"Domestic","tag":null},"geometry":{"type":"Point","coordinates":[-123.2138894753053,45.806620095208245]}},{"type":"Feature","properties":{"kind":"well","wl_id":39321,"log":"Water Well","use":"Domestic","tag":null},"geometry":{"type":"Point","coordinates":[-123.20623805237621,45.801237116045336]}},{"type":"Feature","properties":{"kind":"well","wl_id":39322,"log":"Water Well","use":"Domestic","tag":null},"geometry":{"type":"Point","coordinates":[-123.20868246445139,45.806591506340915]}},{"type":"Feature","properties":{"kind":"well","wl_id":39323,"log":"Water Well","use":"Domestic","tag":null},"geometry":{"type":"Point","coordinates":[-123.21402719300657,45.79584959462259]}},{"type":"Feature","properties":{"kind":"well","wl_id":39324,"log":"Water Well","use":"Domestic","tag":null},"geometry":{"type":"Point","coordinates":[-123.21397312409835,45.79944237526055]}},{"type":"Feature","properties":{"kind":"well","wl_id":39325,"log":"Water Well","use":"Domestic","tag":null},"geometry":{"type":"Point","coordinates":[-123.20623805237621,45.801237116045336]}},{"type":"Feature","properties":{"kind":"well","wl_id":39326,"log":"Water Well","use":"Domestic","tag":null},"geometry":{"type":"Point","coordinates":[-123.20885862235545,45.79941857573146]}},{"type":"Feature","properties":{"kind":"well","wl_id":39327,"log":"Water Well","use":"Domestic","tag":null},"geometry":{"type":"Point","coordinates":[-123.21397312409835,45.79944237526055]}},{"type":"Feature","properties":{"kind":"well","wl_id":39328,"log":"Water Well","use":"Domestic","tag":null},"geometry":{"type":"Point","coordinates":[-123.21402719300657,45.79584959462259]}},{"type":"Feature","properties":{"kind":"well","wl_id":39329,"log":"Water Well","use":"Domestic","tag":null},"geometry":{"type":"Point","coordinates":[-123.21402719300657,45.79584959462259]}},{"type":"Feature","properties":{"kind":"well","wl_id":39330,"log":"Water Well","use":"Domestic","tag":null},"geometry":{"type":"Point","coordinates":[-123.22398177469866,45.79586008353148]}},{"type":"Feature","properties":{"kind":"well","wl_id":39331,"log":"Water Well","use":"Domestic","tag":null},"geometry":{"type":"Point","coordinates":[-123.22392780309629,45.79229613390703]}},{"type":"Feature","properties":{"kind":"well","wl_id":39332,"log":"Water Well","use":"Other","tag":null},"geometry":{"type":"Point","coordinates":[-123.22638825330277,45.7869386628572]}},{"type":"Feature","properties":{"kind":"well","wl_id":39333,"log":"Water Well","use":"Domestic","tag":null},"geometry":{"type":"Point","coordinates":[-123.22638825330277,45.7869386628572]}},{"type":"Feature","properties":{"kind":"well","wl_id":39334,"log":"Water Well","use":"Domestic","tag":null},"geometry":{"type":"Point","coordinates":[-123.22638825330277,45.7869386628572]}},{"type":"Feature","properties":{"kind":"well","wl_id":39335,"log":"Water Well","use":"Domestic","tag":null},"geometry":{"type":"Point","coordinates":[-123.22638825330277,45.7869386628572]}},{"type":"Feature","properties":{"kind":"well","wl_id":39336,"log":"Water Well","use":"Domestic","tag":null},"geometry":{"type":"Point","coordinates":[-123.22638825330277,45.7869386628572]}},{"type":"Feature","properties":{"kind":"well","wl_id":39337,"log":"Water Well","use":"Domestic","tag":null},"geometry":{"type":"Point","coordinates":[-123.22380416136795,45.78523132310743]}},{"type":"Feature","properties":{"kind":"well","wl_id":39338,"log":"Water Well","use":"Domestic","tag":null},"geometry":{"type":"Point","coordinates":[-123.21896571286719,45.79228848465445]}},{"type":"Feature","properties":{"kind":"well","wl_id":39339,"log":"Water Well","use":"Domestic","tag":null},"geometry":{"type":"Point","coordinates":[-123.22380416136795,45.78523132310743]}},{"type":"Feature","properties":{"kind":"well","wl_id":39340,"log":"Water Well","use":"Domestic","tag":null},"geometry":{"type":"Point","coordinates":[-123.24005427030723,45.857462205473645]}},{"type":"Feature","properties":{"kind":"well","wl_id":39341,"log":"Water Well","use":"Domestic","tag":null},"geometry":{"type":"Point","coordinates":[-123.24005427030723,45.857462205473645]}},{"type":"Feature","properties":{"kind":"well","wl_id":39342,"log":"Water Well","use":"Domestic","tag":null},"geometry":{"type":"Point","coordinates":[-123.2475935709039,45.859422155383136]}},{"type":"Feature","properties":{"kind":"well","wl_id":39343,"log":"Water Well","use":"Domestic","tag":null},"geometry":{"type":"Point","coordinates":[-123.24023588798975,45.84986975498526]}},{"type":"Feature","properties":{"kind":"well","wl_id":39344,"log":"Water Well","use":"Domestic","tag":null},"geometry":{"type":"Point","coordinates":[-123.24790280784022,45.844474504501456]}},{"type":"Feature","properties":{"kind":"well","wl_id":39345,"log":"Water Well","use":"Domestic","tag":null},"geometry":{"type":"Point","coordinates":[-123.24790280784022,45.844474504501456]}},{"type":"Feature","properties":{"kind":"well","wl_id":39346,"log":"Water Well","use":"Domestic","tag":null},"geometry":{"type":"Point","coordinates":[-123.24534439845765,45.849942124510214]}},{"type":"Feature","properties":{"kind":"well","wl_id":39347,"log":"Water Well","use":"Domestic","tag":null},"geometry":{"type":"Point","coordinates":[-123.24003961467221,45.8317187745712]}},{"type":"Feature","properties":{"kind":"well","wl_id":39348,"log":"Water Well","use":"Domestic","tag":null},"geometry":{"type":"Point","coordinates":[-123.24003961467221,45.8317187745712]}},{"type":"Feature","properties":{"kind":"well","wl_id":39349,"log":"Water Well","use":"Domestic","tag":null},"geometry":{"type":"Point","coordinates":[-123.24003961467221,45.8317187745712]}},{"type":"Feature","properties":{"kind":"well","wl_id":39351,"log":"Water Well","use":"Domestic","tag":null},"geometry":{"type":"Point","coordinates":[-123.25190281552906,45.82831252275874]}},{"type":"Feature","properties":{"kind":"well","wl_id":39352,"log":"Water Well","use":"Domestic","tag":null},"geometry":{"type":"Point","coordinates":[-123.25775110642304,45.828418562281406]}},{"type":"Feature","properties":{"kind":"well","wl_id":39353,"log":"Water Well","use":"Other","tag":null},"geometry":{"type":"Point","coordinates":[-123.2981048133538,45.83225139793596]}},{"type":"Feature","properties":{"kind":"well","wl_id":39354,"log":"Water Well","use":"Domestic","tag":null},"geometry":{"type":"Point","coordinates":[-123.25775110642304,45.828418562281406]}},{"type":"Feature","properties":{"kind":"well","wl_id":39355,"log":"Water Well","use":"Domestic","tag":40921},"geometry":{"type":"Point","coordinates":[-123.25133363654395,45.83187935274985]}},{"type":"Feature","properties":{"kind":"well","wl_id":39356,"log":"Water Well","use":"Domestic","tag":null},"geometry":{"type":"Point","coordinates":[-123.2486801949401,45.82983332307026]}},{"type":"Feature","properties":{"kind":"well","wl_id":39357,"log":"Water Well","use":"Domestic","tag":null},"geometry":{"type":"Point","coordinates":[-123.2789210384427,45.825360630015766]}},{"type":"Feature","properties":{"kind":"well","wl_id":39358,"log":"Water Well","use":"Domestic","tag":null},"geometry":{"type":"Point","coordinates":[-123.27035885937426,45.83056939125658]}},{"type":"Feature","properties":{"kind":"well","wl_id":39359,"log":"Water Well","use":"Domestic","tag":null},"geometry":{"type":"Point","coordinates":[-123.27397558864013,45.82523691076944]}},{"type":"Feature","properties":{"kind":"well","wl_id":39360,"log":"Water Well","use":"Domestic","tag":null},"geometry":{"type":"Point","coordinates":[-123.26321574734479,45.82854535141605]}},{"type":"Feature","properties":{"kind":"well","wl_id":39361,"log":"Water Well","use":"Domestic","tag":null},"geometry":{"type":"Point","coordinates":[-123.2800921958332,45.80733278855783]}},{"type":"Feature","properties":{"kind":"well","wl_id":39362,"log":"Water Well","use":"Domestic","tag":null},"geometry":{"type":"Point","coordinates":[-123.27191392320383,45.80159585953472]}},{"type":"Feature","properties":{"kind":"well","wl_id":39363,"log":"Water Well","use":"Domestic","tag":null},"geometry":{"type":"Point","coordinates":[-123.29140429552042,45.80192943764103]}},{"type":"Feature","properties":{"kind":"well","wl_id":39364,"log":"Water Well","use":"Domestic","tag":null},"geometry":{"type":"Point","coordinates":[-123.29811970686572,45.800059786490976]}},{"type":"Feature","properties":{"kind":"well","wl_id":39365,"log":"Water Well","use":"Domestic","tag":null},"geometry":{"type":"Point","coordinates":[-123.27057977928375,45.78707171890477]}},{"type":"Feature","properties":{"kind":"well","wl_id":39366,"log":"Water Well","use":"Domestic","tag":null},"geometry":{"type":"Point","coordinates":[-123.27873554967972,45.78194456786161]}},{"type":"Feature","properties":{"kind":"well","wl_id":39367,"log":"Water Well","use":"Domestic","tag":null},"geometry":{"type":"Point","coordinates":[-123.27326056925527,45.78548634829505]}},{"type":"Feature","properties":{"kind":"well","wl_id":39569,"log":"Water Well","use":"Domestic","tag":57518},"geometry":{"type":"Point","coordinates":[-123.26699047077797,45.8887601849208]}},{"type":"Feature","properties":{"kind":"well","wl_id":39617,"log":"Water Well","use":"Domestic","tag":null},"geometry":{"type":"Point","coordinates":[-123.08575057259726,45.9336469262021]}},{"type":"Feature","properties":{"kind":"well","wl_id":39618,"log":"Water Well","use":"Domestic","tag":null},"geometry":{"type":"Point","coordinates":[-123.08575057259726,45.9336469262021]}},{"type":"Feature","properties":{"kind":"well","wl_id":39623,"log":"Water Well","use":"Domestic","tag":null},"geometry":{"type":"Point","coordinates":[-123.16698876667625,45.940479367924084]}},{"type":"Feature","properties":{"kind":"well","wl_id":39624,"log":"Water Well","use":"Domestic","tag":null},"geometry":{"type":"Point","coordinates":[-123.21324534123342,45.92978167222306]}},{"type":"Feature","properties":{"kind":"well","wl_id":39625,"log":"Water Well","use":"Domestic","tag":null},"geometry":{"type":"Point","coordinates":[-123.1669345851391,45.93685018756344]}},{"type":"Feature","properties":{"kind":"well","wl_id":39626,"log":"Water Well","use":"Domestic","tag":null},"geometry":{"type":"Point","coordinates":[-123.16423665347212,45.93131721754804]}},{"type":"Feature","properties":{"kind":"well","wl_id":39627,"log":"Water Well","use":"Domestic","tag":null},"geometry":{"type":"Point","coordinates":[-123.16423665347212,45.93131721754804]}},{"type":"Feature","properties":{"kind":"well","wl_id":39628,"log":"Water Well","use":"Domestic","tag":null},"geometry":{"type":"Point","coordinates":[-123.16173745344712,45.933087937975635]}},{"type":"Feature","properties":{"kind":"well","wl_id":39629,"log":"Water Well","use":"Domestic","tag":null},"geometry":{"type":"Point","coordinates":[-123.14684576720303,45.91079411837475]}},{"type":"Feature","properties":{"kind":"well","wl_id":39630,"log":"Water Well","use":"Domestic","tag":null},"geometry":{"type":"Point","coordinates":[-123.15764959655772,45.89976567692938]}},{"type":"Feature","properties":{"kind":"well","wl_id":39631,"log":"Water Well","use":"Domestic","tag":null},"geometry":{"type":"Point","coordinates":[-123.15260766434233,45.89587111714476]}},{"type":"Feature","properties":{"kind":"well","wl_id":39632,"log":"Water Well","use":"Domestic","tag":null},"geometry":{"type":"Point","coordinates":[-123.14453417529475,45.90167655809578]}},{"type":"Feature","properties":{"kind":"well","wl_id":39633,"log":"Water Well","use":"Other","tag":null},"geometry":{"type":"Point","coordinates":[-123.13665741249335,45.8964374087496]}},{"type":"Feature","properties":{"kind":"well","wl_id":39634,"log":"Water Well","use":"Domestic","tag":null},"geometry":{"type":"Point","coordinates":[-123.14453417529475,45.90167655809578]}},{"type":"Feature","properties":{"kind":"well","wl_id":39635,"log":"Water Well","use":"Domestic","tag":null},"geometry":{"type":"Point","coordinates":[-123.14453417529475,45.90167655809578]}},{"type":"Feature","properties":{"kind":"well","wl_id":39636,"log":"Water Well","use":"Domestic","tag":null},"geometry":{"type":"Point","coordinates":[-123.14453417529475,45.90167655809578]}},{"type":"Feature","properties":{"kind":"well","wl_id":39637,"log":"Water Well","use":"Domestic","tag":null},"geometry":{"type":"Point","coordinates":[-123.13651433354195,45.90006031847852]}},{"type":"Feature","properties":{"kind":"well","wl_id":39638,"log":"Water Well","use":"Domestic","tag":null},"geometry":{"type":"Point","coordinates":[-123.12355699222061,45.902485989847506]}},{"type":"Feature","properties":{"kind":"well","wl_id":39639,"log":"Water Well","use":"Domestic","tag":null},"geometry":{"type":"Point","coordinates":[-123.11613611606796,45.882888309690564]}},{"type":"Feature","properties":{"kind":"well","wl_id":39640,"log":"Water Well","use":"Domestic","tag":null},"geometry":{"type":"Point","coordinates":[-123.14470074096852,45.88695707693029]}},{"type":"Feature","properties":{"kind":"well","wl_id":39641,"log":"Water Well","use":"Domestic","tag":null},"geometry":{"type":"Point","coordinates":[-123.14756101205269,45.88496129660053]}},{"type":"Feature","properties":{"kind":"well","wl_id":39642,"log":"Water Well","use":"Domestic","tag":null},"geometry":{"type":"Point","coordinates":[-123.16496992508624,45.88793947531856]}},{"type":"Feature","properties":{"kind":"well","wl_id":39643,"log":"Water Well","use":"Domestic","tag":null},"geometry":{"type":"Point","coordinates":[-123.15756645244504,45.88176477560384]}},{"type":"Feature","properties":{"kind":"well","wl_id":39644,"log":"Water Well","use":"Domestic","tag":null},"geometry":{"type":"Point","coordinates":[-123.16220862306871,45.88259864532045]}},{"type":"Feature","properties":{"kind":"well","wl_id":39645,"log":"Water Well","use":"Domestic","tag":null},"geometry":{"type":"Point","coordinates":[-123.16496992508624,45.88793947531856]}},{"type":"Feature","properties":{"kind":"well","wl_id":39646,"log":"Water Well","use":"Domestic","tag":null},"geometry":{"type":"Point","coordinates":[-123.16496992508624,45.88793947531856]}},{"type":"Feature","properties":{"kind":"well","wl_id":39647,"log":"Water Well","use":"Domestic","tag":null},"geometry":{"type":"Point","coordinates":[-123.16496992508624,45.88793947531856]}},{"type":"Feature","properties":{"kind":"well","wl_id":39648,"log":"Water Well","use":"Domestic","tag":null},"geometry":{"type":"Point","coordinates":[-123.15759807368566,45.88890250573309]}},{"type":"Feature","properties":{"kind":"well","wl_id":39649,"log":"Water Well","use":"Domestic","tag":null},"geometry":{"type":"Point","coordinates":[-123.16220862306871,45.88259864532045]}},{"type":"Feature","properties":{"kind":"well","wl_id":39650,"log":"Water Well","use":"Domestic","tag":null},"geometry":{"type":"Point","coordinates":[-123.16496992508624,45.88793947531856]}},{"type":"Feature","properties":{"kind":"well","wl_id":39651,"log":"Water Well","use":"Domestic","tag":null},"geometry":{"type":"Point","coordinates":[-123.18536535850204,45.88891177297676]}},{"type":"Feature","properties":{"kind":"well","wl_id":39652,"log":"Water Well","use":"Domestic","tag":null},"geometry":{"type":"Point","coordinates":[-123.18536535850204,45.88891177297676]}},{"type":"Feature","properties":{"kind":"well","wl_id":39653,"log":"Water Well","use":"Domestic","tag":null},"geometry":{"type":"Point","coordinates":[-123.18536535850204,45.88891177297676]}},{"type":"Feature","properties":{"kind":"well","wl_id":39654,"log":"Water Well","use":"Domestic","tag":null},"geometry":{"type":"Point","coordinates":[-123.20606101183898,45.88875402100535]}},{"type":"Feature","properties":{"kind":"well","wl_id":39655,"log":"Water Well","use":"Domestic","tag":null},"geometry":{"type":"Point","coordinates":[-123.22676587185693,45.87430925774315]}},{"type":"Feature","properties":{"kind":"well","wl_id":39656,"log":"Water Well","use":"Domestic","tag":129039},"geometry":{"type":"Point","coordinates":[-123.21891302097005,45.87964137912546]}},{"type":"Feature","properties":{"kind":"well","wl_id":39657,"log":"Water Well","use":"Domestic","tag":null},"geometry":{"type":"Point","coordinates":[-123.21891302097005,45.87964137912546]}},{"type":"Feature","properties":{"kind":"well","wl_id":39658,"log":"Water Well","use":"Domestic","tag":null},"geometry":{"type":"Point","coordinates":[-123.22929018276653,45.879661907528316]}},{"type":"Feature","properties":{"kind":"well","wl_id":39659,"log":"Water Well","use":"Domestic","tag":null},"geometry":{"type":"Point","coordinates":[-123.22930641257508,45.87609300802309]}},{"type":"Feature","properties":{"kind":"well","wl_id":39660,"log":"Water Well","use":"Domestic","tag":null},"geometry":{"type":"Point","coordinates":[-123.22934144120859,45.872517617582865]}},{"type":"Feature","properties":{"kind":"well","wl_id":39661,"log":"Water Well","use":"Domestic","tag":null},"geometry":{"type":"Point","coordinates":[-123.20594657801306,45.87430717000349]}},{"type":"Feature","properties":{"kind":"well","wl_id":39662,"log":"Water Well","use":"Domestic","tag":null},"geometry":{"type":"Point","coordinates":[-123.18269220350906,45.86877690182258]}},{"type":"Feature","properties":{"kind":"well","wl_id":39663,"log":"Water Well","use":"Domestic","tag":null},"geometry":{"type":"Point","coordinates":[-123.17228003281177,45.876089393658695]}},{"type":"Feature","properties":{"kind":"well","wl_id":39664,"log":"Water Well","use":"Domestic","tag":null},"geometry":{"type":"Point","coordinates":[-123.16493799199094,45.87388411395784]}},{"type":"Feature","properties":{"kind":"well","wl_id":39665,"log":"Water Well","use":"Domestic","tag":null},"geometry":{"type":"Point","coordinates":[-123.16493799199094,45.87388411395784]}},{"type":"Feature","properties":{"kind":"well","wl_id":39666,"log":"Water Well","use":"Domestic","tag":null},"geometry":{"type":"Point","coordinates":[-123.16212293225853,45.87922724454902]}},{"type":"Feature","properties":{"kind":"well","wl_id":39667,"log":"Water Well","use":"Domestic","tag":null},"geometry":{"type":"Point","coordinates":[-123.16212293225853,45.87922724454902]}},{"type":"Feature","properties":{"kind":"well","wl_id":39668,"log":"Water Well","use":"Domestic","tag":null},"geometry":{"type":"Point","coordinates":[-123.12360839597444,45.87366941906831]}},{"type":"Feature","properties":{"kind":"well","wl_id":39669,"log":"Water Well","use":"Domestic","tag":null},"geometry":{"type":"Point","coordinates":[-123.23928132116808,45.90818718845662]}},{"type":"Feature","properties":{"kind":"well","wl_id":39670,"log":"Water Well","use":"Domestic","tag":null},"geometry":{"type":"Point","coordinates":[-123.24432439078265,45.90467617751936]}},{"type":"Feature","properties":{"kind":"well","wl_id":39671,"log":"Water Well","use":"Domestic","tag":null},"geometry":{"type":"Point","coordinates":[-123.2543374596618,45.89049069587739]}},{"type":"Feature","properties":{"kind":"well","wl_id":39672,"log":"Water Well","use":"Domestic","tag":null},"geometry":{"type":"Point","coordinates":[-123.2494106778086,45.88685299599089]}},{"type":"Feature","properties":{"kind":"well","wl_id":39673,"log":"Water Well","use":"Domestic","tag":null},"geometry":{"type":"Point","coordinates":[-123.26699047077797,45.8887601849208]}},{"type":"Feature","properties":{"kind":"well","wl_id":39674,"log":"Water Well","use":"Domestic","tag":null},"geometry":{"type":"Point","coordinates":[-123.2795900311431,45.883306552980066]}},{"type":"Feature","properties":{"kind":"well","wl_id":39675,"log":"Water Well","use":"Domestic","tag":null},"geometry":{"type":"Point","coordinates":[-123.28472534234245,45.883322522267086]}},{"type":"Feature","properties":{"kind":"well","wl_id":39676,"log":"Water Well","use":"Domestic","tag":null},"geometry":{"type":"Point","coordinates":[-123.32143110605351,45.87234281807752]}},{"type":"Feature","properties":{"kind":"well","wl_id":39677,"log":"Water Well","use":"Domestic","tag":null},"geometry":{"type":"Point","coordinates":[-123.32900999724673,45.87405719711396]}},{"type":"Feature","properties":{"kind":"well","wl_id":39678,"log":"Water Well","use":"Domestic","tag":null},"geometry":{"type":"Point","coordinates":[-123.32900999724673,45.87405719711396]}},{"type":"Feature","properties":{"kind":"well","wl_id":39679,"log":"Water Well","use":"Domestic","tag":null},"geometry":{"type":"Point","coordinates":[-123.32900999724673,45.87405719711396]}},{"type":"Feature","properties":{"kind":"well","wl_id":39680,"log":"Water Well","use":"Domestic","tag":null},"geometry":{"type":"Point","coordinates":[-123.32900999724673,45.87405719711396]}},{"type":"Feature","properties":{"kind":"well","wl_id":39681,"log":"Water Well","use":"Domestic","tag":null},"geometry":{"type":"Point","coordinates":[-123.32171997435321,45.86861642775029]}},{"type":"Feature","properties":{"kind":"well","wl_id":39682,"log":"Water Well","use":"Domestic","tag":35595},"geometry":{"type":"Point","coordinates":[-123.27970871096652,45.87968727270018]}},{"type":"Feature","properties":{"kind":"well","wl_id":39683,"log":"Water Well","use":"Domestic","tag":null},"geometry":{"type":"Point","coordinates":[-123.29511490255868,45.879726301376486]}},{"type":"Feature","properties":{"kind":"well","wl_id":39684,"log":"Water Well","use":"Domestic","tag":null},"geometry":{"type":"Point","coordinates":[-123.26738319717657,45.874223614039586]}},{"type":"Feature","properties":{"kind":"well","wl_id":39685,"log":"Water Well","use":"Domestic","tag":null},"geometry":{"type":"Point","coordinates":[-123.51460190700367,45.92948864052937]}},{"type":"Feature","properties":{"kind":"well","wl_id":39686,"log":"Water Well","use":"Domestic","tag":null},"geometry":{"type":"Point","coordinates":[-123.57603117724338,45.88753523187942]}},{"type":"Feature","properties":{"kind":"well","wl_id":39687,"log":"Water Well","use":"Domestic","tag":null},"geometry":{"type":"Point","coordinates":[-123.55509369368168,45.887478264604894]}},{"type":"Feature","properties":{"kind":"well","wl_id":39688,"log":"Water Well","use":"Domestic","tag":null},"geometry":{"type":"Point","coordinates":[-123.61796565387394,45.88745737806746]}},{"type":"Feature","properties":{"kind":"well","wl_id":40005,"log":"Water Well","use":"Domestic","tag":null},"geometry":{"type":"Point","coordinates":[-123.1930505169856,45.96940439704301]}},{"type":"Feature","properties":{"kind":"well","wl_id":40006,"log":"Water Well","use":"Domestic","tag":null},"geometry":{"type":"Point","coordinates":[-123.18787672795759,45.97664914764659]}},{"type":"Feature","properties":{"kind":"well","wl_id":40007,"log":"Water Well","use":"Domestic","tag":null},"geometry":{"type":"Point","coordinates":[-123.18534922626881,45.97483650764496]}},{"type":"Feature","properties":{"kind":"well","wl_id":40008,"log":"Water Well","use":"Domestic","tag":null},"geometry":{"type":"Point","coordinates":[-123.18534922626881,45.97483650764496]}},{"type":"Feature","properties":{"kind":"well","wl_id":40009,"log":"Water Well","use":"Domestic","tag":null},"geometry":{"type":"Point","coordinates":[-123.18534922626881,45.97483650764496]}},{"type":"Feature","properties":{"kind":"well","wl_id":40010,"log":"Water Well","use":"Domestic","tag":null},"geometry":{"type":"Point","coordinates":[-123.19297760820204,45.97665535701589]}},{"type":"Feature","properties":{"kind":"well","wl_id":40011,"log":"Water Well","use":"Domestic","tag":null},"geometry":{"type":"Point","coordinates":[-123.2059107892547,45.974953605476394]}},{"type":"Feature","properties":{"kind":"well","wl_id":40012,"log":"Water Well","use":"Domestic","tag":137409},"geometry":{"type":"Point","coordinates":[-123.21373220229682,45.980412784776014]}},{"type":"Feature","properties":{"kind":"well","wl_id":40013,"log":"Water Well","use":"Domestic","tag":null},"geometry":{"type":"Point","coordinates":[-123.20850313952465,45.97317750555159]}},{"type":"Feature","properties":{"kind":"well","wl_id":40014,"log":"Water Well","use":"Domestic","tag":null},"geometry":{"type":"Point","coordinates":[-123.2059107892547,45.974953605476394]}},{"type":"Feature","properties":{"kind":"well","wl_id":40015,"log":"Water Well","use":"Domestic","tag":null},"geometry":{"type":"Point","coordinates":[-123.2059107892547,45.974953605476394]}},{"type":"Feature","properties":{"kind":"well","wl_id":40016,"log":"Water Well","use":"Domestic","tag":null},"geometry":{"type":"Point","coordinates":[-123.2059107892547,45.974953605476394]}},{"type":"Feature","properties":{"kind":"well","wl_id":40017,"log":"Water Well","use":"Domestic","tag":null},"geometry":{"type":"Point","coordinates":[-123.19814999795038,45.9730589563986]}},{"type":"Feature","properties":{"kind":"well","wl_id":40018,"log":"Water Well","use":"Domestic","tag":null},"geometry":{"type":"Point","coordinates":[-123.22670102275585,45.97477508376694]}},{"type":"Feature","properties":{"kind":"well","wl_id":40019,"log":"Water Well","use":"Other","tag":null},"geometry":{"type":"Point","coordinates":[-123.21893209294095,45.98037274486706]}},{"type":"Feature","properties":{"kind":"well","wl_id":40020,"log":"Water Well","use":"Domestic","tag":null},"geometry":{"type":"Point","coordinates":[-123.21893209294095,45.98037274486706]}},{"type":"Feature","properties":{"kind":"well","wl_id":40021,"log":"Water Well","use":"Domestic","tag":null},"geometry":{"type":"Point","coordinates":[-123.21893209294095,45.98037274486706]}},{"type":"Feature","properties":{"kind":"well","wl_id":40022,"log":"Water Well","use":"Domestic","tag":null},"geometry":{"type":"Point","coordinates":[-123.21891552196139,45.97677078467589]}},{"type":"Feature","properties":{"kind":"well","wl_id":40023,"log":"Water Well","use":"Domestic","tag":null},"geometry":{"type":"Point","coordinates":[-123.16483394013987,45.96043875926285]}},{"type":"Feature","properties":{"kind":"well","wl_id":40024,"log":"Water Well","use":"Other","tag":null},"geometry":{"type":"Point","coordinates":[-123.2891074252431,46.03287494026397]}},{"type":"Feature","properties":{"kind":"well","wl_id":40025,"log":"Water Well","use":"Other","tag":null},"geometry":{"type":"Point","coordinates":[-123.2891074252431,46.03287494026397]}},{"type":"Feature","properties":{"kind":"well","wl_id":40026,"log":"Water Well","use":"Other","tag":null},"geometry":{"type":"Point","coordinates":[-123.2891074252431,46.03287494026397]}},{"type":"Feature","properties":{"kind":"well","wl_id":40027,"log":"Water Well","use":"Domestic","tag":null},"geometry":{"type":"Point","coordinates":[-123.33037058166856,46.03292362590794]}},{"type":"Feature","properties":{"kind":"well","wl_id":40028,"log":"Water Well","use":"Domestic","tag":null},"geometry":{"type":"Point","coordinates":[-123.35742727599626,46.037802732963335]}},{"type":"Feature","properties":{"kind":"well","wl_id":40029,"log":"Water Well","use":"Other","tag":null},"geometry":{"type":"Point","coordinates":[-123.28868627176362,46.019419628951034]}},{"type":"Feature","properties":{"kind":"well","wl_id":40030,"log":"Water Well","use":"Other","tag":null},"geometry":{"type":"Point","coordinates":[-123.28868627176362,46.019419628951034]}},{"type":"Feature","properties":{"kind":"well","wl_id":40031,"log":"Water Well","use":"Other","tag":null},"geometry":{"type":"Point","coordinates":[-123.28868627176362,46.019419628951034]}},{"type":"Feature","properties":{"kind":"well","wl_id":40032,"log":"Water Well","use":"Other","tag":null},"geometry":{"type":"Point","coordinates":[-123.28868627176362,46.019419628951034]}},{"type":"Feature","properties":{"kind":"well","wl_id":40033,"log":"Water Well","use":"Other","tag":null},"geometry":{"type":"Point","coordinates":[-123.2680687990605,46.01895748159294]}},{"type":"Feature","properties":{"kind":"well","wl_id":40034,"log":"Water Well","use":"Domestic","tag":95426},"geometry":{"type":"Point","coordinates":[-123.27578094990234,46.02108301115154]}},{"type":"Feature","properties":{"kind":"well","wl_id":40035,"log":"Water Well","use":"Domestic","tag":null},"geometry":{"type":"Point","coordinates":[-123.24475462593918,46.02364812378795]}},{"type":"Feature","properties":{"kind":"well","wl_id":40036,"log":"Water Well","use":"Domestic","tag":6146},"geometry":{"type":"Point","coordinates":[-123.37148170111688,46.002859909415065]}},{"type":"Feature","properties":{"kind":"well","wl_id":40037,"log":"Water Well","use":"Domestic","tag":null},"geometry":{"type":"Point","coordinates":[-123.25487463254439,45.998681591775075]}},{"type":"Feature","properties":{"kind":"well","wl_id":40038,"log":"Water Well","use":"Domestic","tag":34579},"geometry":{"type":"Point","coordinates":[-123.25487463254439,45.998681591775075]}},{"type":"Feature","properties":{"kind":"well","wl_id":40039,"log":"Water Well","use":"Domestic","tag":null},"geometry":{"type":"Point","coordinates":[-123.24983568226094,46.002139052546994]}},{"type":"Feature","properties":{"kind":"well","wl_id":40040,"log":"Water Well","use":"Domestic","tag":null},"geometry":{"type":"Point","coordinates":[-123.25487463254439,45.998681591775075]}},{"type":"Feature","properties":{"kind":"well","wl_id":40041,"log":"Water Well","use":"Domestic","tag":34577},"geometry":{"type":"Point","coordinates":[-123.25487463254439,45.998681591775075]}},{"type":"Feature","properties":{"kind":"well","wl_id":40042,"log":"Water Well","use":"Domestic","tag":null},"geometry":{"type":"Point","coordinates":[-123.25487463254439,45.998681591775075]}},{"type":"Feature","properties":{"kind":"well","wl_id":40043,"log":"Water Well","use":"Domestic","tag":null},"geometry":{"type":"Point","coordinates":[-123.26520214396592,45.99890853112021]}},{"type":"Feature","properties":{"kind":"well","wl_id":40044,"log":"Water Well","use":"Domestic","tag":null},"geometry":{"type":"Point","coordinates":[-123.28866124893302,46.00483379819637]}},{"type":"Feature","properties":{"kind":"well","wl_id":40045,"log":"Water Well","use":"Domestic","tag":null},"geometry":{"type":"Point","coordinates":[-123.30158708055221,46.00307357680393]}},{"type":"Feature","properties":{"kind":"well","wl_id":40046,"log":"Water Well","use":"Domestic","tag":null},"geometry":{"type":"Point","coordinates":[-123.32682956106432,45.98520285395408]}},{"type":"Feature","properties":{"kind":"well","wl_id":40047,"log":"Water Well","use":"Domestic","tag":null},"geometry":{"type":"Point","coordinates":[-123.26772957197758,45.98989526975568]}},{"type":"Feature","properties":{"kind":"well","wl_id":40048,"log":"Water Well","use":"Domestic","tag":null},"geometry":{"type":"Point","coordinates":[-123.26772957197758,45.98989526975568]}},{"type":"Feature","properties":{"kind":"well","wl_id":40049,"log":"Water Well","use":"Domestic","tag":null},"geometry":{"type":"Point","coordinates":[-123.24729981897995,45.98933294211774]}},{"type":"Feature","properties":{"kind":"well","wl_id":40050,"log":"Water Well","use":"Domestic","tag":null},"geometry":{"type":"Point","coordinates":[-123.2549068608649,45.99141592160022]}},{"type":"Feature","properties":{"kind":"well","wl_id":40051,"log":"Water Well","use":"Domestic","tag":null},"geometry":{"type":"Point","coordinates":[-123.24729981897995,45.98933294211774]}},{"type":"Feature","properties":{"kind":"well","wl_id":40708,"log":"Water Well","use":"Domestic","tag":null},"geometry":{"type":"Point","coordinates":[-123.29099171158228,46.06118698138746]}},{"type":"Feature","properties":{"kind":"well","wl_id":40709,"log":"Water Well","use":"Domestic","tag":null},"geometry":{"type":"Point","coordinates":[-123.33453973492382,46.046663706036526]}},{"type":"Feature","properties":{"kind":"well","wl_id":41661,"log":"Water Well","use":"Domestic","tag":null},"geometry":{"type":"Point","coordinates":[-123.11037817885675,45.8535073185336]}},{"type":"Feature","properties":{"kind":"well","wl_id":41662,"log":"Water Well","use":"Community","tag":null},"geometry":{"type":"Point","coordinates":[-123.09561141471346,45.84261535009807]}},{"type":"Feature","properties":{"kind":"well","wl_id":41663,"log":"Water Well","use":"Other","tag":null},"geometry":{"type":"Point","coordinates":[-123.10300832568792,45.84440583906562]}},{"type":"Feature","properties":{"kind":"well","wl_id":41664,"log":"Water Well","use":"Other","tag":null},"geometry":{"type":"Point","coordinates":[-123.10300832568792,45.84440583906562]}},{"type":"Feature","properties":{"kind":"well","wl_id":41693,"log":"Water Well","use":"Domestic","tag":null},"geometry":{"type":"Point","coordinates":[-123.08264870047547,45.83019281039829]}},{"type":"Feature","properties":{"kind":"well","wl_id":41694,"log":"Water Well","use":"Domestic","tag":null},"geometry":{"type":"Point","coordinates":[-123.10280594279847,45.830098708546785]}},{"type":"Feature","properties":{"kind":"well","wl_id":41695,"log":"Water Well","use":"Domestic","tag":null},"geometry":{"type":"Point","coordinates":[-123.10280594279847,45.830098708546785]}},{"type":"Feature","properties":{"kind":"well","wl_id":41696,"log":"Water Well","use":"Other","tag":null},"geometry":{"type":"Point","coordinates":[-123.09530507933546,45.821133428474134]}},{"type":"Feature","properties":{"kind":"well","wl_id":41722,"log":"Water Well","use":"Domestic","tag":null},"geometry":{"type":"Point","coordinates":[-123.15756645244504,45.88176477560384]}},{"type":"Feature","properties":{"kind":"well","wl_id":41728,"log":"Water Well","use":"Domestic","tag":33257},"geometry":{"type":"Point","coordinates":[-123.20912087332572,45.849503288116466]}},{"type":"Feature","properties":{"kind":"well","wl_id":41732,"log":"Water Well","use":"Domestic","tag":null},"geometry":{"type":"Point","coordinates":[-123.23417186734326,45.943960240715256]}},{"type":"Feature","properties":{"kind":"well","wl_id":41733,"log":"Water Well","use":"Domestic","tag":null},"geometry":{"type":"Point","coordinates":[-123.2396031246678,45.879685596800236]}},{"type":"Feature","properties":{"kind":"well","wl_id":41770,"log":"Water Well","use":"Domestic","tag":null},"geometry":{"type":"Point","coordinates":[-123.27981156394871,45.803658848666906]}},{"type":"Feature","properties":{"kind":"well","wl_id":41771,"log":"Water Well","use":"Domestic","tag":null},"geometry":{"type":"Point","coordinates":[-123.18840768812031,45.83855790011294]}},{"type":"Feature","properties":{"kind":"well","wl_id":41776,"log":"Water Well","use":"Domestic","tag":null},"geometry":{"type":"Point","coordinates":[-123.14720589521664,45.89973881789326]}},{"type":"Feature","properties":{"kind":"well","wl_id":41798,"log":"Water Well","use":"Domestic","tag":22866},"geometry":{"type":"Point","coordinates":[-123.14720589521664,45.89973881789326]}},{"type":"Feature","properties":{"kind":"well","wl_id":41817,"log":"Water Well","use":"Domestic","tag":null},"geometry":{"type":"Point","coordinates":[-123.17743456692395,45.887021674148926]}},{"type":"Feature","properties":{"kind":"well","wl_id":41820,"log":"Water Well","use":"Domestic","tag":null},"geometry":{"type":"Point","coordinates":[-123.23970958976854,45.99817918338663]}},{"type":"Feature","properties":{"kind":"well","wl_id":41826,"log":"Water Well","use":"Domestic","tag":null},"geometry":{"type":"Point","coordinates":[-123.25496180964056,45.98416572062871]}},{"type":"Feature","properties":{"kind":"well","wl_id":41861,"log":"Water Well","use":"Domestic","tag":1510},"geometry":{"type":"Point","coordinates":[-123.20893473174823,45.795828665833135]}},{"type":"Feature","properties":{"kind":"well","wl_id":41862,"log":"Water Well","use":"Domestic","tag":1158},"geometry":{"type":"Point","coordinates":[-123.16206803687288,45.852511793740696]}},{"type":"Feature","properties":{"kind":"well","wl_id":41864,"log":"Water Well","use":"Domestic","tag":2621},"geometry":{"type":"Point","coordinates":[-123.15251811526932,45.899637677081074]}},{"type":"Feature","properties":{"kind":"well","wl_id":41867,"log":"Water Well","use":"Domestic","tag":6922},"geometry":{"type":"Point","coordinates":[-123.22912320759377,45.806609253687604]}},{"type":"Feature","properties":{"kind":"well","wl_id":41868,"log":"Water Well","use":"Domestic","tag":1511},"geometry":{"type":"Point","coordinates":[-123.17743456692395,45.887021674148926]}},{"type":"Feature","properties":{"kind":"well","wl_id":41876,"log":"Water Well","use":"Domestic","tag":1512},"geometry":{"type":"Point","coordinates":[-123.17743445586652,45.883514263854714]}},{"type":"Feature","properties":{"kind":"well","wl_id":41877,"log":"Water Well","use":"Domestic","tag":4620},"geometry":{"type":"Point","coordinates":[-123.16496992508624,45.88793947531856]}},{"type":"Feature","properties":{"kind":"well","wl_id":41889,"log":"Water Well","use":"Domestic","tag":1513},"geometry":{"type":"Point","coordinates":[-123.20838462205461,45.79583542569632]}},{"type":"Feature","properties":{"kind":"well","wl_id":41893,"log":"Water Well","use":"Domestic","tag":1514},"geometry":{"type":"Point","coordinates":[-123.17743445586652,45.883514263854714]}},{"type":"Feature","properties":{"kind":"well","wl_id":41900,"log":"Water Well","use":"Domestic","tag":1464},"geometry":{"type":"Point","coordinates":[-123.25573304817483,45.83913477309849]}},{"type":"Feature","properties":{"kind":"well","wl_id":41901,"log":"Water Well","use":"Domestic","tag":1733},"geometry":{"type":"Point","coordinates":[-123.14720589521664,45.89973881789326]}},{"type":"Feature","properties":{"kind":"well","wl_id":41919,"log":"Water Well","use":"Domestic","tag":3177},"geometry":{"type":"Point","coordinates":[-123.21370501031076,45.973219964540256]}},{"type":"Feature","properties":{"kind":"well","wl_id":42005,"log":"Water Well","use":"Domestic","tag":8556},"geometry":{"type":"Point","coordinates":[-123.24529377743796,45.8426521043418]}},{"type":"Feature","properties":{"kind":"well","wl_id":42054,"log":"Water Well","use":"Domestic","tag":11968},"geometry":{"type":"Point","coordinates":[-123.22409534154485,45.87964816823118]}},{"type":"Feature","properties":{"kind":"well","wl_id":42055,"log":"Water Well","use":"Domestic","tag":11967},"geometry":{"type":"Point","coordinates":[-123.22409534154485,45.87964816823118]}},{"type":"Feature","properties":{"kind":"well","wl_id":42091,"log":"Water Well","use":"Domestic","tag":8347},"geometry":{"type":"Point","coordinates":[-123.17743456692395,45.887021674148926]}},{"type":"Feature","properties":{"kind":"well","wl_id":42096,"log":"Water Well","use":"Domestic","tag":14762},"geometry":{"type":"Point","coordinates":[-123.29645870846512,45.99933431706662]}},{"type":"Feature","properties":{"kind":"well","wl_id":42097,"log":"Water Well","use":"Domestic","tag":14763},"geometry":{"type":"Point","coordinates":[-123.14113430728685,45.91813785926895]}},{"type":"Feature","properties":{"kind":"well","wl_id":42108,"log":"Water Well","use":"Domestic","tag":8551},"geometry":{"type":"Point","coordinates":[-123.25026033135187,45.85749372447905]}},{"type":"Feature","properties":{"kind":"well","wl_id":42117,"log":"Water Well","use":"Domestic","tag":11974},"geometry":{"type":"Point","coordinates":[-123.30567642365982,45.876096980201986]}},{"type":"Feature","properties":{"kind":"well","wl_id":42121,"log":"Water Well","use":"Domestic","tag":4624},"geometry":{"type":"Point","coordinates":[-123.20854273848579,45.87608756031615]}},{"type":"Feature","properties":{"kind":"well","wl_id":42153,"log":"Water Well","use":"Domestic","tag":16792},"geometry":{"type":"Point","coordinates":[-123.30156287232715,46.01046652750274]}},{"type":"Feature","properties":{"kind":"well","wl_id":42154,"log":"Water Well","use":"Domestic","tag":16791},"geometry":{"type":"Point","coordinates":[-123.31174767181483,46.0031060160175]}},{"type":"Feature","properties":{"kind":"well","wl_id":42161,"log":"Water Well","use":"Domestic","tag":1510},"geometry":{"type":"Point","coordinates":[-123.20893473174823,45.795828665833135]}},{"type":"Feature","properties":{"kind":"well","wl_id":42189,"log":"Water Well","use":"Unknown","tag":939},"geometry":{"type":"Point","coordinates":[-123.22704627185446,45.82978215521455]}},{"type":"Feature","properties":{"kind":"well","wl_id":42194,"log":"Water Well","use":"Unknown","tag":12195},"geometry":{"type":"Point","coordinates":[-123.16459221853269,45.85857401344366]}},{"type":"Feature","properties":{"kind":"well","wl_id":42203,"log":"Water Well","use":"Unknown","tag":13238},"geometry":{"type":"Point","coordinates":[-123.28768706002096,45.91771208419257]}},{"type":"Feature","properties":{"kind":"well","wl_id":42209,"log":"Water Well","use":"Unknown","tag":16630},"geometry":{"type":"Point","coordinates":[-123.30841881423041,45.87423545924115]}},{"type":"Feature","properties":{"kind":"well","wl_id":42210,"log":"Water Well","use":"Unknown","tag":15596},"geometry":{"type":"Point","coordinates":[-123.20644355215218,45.84407332811725]}},{"type":"Feature","properties":{"kind":"well","wl_id":42217,"log":"Water Well","use":"Domestic","tag":18223},"geometry":{"type":"Point","coordinates":[-123.21963277465927,45.84582432729539]}},{"type":"Feature","properties":{"kind":"well","wl_id":42245,"log":"Water Well","use":"Domestic","tag":21116},"geometry":{"type":"Point","coordinates":[-123.21896571286719,45.79228848465445]}},{"type":"Feature","properties":{"kind":"well","wl_id":42288,"log":"Water Well","use":"Other (multi)","tag":24676},"geometry":{"type":"Point","coordinates":[-123.2059107892547,45.974953605476394]}},{"type":"Feature","properties":{"kind":"well","wl_id":42304,"log":"Water Well","use":"Unknown","tag":26393},"geometry":{"type":"Point","coordinates":[-123.28999064170695,45.879707431293475]}},{"type":"Feature","properties":{"kind":"well","wl_id":42332,"log":"Water Well","use":"Community","tag":null},"geometry":{"type":"Point","coordinates":[-123.31662416756849,46.02459944716052]}},{"type":"Feature","properties":{"kind":"well","wl_id":42335,"log":"Water Well","use":"Domestic","tag":18666},"geometry":{"type":"Point","coordinates":[-123.1778011570829,45.845180081906335]}},{"type":"Feature","properties":{"kind":"well","wl_id":42337,"log":"Water Well","use":"Domestic","tag":null},"geometry":{"type":"Point","coordinates":[-123.16459221853269,45.85857401344366]}},{"type":"Feature","properties":{"kind":"well","wl_id":42351,"log":"Water Well","use":"Domestic","tag":25369},"geometry":{"type":"Point","coordinates":[-123.25014200024879,46.037618944541634]}},{"type":"Feature","properties":{"kind":"well","wl_id":42370,"log":"Water Well","use":"Domestic","tag":27700},"geometry":{"type":"Point","coordinates":[-123.21893209294095,45.98037274486706]}},{"type":"Feature","properties":{"kind":"well","wl_id":42373,"log":"Water Well","use":"Domestic","tag":18670},"geometry":{"type":"Point","coordinates":[-123.22986774775332,45.853461566776396]}},{"type":"Feature","properties":{"kind":"well","wl_id":42377,"log":"Water Well","use":"Domestic","tag":null},"geometry":{"type":"Point","coordinates":[-123.28101568947162,46.01041445923026]}},{"type":"Feature","properties":{"kind":"well","wl_id":42379,"log":"Water Well","use":"Domestic","tag":18673},"geometry":{"type":"Point","coordinates":[-123.30025672328587,45.87975950050824]}},{"type":"Feature","properties":{"kind":"well","wl_id":42383,"log":"Water Well","use":"Domestic","tag":21727},"geometry":{"type":"Point","coordinates":[-123.34295620745152,46.05224342542679]}},{"type":"Feature","properties":{"kind":"well","wl_id":42388,"log":"Water Well","use":"Domestic","tag":18675},"geometry":{"type":"Point","coordinates":[-123.16212293225853,45.87922724454902]}},{"type":"Feature","properties":{"kind":"well","wl_id":42389,"log":"Water Well","use":"Unknown","tag":31012},"geometry":{"type":"Point","coordinates":[-123.24790280784022,45.844474504501456]}},{"type":"Feature","properties":{"kind":"well","wl_id":42399,"log":"Water Well","use":"Domestic","tag":25267},"geometry":{"type":"Point","coordinates":[-123.16739237175385,45.96227649874008]}},{"type":"Feature","properties":{"kind":"well","wl_id":42421,"log":"Water Well","use":"Domestic","tag":35018},"geometry":{"type":"Point","coordinates":[-123.25057030951884,45.84802987375176]}},{"type":"Feature","properties":{"kind":"well","wl_id":42422,"log":"Water Well","use":"Domestic","tag":35017},"geometry":{"type":"Point","coordinates":[-123.25046266944572,45.84998591387721]}},{"type":"Feature","properties":{"kind":"well","wl_id":42441,"log":"Water Well","use":"Unknown","tag":31402},"geometry":{"type":"Point","coordinates":[-123.22652035519752,45.80126823425967]}},{"type":"Feature","properties":{"kind":"well","wl_id":42461,"log":"Water Well","use":"Domestic","tag":16720},"geometry":{"type":"Point","coordinates":[-123.14612165960419,45.925469649155716]}},{"type":"Feature","properties":{"kind":"well","wl_id":42472,"log":"Water Well","use":"Domestic","tag":35022},"geometry":{"type":"Point","coordinates":[-123.18264105447417,45.87247958240054]}},{"type":"Feature","properties":{"kind":"well","wl_id":42473,"log":"Water Well","use":"Domestic","tag":155561},"geometry":{"type":"Point","coordinates":[-123.21101663439572,45.850479428412484]}},{"type":"Feature","properties":{"kind":"well","wl_id":42474,"log":"Water Well","use":"Domestic","tag":35021},"geometry":{"type":"Point","coordinates":[-123.19803339861006,45.879781681360626]}},{"type":"Feature","properties":{"kind":"well","wl_id":42477,"log":"Water Well","use":"Domestic","tag":30478},"geometry":{"type":"Point","coordinates":[-123.24731659234642,46.00389074314141]}},{"type":"Feature","properties":{"kind":"well","wl_id":42496,"log":"Water Well","use":"Unknown","tag":34578},"geometry":{"type":"Point","coordinates":[-123.24731659234642,46.00389074314141]}},{"type":"Feature","properties":{"kind":"well","wl_id":42504,"log":"Water Well","use":"Unknown","tag":28749},"geometry":{"type":"Point","coordinates":[-123.14453417529475,45.90167655809578]}},{"type":"Feature","properties":{"kind":"well","wl_id":42505,"log":"Water Well","use":"Unknown","tag":31459},"geometry":{"type":"Point","coordinates":[-123.24790280784022,45.844474504501456]}},{"type":"Feature","properties":{"kind":"well","wl_id":42506,"log":"Water Well","use":"Domestic","tag":30482},"geometry":{"type":"Point","coordinates":[-123.26859030994012,45.79252716945985]}},{"type":"Feature","properties":{"kind":"well","wl_id":42509,"log":"Water Well","use":"Domestic","tag":28291},"geometry":{"type":"Point","coordinates":[-123.16212293225853,45.87922724454902]}},{"type":"Feature","properties":{"kind":"well","wl_id":42522,"log":"Water Well","use":"Domestic","tag":33166},"geometry":{"type":"Point","coordinates":[-123.15756645244504,45.88176477560384]}},{"type":"Feature","properties":{"kind":"well","wl_id":42548,"log":"Water Well","use":"Domestic","tag":null},"geometry":{"type":"Point","coordinates":[-123.21965512356905,45.84224816728103]}},{"type":"Feature","properties":{"kind":"well","wl_id":42549,"log":"Water Well","use":"Domestic","tag":null},"geometry":{"type":"Point","coordinates":[-123.21965512356905,45.84224816728103]}},{"type":"Feature","properties":{"kind":"well","wl_id":42550,"log":"Water Well","use":"Domestic","tag":16730},"geometry":{"type":"Point","coordinates":[-123.21964880211307,45.835081996556916]}},{"type":"Feature","properties":{"kind":"well","wl_id":42554,"log":"Water Well","use":"Domestic","tag":33173},"geometry":{"type":"Point","coordinates":[-123.15756645244504,45.88176477560384]}},{"type":"Feature","properties":{"kind":"well","wl_id":42555,"log":"Water Well","use":"Domestic","tag":33174},"geometry":{"type":"Point","coordinates":[-123.15756645244504,45.88176477560384]}},{"type":"Feature","properties":{"kind":"well","wl_id":42556,"log":"Water Well","use":"Domestic","tag":33177},"geometry":{"type":"Point","coordinates":[-123.15756645244504,45.88176477560384]}},{"type":"Feature","properties":{"kind":"well","wl_id":42561,"log":"Water Well","use":"Unknown","tag":35865},"geometry":{"type":"Point","coordinates":[-123.24731659234642,46.00389074314141]}},{"type":"Feature","properties":{"kind":"well","wl_id":42608,"log":"Water Well","use":"Domestic","tag":35027},"geometry":{"type":"Point","coordinates":[-123.20915753098461,45.838598798101444]}},{"type":"Feature","properties":{"kind":"well","wl_id":42609,"log":"Water Well","use":"Domestic","tag":35028},"geometry":{"type":"Point","coordinates":[-123.235097517312,45.849790305724994]}},{"type":"Feature","properties":{"kind":"well","wl_id":42610,"log":"Water Well","use":"Domestic","tag":35029},"geometry":{"type":"Point","coordinates":[-123.20912087332572,45.849503288116466]}},{"type":"Feature","properties":{"kind":"well","wl_id":42628,"log":"Water Well","use":"Domestic","tag":null},"geometry":{"type":"Point","coordinates":[-123.33944526391704,46.03775510459866]}},{"type":"Feature","properties":{"kind":"well","wl_id":42691,"log":"Water Well","use":"Domestic","tag":37274},"geometry":{"type":"Point","coordinates":[-123.21965512356905,45.84224816728103]}},{"type":"Feature","properties":{"kind":"well","wl_id":42692,"log":"Water Well","use":"Domestic","tag":37275},"geometry":{"type":"Point","coordinates":[-123.19860445217327,45.84971531951046]}},{"type":"Feature","properties":{"kind":"well","wl_id":42699,"log":"Water Well","use":"Domestic","tag":null},"geometry":{"type":"Point","coordinates":[-123.22478962612928,45.84954984677534]}},{"type":"Feature","properties":{"kind":"well","wl_id":42700,"log":"Water Well","use":"Domestic","tag":null},"geometry":{"type":"Point","coordinates":[-123.20915753098461,45.838598798101444]}},{"type":"Feature","properties":{"kind":"well","wl_id":42701,"log":"Water Well","use":"Domestic","tag":null},"geometry":{"type":"Point","coordinates":[-123.17765215569342,45.97308661868694]}},{"type":"Feature","properties":{"kind":"well","wl_id":42707,"log":"Water Well","use":"Domestic","tag":38450},"geometry":{"type":"Point","coordinates":[-123.20912087332572,45.849503288116466]}},{"type":"Feature","properties":{"kind":"well","wl_id":42727,"log":"Water Well","use":"Domestic","tag":37278},"geometry":{"type":"Point","coordinates":[-123.25694513687415,45.831976942767014]}},{"type":"Feature","properties":{"kind":"well","wl_id":42728,"log":"Water Well","use":"Domestic","tag":null},"geometry":{"type":"Point","coordinates":[-123.25046266944572,45.84998591387721]}},{"type":"Feature","properties":{"kind":"well","wl_id":42737,"log":"Water Well","use":"Domestic","tag":37281},"geometry":{"type":"Point","coordinates":[-123.28999064170695,45.879707431293475]}},{"type":"Feature","properties":{"kind":"well","wl_id":177222,"log":"Water Well","use":"Domestic","tag":32749},"geometry":{"type":"Point","coordinates":[-123.8567660256887,45.72640236457423]}},{"type":"Feature","properties":{"kind":"well","wl_id":245188,"log":"Water Well","use":"Domestic","tag":null},"geometry":{"type":"Point","coordinates":[-123.84052105233677,45.67857661385184]}},{"type":"Feature","properties":{"kind":"well","wl_id":245199,"log":"Water Well","use":"Domestic","tag":null},"geometry":{"type":"Point","coordinates":[-123.92392992254382,45.66936892424616]}},{"type":"Feature","properties":{"kind":"well","wl_id":245204,"log":"Water Well","use":"Domestic","tag":null},"geometry":{"type":"Point","coordinates":[-123.85448492903878,45.746303385958235]}},{"type":"Feature","properties":{"kind":"well","wl_id":245210,"log":"Water Well","use":"Domestic","tag":null},"geometry":{"type":"Point","coordinates":[-123.8324376433351,45.68713096504177]}},{"type":"Feature","properties":{"kind":"well","wl_id":245211,"log":"Water Well","use":"Domestic","tag":null},"geometry":{"type":"Point","coordinates":[-123.83313281679878,45.656327263121106]}},{"type":"Feature","properties":{"kind":"well","wl_id":245212,"log":"Water Well","use":"Domestic","tag":null},"geometry":{"type":"Point","coordinates":[-123.85379706397373,45.673065532145216]}},{"type":"Feature","properties":{"kind":"well","wl_id":245213,"log":"Water Well","use":"Domestic","tag":null},"geometry":{"type":"Point","coordinates":[-123.85420045048195,45.65764700101655]}},{"type":"Feature","properties":{"kind":"well","wl_id":245215,"log":"Water Well","use":"Domestic","tag":null},"geometry":{"type":"Point","coordinates":[-123.84747523489227,45.63636018039442]}},{"type":"Feature","properties":{"kind":"well","wl_id":245216,"log":"Water Well","use":"Domestic","tag":null},"geometry":{"type":"Point","coordinates":[-123.85459899640429,45.64215056050461]}},{"type":"Feature","properties":{"kind":"well","wl_id":245217,"log":"Water Well","use":"Domestic","tag":null},"geometry":{"type":"Point","coordinates":[-123.86214905771368,45.64007809954428]}},{"type":"Feature","properties":{"kind":"well","wl_id":245218,"log":"Water Well","use":"Domestic","tag":null},"geometry":{"type":"Point","coordinates":[-123.85459899640429,45.64215056050461]}},{"type":"Feature","properties":{"kind":"well","wl_id":245219,"log":"Water Well","use":"Domestic","tag":null},"geometry":{"type":"Point","coordinates":[-123.85459899640429,45.64215056050461]}},{"type":"Feature","properties":{"kind":"well","wl_id":245220,"log":"Water Well","use":"Domestic","tag":null},"geometry":{"type":"Point","coordinates":[-123.85459899640429,45.64215056050461]}},{"type":"Feature","properties":{"kind":"well","wl_id":245221,"log":"Water Well","use":"Domestic","tag":null},"geometry":{"type":"Point","coordinates":[-123.8521412972693,45.64790266062764]}},{"type":"Feature","properties":{"kind":"well","wl_id":245222,"log":"Water Well","use":"Domestic","tag":null},"geometry":{"type":"Point","coordinates":[-123.85239907412016,45.63266632970751]}},{"type":"Feature","properties":{"kind":"well","wl_id":245223,"log":"Water Well","use":"Domestic","tag":null},"geometry":{"type":"Point","coordinates":[-123.85497601347984,45.627301629347556]}},{"type":"Feature","properties":{"kind":"well","wl_id":245225,"log":"Water Well","use":"Domestic","tag":null},"geometry":{"type":"Point","coordinates":[-123.83316569257362,45.77610609905675]}},{"type":"Feature","properties":{"kind":"well","wl_id":245226,"log":"Water Well","use":"Domestic","tag":null},"geometry":{"type":"Point","coordinates":[-123.79935211097568,45.697386758588046]}},{"type":"Feature","properties":{"kind":"well","wl_id":245227,"log":"Water Well","use":"Domestic","tag":null},"geometry":{"type":"Point","coordinates":[-123.86224884494963,45.770243066349124]}},{"type":"Feature","properties":{"kind":"well","wl_id":245228,"log":"Water Well","use":"Domestic","tag":null},"geometry":{"type":"Point","coordinates":[-123.85154903586839,45.73364722533413]}},{"type":"Feature","properties":{"kind":"well","wl_id":245229,"log":"Water Well","use":"Domestic","tag":null},"geometry":{"type":"Point","coordinates":[-123.91875043306207,45.719933567713554]}},{"type":"Feature","properties":{"kind":"well","wl_id":245230,"log":"Water Well","use":"Domestic","tag":null},"geometry":{"type":"Point","coordinates":[-123.8508812303567,45.708336653950404]}},{"type":"Feature","properties":{"kind":"well","wl_id":245311,"log":"Water Well","use":"Domestic","tag":null},"geometry":{"type":"Point","coordinates":[-123.84057150070325,45.6674304427488]}},{"type":"Feature","properties":{"kind":"well","wl_id":245312,"log":"Water Well","use":"Community","tag":null},"geometry":{"type":"Point","coordinates":[-123.91879639417354,45.676671725443455]}},{"type":"Feature","properties":{"kind":"well","wl_id":245313,"log":"Water Well","use":"Other","tag":null},"geometry":{"type":"Point","coordinates":[-123.91879639417354,45.676671725443455]}},{"type":"Feature","properties":{"kind":"well","wl_id":245321,"log":"Water Well","use":"Community","tag":null},"geometry":{"type":"Point","coordinates":[-123.91874455478732,45.68027624566831]}},{"type":"Feature","properties":{"kind":"well","wl_id":245339,"log":"Water Well","use":"Domestic","tag":null},"geometry":{"type":"Point","coordinates":[-123.84055596751938,45.70472647490086]}},{"type":"Feature","properties":{"kind":"well","wl_id":245358,"log":"Water Well","use":"Domestic","tag":null},"geometry":{"type":"Point","coordinates":[-123.76803274710437,45.701442881967445]}},{"type":"Feature","properties":{"kind":"well","wl_id":245368,"log":"Water Well","use":"Domestic","tag":null},"geometry":{"type":"Point","coordinates":[-123.84635997344617,45.77425834826821]}},{"type":"Feature","properties":{"kind":"well","wl_id":245369,"log":"Water Well","use":"Domestic","tag":null},"geometry":{"type":"Point","coordinates":[-123.87551278530586,45.760963984183306]}},{"type":"Feature","properties":{"kind":"well","wl_id":245410,"log":"Water Well","use":"Domestic","tag":null},"geometry":{"type":"Point","coordinates":[-123.52180814556401,45.68131984639635]}},{"type":"Feature","properties":{"kind":"well","wl_id":245411,"log":"Water Well","use":"Domestic","tag":null},"geometry":{"type":"Point","coordinates":[-123.82045963205704,45.693267026273965]}},{"type":"Feature","properties":{"kind":"well","wl_id":245412,"log":"Water Well","use":"Domestic","tag":null},"geometry":{"type":"Point","coordinates":[-123.81516376192982,45.693187647142764]}},{"type":"Feature","properties":{"kind":"well","wl_id":245413,"log":"Water Well","use":"Domestic","tag":null},"geometry":{"type":"Point","coordinates":[-123.82045963205704,45.693267026273965]}},{"type":"Feature","properties":{"kind":"well","wl_id":245414,"log":"Water Well","use":"Domestic","tag":null},"geometry":{"type":"Point","coordinates":[-123.8324376433351,45.68713096504177]}},{"type":"Feature","properties":{"kind":"well","wl_id":245416,"log":"Water Well","use":"Domestic","tag":null},"geometry":{"type":"Point","coordinates":[-123.84033110273542,45.68221078366699]}},{"type":"Feature","properties":{"kind":"well","wl_id":245417,"log":"Water Well","use":"Domestic","tag":null},"geometry":{"type":"Point","coordinates":[-123.83304473961775,45.67149419410134]}},{"type":"Feature","properties":{"kind":"well","wl_id":245419,"log":"Water Well","use":"Domestic","tag":null},"geometry":{"type":"Point","coordinates":[-123.91591851625162,45.6893038662671]}},{"type":"Feature","properties":{"kind":"well","wl_id":245420,"log":"Water Well","use":"Domestic","tag":null},"geometry":{"type":"Point","coordinates":[-123.91591851625162,45.6893038662671]}},{"type":"Feature","properties":{"kind":"well","wl_id":245421,"log":"Water Well","use":"Other","tag":null},"geometry":{"type":"Point","coordinates":[-123.92392612403293,45.67659951460795]}},{"type":"Feature","properties":{"kind":"well","wl_id":245422,"log":"Water Well","use":"Other","tag":null},"geometry":{"type":"Point","coordinates":[-123.92389624473888,45.680216855150945]}},{"type":"Feature","properties":{"kind":"well","wl_id":245423,"log":"Water Well","use":"Domestic","tag":null},"geometry":{"type":"Point","coordinates":[-123.9162564726531,45.67493578575325]}},{"type":"Feature","properties":{"kind":"well","wl_id":245424,"log":"Water Well","use":"Domestic","tag":null},"geometry":{"type":"Point","coordinates":[-123.8879652677026,45.668216188323946]}},{"type":"Feature","properties":{"kind":"well","wl_id":245425,"log":"Water Well","use":"Domestic","tag":null},"geometry":{"type":"Point","coordinates":[-123.8879652677026,45.668216188323946]}},{"type":"Feature","properties":{"kind":"well","wl_id":245426,"log":"Water Well","use":"Domestic","tag":null},"geometry":{"type":"Point","coordinates":[-123.8929940496289,45.67639068779513]}},{"type":"Feature","properties":{"kind":"well","wl_id":245427,"log":"Water Well","use":"Domestic","tag":null},"geometry":{"type":"Point","coordinates":[-123.84686359785938,45.65204192159553]}},{"type":"Feature","properties":{"kind":"well","wl_id":245428,"log":"Water Well","use":"Domestic","tag":null},"geometry":{"type":"Point","coordinates":[-123.84686359785938,45.65204192159553]}},{"type":"Feature","properties":{"kind":"well","wl_id":245429,"log":"Water Well","use":"Domestic","tag":null},"geometry":{"type":"Point","coordinates":[-123.85420045048195,45.65764700101655]}},{"type":"Feature","properties":{"kind":"well","wl_id":245430,"log":"Water Well","use":"Domestic","tag":null},"geometry":{"type":"Point","coordinates":[-123.85420045048195,45.65764700101655]}},{"type":"Feature","properties":{"kind":"well","wl_id":245431,"log":"Water Well","use":"Domestic","tag":null},"geometry":{"type":"Point","coordinates":[-123.85420045048195,45.65764700101655]}},{"type":"Feature","properties":{"kind":"well","wl_id":245432,"log":"Water Well","use":"Domestic","tag":null},"geometry":{"type":"Point","coordinates":[-123.84686359785938,45.65204192159553]}},{"type":"Feature","properties":{"kind":"well","wl_id":245433,"log":"Water Well","use":"Domestic","tag":null},"geometry":{"type":"Point","coordinates":[-123.84686359785938,45.65204192159553]}},{"type":"Feature","properties":{"kind":"well","wl_id":245434,"log":"Water Well","use":"Domestic","tag":12398},"geometry":{"type":"Point","coordinates":[-123.84686359785938,45.65204192159553]}},{"type":"Feature","properties":{"kind":"well","wl_id":245435,"log":"Water Well","use":"Domestic","tag":null},"geometry":{"type":"Point","coordinates":[-123.84686359785938,45.65204192159553]}},{"type":"Feature","properties":{"kind":"well","wl_id":245436,"log":"Water Well","use":"Domestic","tag":null},"geometry":{"type":"Point","coordinates":[-123.9367283728229,45.660341822108066]}},{"type":"Feature","properties":{"kind":"well","wl_id":245437,"log":"Water Well","use":"Domestic","tag":null},"geometry":{"type":"Point","coordinates":[-123.85420045048195,45.65764700101655]}},{"type":"Feature","properties":{"kind":"well","wl_id":245438,"log":"Water Well","use":"Domestic","tag":138136},"geometry":{"type":"Point","coordinates":[-123.84087255911147,45.65952322244199]}},{"type":"Feature","properties":{"kind":"well","wl_id":245439,"log":"Water Well","use":"Domestic","tag":21148},"geometry":{"type":"Point","coordinates":[-123.85459899640429,45.64215056050461]}},{"type":"Feature","properties":{"kind":"well","wl_id":245440,"log":"Water Well","use":"Community","tag":null},"geometry":{"type":"Point","coordinates":[-123.93666869137203,45.65344628220601]}},{"type":"Feature","properties":{"kind":"well","wl_id":245441,"log":"Water Well","use":"Domestic","tag":null},"geometry":{"type":"Point","coordinates":[-123.9289471770249,45.64036317184674]}},{"type":"Feature","properties":{"kind":"well","wl_id":245442,"log":"Water Well","use":"Domestic","tag":null},"geometry":{"type":"Point","coordinates":[-123.9289471770249,45.64036317184674]}},{"type":"Feature","properties":{"kind":"well","wl_id":245443,"log":"Water Well","use":"Other","tag":null},"geometry":{"type":"Point","coordinates":[-123.93404298028253,45.65150238210483]}},{"type":"Feature","properties":{"kind":"well","wl_id":245444,"log":"Water Well","use":"Other","tag":null},"geometry":{"type":"Point","coordinates":[-123.92881397890483,45.64779712234579]}},{"type":"Feature","properties":{"kind":"well","wl_id":245445,"log":"Water Well","use":"Domestic","tag":null},"geometry":{"type":"Point","coordinates":[-123.85459899640429,45.64215056050461]}},{"type":"Feature","properties":{"kind":"well","wl_id":245446,"log":"Water Well","use":"Domestic","tag":null},"geometry":{"type":"Point","coordinates":[-123.85229001632591,45.640200589776185]}},{"type":"Feature","properties":{"kind":"well","wl_id":245447,"log":"Water Well","use":"Domestic","tag":null},"geometry":{"type":"Point","coordinates":[-123.85229001632591,45.640200589776185]}},{"type":"Feature","properties":{"kind":"well","wl_id":245448,"log":"Water Well","use":"Domestic","tag":null},"geometry":{"type":"Point","coordinates":[-123.85459899640429,45.64215056050461]}},{"type":"Feature","properties":{"kind":"well","wl_id":245449,"log":"Water Well","use":"Domestic","tag":null},"geometry":{"type":"Point","coordinates":[-123.85459899640429,45.64215056050461]}},{"type":"Feature","properties":{"kind":"well","wl_id":245450,"log":"Water Well","use":"Domestic","tag":null},"geometry":{"type":"Point","coordinates":[-123.85459899640429,45.64215056050461]}},{"type":"Feature","properties":{"kind":"well","wl_id":245451,"log":"Water Well","use":"Domestic","tag":null},"geometry":{"type":"Point","coordinates":[-123.85459899640429,45.64215056050461]}},{"type":"Feature","properties":{"kind":"well","wl_id":245452,"log":"Water Well","use":"Domestic","tag":null},"geometry":{"type":"Point","coordinates":[-123.85459899640429,45.64215056050461]}},{"type":"Feature","properties":{"kind":"well","wl_id":245453,"log":"Water Well","use":"Domestic","tag":36581},"geometry":{"type":"Point","coordinates":[-123.85459899640429,45.64215056050461]}},{"type":"Feature","properties":{"kind":"well","wl_id":245454,"log":"Water Well","use":"Domestic","tag":null},"geometry":{"type":"Point","coordinates":[-123.85459899640429,45.64215056050461]}},{"type":"Feature","properties":{"kind":"well","wl_id":245455,"log":"Water Well","use":"Domestic","tag":11065},"geometry":{"type":"Point","coordinates":[-123.85459899640429,45.64215056050461]}},{"type":"Feature","properties":{"kind":"well","wl_id":245456,"log":"Water Well","use":"Domestic","tag":null},"geometry":{"type":"Point","coordinates":[-123.85222796716424,45.64404739039511]}},{"type":"Feature","properties":{"kind":"well","wl_id":245457,"log":"Water Well","use":"Domestic","tag":null},"geometry":{"type":"Point","coordinates":[-123.8622065697592,45.64743813960783]}},{"type":"Feature","properties":{"kind":"well","wl_id":245458,"log":"Water Well","use":"Domestic","tag":null},"geometry":{"type":"Point","coordinates":[-123.85222796716424,45.64404739039511]}},{"type":"Feature","properties":{"kind":"well","wl_id":245459,"log":"Water Well","use":"Domestic","tag":null},"geometry":{"type":"Point","coordinates":[-123.85459899640429,45.64215056050461]}},{"type":"Feature","properties":{"kind":"well","wl_id":245460,"log":"Water Well","use":"Domestic","tag":null},"geometry":{"type":"Point","coordinates":[-123.85459899640429,45.64215056050461]}},{"type":"Feature","properties":{"kind":"well","wl_id":245461,"log":"Water Well","use":"Domestic","tag":null},"geometry":{"type":"Point","coordinates":[-123.85459899640429,45.64215056050461]}},{"type":"Feature","properties":{"kind":"well","wl_id":245462,"log":"Water Well","use":"Domestic","tag":null},"geometry":{"type":"Point","coordinates":[-123.85459899640429,45.64215056050461]}},{"type":"Feature","properties":{"kind":"well","wl_id":245463,"log":"Water Well","use":"Domestic","tag":null},"geometry":{"type":"Point","coordinates":[-123.85459899640429,45.64215056050461]}},{"type":"Feature","properties":{"kind":"well","wl_id":245464,"log":"Water Well","use":"Domestic","tag":null},"geometry":{"type":"Point","coordinates":[-123.84736493508505,45.64027476104979]}},{"type":"Feature","properties":{"kind":"well","wl_id":245465,"log":"Water Well","use":"Domestic","tag":null},"geometry":{"type":"Point","coordinates":[-123.85459899640429,45.64215056050461]}},{"type":"Feature","properties":{"kind":"well","wl_id":245466,"log":"Water Well","use":"Domestic","tag":null},"geometry":{"type":"Point","coordinates":[-123.85459899640429,45.64215056050461]}},{"type":"Feature","properties":{"kind":"well","wl_id":245467,"log":"Water Well","use":"Domestic","tag":null},"geometry":{"type":"Point","coordinates":[-123.85459899640429,45.64215056050461]}},{"type":"Feature","properties":{"kind":"well","wl_id":245468,"log":"Water Well","use":"Domestic","tag":null},"geometry":{"type":"Point","coordinates":[-123.85459899640429,45.64215056050461]}},{"type":"Feature","properties":{"kind":"well","wl_id":245469,"log":"Water Well","use":"Domestic","tag":null},"geometry":{"type":"Point","coordinates":[-123.85459899640429,45.64215056050461]}},{"type":"Feature","properties":{"kind":"well","wl_id":245470,"log":"Water Well","use":"Domestic","tag":null},"geometry":{"type":"Point","coordinates":[-123.85459899640429,45.64215056050461]}},{"type":"Feature","properties":{"kind":"well","wl_id":245471,"log":"Water Well","use":"Domestic","tag":null},"geometry":{"type":"Point","coordinates":[-123.85459899640429,45.64215056050461]}},{"type":"Feature","properties":{"kind":"well","wl_id":245472,"log":"Water Well","use":"Domestic","tag":null},"geometry":{"type":"Point","coordinates":[-123.85459899640429,45.64215056050461]}},{"type":"Feature","properties":{"kind":"well","wl_id":245473,"log":"Water Well","use":"Domestic","tag":59741},"geometry":{"type":"Point","coordinates":[-123.85459899640429,45.64215056050461]}},{"type":"Feature","properties":{"kind":"well","wl_id":245474,"log":"Water Well","use":"Domestic","tag":null},"geometry":{"type":"Point","coordinates":[-123.85459899640429,45.64215056050461]}},{"type":"Feature","properties":{"kind":"well","wl_id":245475,"log":"Water Well","use":"Domestic","tag":null},"geometry":{"type":"Point","coordinates":[-123.85459899640429,45.64215056050461]}},{"type":"Feature","properties":{"kind":"well","wl_id":245476,"log":"Water Well","use":"Domestic","tag":null},"geometry":{"type":"Point","coordinates":[-123.85459899640429,45.64215056050461]}},{"type":"Feature","properties":{"kind":"well","wl_id":245477,"log":"Water Well","use":"Domestic","tag":null},"geometry":{"type":"Point","coordinates":[-123.85459899640429,45.64215056050461]}},{"type":"Feature","properties":{"kind":"well","wl_id":245478,"log":"Water Well","use":"Domestic","tag":83090},"geometry":{"type":"Point","coordinates":[-123.85459899640429,45.64215056050461]}},{"type":"Feature","properties":{"kind":"well","wl_id":245479,"log":"Water Well","use":"Domestic","tag":null},"geometry":{"type":"Point","coordinates":[-123.85459899640429,45.64215056050461]}},{"type":"Feature","properties":{"kind":"well","wl_id":245480,"log":"Water Well","use":"Domestic","tag":null},"geometry":{"type":"Point","coordinates":[-123.85459899640429,45.64215056050461]}},{"type":"Feature","properties":{"kind":"well","wl_id":245481,"log":"Water Well","use":"Domestic","tag":59539},"geometry":{"type":"Point","coordinates":[-123.8521412972693,45.64790266062764]}},{"type":"Feature","properties":{"kind":"well","wl_id":245482,"log":"Water Well","use":"Domestic","tag":null},"geometry":{"type":"Point","coordinates":[-123.85222796716424,45.64404739039511]}},{"type":"Feature","properties":{"kind":"well","wl_id":245483,"log":"Water Well","use":"Domestic","tag":null},"geometry":{"type":"Point","coordinates":[-123.8622065697592,45.64743813960783]}},{"type":"Feature","properties":{"kind":"well","wl_id":245484,"log":"Water Well","use":"Domestic","tag":null},"geometry":{"type":"Point","coordinates":[-123.85229001632591,45.640200589776185]}},{"type":"Feature","properties":{"kind":"well","wl_id":245485,"log":"Water Well","use":"Domestic","tag":null},"geometry":{"type":"Point","coordinates":[-123.85229001632591,45.640200589776185]}},{"type":"Feature","properties":{"kind":"well","wl_id":245489,"log":"Water Well","use":"Domestic","tag":null},"geometry":{"type":"Point","coordinates":[-123.85497601347984,45.627301629347556]}},{"type":"Feature","properties":{"kind":"well","wl_id":245490,"log":"Water Well","use":"Domestic","tag":null},"geometry":{"type":"Point","coordinates":[-123.85497601347984,45.627301629347556]}},{"type":"Feature","properties":{"kind":"well","wl_id":245498,"log":"Water Well","use":"Other","tag":null},"geometry":{"type":"Point","coordinates":[-123.85497601347984,45.627301629347556]}},{"type":"Feature","properties":{"kind":"well","wl_id":245499,"log":"Water Well","use":"Domestic","tag":null},"geometry":{"type":"Point","coordinates":[-123.85497601347984,45.627301629347556]}},{"type":"Feature","properties":{"kind":"well","wl_id":245505,"log":"Water Well","use":"Domestic","tag":null},"geometry":{"type":"Point","coordinates":[-123.83316569257362,45.77610609905675]}},{"type":"Feature","properties":{"kind":"well","wl_id":245506,"log":"Water Well","use":"Domestic","tag":null},"geometry":{"type":"Point","coordinates":[-123.8408566740875,45.7816828588336]}},{"type":"Feature","properties":{"kind":"well","wl_id":245507,"log":"Water Well","use":"Domestic","tag":null},"geometry":{"type":"Point","coordinates":[-123.84095921412026,45.77801861836534]}},{"type":"Feature","properties":{"kind":"well","wl_id":245508,"log":"Water Well","use":"Domestic","tag":null},"geometry":{"type":"Point","coordinates":[-123.8410771333037,45.77434479834363]}},{"type":"Feature","properties":{"kind":"well","wl_id":245509,"log":"Water Well","use":"Domestic","tag":null},"geometry":{"type":"Point","coordinates":[-123.83336273923288,45.76123531894824]}},{"type":"Feature","properties":{"kind":"well","wl_id":245510,"log":"Water Well","use":"Domestic","tag":null},"geometry":{"type":"Point","coordinates":[-123.79965888413696,45.7629043221598]}},{"type":"Feature","properties":{"kind":"well","wl_id":245511,"log":"Water Well","use":"Domestic","tag":null},"geometry":{"type":"Point","coordinates":[-123.83556774516136,45.74428211719116]}},{"type":"Feature","properties":{"kind":"well","wl_id":245512,"log":"Water Well","use":"Domestic","tag":null},"geometry":{"type":"Point","coordinates":[-123.83556774516136,45.74428211719116]}},{"type":"Feature","properties":{"kind":"well","wl_id":245513,"log":"Water Well","use":"Domestic","tag":null},"geometry":{"type":"Point","coordinates":[-123.82512632540974,45.75181121926906]}},{"type":"Feature","properties":{"kind":"well","wl_id":245514,"log":"Water Well","use":"Other","tag":null},"geometry":{"type":"Point","coordinates":[-123.77202747290904,45.72940040346575]}},{"type":"Feature","properties":{"kind":"well","wl_id":245515,"log":"Water Well","use":"Domestic","tag":null},"geometry":{"type":"Point","coordinates":[-123.76715299957017,45.71546377307516]}},{"type":"Feature","properties":{"kind":"well","wl_id":245516,"log":"Water Well","use":"Domestic","tag":null},"geometry":{"type":"Point","coordinates":[-123.83034384543598,45.7009552554548]}},{"type":"Feature","properties":{"kind":"well","wl_id":245517,"log":"Water Well","use":"Domestic","tag":null},"geometry":{"type":"Point","coordinates":[-123.79935211097568,45.697386758588046]}},{"type":"Feature","properties":{"kind":"well","wl_id":245518,"log":"Water Well","use":"Domestic","tag":null},"geometry":{"type":"Point","coordinates":[-123.79935211097568,45.697386758588046]}},{"type":"Feature","properties":{"kind":"well","wl_id":245519,"log":"Water Well","use":"Domestic","tag":null},"geometry":{"type":"Point","coordinates":[-123.76814349539706,45.69785054222274]}},{"type":"Feature","properties":{"kind":"well","wl_id":245520,"log":"Water Well","use":"Domestic","tag":null},"geometry":{"type":"Point","coordinates":[-123.757686865214,45.7014680633738]}},{"type":"Feature","properties":{"kind":"well","wl_id":245521,"log":"Water Well","use":"Domestic","tag":null},"geometry":{"type":"Point","coordinates":[-123.85163995426574,45.77411584752541]}},{"type":"Feature","properties":{"kind":"well","wl_id":245522,"log":"Water Well","use":"Domestic","tag":null},"geometry":{"type":"Point","coordinates":[-123.854208604897,45.77588795727851]}},{"type":"Feature","properties":{"kind":"well","wl_id":245523,"log":"Water Well","use":"Domestic","tag":null},"geometry":{"type":"Point","coordinates":[-123.85143720657716,45.78140198735566]}},{"type":"Feature","properties":{"kind":"well","wl_id":245524,"log":"Water Well","use":"Domestic","tag":null},"geometry":{"type":"Point","coordinates":[-123.8517279842678,45.77048126676821]}},{"type":"Feature","properties":{"kind":"well","wl_id":245526,"log":"Water Well","use":"Domestic","tag":null},"geometry":{"type":"Point","coordinates":[-123.84623337701714,45.740922716508464]}},{"type":"Feature","properties":{"kind":"well","wl_id":245527,"log":"Water Well","use":"Domestic","tag":null},"geometry":{"type":"Point","coordinates":[-123.85714237836143,45.74082572478189]}},{"type":"Feature","properties":{"kind":"well","wl_id":245528,"log":"Water Well","use":"Other","tag":null},"geometry":{"type":"Point","coordinates":[-123.84623337701714,45.740922716508464]}},{"type":"Feature","properties":{"kind":"well","wl_id":245529,"log":"Water Well","use":"Domestic","tag":null},"geometry":{"type":"Point","coordinates":[-123.87313601258468,45.74812146406944]}},{"type":"Feature","properties":{"kind":"well","wl_id":245536,"log":"Water Well","use":"Domestic","tag":null},"geometry":{"type":"Point","coordinates":[-123.89316209080866,45.72700193087866]}},{"type":"Feature","properties":{"kind":"well","wl_id":245537,"log":"Water Well","use":"Domestic","tag":null},"geometry":{"type":"Point","coordinates":[-123.85154903586839,45.73364722533413]}},{"type":"Feature","properties":{"kind":"well","wl_id":245538,"log":"Water Well","use":"Domestic","tag":null},"geometry":{"type":"Point","coordinates":[-123.85154903586839,45.73364722533413]}},{"type":"Feature","properties":{"kind":"well","wl_id":245539,"log":"Water Well","use":"Domestic","tag":null},"geometry":{"type":"Point","coordinates":[-123.85154903586839,45.73364722533413]}},{"type":"Feature","properties":{"kind":"well","wl_id":245540,"log":"Water Well","use":"Domestic","tag":null},"geometry":{"type":"Point","coordinates":[-123.85162627666575,45.73725317521039]}},{"type":"Feature","properties":{"kind":"well","wl_id":245541,"log":"Water Well","use":"Domestic","tag":null},"geometry":{"type":"Point","coordinates":[-123.851384283754,45.7264485348514]}},{"type":"Feature","properties":{"kind":"well","wl_id":245542,"log":"Water Well","use":"Domestic","tag":24784},"geometry":{"type":"Point","coordinates":[-123.8570717072804,45.737204605224264]}},{"type":"Feature","properties":{"kind":"well","wl_id":245543,"log":"Water Well","use":"Domestic","tag":30496},"geometry":{"type":"Point","coordinates":[-123.8570717072804,45.737204605224264]}},{"type":"Feature","properties":{"kind":"well","wl_id":245544,"log":"Water Well","use":"Domestic","tag":null},"geometry":{"type":"Point","coordinates":[-123.85661864456132,45.722783654020645]}},{"type":"Feature","properties":{"kind":"well","wl_id":245545,"log":"Water Well","use":"Domestic","tag":null},"geometry":{"type":"Point","coordinates":[-123.85117465263846,45.719196604279304]}},{"type":"Feature","properties":{"kind":"well","wl_id":245546,"log":"Water Well","use":"Domestic","tag":null},"geometry":{"type":"Point","coordinates":[-123.91360051336214,45.72351904790748]}},{"type":"Feature","properties":{"kind":"well","wl_id":245547,"log":"Water Well","use":"Domestic","tag":148726},"geometry":{"type":"Point","coordinates":[-123.92062871327876,45.721850347836245]}},{"type":"Feature","properties":{"kind":"well","wl_id":245548,"log":"Water Well","use":"Domestic","tag":null},"geometry":{"type":"Point","coordinates":[-123.92379391398838,45.71996137736528]}},{"type":"Feature","properties":{"kind":"well","wl_id":245551,"log":"Water Well","use":"Domestic","tag":null},"geometry":{"type":"Point","coordinates":[-123.93645063238493,45.703782995164815]}},{"type":"Feature","properties":{"kind":"well","wl_id":245552,"log":"Water Well","use":"Domestic","tag":null},"geometry":{"type":"Point","coordinates":[-123.8766604624688,45.70129711122843]}},{"type":"Feature","properties":{"kind":"well","wl_id":245553,"log":"Water Well","use":"Domestic","tag":null},"geometry":{"type":"Point","coordinates":[-123.8508812303567,45.708336653950404]}},{"type":"Feature","properties":{"kind":"well","wl_id":245554,"log":"Water Well","use":"Domestic","tag":null},"geometry":{"type":"Point","coordinates":[-123.8455643972255,45.69757818389617]}},{"type":"Feature","properties":{"kind":"well","wl_id":245555,"log":"Water Well","use":"Domestic","tag":51540},"geometry":{"type":"Point","coordinates":[-123.85083528926877,45.70477735352086]}},{"type":"Feature","properties":{"kind":"well","wl_id":246184,"log":"Water Well","use":"Community","tag":null},"geometry":{"type":"Point","coordinates":[-123.93666869137203,45.65344628220601]}},{"type":"Feature","properties":{"kind":"well","wl_id":246185,"log":"Water Well","use":"Domestic","tag":null},"geometry":{"type":"Point","coordinates":[-123.9289471770249,45.64036317184674]}},{"type":"Feature","properties":{"kind":"well","wl_id":246187,"log":"Water Well","use":"Domestic","tag":83091},"geometry":{"type":"Point","coordinates":[-123.87722163765652,45.67956280969394]}},{"type":"Feature","properties":{"kind":"well","wl_id":246197,"log":"Water Well","use":"Domestic","tag":null},"geometry":{"type":"Point","coordinates":[-123.86791582037964,45.744423653802244]}},{"type":"Feature","properties":{"kind":"well","wl_id":246215,"log":"Water Well","use":"Domestic","tag":null},"geometry":{"type":"Point","coordinates":[-123.84724440689892,45.64420284106002]}},{"type":"Feature","properties":{"kind":"well","wl_id":246216,"log":"Water Well","use":"Domestic","tag":null},"geometry":{"type":"Point","coordinates":[-123.8622065697592,45.64743813960783]}},{"type":"Feature","properties":{"kind":"well","wl_id":246222,"log":"Water Well","use":"Domestic","tag":null},"geometry":{"type":"Point","coordinates":[-123.8517279842678,45.77048126676821]}},{"type":"Feature","properties":{"kind":"well","wl_id":246223,"log":"Water Well","use":"Domestic","tag":null},"geometry":{"type":"Point","coordinates":[-123.8517279842678,45.77048126676821]}},{"type":"Feature","properties":{"kind":"well","wl_id":246224,"log":"Water Well","use":"Domestic","tag":null},"geometry":{"type":"Point","coordinates":[-123.84635997344617,45.77425834826821]}},{"type":"Feature","properties":{"kind":"well","wl_id":246226,"log":"Water Well","use":"Domestic","tag":null},"geometry":{"type":"Point","coordinates":[-123.8517279842678,45.77048126676821]}},{"type":"Feature","properties":{"kind":"well","wl_id":246227,"log":"Water Well","use":"Domestic","tag":null},"geometry":{"type":"Point","coordinates":[-123.8517279842678,45.77048126676821]}},{"type":"Feature","properties":{"kind":"well","wl_id":246236,"log":"Water Well","use":"Domestic","tag":null},"geometry":{"type":"Point","coordinates":[-123.85717871847727,45.64767670025863]}},{"type":"Feature","properties":{"kind":"well","wl_id":246241,"log":"Water Well","use":"Domestic","tag":null},"geometry":{"type":"Point","coordinates":[-123.84649524895444,45.655936891445556]}},{"type":"Feature","properties":{"kind":"well","wl_id":246285,"log":"Water Well","use":"Domestic","tag":null},"geometry":{"type":"Point","coordinates":[-123.84747523489227,45.63636018039442]}},{"type":"Feature","properties":{"kind":"well","wl_id":246308,"log":"Water Well","use":"Domestic","tag":null},"geometry":{"type":"Point","coordinates":[-123.91854414619317,45.68747946610564]}},{"type":"Feature","properties":{"kind":"well","wl_id":246309,"log":"Water Well","use":"Domestic","tag":null},"geometry":{"type":"Point","coordinates":[-123.92389624473888,45.680216855150945]}},{"type":"Feature","properties":{"kind":"well","wl_id":246320,"log":"Water Well","use":"Domestic","tag":null},"geometry":{"type":"Point","coordinates":[-123.854208604897,45.77588795727851]}},{"type":"Feature","properties":{"kind":"well","wl_id":246321,"log":"Water Well","use":"Domestic","tag":null},"geometry":{"type":"Point","coordinates":[-123.84624767475844,45.77792299794766]}},{"type":"Feature","properties":{"kind":"well","wl_id":246330,"log":"Water Well","use":"Domestic","tag":null},"geometry":{"type":"Point","coordinates":[-123.86214905771368,45.64007809954428]}},{"type":"Feature","properties":{"kind":"well","wl_id":246331,"log":"Water Well","use":"Domestic","tag":null},"geometry":{"type":"Point","coordinates":[-123.8517279842678,45.77048126676821]}},{"type":"Feature","properties":{"kind":"well","wl_id":246361,"log":"Water Well","use":"Domestic","tag":null},"geometry":{"type":"Point","coordinates":[-123.86629763238236,45.70828510226245]}},{"type":"Feature","properties":{"kind":"well","wl_id":246362,"log":"Water Well","use":"Domestic","tag":null},"geometry":{"type":"Point","coordinates":[-123.86629763238236,45.70828510226245]}},{"type":"Feature","properties":{"kind":"well","wl_id":246373,"log":"Water Well","use":"Domestic","tag":null},"geometry":{"type":"Point","coordinates":[-123.80985732152925,45.69314705779058]}},{"type":"Feature","properties":{"kind":"well","wl_id":246377,"log":"Water Well","use":"Domestic","tag":null},"geometry":{"type":"Point","coordinates":[-123.87153859263962,45.70481549123372]}},{"type":"Feature","properties":{"kind":"well","wl_id":246378,"log":"Water Well","use":"Domestic","tag":null},"geometry":{"type":"Point","coordinates":[-123.87153859263962,45.70481549123372]}},{"type":"Feature","properties":{"kind":"well","wl_id":246382,"log":"Water Well","use":"Domestic","tag":null},"geometry":{"type":"Point","coordinates":[-123.87153859263962,45.70481549123372]}},{"type":"Feature","properties":{"kind":"well","wl_id":246383,"log":"Water Well","use":"Domestic","tag":null},"geometry":{"type":"Point","coordinates":[-123.87153859263962,45.70481549123372]}},{"type":"Feature","properties":{"kind":"well","wl_id":246385,"log":"Water Well","use":"Domestic","tag":null},"geometry":{"type":"Point","coordinates":[-123.84635997344617,45.77425834826821]}},{"type":"Feature","properties":{"kind":"well","wl_id":246396,"log":"Water Well","use":"Domestic","tag":null},"geometry":{"type":"Point","coordinates":[-123.84635997344617,45.77425834826821]}},{"type":"Feature","properties":{"kind":"well","wl_id":246417,"log":"Water Well","use":"Domestic","tag":36663},"geometry":{"type":"Point","coordinates":[-123.86629763238236,45.70828510226245]}},{"type":"Feature","properties":{"kind":"well","wl_id":246421,"log":"Water Well","use":"Other","tag":null},"geometry":{"type":"Point","coordinates":[-123.81225924018769,45.68596385673467]}},{"type":"Feature","properties":{"kind":"well","wl_id":246441,"log":"Water Well","use":"Domestic","tag":null},"geometry":{"type":"Point","coordinates":[-123.92379391398838,45.71996137736528]}},{"type":"Feature","properties":{"kind":"well","wl_id":246442,"log":"Water Well","use":"Domestic","tag":null},"geometry":{"type":"Point","coordinates":[-123.83534151228702,45.68131883410829]}},{"type":"Feature","properties":{"kind":"well","wl_id":246451,"log":"Water Well","use":"Domestic","tag":null},"geometry":{"type":"Point","coordinates":[-123.78884500961155,45.70116095962435]}},{"type":"Feature","properties":{"kind":"well","wl_id":246452,"log":"Water Well","use":"Domestic","tag":null},"geometry":{"type":"Point","coordinates":[-123.8621640771251,45.7774615460311]}},{"type":"Feature","properties":{"kind":"well","wl_id":246459,"log":"Water Well","use":"Domestic","tag":null},"geometry":{"type":"Point","coordinates":[-123.85596000045692,45.70474969366443]}},{"type":"Feature","properties":{"kind":"well","wl_id":246465,"log":"Water Well","use":"Domestic","tag":null},"geometry":{"type":"Point","coordinates":[-123.88864707712453,45.759155753034044]}},{"type":"Feature","properties":{"kind":"well","wl_id":246476,"log":"Water Well","use":"Domestic","tag":null},"geometry":{"type":"Point","coordinates":[-123.8887558908961,45.781227083641944]}},{"type":"Feature","properties":{"kind":"well","wl_id":246478,"log":"Water Well","use":"Domestic","tag":null},"geometry":{"type":"Point","coordinates":[-123.84612027531291,45.7815897583513]}},{"type":"Feature","properties":{"kind":"well","wl_id":246481,"log":"Water Well","use":"Domestic","tag":null},"geometry":{"type":"Point","coordinates":[-123.84617163552379,45.73729528584507]}},{"type":"Feature","properties":{"kind":"well","wl_id":246488,"log":"Water Well","use":"Domestic","tag":null},"geometry":{"type":"Point","coordinates":[-123.86214905771368,45.64007809954428]}},{"type":"Feature","properties":{"kind":"well","wl_id":246489,"log":"Water Well","use":"Domestic","tag":118427},"geometry":{"type":"Point","coordinates":[-123.86793712193311,45.75169058445652]}},{"type":"Feature","properties":{"kind":"well","wl_id":246491,"log":"Water Well","use":"Domestic","tag":null},"geometry":{"type":"Point","coordinates":[-123.8461170354814,45.73369949573662]}},{"type":"Feature","properties":{"kind":"well","wl_id":246492,"log":"Water Well","use":"Domestic","tag":null},"geometry":{"type":"Point","coordinates":[-123.85707270967984,45.65153028065449]}},{"type":"Feature","properties":{"kind":"well","wl_id":246493,"log":"Water Well","use":"Domestic","tag":null},"geometry":{"type":"Point","coordinates":[-123.84093385610349,45.74450858651602]}},{"type":"Feature","properties":{"kind":"well","wl_id":246498,"log":"Water Well","use":"Domestic","tag":null},"geometry":{"type":"Point","coordinates":[-123.84612027531291,45.7815897583513]}},{"type":"Feature","properties":{"kind":"well","wl_id":246500,"log":"Water Well","use":"Domestic","tag":null},"geometry":{"type":"Point","coordinates":[-123.84635997344617,45.77425834826821]}},{"type":"Feature","properties":{"kind":"well","wl_id":246501,"log":"Water Well","use":"Domestic","tag":null},"geometry":{"type":"Point","coordinates":[-123.84635997344617,45.77425834826821]}},{"type":"Feature","properties":{"kind":"well","wl_id":246502,"log":"Water Well","use":"Domestic","tag":null},"geometry":{"type":"Point","coordinates":[-123.84635997344617,45.77425834826821]}},{"type":"Feature","properties":{"kind":"well","wl_id":246504,"log":"Water Well","use":"Domestic","tag":null},"geometry":{"type":"Point","coordinates":[-123.79935211097568,45.697386758588046]}},{"type":"Feature","properties":{"kind":"well","wl_id":246505,"log":"Water Well","use":"Domestic","tag":null},"geometry":{"type":"Point","coordinates":[-123.8559773117383,45.708287133409065]}},{"type":"Feature","properties":{"kind":"well","wl_id":246509,"log":"Water Well","use":"Domestic","tag":null},"geometry":{"type":"Point","coordinates":[-123.8570717072804,45.737204605224264]}},{"type":"Feature","properties":{"kind":"well","wl_id":246516,"log":"Water Well","use":"Domestic","tag":null},"geometry":{"type":"Point","coordinates":[-123.85643591318845,45.719144603814854]}},{"type":"Feature","properties":{"kind":"well","wl_id":246518,"log":"Water Well","use":"Domestic","tag":null},"geometry":{"type":"Point","coordinates":[-123.82551784960766,45.77049402960224]}},{"type":"Feature","properties":{"kind":"well","wl_id":246520,"log":"Water Well","use":"Domestic","tag":null},"geometry":{"type":"Point","coordinates":[-123.92380440701673,45.687468764907486]}},{"type":"Feature","properties":{"kind":"well","wl_id":246521,"log":"Water Well","use":"Domestic","tag":null},"geometry":{"type":"Point","coordinates":[-123.84612027531291,45.7815897583513]}},{"type":"Feature","properties":{"kind":"well","wl_id":246523,"log":"Water Well","use":"Domestic","tag":null},"geometry":{"type":"Point","coordinates":[-123.83572415685708,45.74809674783425]}},{"type":"Feature","properties":{"kind":"well","wl_id":246524,"log":"Water Well","use":"Domestic","tag":null},"geometry":{"type":"Point","coordinates":[-123.85607259186541,45.71187207368229]}},{"type":"Feature","properties":{"kind":"well","wl_id":246525,"log":"Water Well","use":"Domestic","tag":null},"geometry":{"type":"Point","coordinates":[-123.85607259186541,45.71187207368229]}},{"type":"Feature","properties":{"kind":"well","wl_id":246544,"log":"Water Well","use":"Domestic","tag":null},"geometry":{"type":"Point","coordinates":[-123.83572415685708,45.74809674783425]}},{"type":"Feature","properties":{"kind":"well","wl_id":246546,"log":"Water Well","use":"Domestic","tag":null},"geometry":{"type":"Point","coordinates":[-123.84617163552379,45.73729528584507]}},{"type":"Feature","properties":{"kind":"well","wl_id":246555,"log":"Water Well","use":"Domestic","tag":null},"geometry":{"type":"Point","coordinates":[-123.83599315114549,45.770619809187274]}},{"type":"Feature","properties":{"kind":"well","wl_id":246558,"log":"Water Well","use":"Community","tag":null},"geometry":{"type":"Point","coordinates":[-123.92392992254382,45.66936892424616]}},{"type":"Feature","properties":{"kind":"well","wl_id":246600,"log":"Water Well","use":"Domestic","tag":1424},"geometry":{"type":"Point","coordinates":[-123.85698046712834,45.73360117501347]}},{"type":"Feature","properties":{"kind":"well","wl_id":246602,"log":"Water Well","use":"Domestic","tag":1428},"geometry":{"type":"Point","coordinates":[-123.85698046712834,45.73360117501347]}},{"type":"Feature","properties":{"kind":"well","wl_id":246603,"log":"Water Well","use":"Domestic","tag":1427},"geometry":{"type":"Point","coordinates":[-123.85698046712834,45.73360117501347]}},{"type":"Feature","properties":{"kind":"well","wl_id":246604,"log":"Water Well","use":"Domestic","tag":2585},"geometry":{"type":"Point","coordinates":[-123.88336582737446,45.766383683931636]}},{"type":"Feature","properties":{"kind":"well","wl_id":246605,"log":"Water Well","use":"Domestic","tag":null},"geometry":{"type":"Point","coordinates":[-123.85698046712834,45.73360117501347]}},{"type":"Feature","properties":{"kind":"well","wl_id":246608,"log":"Water Well","use":"Domestic","tag":2592},"geometry":{"type":"Point","coordinates":[-123.84611166896306,45.65982585154103]}},{"type":"Feature","properties":{"kind":"well","wl_id":246617,"log":"Water Well","use":"Community","tag":1906},"geometry":{"type":"Point","coordinates":[-123.81447441176456,45.69263059680571]}},{"type":"Feature","properties":{"kind":"well","wl_id":246619,"log":"Water Well","use":"Community","tag":null},"geometry":{"type":"Point","coordinates":[-123.81322448194084,45.6931827567039]}},{"type":"Feature","properties":{"kind":"well","wl_id":246643,"log":"Water Well","use":"Domestic","tag":2599},"geometry":{"type":"Point","coordinates":[-123.8622065697592,45.64743813960783]}},{"type":"Feature","properties":{"kind":"well","wl_id":246668,"log":"Water Well","use":"Domestic","tag":9486},"geometry":{"type":"Point","coordinates":[-123.83572727343028,45.778016469394196]}},{"type":"Feature","properties":{"kind":"well","wl_id":246675,"log":"Water Well","use":"Domestic","tag":2805},"geometry":{"type":"Point","coordinates":[-123.84611166896306,45.65982585154103]}},{"type":"Feature","properties":{"kind":"well","wl_id":246679,"log":"Water Well","use":"Domestic","tag":null},"geometry":{"type":"Point","coordinates":[-123.90839386356467,45.68040107661331]}},{"type":"Feature","properties":{"kind":"well","wl_id":246694,"log":"Water Well","use":"Domestic","tag":16124},"geometry":{"type":"Point","coordinates":[-123.84686359785938,45.65204192159553]}},{"type":"Feature","properties":{"kind":"well","wl_id":246695,"log":"Water Well","use":"Domestic","tag":16127},"geometry":{"type":"Point","coordinates":[-123.85166513949338,45.65569205119845]}},{"type":"Feature","properties":{"kind":"well","wl_id":246785,"log":"Water Well","use":"Unknown","tag":null},"geometry":{"type":"Point","coordinates":[-123.84686359785938,45.65204192159553]}},{"type":"Feature","properties":{"kind":"well","wl_id":246793,"log":"Water Well","use":"Unknown","tag":937},"geometry":{"type":"Point","coordinates":[-123.85420045048195,45.65764700101655]}},{"type":"Feature","properties":{"kind":"well","wl_id":246805,"log":"Water Well","use":"Domestic","tag":null},"geometry":{"type":"Point","coordinates":[-123.8508812303567,45.708336653950404]}},{"type":"Feature","properties":{"kind":"well","wl_id":246818,"log":"Water Well","use":"Domestic","tag":18243},"geometry":{"type":"Point","coordinates":[-123.85166513949338,45.65569205119845]}},{"type":"Feature","properties":{"kind":"well","wl_id":246819,"log":"Water Well","use":"Domestic","tag":18242},"geometry":{"type":"Point","coordinates":[-123.8508812303567,45.708336653950404]}},{"type":"Feature","properties":{"kind":"well","wl_id":246882,"log":"Water Well","use":"Domestic","tag":23617},"geometry":{"type":"Point","coordinates":[-123.84611166896306,45.65982585154103]}},{"type":"Feature","properties":{"kind":"well","wl_id":246911,"log":"Water Well","use":"Domestic","tag":null},"geometry":{"type":"Point","coordinates":[-123.8408566740875,45.7816828588336]}},{"type":"Feature","properties":{"kind":"well","wl_id":246912,"log":"Water Well","use":"Domestic","tag":23625},"geometry":{"type":"Point","coordinates":[-123.8408566740875,45.7816828588336]}},{"type":"Feature","properties":{"kind":"well","wl_id":246916,"log":"Water Well","use":"Domestic","tag":23624},"geometry":{"type":"Point","coordinates":[-123.85707270967984,45.65153028065449]}},{"type":"Feature","properties":{"kind":"well","wl_id":246961,"log":"Water Well","use":"Domestic","tag":25360},"geometry":{"type":"Point","coordinates":[-123.84611166896306,45.65982585154103]}},{"type":"Feature","properties":{"kind":"well","wl_id":246962,"log":"Water Well","use":"Domestic","tag":25361},"geometry":{"type":"Point","coordinates":[-123.84611166896306,45.65982585154103]}},{"type":"Feature","properties":{"kind":"well","wl_id":246976,"log":"Water Well","use":"Domestic","tag":27472},"geometry":{"type":"Point","coordinates":[-123.85222796716424,45.64404739039511]}},{"type":"Feature","properties":{"kind":"well","wl_id":246995,"log":"Water Well","use":"Domestic","tag":27706},"geometry":{"type":"Point","coordinates":[-123.84033110273542,45.68221078366699]}},{"type":"Feature","properties":{"kind":"well","wl_id":247050,"log":"Water Well","use":"Domestic","tag":21739},"geometry":{"type":"Point","coordinates":[-123.93944346031704,45.64426158163923]}},{"type":"Feature","properties":{"kind":"well","wl_id":247079,"log":"Water Well","use":"Domestic","tag":30295},"geometry":{"type":"Point","coordinates":[-123.84649524895444,45.655936891445556]}},{"type":"Feature","properties":{"kind":"well","wl_id":247080,"log":"Water Well","use":"Domestic","tag":30296},"geometry":{"type":"Point","coordinates":[-123.84649524895444,45.655936891445556]}},{"type":"Feature","properties":{"kind":"well","wl_id":247111,"log":"Water Well","use":"Domestic","tag":30278},"geometry":{"type":"Point","coordinates":[-123.93944346031704,45.64426158163923]}},{"type":"Feature","properties":{"kind":"well","wl_id":247124,"log":"Water Well","use":"Domestic","tag":32984},"geometry":{"type":"Point","coordinates":[-123.85724377039698,45.75175683550788]}},{"type":"Feature","properties":{"kind":"well","wl_id":247126,"log":"Water Well","use":"Domestic","tag":32983},"geometry":{"type":"Point","coordinates":[-123.77843291816946,45.701339821031]}},{"type":"Feature","properties":{"kind":"well","wl_id":247128,"log":"Water Well","use":"Domestic","tag":30285},"geometry":{"type":"Point","coordinates":[-123.84579795982486,45.708392204546556]}},{"type":"Feature","properties":{"kind":"well","wl_id":247145,"log":"Water Well","use":"Domestic","tag":37273},"geometry":{"type":"Point","coordinates":[-123.8570717072804,45.737204605224264]}},{"type":"Feature","properties":{"kind":"well","wl_id":247157,"log":"Water Well","use":"Domestic","tag":37255},"geometry":{"type":"Point","coordinates":[-123.84635997344617,45.77425834826821]}},{"type":"Feature","properties":{"kind":"well","wl_id":247179,"log":"Water Well","use":"Domestic","tag":38981},"geometry":{"type":"Point","coordinates":[-123.85687942582766,45.73000360454588]}},{"type":"Feature","properties":{"kind":"well","wl_id":247188,"log":"Water Well","use":"Domestic","tag":37279},"geometry":{"type":"Point","coordinates":[-123.8782896545073,45.7554900036821]}},{"type":"Feature","properties":{"kind":"well","wl_id":269896,"log":"Water Well","use":"Domestic","tag":null},"geometry":{"type":"Point","coordinates":[-123.14326968757872,45.773177021015606]}},{"type":"Feature","properties":{"kind":"well","wl_id":269897,"log":"Water Well","use":"Domestic","tag":null},"geometry":{"type":"Point","coordinates":[-123.16393232016901,45.77327120848614]}},{"type":"Feature","properties":{"kind":"well","wl_id":269898,"log":"Water Well","use":"Domestic","tag":null},"geometry":{"type":"Point","coordinates":[-123.21325891855841,45.7781663838626]}},{"type":"Feature","properties":{"kind":"well","wl_id":269899,"log":"Water Well","use":"Domestic","tag":null},"geometry":{"type":"Point","coordinates":[-123.22379099008896,45.77471439258307]}},{"type":"Feature","properties":{"kind":"well","wl_id":269900,"log":"Water Well","use":"Domestic","tag":null},"geometry":{"type":"Point","coordinates":[-123.19813531177759,45.75312925407827]}},{"type":"Feature","properties":{"kind":"well","wl_id":269901,"log":"Water Well","use":"Other","tag":null},"geometry":{"type":"Point","coordinates":[-123.19813531177759,45.75312925407827]}},{"type":"Feature","properties":{"kind":"well","wl_id":269902,"log":"Water Well","use":"Other","tag":null},"geometry":{"type":"Point","coordinates":[-123.19813531177759,45.75312925407827]}},{"type":"Feature","properties":{"kind":"well","wl_id":269903,"log":"Water Well","use":"Domestic","tag":null},"geometry":{"type":"Point","coordinates":[-123.20595938327925,45.75865764358516]}},{"type":"Feature","properties":{"kind":"well","wl_id":269904,"log":"Water Well","use":"Other","tag":null},"geometry":{"type":"Point","coordinates":[-123.20595938327925,45.75865764358516]}},{"type":"Feature","properties":{"kind":"well","wl_id":269905,"log":"Water Well","use":"Domestic","tag":null},"geometry":{"type":"Point","coordinates":[-123.20595938327925,45.75865764358516]}},{"type":"Feature","properties":{"kind":"well","wl_id":269906,"log":"Water Well","use":"Domestic","tag":null},"geometry":{"type":"Point","coordinates":[-123.18756868136633,45.76076707580516]}},{"type":"Feature","properties":{"kind":"well","wl_id":269907,"log":"Water Well","use":"Domestic","tag":null},"geometry":{"type":"Point","coordinates":[-123.18495933086307,45.75895251624069]}},{"type":"Feature","properties":{"kind":"well","wl_id":269908,"log":"Water Well","use":"Domestic","tag":null},"geometry":{"type":"Point","coordinates":[-123.18495933086307,45.75895251624069]}},{"type":"Feature","properties":{"kind":"well","wl_id":269909,"log":"Water Well","use":"Domestic","tag":null},"geometry":{"type":"Point","coordinates":[-123.17711970998486,45.761037726644304]}},{"type":"Feature","properties":{"kind":"well","wl_id":269910,"log":"Water Well","use":"Domestic","tag":null},"geometry":{"type":"Point","coordinates":[-123.18495933086307,45.75895251624069]}},{"type":"Feature","properties":{"kind":"well","wl_id":269911,"log":"Water Well","use":"Domestic","tag":null},"geometry":{"type":"Point","coordinates":[-123.1927074324911,45.76433672542702]}},{"type":"Feature","properties":{"kind":"well","wl_id":269912,"log":"Water Well","use":"Domestic","tag":null},"geometry":{"type":"Point","coordinates":[-123.18237821007547,45.75719087587526]}},{"type":"Feature","properties":{"kind":"well","wl_id":269913,"log":"Water Well","use":"Domestic","tag":null},"geometry":{"type":"Point","coordinates":[-123.17189229925879,45.76480265753756]}},{"type":"Feature","properties":{"kind":"well","wl_id":270016,"log":"Water Well","use":"Unknown","tag":null},"geometry":{"type":"Point","coordinates":[-123.30128653884022,45.76345459404784]}},{"type":"Feature","properties":{"kind":"well","wl_id":270017,"log":"Water Well","use":"Domestic","tag":null},"geometry":{"type":"Point","coordinates":[-123.2802082928372,45.751723955533265]}},{"type":"Feature","properties":{"kind":"well","wl_id":270018,"log":"Water Well","use":"Unknown","tag":null},"geometry":{"type":"Point","coordinates":[-123.2802082928372,45.751723955533265]}},{"type":"Feature","properties":{"kind":"well","wl_id":270020,"log":"Water Well","use":"Domestic","tag":null},"geometry":{"type":"Point","coordinates":[-123.28018005261876,45.748183435223545]}},{"type":"Feature","properties":{"kind":"well","wl_id":270021,"log":"Water Well","use":"Domestic","tag":null},"geometry":{"type":"Point","coordinates":[-123.28822781240758,45.74295720461458]}},{"type":"Feature","properties":{"kind":"well","wl_id":270022,"log":"Water Well","use":"Domestic","tag":null},"geometry":{"type":"Point","coordinates":[-123.28822781240758,45.74295720461458]}},{"type":"Feature","properties":{"kind":"well","wl_id":270023,"log":"Water Well","use":"Domestic","tag":null},"geometry":{"type":"Point","coordinates":[-123.3073929230115,45.72895204127843]}},{"type":"Feature","properties":{"kind":"well","wl_id":270024,"log":"Water Well","use":"Domestic","tag":null},"geometry":{"type":"Point","coordinates":[-123.28748712933833,45.72866584340561]}},{"type":"Feature","properties":{"kind":"well","wl_id":270029,"log":"Water Well","use":"Domestic","tag":null},"geometry":{"type":"Point","coordinates":[-123.30682631998305,45.71486835097006]}},{"type":"Feature","properties":{"kind":"well","wl_id":270030,"log":"Water Well","use":"Other","tag":null},"geometry":{"type":"Point","coordinates":[-123.3290823508981,45.70157467749154]}},{"type":"Feature","properties":{"kind":"well","wl_id":270031,"log":"Water Well","use":"Domestic","tag":null},"geometry":{"type":"Point","coordinates":[-123.3142943185673,45.70615307973235]}},{"type":"Feature","properties":{"kind":"well","wl_id":275168,"log":"Water Well","use":"Domestic","tag":null},"geometry":{"type":"Point","coordinates":[-123.28563823469732,45.755494465122744]}},{"type":"Feature","properties":{"kind":"well","wl_id":275169,"log":"Water Well","use":"Domestic","tag":null},"geometry":{"type":"Point","coordinates":[-123.28558457447986,45.75188539495877]}},{"type":"Feature","properties":{"kind":"well","wl_id":279818,"log":"Water Well","use":"Domestic","tag":30309},"geometry":{"type":"Point","coordinates":[-123.17704297161598,45.76829278695659]}},{"type":"Feature","properties":{"kind":"well","wl_id":280299,"log":"Water Well","use":"Unknown","tag":null},"geometry":{"type":"Point","coordinates":[-123.29953753859041,45.71640841143585]}},{"type":"Feature","properties":{"kind":"well","wl_id":289233,"log":"Water Well","use":"Unknown","tag":28773},"geometry":{"type":"Point","coordinates":[-123.22628899397387,45.93149817120384]}},{"type":"Feature","properties":{"kind":"well","wl_id":291428,"log":"Water Well","use":"Domestic","tag":45007},"geometry":{"type":"Point","coordinates":[-123.69639097814597,45.85388408818407]}},{"type":"Feature","properties":{"kind":"well","wl_id":291969,"log":"Water Well","use":"Domestic","tag":39730},"geometry":{"type":"Point","coordinates":[-123.91366191288992,45.676746935597016]}},{"type":"Feature","properties":{"kind":"well","wl_id":292213,"log":"Water Well","use":"Domestic","tag":36348},"geometry":{"type":"Point","coordinates":[-123.8408566740875,45.7816828588336]}},{"type":"Feature","properties":{"kind":"well","wl_id":292214,"log":"Water Well","use":"Domestic","tag":36349},"geometry":{"type":"Point","coordinates":[-123.84121668187048,45.77065731835496]}},{"type":"Feature","properties":{"kind":"well","wl_id":292355,"log":"Water Well","use":"Domestic","tag":42816},"geometry":{"type":"Point","coordinates":[-123.22386330230259,45.78876179334576]}},{"type":"Feature","properties":{"kind":"well","wl_id":293231,"log":"Water Well","use":"Domestic","tag":21881},"geometry":{"type":"Point","coordinates":[-123.24529377743796,45.8426521043418]}},{"type":"Feature","properties":{"kind":"well","wl_id":293996,"log":"Water Well","use":"Domestic","tag":21882},"geometry":{"type":"Point","coordinates":[-123.28497835634579,45.811043077983676]}},{"type":"Feature","properties":{"kind":"well","wl_id":294627,"log":"Water Well","use":"Domestic","tag":36354},"geometry":{"type":"Point","coordinates":[-123.18756868136633,45.76076707580516]}},{"type":"Feature","properties":{"kind":"well","wl_id":294778,"log":"Water Well","use":"Domestic","tag":36358},"geometry":{"type":"Point","coordinates":[-123.49639075542672,45.9348367528941]}},{"type":"Feature","properties":{"kind":"well","wl_id":295166,"log":"Water Well","use":"Domestic","tag":null},"geometry":{"type":"Point","coordinates":[-123.22989230447773,45.83883131595256]}},{"type":"Feature","properties":{"kind":"well","wl_id":295168,"log":"Water Well","use":"Domestic","tag":null},"geometry":{"type":"Point","coordinates":[-123.22989230447773,45.83883131595256]}},{"type":"Feature","properties":{"kind":"well","wl_id":295169,"log":"Water Well","use":"Domestic","tag":null},"geometry":{"type":"Point","coordinates":[-123.22989230447773,45.83883131595256]}},{"type":"Feature","properties":{"kind":"well","wl_id":295170,"log":"Water Well","use":"Domestic","tag":43473},"geometry":{"type":"Point","coordinates":[-123.28485323150485,45.87969477176087]}},{"type":"Feature","properties":{"kind":"well","wl_id":295172,"log":"Water Well","use":"Domestic","tag":43468},"geometry":{"type":"Point","coordinates":[-123.19860445217327,45.84971531951046]}},{"type":"Feature","properties":{"kind":"well","wl_id":295310,"log":"Water Well","use":"Domestic","tag":null},"geometry":{"type":"Point","coordinates":[-123.27560552552892,45.99910358967904]}},{"type":"Feature","properties":{"kind":"well","wl_id":295311,"log":"Water Well","use":"Domestic","tag":35191},"geometry":{"type":"Point","coordinates":[-123.27560552552892,45.99910358967904]}},{"type":"Feature","properties":{"kind":"well","wl_id":295312,"log":"Water Well","use":"Domestic","tag":null},"geometry":{"type":"Point","coordinates":[-123.27560552552892,45.99910358967904]}},{"type":"Feature","properties":{"kind":"well","wl_id":295313,"log":"Water Well","use":"Domestic","tag":null},"geometry":{"type":"Point","coordinates":[-123.27560552552892,45.99910358967904]}},{"type":"Feature","properties":{"kind":"well","wl_id":295324,"log":"Water Well","use":"Domestic","tag":43471},"geometry":{"type":"Point","coordinates":[-123.22989230447773,45.83883131595256]}},{"type":"Feature","properties":{"kind":"well","wl_id":295602,"log":"Water Well","use":"Domestic","tag":42818},"geometry":{"type":"Point","coordinates":[-123.21435264420052,45.849386678316556]}},{"type":"Feature","properties":{"kind":"well","wl_id":297520,"log":"Water Well","use":"Domestic","tag":36358},"geometry":{"type":"Point","coordinates":[-123.49639075542672,45.9348367528941]}},{"type":"Feature","properties":{"kind":"well","wl_id":297723,"log":"Water Well","use":"Domestic","tag":42822},"geometry":{"type":"Point","coordinates":[-123.18840768812031,45.83855790011294]}},{"type":"Feature","properties":{"kind":"well","wl_id":299039,"log":"Water Well","use":"Domestic","tag":33175},"geometry":{"type":"Point","coordinates":[-123.16493799199094,45.87388411395784]}},{"type":"Feature","properties":{"kind":"well","wl_id":299040,"log":"Water Well","use":"Domestic","tag":33176},"geometry":{"type":"Point","coordinates":[-123.16493799199094,45.87388411395784]}},{"type":"Feature","properties":{"kind":"well","wl_id":299885,"log":"Water Well","use":"Domestic","tag":42824},"geometry":{"type":"Point","coordinates":[-123.27397558864013,45.82523691076944]}},{"type":"Feature","properties":{"kind":"well","wl_id":299925,"log":"Water Well","use":"Domestic","tag":45728},"geometry":{"type":"Point","coordinates":[-123.84624767475844,45.77792299794766]}},{"type":"Feature","properties":{"kind":"well","wl_id":300098,"log":"Water Well","use":"Domestic","tag":45916},"geometry":{"type":"Point","coordinates":[-123.82012798368075,45.79256367167535]}},{"type":"Feature","properties":{"kind":"well","wl_id":301803,"log":"Water Well","use":"Domestic","tag":null},"geometry":{"type":"Point","coordinates":[-123.76311284181446,45.82490301896632]}},{"type":"Feature","properties":{"kind":"well","wl_id":301966,"log":"Water Well","use":"Domestic","tag":47467},"geometry":{"type":"Point","coordinates":[-123.85607259186541,45.71187207368229]}},{"type":"Feature","properties":{"kind":"well","wl_id":301967,"log":"Water Well","use":"Domestic","tag":null},"geometry":{"type":"Point","coordinates":[-123.85607259186541,45.71187207368229]}},{"type":"Feature","properties":{"kind":"well","wl_id":301968,"log":"Water Well","use":"Domestic","tag":47466},"geometry":{"type":"Point","coordinates":[-123.85607259186541,45.71187207368229]}},{"type":"Feature","properties":{"kind":"well","wl_id":302647,"log":"Water Well","use":"Domestic","tag":null},"geometry":{"type":"Point","coordinates":[-123.2738797205637,45.79263427852674]}},{"type":"Feature","properties":{"kind":"well","wl_id":302648,"log":"Water Well","use":"Domestic","tag":42827},"geometry":{"type":"Point","coordinates":[-123.2738797205637,45.79263427852674]}},{"type":"Feature","properties":{"kind":"well","wl_id":302650,"log":"Water Well","use":"Domestic","tag":42828},"geometry":{"type":"Point","coordinates":[-123.25047280790717,45.84269788347272]}},{"type":"Feature","properties":{"kind":"well","wl_id":302687,"log":"Water Well","use":"Domestic","tag":null},"geometry":{"type":"Point","coordinates":[-123.25047280790717,45.84269788347272]}},{"type":"Feature","properties":{"kind":"well","wl_id":305157,"log":"Water Well","use":"Domestic","tag":45475},"geometry":{"type":"Point","coordinates":[-123.85229001632591,45.640200589776185]}},{"type":"Feature","properties":{"kind":"well","wl_id":305473,"log":"Water Well","use":"Domestic","tag":42830},"geometry":{"type":"Point","coordinates":[-123.25047320908489,45.84633491421637]}},{"type":"Feature","properties":{"kind":"well","wl_id":305483,"log":"Water Well","use":"Domestic","tag":43017},"geometry":{"type":"Point","coordinates":[-123.17226830395778,45.87981850373276]}},{"type":"Feature","properties":{"kind":"well","wl_id":305484,"log":"Water Well","use":"Domestic","tag":null},"geometry":{"type":"Point","coordinates":[-123.17226830395778,45.87981850373276]}},{"type":"Feature","properties":{"kind":"well","wl_id":305485,"log":"Water Well","use":"Domestic","tag":43018},"geometry":{"type":"Point","coordinates":[-123.17226830395778,45.87981850373276]}},{"type":"Feature","properties":{"kind":"well","wl_id":305723,"log":"Water Well","use":"Domestic","tag":null},"geometry":{"type":"Point","coordinates":[-123.2692723622477,45.7997012589767]}},{"type":"Feature","properties":{"kind":"well","wl_id":305729,"log":"Water Well","use":"Community","tag":1907},"geometry":{"type":"Point","coordinates":[-123.8131629315542,45.69274159736358]}},{"type":"Feature","properties":{"kind":"well","wl_id":306094,"log":"Water Well","use":"Unknown","tag":50402},"geometry":{"type":"Point","coordinates":[-123.58390348411115,45.95737477464527]}},{"type":"Feature","properties":{"kind":"well","wl_id":306226,"log":"Water Well","use":"Unknown","tag":null},"geometry":{"type":"Point","coordinates":[-123.09557868343023,45.83903173955655]}},{"type":"Feature","properties":{"kind":"well","wl_id":306227,"log":"Water Well","use":"Unknown","tag":null},"geometry":{"type":"Point","coordinates":[-123.09557868343023,45.83903173955655]}},{"type":"Feature","properties":{"kind":"well","wl_id":307417,"log":"Water Well","use":"Unknown","tag":51542},"geometry":{"type":"Point","coordinates":[-123.20594657801306,45.87430717000349]}},{"type":"Feature","properties":{"kind":"well","wl_id":307460,"log":"Water Well","use":"Domestic","tag":null},"geometry":{"type":"Point","coordinates":[-123.1623360545351,45.88597871502964]}},{"type":"Feature","properties":{"kind":"well","wl_id":308017,"log":"Water Well","use":"Unknown","tag":51593},"geometry":{"type":"Point","coordinates":[-123.28735025329675,45.88876257243566]}},{"type":"Feature","properties":{"kind":"well","wl_id":308607,"log":"Water Well","use":"Domestic","tag":21902},"geometry":{"type":"Point","coordinates":[-123.21444386170776,45.83503974723781]}},{"type":"Feature","properties":{"kind":"well","wl_id":308677,"log":"Water Well","use":"Domestic","tag":43027},"geometry":{"type":"Point","coordinates":[-123.56876202127894,45.86754592172263]}},{"type":"Feature","properties":{"kind":"well","wl_id":310511,"log":"Water Well","use":"Domestic","tag":28297},"geometry":{"type":"Point","coordinates":[-123.13651433354195,45.90006031847852]}},{"type":"Feature","properties":{"kind":"well","wl_id":310948,"log":"Water Well","use":"Domestic","tag":48586},"geometry":{"type":"Point","coordinates":[-123.32143110605351,45.87234281807752]}},{"type":"Feature","properties":{"kind":"well","wl_id":310949,"log":"Water Well","use":"Domestic","tag":48585},"geometry":{"type":"Point","coordinates":[-123.15251811526932,45.899637677081074]}},{"type":"Feature","properties":{"kind":"well","wl_id":311003,"log":"Water Well","use":"Domestic","tag":52371},"geometry":{"type":"Point","coordinates":[-123.18840768812031,45.83855790011294]}},{"type":"Feature","properties":{"kind":"well","wl_id":311238,"log":"Water Well","use":"Unknown","tag":53913},"geometry":{"type":"Point","coordinates":[-123.9162564726531,45.67493578575325]}},{"type":"Feature","properties":{"kind":"well","wl_id":311684,"log":"Water Well","use":"Livestock","tag":null},"geometry":{"type":"Point","coordinates":[-123.85643591318845,45.719144603814854]}},{"type":"Feature","properties":{"kind":"well","wl_id":312478,"log":"Water Well","use":"Domestic","tag":46559},"geometry":{"type":"Point","coordinates":[-123.21964880211307,45.835081996556916]}},{"type":"Feature","properties":{"kind":"well","wl_id":313911,"log":"Water Well","use":"Domestic","tag":52398},"geometry":{"type":"Point","coordinates":[-123.83077664848649,45.763114989373335]}},{"type":"Feature","properties":{"kind":"well","wl_id":314889,"log":"Water Well","use":"Domestic","tag":46548},"geometry":{"type":"Point","coordinates":[-123.59982539559392,45.86501644866707]}},{"type":"Feature","properties":{"kind":"well","wl_id":314929,"log":"Water Well","use":"Domestic","tag":28298},"geometry":{"type":"Point","coordinates":[-123.23450726370852,45.879677857323664]}},{"type":"Feature","properties":{"kind":"well","wl_id":315358,"log":"Water Well","use":"Domestic","tag":55326},"geometry":{"type":"Point","coordinates":[-123.55415230522509,45.845394732119296]}},{"type":"Feature","properties":{"kind":"well","wl_id":316582,"log":"Water Well","use":"Domestic","tag":50612},"geometry":{"type":"Point","coordinates":[-123.25503914458547,46.009541111935235]}},{"type":"Feature","properties":{"kind":"well","wl_id":318860,"log":"Water Well","use":"Domestic","tag":null},"geometry":{"type":"Point","coordinates":[-123.25694513687415,45.831976942767014]}},{"type":"Feature","properties":{"kind":"well","wl_id":318861,"log":"Water Well","use":"Domestic","tag":48591},"geometry":{"type":"Point","coordinates":[-123.22912320759377,45.806609253687604]}},{"type":"Feature","properties":{"kind":"well","wl_id":319705,"log":"Water Well","use":"Domestic","tag":49711},"geometry":{"type":"Point","coordinates":[-123.18312967837143,45.84189623106299]}},{"type":"Feature","properties":{"kind":"well","wl_id":321232,"log":"Water Well","use":"Domestic","tag":49712},"geometry":{"type":"Point","coordinates":[-123.1776425940472,45.969518067898775]}},{"type":"Feature","properties":{"kind":"well","wl_id":321713,"log":"Water Well","use":"Domestic","tag":43464},"geometry":{"type":"Point","coordinates":[-123.23432649149746,45.82083175442386]}},{"type":"Feature","properties":{"kind":"well","wl_id":322576,"log":"Water Well","use":"Domestic","tag":60353},"geometry":{"type":"Point","coordinates":[-123.8886505156301,45.75556179300884]}},{"type":"Feature","properties":{"kind":"well","wl_id":322765,"log":"Water Well","use":"Domestic","tag":null},"geometry":{"type":"Point","coordinates":[-123.87419114265926,45.70311485162953]}},{"type":"Feature","properties":{"kind":"well","wl_id":323072,"log":"Water Well","use":"Unknown","tag":61862},"geometry":{"type":"Point","coordinates":[-123.82538650779722,45.759372119058625]}},{"type":"Feature","properties":{"kind":"well","wl_id":323254,"log":"Water Well","use":"Domestic","tag":59497},"geometry":{"type":"Point","coordinates":[-123.50670137679984,45.93480006235928]}},{"type":"Feature","properties":{"kind":"well","wl_id":323255,"log":"Water Well","use":"Domestic","tag":61002},"geometry":{"type":"Point","coordinates":[-123.50152967579919,45.93479618273424]}},{"type":"Feature","properties":{"kind":"well","wl_id":323572,"log":"Water Well","use":"Domestic","tag":56294},"geometry":{"type":"Point","coordinates":[-123.19860445217327,45.84971531951046]}},{"type":"Feature","properties":{"kind":"well","wl_id":323736,"log":"Water Well","use":"Unknown","tag":1906},"geometry":{"type":"Point","coordinates":[-123.81447441176456,45.69263059680571]}},{"type":"Feature","properties":{"kind":"well","wl_id":323979,"log":"Water Well","use":"Domestic","tag":62146},"geometry":{"type":"Point","coordinates":[-123.83043322494268,45.78897608054776]}},{"type":"Feature","properties":{"kind":"well","wl_id":324032,"log":"Water Well","use":"Domestic","tag":55246},"geometry":{"type":"Point","coordinates":[-123.28008763639815,45.810941748646265]}},{"type":"Feature","properties":{"kind":"well","wl_id":324158,"log":"Water Well","use":"Domestic","tag":48593},"geometry":{"type":"Point","coordinates":[-123.52229482993383,45.93493791073527]}},{"type":"Feature","properties":{"kind":"well","wl_id":324159,"log":"Water Well","use":"Domestic","tag":null},"geometry":{"type":"Point","coordinates":[-123.40717328209169,45.984446865269064]}},{"type":"Feature","properties":{"kind":"well","wl_id":324513,"log":"Water Well","use":"Community","tag":1907},"geometry":{"type":"Point","coordinates":[-123.8131629315542,45.69274159736358]}},{"type":"Feature","properties":{"kind":"well","wl_id":325091,"log":"Water Well","use":"Domestic","tag":56298},"geometry":{"type":"Point","coordinates":[-123.19860445217327,45.84971531951046]}},{"type":"Feature","properties":{"kind":"well","wl_id":325092,"log":"Water Well","use":"Domestic","tag":56296},"geometry":{"type":"Point","coordinates":[-123.25775110642304,45.828418562281406]}},{"type":"Feature","properties":{"kind":"well","wl_id":325093,"log":"Water Well","use":"Domestic","tag":56295},"geometry":{"type":"Point","coordinates":[-123.21964880211307,45.835081996556916]}},{"type":"Feature","properties":{"kind":"well","wl_id":325978,"log":"Water Well","use":"Domestic","tag":56299},"geometry":{"type":"Point","coordinates":[-123.57379804380685,45.87485886184079]}},{"type":"Feature","properties":{"kind":"well","wl_id":326166,"log":"Water Well","use":"Domestic","tag":50501},"geometry":{"type":"Point","coordinates":[-123.18321564745875,45.83835936017749]}},{"type":"Feature","properties":{"kind":"well","wl_id":326627,"log":"Water Well","use":"Domestic","tag":61958},"geometry":{"type":"Point","coordinates":[-123.18321564745875,45.83835936017749]}},{"type":"Feature","properties":{"kind":"well","wl_id":328808,"log":"Water Well","use":"Domestic","tag":64405},"geometry":{"type":"Point","coordinates":[-123.83313100561634,45.79081446020104]}},{"type":"Feature","properties":{"kind":"well","wl_id":328864,"log":"Water Well","use":"Domestic","tag":56297},"geometry":{"type":"Point","coordinates":[-123.2857830368607,45.76274053603287]}},{"type":"Feature","properties":{"kind":"well","wl_id":329392,"log":"Water Well","use":"Domestic","tag":48652},"geometry":{"type":"Point","coordinates":[-123.15251811526932,45.899637677081074]}},{"type":"Feature","properties":{"kind":"well","wl_id":329393,"log":"Water Well","use":"Domestic","tag":null},"geometry":{"type":"Point","coordinates":[-123.54730473480222,45.89642216554404]}},{"type":"Feature","properties":{"kind":"well","wl_id":329394,"log":"Water Well","use":"Domestic","tag":48653},"geometry":{"type":"Point","coordinates":[-123.22989230447773,45.83883131595256]}},{"type":"Feature","properties":{"kind":"well","wl_id":329650,"log":"Water Well","use":"Community","tag":null},"geometry":{"type":"Point","coordinates":[-123.240185947213,45.846244314898755]}},{"type":"Feature","properties":{"kind":"well","wl_id":330015,"log":"Water Well","use":"Community","tag":52732},"geometry":{"type":"Point","coordinates":[-123.240185947213,45.846244314898755]}},{"type":"Feature","properties":{"kind":"well","wl_id":330425,"log":"Water Well","use":"Domestic","tag":null},"geometry":{"type":"Point","coordinates":[-123.8508812303567,45.708336653950404]}},{"type":"Feature","properties":{"kind":"well","wl_id":330483,"log":"Water Well","use":"Domestic","tag":55269},"geometry":{"type":"Point","coordinates":[-123.84585456099107,45.71200532505881]}},{"type":"Feature","properties":{"kind":"well","wl_id":330484,"log":"Water Well","use":"Domestic","tag":null},"geometry":{"type":"Point","coordinates":[-123.85445914129403,45.70778312375903]}},{"type":"Feature","properties":{"kind":"well","wl_id":330814,"log":"Water Well","use":"Domestic","tag":56805},"geometry":{"type":"Point","coordinates":[-123.85334803105904,45.70750535412214]}},{"type":"Feature","properties":{"kind":"well","wl_id":332548,"log":"Water Well","use":"Domestic","tag":64127},"geometry":{"type":"Point","coordinates":[-123.22392780309629,45.79229613390703]}},{"type":"Feature","properties":{"kind":"well","wl_id":332550,"log":"Water Well","use":"Domestic","tag":null},"geometry":{"type":"Point","coordinates":[-123.22392780309629,45.79229613390703]}},{"type":"Feature","properties":{"kind":"well","wl_id":332551,"log":"Water Well","use":"Domestic","tag":null},"geometry":{"type":"Point","coordinates":[-123.22392780309629,45.79229613390703]}},{"type":"Feature","properties":{"kind":"well","wl_id":333079,"log":"Water Well","use":"Domestic","tag":60034},"geometry":{"type":"Point","coordinates":[-123.8886505156301,45.75556179300884]}},{"type":"Feature","properties":{"kind":"well","wl_id":333681,"log":"Water Well","use":"Domestic","tag":null},"geometry":{"type":"Point","coordinates":[-123.39685568301441,45.99142179693628]}},{"type":"Feature","properties":{"kind":"well","wl_id":335421,"log":"Water Well","use":"Domestic","tag":66146},"geometry":{"type":"Point","coordinates":[-123.25694513687415,45.831976942767014]}},{"type":"Feature","properties":{"kind":"well","wl_id":335541,"log":"Water Well","use":"Domestic","tag":60041},"geometry":{"type":"Point","coordinates":[-123.19813531177759,45.75312925407827]}},{"type":"Feature","properties":{"kind":"well","wl_id":336528,"log":"Water Well","use":"Domestic","tag":60045},"geometry":{"type":"Point","coordinates":[-123.15678488509585,45.94401570902557]}},{"type":"Feature","properties":{"kind":"well","wl_id":336988,"log":"Water Well","use":"Domestic","tag":null},"geometry":{"type":"Point","coordinates":[-123.60353281708848,45.86503190852268]}},{"type":"Feature","properties":{"kind":"well","wl_id":337127,"log":"Water Well","use":"Domestic","tag":null},"geometry":{"type":"Point","coordinates":[-123.49649005362078,45.92763679268194]}},{"type":"Feature","properties":{"kind":"well","wl_id":337129,"log":"Water Well","use":"Domestic","tag":null},"geometry":{"type":"Point","coordinates":[-123.49125165406339,45.934869624061825]}},{"type":"Feature","properties":{"kind":"well","wl_id":337130,"log":"Water Well","use":"Domestic","tag":null},"geometry":{"type":"Point","coordinates":[-123.49125165406339,45.934869624061825]}},{"type":"Feature","properties":{"kind":"well","wl_id":337442,"log":"Water Well","use":"Unknown","tag":67409},"geometry":{"type":"Point","coordinates":[-123.22733615561181,45.84423630593224]}},{"type":"Feature","properties":{"kind":"well","wl_id":337546,"log":"Water Well","use":"Domestic","tag":43464},"geometry":{"type":"Point","coordinates":[-123.23432649149746,45.82083175442386]}},{"type":"Feature","properties":{"kind":"well","wl_id":338433,"log":"Water Well","use":"Domestic","tag":69188},"geometry":{"type":"Point","coordinates":[-123.88164409266862,45.69772614035206]}},{"type":"Feature","properties":{"kind":"well","wl_id":339064,"log":"Water Well","use":"Domestic","tag":48664},"geometry":{"type":"Point","coordinates":[-123.28985632295505,45.88334286140863]}},{"type":"Feature","properties":{"kind":"well","wl_id":339995,"log":"Water Well","use":"Domestic","tag":null},"geometry":{"type":"Point","coordinates":[-123.87680373395949,45.704878120910244]}},{"type":"Feature","properties":{"kind":"well","wl_id":340763,"log":"Water Well","use":"Domestic","tag":null},"geometry":{"type":"Point","coordinates":[-123.87680373395949,45.704878120910244]}},{"type":"Feature","properties":{"kind":"well","wl_id":340764,"log":"Water Well","use":"Domestic","tag":64520},"geometry":{"type":"Point","coordinates":[-123.87680373395949,45.704878120910244]}},{"type":"Feature","properties":{"kind":"well","wl_id":341847,"log":"Water Well","use":"Domestic","tag":63485},"geometry":{"type":"Point","coordinates":[-123.15756886259497,45.88537375591678]}},{"type":"Feature","properties":{"kind":"well","wl_id":342321,"log":"Water Well","use":"Domestic","tag":68101},"geometry":{"type":"Point","coordinates":[-123.22468415696746,45.853326277245564]}},{"type":"Feature","properties":{"kind":"well","wl_id":343805,"log":"Water Well","use":"Domestic","tag":68103},"geometry":{"type":"Point","coordinates":[-123.18789294445403,45.820660439036274]}},{"type":"Feature","properties":{"kind":"well","wl_id":343806,"log":"Water Well","use":"Domestic","tag":68104},"geometry":{"type":"Point","coordinates":[-123.16728226758458,45.852677722759324]}},{"type":"Feature","properties":{"kind":"well","wl_id":344983,"log":"Water Well","use":"Domestic","tag":64548},"geometry":{"type":"Point","coordinates":[-123.85154903586839,45.73364722533413]}},{"type":"Feature","properties":{"kind":"well","wl_id":344985,"log":"Water Well","use":"Domestic","tag":64549},"geometry":{"type":"Point","coordinates":[-123.85154903586839,45.73364722533413]}},{"type":"Feature","properties":{"kind":"well","wl_id":346751,"log":"Water Well","use":"Domestic","tag":null},"geometry":{"type":"Point","coordinates":[-123.88864707712453,45.759155753034044]}},{"type":"Feature","properties":{"kind":"well","wl_id":348533,"log":"Water Well","use":"Domestic","tag":71757},"geometry":{"type":"Point","coordinates":[-123.20885862235545,45.79941857573146]}},{"type":"Feature","properties":{"kind":"well","wl_id":348674,"log":"Water Well","use":"Domestic","tag":null},"geometry":{"type":"Point","coordinates":[-123.88864707712453,45.759155753034044]}},{"type":"Feature","properties":{"kind":"well","wl_id":348680,"log":"Water Well","use":"Domestic","tag":null},"geometry":{"type":"Point","coordinates":[-123.54220129081465,45.8784384852407]}},{"type":"Feature","properties":{"kind":"well","wl_id":348715,"log":"Water Well","use":"Domestic","tag":70077},"geometry":{"type":"Point","coordinates":[-123.2447580679795,45.987447381927396]}},{"type":"Feature","properties":{"kind":"well","wl_id":348958,"log":"Water Well","use":"Domestic","tag":null},"geometry":{"type":"Point","coordinates":[-123.33011240125948,45.707126497831084]}},{"type":"Feature","properties":{"kind":"well","wl_id":349665,"log":"Water Well","use":"Unknown","tag":72221},"geometry":{"type":"Point","coordinates":[-123.55551211104333,45.87306372343647]}},{"type":"Feature","properties":{"kind":"well","wl_id":349956,"log":"Water Well","use":"Unknown","tag":72243},"geometry":{"type":"Point","coordinates":[-123.16423665347212,45.93131721754804]}},{"type":"Feature","properties":{"kind":"well","wl_id":350733,"log":"Water Well","use":"Domestic","tag":70606},"geometry":{"type":"Point","coordinates":[-123.21428540554273,45.8531548083353]}},{"type":"Feature","properties":{"kind":"well","wl_id":350734,"log":"Water Well","use":"Domestic","tag":70607},"geometry":{"type":"Point","coordinates":[-123.21881495136498,45.78874949408593]}},{"type":"Feature","properties":{"kind":"well","wl_id":350735,"log":"Water Well","use":"Domestic","tag":70604},"geometry":{"type":"Point","coordinates":[-123.21447399180389,45.83861316727858]}},{"type":"Feature","properties":{"kind":"well","wl_id":350736,"log":"Water Well","use":"Domestic","tag":70603},"geometry":{"type":"Point","coordinates":[-123.21447399180389,45.83861316727858]}},{"type":"Feature","properties":{"kind":"well","wl_id":350737,"log":"Water Well","use":"Domestic","tag":null},"geometry":{"type":"Point","coordinates":[-123.20644355215218,45.84407332811725]}},{"type":"Feature","properties":{"kind":"well","wl_id":350916,"log":"Water Well","use":"Domestic","tag":null},"geometry":{"type":"Point","coordinates":[-123.18582363112908,45.85736743119747]}},{"type":"Feature","properties":{"kind":"well","wl_id":350991,"log":"Water Well","use":"Domestic","tag":66961},"geometry":{"type":"Point","coordinates":[-123.84686359785938,45.65204192159553]}},{"type":"Feature","properties":{"kind":"well","wl_id":350992,"log":"Water Well","use":"Domestic","tag":66962},"geometry":{"type":"Point","coordinates":[-123.84033110273542,45.68221078366699]}},{"type":"Feature","properties":{"kind":"well","wl_id":351236,"log":"Water Well","use":"Other (multi)","tag":65088},"geometry":{"type":"Point","coordinates":[-123.18582363112908,45.85736743119747]}},{"type":"Feature","properties":{"kind":"well","wl_id":352691,"log":"Water Well","use":"Domestic","tag":19121},"geometry":{"type":"Point","coordinates":[-123.82523789325278,45.78895532126506]}},{"type":"Feature","properties":{"kind":"well","wl_id":352886,"log":"Water Well","use":"Other (multi)","tag":65089},"geometry":{"type":"Point","coordinates":[-123.18582363112908,45.85736743119747]}},{"type":"Feature","properties":{"kind":"well","wl_id":352887,"log":"Water Well","use":"Community","tag":74200},"geometry":{"type":"Point","coordinates":[-123.18582363112908,45.85736743119747]}},{"type":"Feature","properties":{"kind":"well","wl_id":353385,"log":"Water Well","use":"Domestic","tag":70609},"geometry":{"type":"Point","coordinates":[-123.17211204763474,45.9405598176079]}},{"type":"Feature","properties":{"kind":"well","wl_id":353835,"log":"Water Well","use":"Domestic","tag":70616},"geometry":{"type":"Point","coordinates":[-123.51735749226799,45.90286438951707]}},{"type":"Feature","properties":{"kind":"well","wl_id":354197,"log":"Water Well","use":"Domestic","tag":70611},"geometry":{"type":"Point","coordinates":[-123.22461325233083,45.83155168546562]}},{"type":"Feature","properties":{"kind":"well","wl_id":354199,"log":"Water Well","use":"Domestic","tag":70612},"geometry":{"type":"Point","coordinates":[-123.22461325233083,45.83155168546562]}},{"type":"Feature","properties":{"kind":"well","wl_id":354200,"log":"Water Well","use":"Domestic","tag":70613},"geometry":{"type":"Point","coordinates":[-123.22461325233083,45.83155168546562]}},{"type":"Feature","properties":{"kind":"well","wl_id":354201,"log":"Water Well","use":"Domestic","tag":70614},"geometry":{"type":"Point","coordinates":[-123.22461325233083,45.83155168546562]}},{"type":"Feature","properties":{"kind":"well","wl_id":354202,"log":"Water Well","use":"Domestic","tag":70615},"geometry":{"type":"Point","coordinates":[-123.22461325233083,45.83155168546562]}},{"type":"Feature","properties":{"kind":"well","wl_id":354821,"log":"Water Well","use":"Unknown","tag":75617},"geometry":{"type":"Point","coordinates":[-123.32900999724673,45.87405719711396]}},{"type":"Feature","properties":{"kind":"well","wl_id":355543,"log":"Water Well","use":"Domestic","tag":74160},"geometry":{"type":"Point","coordinates":[-123.18756868136633,45.76076707580516]}},{"type":"Feature","properties":{"kind":"well","wl_id":356663,"log":"Water Well","use":"Domestic","tag":null},"geometry":{"type":"Point","coordinates":[-123.54217812265897,45.88918563592447]}},{"type":"Feature","properties":{"kind":"well","wl_id":357327,"log":"Water Well","use":"Domestic","tag":73675},"geometry":{"type":"Point","coordinates":[-123.26569211564856,45.77028156815414]}},{"type":"Feature","properties":{"kind":"well","wl_id":357389,"log":"Water Well","use":"Domestic","tag":null},"geometry":{"type":"Point","coordinates":[-123.31935357991203,45.70641743866674]}},{"type":"Feature","properties":{"kind":"well","wl_id":357390,"log":"Water Well","use":"Domestic","tag":null},"geometry":{"type":"Point","coordinates":[-123.31935357991203,45.70641743866674]}},{"type":"Feature","properties":{"kind":"well","wl_id":357452,"log":"Water Well","use":"Domestic","tag":76659},"geometry":{"type":"Point","coordinates":[-123.92392992254382,45.66936892424616]}},{"type":"Feature","properties":{"kind":"well","wl_id":357762,"log":"Water Well","use":"Domestic","tag":76695},"geometry":{"type":"Point","coordinates":[-123.31935357991203,45.70641743866674]}},{"type":"Feature","properties":{"kind":"well","wl_id":357809,"log":"Water Well","use":"Domestic","tag":61303},"geometry":{"type":"Point","coordinates":[-123.21969071218898,45.83867394669914]}},{"type":"Feature","properties":{"kind":"well","wl_id":358328,"log":"Water Well","use":"Domestic","tag":70624},"geometry":{"type":"Point","coordinates":[-123.57358101640638,45.882160972316115]}},{"type":"Feature","properties":{"kind":"well","wl_id":358520,"log":"Water Well","use":"Domestic","tag":53634},"geometry":{"type":"Point","coordinates":[-123.25053317793983,45.83906549321946]}},{"type":"Feature","properties":{"kind":"well","wl_id":358960,"log":"Water Well","use":"Domestic","tag":56309},"geometry":{"type":"Point","coordinates":[-123.25053317793983,45.83906549321946]}},{"type":"Feature","properties":{"kind":"well","wl_id":358962,"log":"Water Well","use":"Unknown","tag":null},"geometry":{"type":"Point","coordinates":[-123.62234712866477,45.81513677316269]}},{"type":"Feature","properties":{"kind":"well","wl_id":358963,"log":"Water Well","use":"Community","tag":71292},"geometry":{"type":"Point","coordinates":[-123.60732104456821,45.80465006438378]}},{"type":"Feature","properties":{"kind":"well","wl_id":359397,"log":"Water Well","use":"Unknown","tag":null},"geometry":{"type":"Point","coordinates":[-123.62234712866477,45.81513677316269]}},{"type":"Feature","properties":{"kind":"well","wl_id":359569,"log":"Water Well","use":"Domestic","tag":77609},"geometry":{"type":"Point","coordinates":[-123.24532825780916,45.846293654764814]}},{"type":"Feature","properties":{"kind":"well","wl_id":359868,"log":"Water Well","use":"Domestic","tag":77823},"geometry":{"type":"Point","coordinates":[-123.56807024252863,45.87083872188106]}},{"type":"Feature","properties":{"kind":"well","wl_id":359888,"log":"Water Well","use":"Domestic","tag":null},"geometry":{"type":"Point","coordinates":[-123.54731283239569,45.88565458494849]}},{"type":"Feature","properties":{"kind":"well","wl_id":359902,"log":"Water Well","use":"Domestic","tag":1513},"geometry":{"type":"Point","coordinates":[-123.20893473174823,45.795828665833135]}},{"type":"Feature","properties":{"kind":"well","wl_id":360898,"log":"Water Well","use":"Domestic","tag":75350},"geometry":{"type":"Point","coordinates":[-123.60388043044975,45.833300186784726]}},{"type":"Feature","properties":{"kind":"well","wl_id":361140,"log":"Water Well","use":"Domestic","tag":70610},"geometry":{"type":"Point","coordinates":[-123.22733615561181,45.84423630593224]}},{"type":"Feature","properties":{"kind":"well","wl_id":362059,"log":"Water Well","use":"Domestic","tag":null},"geometry":{"type":"Point","coordinates":[-123.78935936058119,45.79960779538472]}},{"type":"Feature","properties":{"kind":"well","wl_id":362060,"log":"Water Well","use":"Domestic","tag":null},"geometry":{"type":"Point","coordinates":[-123.78935936058119,45.79960779538472]}},{"type":"Feature","properties":{"kind":"well","wl_id":363017,"log":"Water Well","use":"Domestic","tag":null},"geometry":{"type":"Point","coordinates":[-123.79443795458168,45.81406453520559]}},{"type":"Feature","properties":{"kind":"well","wl_id":363543,"log":"Water Well","use":"Domestic","tag":75348},"geometry":{"type":"Point","coordinates":[-123.33011240125948,45.707126497831084]}},{"type":"Feature","properties":{"kind":"well","wl_id":365771,"log":"Water Well","use":"Domestic","tag":70546},"geometry":{"type":"Point","coordinates":[-123.16212293225853,45.87922724454902]}},{"type":"Feature","properties":{"kind":"well","wl_id":366485,"log":"Water Well","use":"Domestic","tag":76551},"geometry":{"type":"Point","coordinates":[-123.44949387701041,46.02060770274556]}},{"type":"Feature","properties":{"kind":"well","wl_id":366486,"log":"Water Well","use":"Domestic","tag":76554},"geometry":{"type":"Point","coordinates":[-123.21893209294095,45.98037274486706]}},{"type":"Feature","properties":{"kind":"well","wl_id":367284,"log":"Water Well","use":"Domestic","tag":76555},"geometry":{"type":"Point","coordinates":[-123.2093146222108,45.79491542522409]}},{"type":"Feature","properties":{"kind":"well","wl_id":367285,"log":"Water Well","use":"Domestic","tag":null},"geometry":{"type":"Point","coordinates":[-123.21965512356905,45.84224816728103]}},{"type":"Feature","properties":{"kind":"well","wl_id":367286,"log":"Water Well","use":"Domestic","tag":null},"geometry":{"type":"Point","coordinates":[-123.21965512356905,45.84224816728103]}},{"type":"Feature","properties":{"kind":"well","wl_id":367349,"log":"Water Well","use":"Domestic","tag":76558},"geometry":{"type":"Point","coordinates":[-123.22986774775332,45.853461566776396]}},{"type":"Feature","properties":{"kind":"well","wl_id":367350,"log":"Water Well","use":"Domestic","tag":76559},"geometry":{"type":"Point","coordinates":[-123.22986774775332,45.853461566776396]}},{"type":"Feature","properties":{"kind":"well","wl_id":367874,"log":"Water Well","use":"Domestic","tag":null},"geometry":{"type":"Point","coordinates":[-123.30052052340987,45.876075659944455]}},{"type":"Feature","properties":{"kind":"well","wl_id":368459,"log":"Water Well","use":"Domestic","tag":75230},"geometry":{"type":"Point","coordinates":[-123.22392780309629,45.79229613390703]}},{"type":"Feature","properties":{"kind":"well","wl_id":368625,"log":"Water Well","use":"Domestic","tag":null},"geometry":{"type":"Point","coordinates":[-123.22392780309629,45.79229613390703]}},{"type":"Feature","properties":{"kind":"well","wl_id":368626,"log":"Water Well","use":"Domestic","tag":75231},"geometry":{"type":"Point","coordinates":[-123.22392780309629,45.79229613390703]}},{"type":"Feature","properties":{"kind":"well","wl_id":370389,"log":"Water Well","use":"Domestic","tag":68122},"geometry":{"type":"Point","coordinates":[-123.14184801400884,45.899892988352306]}},{"type":"Feature","properties":{"kind":"well","wl_id":374469,"log":"Water Well","use":"Domestic","tag":68124},"geometry":{"type":"Point","coordinates":[-123.240185947213,45.846244314898755]}},{"type":"Feature","properties":{"kind":"well","wl_id":374620,"log":"Water Well","use":"Domestic","tag":83576},"geometry":{"type":"Point","coordinates":[-123.48608623417742,45.93847636424089]}},{"type":"Feature","properties":{"kind":"well","wl_id":378212,"log":"Water Well","use":"Domestic","tag":76571},"geometry":{"type":"Point","coordinates":[-123.26000459294944,45.998804051386955]}},{"type":"Feature","properties":{"kind":"well","wl_id":380445,"log":"Water Well","use":"Domestic","tag":null},"geometry":{"type":"Point","coordinates":[-123.15765258710485,45.903489197012895]}},{"type":"Feature","properties":{"kind":"well","wl_id":382833,"log":"Water Well","use":"Domestic","tag":84435},"geometry":{"type":"Point","coordinates":[-123.6039865880307,45.82622160645726]}},{"type":"Feature","properties":{"kind":"well","wl_id":382838,"log":"Water Well","use":"Domestic","tag":84436},"geometry":{"type":"Point","coordinates":[-123.57926622252076,45.86117702006182]}},{"type":"Feature","properties":{"kind":"well","wl_id":383281,"log":"Water Well","use":"Domestic","tag":null},"geometry":{"type":"Point","coordinates":[-123.55509369368168,45.887478264604894]}},{"type":"Feature","properties":{"kind":"well","wl_id":383350,"log":"Water Well","use":"Domestic","tag":null},"geometry":{"type":"Point","coordinates":[-123.2817533977678,45.770241986660736]}},{"type":"Feature","properties":{"kind":"well","wl_id":383351,"log":"Water Well","use":"Domestic","tag":84437},"geometry":{"type":"Point","coordinates":[-123.2817533977678,45.770241986660736]}},{"type":"Feature","properties":{"kind":"well","wl_id":383614,"log":"Water Well","use":"Domestic","tag":83180},"geometry":{"type":"Point","coordinates":[-123.1778011570829,45.845180081906335]}},{"type":"Feature","properties":{"kind":"well","wl_id":383615,"log":"Water Well","use":"Domestic","tag":null},"geometry":{"type":"Point","coordinates":[-123.24946029724697,45.88327524624168]}},{"type":"Feature","properties":{"kind":"well","wl_id":383991,"log":"Water Well","use":"Domestic","tag":null},"geometry":{"type":"Point","coordinates":[-123.16212293225853,45.87922724454902]}},{"type":"Feature","properties":{"kind":"well","wl_id":384117,"log":"Water Well","use":"Domestic","tag":87417},"geometry":{"type":"Point","coordinates":[-123.77115709929507,45.804996477009055]}},{"type":"Feature","properties":{"kind":"well","wl_id":384279,"log":"Water Well","use":"Domestic","tag":83612},"geometry":{"type":"Point","coordinates":[-123.20893473174823,45.795828665833135]}},{"type":"Feature","properties":{"kind":"well","wl_id":384280,"log":"Water Well","use":"Domestic","tag":83611},"geometry":{"type":"Point","coordinates":[-123.15251811526932,45.899637677081074]}},{"type":"Feature","properties":{"kind":"well","wl_id":384281,"log":"Water Well","use":"Domestic","tag":83610},"geometry":{"type":"Point","coordinates":[-123.20915753098461,45.838598798101444]}},{"type":"Feature","properties":{"kind":"well","wl_id":384282,"log":"Water Well","use":"Domestic","tag":83609},"geometry":{"type":"Point","coordinates":[-123.20644355215218,45.84407332811725]}},{"type":"Feature","properties":{"kind":"well","wl_id":384283,"log":"Water Well","use":"Domestic","tag":83608},"geometry":{"type":"Point","coordinates":[-123.20915753098461,45.838598798101444]}},{"type":"Feature","properties":{"kind":"well","wl_id":384284,"log":"Water Well","use":"Domestic","tag":null},"geometry":{"type":"Point","coordinates":[-123.20915753098461,45.838598798101444]}},{"type":"Feature","properties":{"kind":"well","wl_id":384317,"log":"Water Well","use":"Domestic","tag":75258},"geometry":{"type":"Point","coordinates":[-123.60388043044975,45.833300186784726]}},{"type":"Feature","properties":{"kind":"well","wl_id":384334,"log":"Water Well","use":"Domestic","tag":83180},"geometry":{"type":"Point","coordinates":[-123.1778011570829,45.845180081906335]}},{"type":"Feature","properties":{"kind":"well","wl_id":384335,"log":"Water Well","use":"Domestic","tag":null},"geometry":{"type":"Point","coordinates":[-123.16212293225853,45.87922724454902]}},{"type":"Feature","properties":{"kind":"well","wl_id":385595,"log":"Water Well","use":"Domestic","tag":75272},"geometry":{"type":"Point","coordinates":[-123.88227266532134,45.70855448052825]}},{"type":"Feature","properties":{"kind":"well","wl_id":385596,"log":"Water Well","use":"Domestic","tag":75273},"geometry":{"type":"Point","coordinates":[-123.88227266532134,45.70855448052825]}},{"type":"Feature","properties":{"kind":"well","wl_id":385597,"log":"Water Well","use":"Domestic","tag":75274},"geometry":{"type":"Point","coordinates":[-123.88227266532134,45.70855448052825]}},{"type":"Feature","properties":{"kind":"well","wl_id":385598,"log":"Water Well","use":"Domestic","tag":75275},"geometry":{"type":"Point","coordinates":[-123.88227266532134,45.70855448052825]}},{"type":"Feature","properties":{"kind":"well","wl_id":385939,"log":"Water Well","use":"Domestic","tag":85349},"geometry":{"type":"Point","coordinates":[-123.8521412972693,45.64790266062764]}},{"type":"Feature","properties":{"kind":"well","wl_id":386257,"log":"Water Well","use":"Domestic","tag":75260},"geometry":{"type":"Point","coordinates":[-123.84596333235615,45.72289864539789]}},{"type":"Feature","properties":{"kind":"well","wl_id":386258,"log":"Water Well","use":"Domestic","tag":75259},"geometry":{"type":"Point","coordinates":[-123.84596333235615,45.72289864539789]}},{"type":"Feature","properties":{"kind":"well","wl_id":386833,"log":"Water Well","use":"Domestic","tag":69918},"geometry":{"type":"Point","coordinates":[-123.15241633734396,45.90707359781841]}},{"type":"Feature","properties":{"kind":"well","wl_id":387312,"log":"Water Well","use":"Domestic","tag":null},"geometry":{"type":"Point","coordinates":[-123.32223687505865,45.870283197635786]}},{"type":"Feature","properties":{"kind":"well","wl_id":388139,"log":"Water Well","use":"Domestic","tag":75265},"geometry":{"type":"Point","coordinates":[-123.76847517920022,45.810432957934026]}},{"type":"Feature","properties":{"kind":"well","wl_id":388147,"log":"Water Well","use":"Domestic","tag":83186},"geometry":{"type":"Point","coordinates":[-123.172239335426,45.883409544042365]}},{"type":"Feature","properties":{"kind":"well","wl_id":390658,"log":"Water Well","use":"Domestic","tag":83187},"geometry":{"type":"Point","coordinates":[-123.56280305579399,45.89291832351832]}},{"type":"Feature","properties":{"kind":"well","wl_id":390961,"log":"Water Well","use":"Domestic","tag":85504},"geometry":{"type":"Point","coordinates":[-123.8622065697592,45.64743813960783]}},{"type":"Feature","properties":{"kind":"well","wl_id":391376,"log":"Water Well","use":"Other (multi)","tag":null},"geometry":{"type":"Point","coordinates":[-123.31935357991203,45.70641743866674]}},{"type":"Feature","properties":{"kind":"well","wl_id":391811,"log":"Water Well","use":"Domestic","tag":84953},"geometry":{"type":"Point","coordinates":[-123.15127678018233,45.925513658944055]}},{"type":"Feature","properties":{"kind":"well","wl_id":392587,"log":"Water Well","use":"Domestic","tag":83188},"geometry":{"type":"Point","coordinates":[-123.14184801400884,45.899892988352306]}},{"type":"Feature","properties":{"kind":"well","wl_id":392742,"log":"Water Well","use":"Domestic","tag":null},"geometry":{"type":"Point","coordinates":[-123.17224883552724,45.88685826439991]}},{"type":"Feature","properties":{"kind":"well","wl_id":392743,"log":"Water Well","use":"Domestic","tag":null},"geometry":{"type":"Point","coordinates":[-123.92389624473888,45.680216855150945]}},{"type":"Feature","properties":{"kind":"well","wl_id":392745,"log":"Water Well","use":"Domestic","tag":87465},"geometry":{"type":"Point","coordinates":[-123.92389624473888,45.680216855150945]}},{"type":"Feature","properties":{"kind":"well","wl_id":393093,"log":"Water Well","use":"Domestic","tag":87466},"geometry":{"type":"Point","coordinates":[-123.16496992508624,45.88793947531856]}},{"type":"Feature","properties":{"kind":"well","wl_id":393176,"log":"Water Well","use":"Domestic","tag":83620},"geometry":{"type":"Point","coordinates":[-123.23423251838194,45.81016714406489]}},{"type":"Feature","properties":{"kind":"well","wl_id":393198,"log":"Water Well","use":"Domestic","tag":61305},"geometry":{"type":"Point","coordinates":[-123.21965512356905,45.84224816728103]}},{"type":"Feature","properties":{"kind":"well","wl_id":393302,"log":"Water Well","use":"Domestic","tag":80316},"geometry":{"type":"Point","coordinates":[-123.15765258710485,45.903489197012895]}},{"type":"Feature","properties":{"kind":"well","wl_id":393304,"log":"Water Well","use":"Domestic","tag":80315},"geometry":{"type":"Point","coordinates":[-123.1623360545351,45.88597871502964]}},{"type":"Feature","properties":{"kind":"well","wl_id":393594,"log":"Water Well","use":"Domestic","tag":80313},"geometry":{"type":"Point","coordinates":[-123.1623360545351,45.88597871502964]}},{"type":"Feature","properties":{"kind":"well","wl_id":393596,"log":"Water Well","use":"Domestic","tag":80314},"geometry":{"type":"Point","coordinates":[-123.1623360545351,45.88597871502964]}},{"type":"Feature","properties":{"kind":"well","wl_id":393705,"log":"Water Well","use":"Domestic","tag":87468},"geometry":{"type":"Point","coordinates":[-123.22993129474068,45.84243133607964]}},{"type":"Feature","properties":{"kind":"well","wl_id":394915,"log":"Water Well","use":"Domestic","tag":37009},"geometry":{"type":"Point","coordinates":[-123.21435264420052,45.849386678316556]}},{"type":"Feature","properties":{"kind":"well","wl_id":397356,"log":"Water Well","use":"Domestic","tag":84960},"geometry":{"type":"Point","coordinates":[-123.28959858630218,45.712694272751264]}},{"type":"Feature","properties":{"kind":"well","wl_id":397832,"log":"Water Well","use":"Domestic","tag":84964},"geometry":{"type":"Point","coordinates":[-123.84049010657723,45.69755228462131]}},{"type":"Feature","properties":{"kind":"well","wl_id":397833,"log":"Water Well","use":"Domestic","tag":84963},"geometry":{"type":"Point","coordinates":[-123.84649524895444,45.655936891445556]}},{"type":"Feature","properties":{"kind":"well","wl_id":401603,"log":"Water Well","use":"Domestic","tag":83195},"geometry":{"type":"Point","coordinates":[-123.21435264420052,45.849386678316556]}},{"type":"Feature","properties":{"kind":"well","wl_id":402163,"log":"Water Well","use":"Domestic","tag":89204},"geometry":{"type":"Point","coordinates":[-123.92379391398838,45.71996137736528]}},{"type":"Feature","properties":{"kind":"well","wl_id":402165,"log":"Water Well","use":"Domestic","tag":89203},"geometry":{"type":"Point","coordinates":[-123.92379391398838,45.71996137736528]}},{"type":"Feature","properties":{"kind":"well","wl_id":402167,"log":"Water Well","use":"Domestic","tag":89202},"geometry":{"type":"Point","coordinates":[-123.92379391398838,45.71996137736528]}},{"type":"Feature","properties":{"kind":"well","wl_id":402516,"log":"Water Well","use":"Domestic","tag":92937},"geometry":{"type":"Point","coordinates":[-123.22733615561181,45.84423630593224]}},{"type":"Feature","properties":{"kind":"well","wl_id":403103,"log":"Water Well","use":"Domestic","tag":null},"geometry":{"type":"Point","coordinates":[-123.59982539559392,45.86501644866707]}},{"type":"Feature","properties":{"kind":"well","wl_id":403104,"log":"Water Well","use":"Domestic","tag":88274},"geometry":{"type":"Point","coordinates":[-123.59982539559392,45.86501644866707]}},{"type":"Feature","properties":{"kind":"well","wl_id":409654,"log":"Water Well","use":"Domestic","tag":null},"geometry":{"type":"Point","coordinates":[-123.70668125252318,45.86446053720824]}},{"type":"Feature","properties":{"kind":"well","wl_id":410325,"log":"Water Well","use":"Domestic","tag":null},"geometry":{"type":"Point","coordinates":[-123.22409918231804,45.97665238399849]}},{"type":"Feature","properties":{"kind":"well","wl_id":411752,"log":"Water Well","use":"Domestic","tag":null},"geometry":{"type":"Point","coordinates":[-123.27560552552892,45.99910358967904]}},{"type":"Feature","properties":{"kind":"well","wl_id":411780,"log":"Water Well","use":"Domestic","tag":null},"geometry":{"type":"Point","coordinates":[-123.27560552552892,45.99910358967904]}},{"type":"Feature","properties":{"kind":"well","wl_id":411876,"log":"Water Well","use":"Domestic","tag":89216},"geometry":{"type":"Point","coordinates":[-123.54255814522628,45.94591269918855]}},{"type":"Feature","properties":{"kind":"well","wl_id":412892,"log":"Water Well","use":"Domestic","tag":93922},"geometry":{"type":"Point","coordinates":[-123.18787672795759,45.97664914764659]}},{"type":"Feature","properties":{"kind":"well","wl_id":412975,"log":"Water Well","use":"Domestic","tag":89219},"geometry":{"type":"Point","coordinates":[-123.84686359785938,45.65204192159553]}},{"type":"Feature","properties":{"kind":"well","wl_id":412976,"log":"Water Well","use":"Domestic","tag":89218},"geometry":{"type":"Point","coordinates":[-123.79935211097568,45.697386758588046]}},{"type":"Feature","properties":{"kind":"well","wl_id":413348,"log":"Water Well","use":"Domestic","tag":89221},"geometry":{"type":"Point","coordinates":[-123.53723439307916,45.892629726504836]}},{"type":"Feature","properties":{"kind":"well","wl_id":413628,"log":"Water Well","use":"Domestic","tag":90146},"geometry":{"type":"Point","coordinates":[-123.16173745344712,45.933087937975635]}},{"type":"Feature","properties":{"kind":"well","wl_id":413883,"log":"Water Well","use":"Community","tag":null},"geometry":{"type":"Point","coordinates":[-123.48610667381567,45.934889614109906]}},{"type":"Feature","properties":{"kind":"well","wl_id":413884,"log":"Water Well","use":"Community","tag":null},"geometry":{"type":"Point","coordinates":[-123.48610667381567,45.934889614109906]}},{"type":"Feature","properties":{"kind":"well","wl_id":414019,"log":"Water Well","use":"Domestic","tag":89224},"geometry":{"type":"Point","coordinates":[-123.54904035719836,45.861479013768005]}},{"type":"Feature","properties":{"kind":"well","wl_id":414020,"log":"Water Well","use":"Domestic","tag":95426},"geometry":{"type":"Point","coordinates":[-123.27578094990234,46.02108301115154]}},{"type":"Feature","properties":{"kind":"well","wl_id":414115,"log":"Water Well","use":"Domestic","tag":96492},"geometry":{"type":"Point","coordinates":[-123.42232180630661,45.98837945352901]}},{"type":"Feature","properties":{"kind":"well","wl_id":415271,"log":"Water Well","use":"Domestic","tag":97563},"geometry":{"type":"Point","coordinates":[-123.79138392032938,45.70287511028426]}},{"type":"Feature","properties":{"kind":"well","wl_id":416070,"log":"Water Well","use":"Domestic","tag":92652},"geometry":{"type":"Point","coordinates":[-123.58443050332859,45.86488336994105]}},{"type":"Feature","properties":{"kind":"well","wl_id":416633,"log":"Water Well","use":"Domestic","tag":96456},"geometry":{"type":"Point","coordinates":[-123.23963871654757,45.983649932392915]}},{"type":"Feature","properties":{"kind":"well","wl_id":416857,"log":"Water Well","use":"Domestic","tag":92677},"geometry":{"type":"Point","coordinates":[-123.82551784960766,45.77049402960224]}},{"type":"Feature","properties":{"kind":"well","wl_id":416859,"log":"Water Well","use":"Domestic","tag":92678},"geometry":{"type":"Point","coordinates":[-123.82551784960766,45.77049402960224]}},{"type":"Feature","properties":{"kind":"well","wl_id":417409,"log":"Water Well","use":"Domestic","tag":92117},"geometry":{"type":"Point","coordinates":[-123.9134434451443,45.68392150624057]}},{"type":"Feature","properties":{"kind":"well","wl_id":417410,"log":"Water Well","use":"Domestic","tag":92118},"geometry":{"type":"Point","coordinates":[-123.9134434451443,45.68392150624057]}},{"type":"Feature","properties":{"kind":"well","wl_id":417670,"log":"Water Well","use":"Domestic","tag":92681},"geometry":{"type":"Point","coordinates":[-123.80455669041584,45.69312902766411]}},{"type":"Feature","properties":{"kind":"well","wl_id":417963,"log":"Water Well","use":"Domestic","tag":98526},"geometry":{"type":"Point","coordinates":[-123.84623337701714,45.740922716508464]}},{"type":"Feature","properties":{"kind":"well","wl_id":417964,"log":"Water Well","use":"Domestic","tag":98511},"geometry":{"type":"Point","coordinates":[-123.84623337701714,45.740922716508464]}},{"type":"Feature","properties":{"kind":"well","wl_id":418250,"log":"Water Well","use":"Domestic","tag":90199},"geometry":{"type":"Point","coordinates":[-123.16225321993065,45.962280939353825]}},{"type":"Feature","properties":{"kind":"well","wl_id":419443,"log":"Water Well","use":"Domestic","tag":92683},"geometry":{"type":"Point","coordinates":[-123.25694513687415,45.831976942767014]}},{"type":"Feature","properties":{"kind":"well","wl_id":420194,"log":"Water Well","use":"Domestic","tag":92686},"geometry":{"type":"Point","coordinates":[-123.57861638338117,45.96075230550145]}},{"type":"Feature","properties":{"kind":"well","wl_id":420403,"log":"Water Well","use":"Domestic","tag":92687},"geometry":{"type":"Point","coordinates":[-123.84710937645531,45.64812620084319]}},{"type":"Feature","properties":{"kind":"well","wl_id":420476,"log":"Water Well","use":"Domestic","tag":null},"geometry":{"type":"Point","coordinates":[-123.64928957812205,45.74787652686099]}},{"type":"Feature","properties":{"kind":"well","wl_id":420477,"log":"Water Well","use":"Domestic","tag":97490},"geometry":{"type":"Point","coordinates":[-123.64928957812205,45.74787652686099]}},{"type":"Feature","properties":{"kind":"well","wl_id":422001,"log":"Water Well","use":"Domestic","tag":44732},"geometry":{"type":"Point","coordinates":[-123.38667036026148,45.98769424759789]}},{"type":"Feature","properties":{"kind":"well","wl_id":422002,"log":"Water Well","use":"Domestic","tag":44732},"geometry":{"type":"Point","coordinates":[-123.38667036026148,45.98769424759789]}},{"type":"Feature","properties":{"kind":"well","wl_id":423822,"log":"Water Well","use":"Domestic","tag":92656},"geometry":{"type":"Point","coordinates":[-123.17226830395778,45.87981850373276]}},{"type":"Feature","properties":{"kind":"well","wl_id":425853,"log":"Water Well","use":"Domestic","tag":73672},"geometry":{"type":"Point","coordinates":[-123.34705951694403,46.003467232444706]}},{"type":"Feature","properties":{"kind":"well","wl_id":429655,"log":"Water Well","use":"Industrial","tag":92659},"geometry":{"type":"Point","coordinates":[-123.59468325541222,45.86497858930812]}},{"type":"Feature","properties":{"kind":"well","wl_id":430456,"log":"Water Well","use":"Domestic","tag":null},"geometry":{"type":"Point","coordinates":[-123.85727289479281,45.63271063930069]}},{"type":"Feature","properties":{"kind":"well","wl_id":430457,"log":"Water Well","use":"Domestic","tag":96777},"geometry":{"type":"Point","coordinates":[-123.8599476556075,45.632036949017305]}},{"type":"Feature","properties":{"kind":"well","wl_id":430458,"log":"Water Well","use":"Domestic","tag":96778},"geometry":{"type":"Point","coordinates":[-123.68572484338611,45.83870064857422]}},{"type":"Feature","properties":{"kind":"well","wl_id":431257,"log":"Water Well","use":"Domestic","tag":96781},"geometry":{"type":"Point","coordinates":[-123.21240505264903,45.84184867777548]}},{"type":"Feature","properties":{"kind":"well","wl_id":431512,"log":"Water Well","use":"Domestic","tag":null},"geometry":{"type":"Point","coordinates":[-123.54730687389616,45.8892566656899]}},{"type":"Feature","properties":{"kind":"well","wl_id":431525,"log":"Water Well","use":"Other (multi)","tag":100949},"geometry":{"type":"Point","coordinates":[-123.8238476325348,45.78728135134735]}},{"type":"Feature","properties":{"kind":"well","wl_id":432612,"log":"Water Well","use":"Domestic","tag":null},"geometry":{"type":"Point","coordinates":[-123.54237278987257,45.87485966490393]}},{"type":"Feature","properties":{"kind":"well","wl_id":432629,"log":"Water Well","use":"Domestic","tag":88693},"geometry":{"type":"Point","coordinates":[-123.10580390778848,45.84877963929549]}},{"type":"Feature","properties":{"kind":"well","wl_id":432749,"log":"Water Well","use":"Domestic","tag":100350},"geometry":{"type":"Point","coordinates":[-123.85399469998374,45.70485535307246]}},{"type":"Feature","properties":{"kind":"well","wl_id":432859,"log":"Water Well","use":"Domestic","tag":102430},"geometry":{"type":"Point","coordinates":[-123.69374158454333,45.837999377558354]}},{"type":"Feature","properties":{"kind":"well","wl_id":433294,"log":"Water Well","use":"Domestic","tag":102377},"geometry":{"type":"Point","coordinates":[-123.3417454401913,45.97423572141062]}},{"type":"Feature","properties":{"kind":"well","wl_id":433295,"log":"Water Well","use":"Domestic","tag":102377},"geometry":{"type":"Point","coordinates":[-123.3417454401913,45.97423572141062]}},{"type":"Feature","properties":{"kind":"well","wl_id":433296,"log":"Water Well","use":"Domestic","tag":100013},"geometry":{"type":"Point","coordinates":[-123.2498463035277,46.005756232741625]}},{"type":"Feature","properties":{"kind":"well","wl_id":433896,"log":"Water Well","use":"Domestic","tag":100014},"geometry":{"type":"Point","coordinates":[-123.2498463035277,46.005756232741625]}},{"type":"Feature","properties":{"kind":"well","wl_id":437716,"log":"Water Well","use":"Domestic","tag":103743},"geometry":{"type":"Point","coordinates":[-123.5433348057087,45.94702960857331]}},{"type":"Feature","properties":{"kind":"well","wl_id":438338,"log":"Water Well","use":"Domestic","tag":73653},"geometry":{"type":"Point","coordinates":[-123.21325891855841,45.7781663838626]}},{"type":"Feature","properties":{"kind":"well","wl_id":439510,"log":"Water Well","use":"Domestic","tag":92669},"geometry":{"type":"Point","coordinates":[-123.32619931543886,45.86736083681248]}},{"type":"Feature","properties":{"kind":"well","wl_id":440551,"log":"Water Well","use":"Domestic","tag":96788},"geometry":{"type":"Point","coordinates":[-123.85492527004656,45.704586213044095]}},{"type":"Feature","properties":{"kind":"well","wl_id":441322,"log":"Water Well","use":"Domestic","tag":92670},"geometry":{"type":"Point","coordinates":[-123.60331468776319,45.823721385608465]}},{"type":"Feature","properties":{"kind":"well","wl_id":441323,"log":"Water Well","use":"Domestic","tag":92671},"geometry":{"type":"Point","coordinates":[-123.25488146923391,45.846487003316284]}},{"type":"Feature","properties":{"kind":"well","wl_id":442560,"log":"Water Well","use":"Domestic","tag":96791},"geometry":{"type":"Point","coordinates":[-123.85524574704444,45.6397225600054]}},{"type":"Feature","properties":{"kind":"well","wl_id":442843,"log":"Water Well","use":"Domestic","tag":null},"geometry":{"type":"Point","coordinates":[-123.17245322766746,45.848644571992985]}},{"type":"Feature","properties":{"kind":"well","wl_id":442844,"log":"Water Well","use":"Domestic","tag":103928},"geometry":{"type":"Point","coordinates":[-123.17351462816754,45.84862543196956]}},{"type":"Feature","properties":{"kind":"well","wl_id":443661,"log":"Water Well","use":"Domestic","tag":96793},"geometry":{"type":"Point","coordinates":[-123.80642371397022,45.80368536375948]}},{"type":"Feature","properties":{"kind":"well","wl_id":443885,"log":"Water Well","use":"Domestic","tag":73671},"geometry":{"type":"Point","coordinates":[-123.235097517312,45.849790305724994]}},{"type":"Feature","properties":{"kind":"well","wl_id":443915,"log":"Water Well","use":"Domestic","tag":null},"geometry":{"type":"Point","coordinates":[-123.26000459294944,45.998804051386955]}},{"type":"Feature","properties":{"kind":"well","wl_id":445881,"log":"Water Well","use":"Domestic","tag":null},"geometry":{"type":"Point","coordinates":[-123.91883431270959,45.673067214663476]}},{"type":"Feature","properties":{"kind":"well","wl_id":445890,"log":"Water Well","use":"Domestic","tag":null},"geometry":{"type":"Point","coordinates":[-123.17743456692395,45.887021674148926]}},{"type":"Feature","properties":{"kind":"well","wl_id":446688,"log":"Water Well","use":"Domestic","tag":96797},"geometry":{"type":"Point","coordinates":[-123.85618053001387,45.70432254298785]}},{"type":"Feature","properties":{"kind":"well","wl_id":447753,"log":"Water Well","use":"Domestic","tag":103956},"geometry":{"type":"Point","coordinates":[-123.69639097814597,45.85388408818407]}},{"type":"Feature","properties":{"kind":"well","wl_id":450743,"log":"Water Well","use":"Domestic","tag":null},"geometry":{"type":"Point","coordinates":[-123.84612027531291,45.7815897583513]}},{"type":"Feature","properties":{"kind":"well","wl_id":453767,"log":"Water Well","use":"Domestic","tag":105900},"geometry":{"type":"Point","coordinates":[-123.22480892460403,45.8423364263961]}},{"type":"Feature","properties":{"kind":"well","wl_id":454610,"log":"Water Well","use":"Unknown","tag":107337},"geometry":{"type":"Point","coordinates":[-123.32900999724673,45.87405719711396]}},{"type":"Feature","properties":{"kind":"well","wl_id":454641,"log":"Water Well","use":"Domestic","tag":null},"geometry":{"type":"Point","coordinates":[-123.57429028992507,45.85544529047176]}},{"type":"Feature","properties":{"kind":"well","wl_id":454895,"log":"Water Well","use":"Domestic","tag":107478},"geometry":{"type":"Point","coordinates":[-123.29990819645305,45.750158833466465]}},{"type":"Feature","properties":{"kind":"well","wl_id":455786,"log":"Water Well","use":"Domestic","tag":107349},"geometry":{"type":"Point","coordinates":[-123.30730265351957,45.875472419721554]}},{"type":"Feature","properties":{"kind":"well","wl_id":455994,"log":"Water Well","use":"Domestic","tag":null},"geometry":{"type":"Point","coordinates":[-123.23505778621876,45.846148395930754]}},{"type":"Feature","properties":{"kind":"well","wl_id":455995,"log":"Water Well","use":"Domestic","tag":105010},"geometry":{"type":"Point","coordinates":[-123.23505778621876,45.846148395930754]}},{"type":"Feature","properties":{"kind":"well","wl_id":457848,"log":"Water Well","use":"Domestic","tag":108100},"geometry":{"type":"Point","coordinates":[-123.59278469009453,45.83930538818079]}},{"type":"Feature","properties":{"kind":"well","wl_id":458467,"log":"Water Well","use":"Domestic","tag":105345},"geometry":{"type":"Point","coordinates":[-123.13651433354195,45.90006031847852]}},{"type":"Feature","properties":{"kind":"well","wl_id":460030,"log":"Water Well","use":"Domestic","tag":105021},"geometry":{"type":"Point","coordinates":[-123.84600597315328,45.72650772506401]}},{"type":"Feature","properties":{"kind":"well","wl_id":462924,"log":"Water Well","use":"Domestic","tag":49711},"geometry":{"type":"Point","coordinates":[-123.18312967837143,45.84189623106299]}},{"type":"Feature","properties":{"kind":"well","wl_id":463640,"log":"Water Well","use":"Unknown","tag":996},"geometry":{"type":"Point","coordinates":[-123.18269220350906,45.86877690182258]}},{"type":"Feature","properties":{"kind":"well","wl_id":466406,"log":"Water Well","use":"Domestic","tag":105022},"geometry":{"type":"Point","coordinates":[-123.27444018317989,45.799860068928425]}},{"type":"Feature","properties":{"kind":"well","wl_id":466407,"log":"Water Well","use":"Domestic","tag":105023},"geometry":{"type":"Point","coordinates":[-123.85015091812086,45.65264066143521]}},{"type":"Feature","properties":{"kind":"well","wl_id":466596,"log":"Water Well","use":"Unknown","tag":82692},"geometry":{"type":"Point","coordinates":[-123.18534922626881,45.97483650764496]}},{"type":"Feature","properties":{"kind":"well","wl_id":469299,"log":"Water Well","use":"Domestic","tag":108714},"geometry":{"type":"Point","coordinates":[-123.60149274932937,45.83025442615415]}},{"type":"Feature","properties":{"kind":"well","wl_id":469390,"log":"Water Well","use":"Domestic","tag":82699},"geometry":{"type":"Point","coordinates":[-123.8676510538842,45.762796105431484]}},{"type":"Feature","properties":{"kind":"well","wl_id":470796,"log":"Water Well","use":"Domestic","tag":null},"geometry":{"type":"Point","coordinates":[-123.24534439845765,45.849942124510214]}},{"type":"Feature","properties":{"kind":"well","wl_id":470822,"log":"Water Well","use":"Domestic","tag":110832},"geometry":{"type":"Point","coordinates":[-123.19403462497931,45.82224542870734]}},{"type":"Feature","properties":{"kind":"well","wl_id":470947,"log":"Water Well","use":"Domestic","tag":null},"geometry":{"type":"Point","coordinates":[-123.24534439845765,45.849942124510214]}},{"type":"Feature","properties":{"kind":"well","wl_id":471375,"log":"Water Well","use":"Domestic","tag":110837},"geometry":{"type":"Point","coordinates":[-123.14886462337158,45.84590543465798]}},{"type":"Feature","properties":{"kind":"well","wl_id":472077,"log":"Water Well","use":"Domestic","tag":109490},"geometry":{"type":"Point","coordinates":[-123.21465853148787,45.88055076950695]}},{"type":"Feature","properties":{"kind":"well","wl_id":472676,"log":"Water Well","use":"Domestic","tag":null},"geometry":{"type":"Point","coordinates":[-123.92379391398838,45.71996137736528]}},{"type":"Feature","properties":{"kind":"well","wl_id":472677,"log":"Water Well","use":"Domestic","tag":110844},"geometry":{"type":"Point","coordinates":[-123.92379391398838,45.71996137736528]}},{"type":"Feature","properties":{"kind":"well","wl_id":472934,"log":"Water Well","use":"Domestic","tag":110846},"geometry":{"type":"Point","coordinates":[-123.13536801347485,45.900237088935235]}},{"type":"Feature","properties":{"kind":"well","wl_id":475606,"log":"Water Well","use":"Domestic","tag":112346},"geometry":{"type":"Point","coordinates":[-123.24790280784022,45.844474504501456]}},{"type":"Feature","properties":{"kind":"well","wl_id":476533,"log":"Water Well","use":"Domestic","tag":108713},"geometry":{"type":"Point","coordinates":[-123.19813531177759,45.75312925407827]}},{"type":"Feature","properties":{"kind":"well","wl_id":477114,"log":"Water Well","use":"Domestic","tag":110376},"geometry":{"type":"Point","coordinates":[-123.85279246631053,45.6434679106813]}},{"type":"Feature","properties":{"kind":"well","wl_id":480063,"log":"Water Well","use":"Domestic","tag":110380},"geometry":{"type":"Point","coordinates":[-123.84596333235615,45.72289864539789]}},{"type":"Feature","properties":{"kind":"well","wl_id":480546,"log":"Water Well","use":"Domestic","tag":110271},"geometry":{"type":"Point","coordinates":[-123.34066045131135,45.97815368124803]}},{"type":"Feature","properties":{"kind":"well","wl_id":481813,"log":"Water Well","use":"Domestic","tag":114307},"geometry":{"type":"Point","coordinates":[-123.86791582037964,45.744423653802244]}},{"type":"Feature","properties":{"kind":"well","wl_id":481889,"log":"Water Well","use":"Domestic","tag":113883},"geometry":{"type":"Point","coordinates":[-123.21182462343177,45.798695425005896]}},{"type":"Feature","properties":{"kind":"well","wl_id":481890,"log":"Water Well","use":"Domestic","tag":113882},"geometry":{"type":"Point","coordinates":[-123.2122646232123,45.79852542494873]}},{"type":"Feature","properties":{"kind":"well","wl_id":482066,"log":"Water Well","use":"Domestic","tag":null},"geometry":{"type":"Point","coordinates":[-123.60388043044975,45.833300186784726]}},{"type":"Feature","properties":{"kind":"well","wl_id":482067,"log":"Water Well","use":"Domestic","tag":113884},"geometry":{"type":"Point","coordinates":[-123.60662049098875,45.83424926613083]}},{"type":"Feature","properties":{"kind":"well","wl_id":482164,"log":"Water Well","use":"Domestic","tag":114346},"geometry":{"type":"Point","coordinates":[-123.60669473104629,45.83427671608865]}},{"type":"Feature","properties":{"kind":"well","wl_id":482314,"log":"Water Well","use":"Domestic","tag":114917},"geometry":{"type":"Point","coordinates":[-123.77849737713154,45.697749620560195]}},{"type":"Feature","properties":{"kind":"well","wl_id":482315,"log":"Water Well","use":"Domestic","tag":114916},"geometry":{"type":"Point","coordinates":[-123.77849737713154,45.697749620560195]}},{"type":"Feature","properties":{"kind":"well","wl_id":484030,"log":"Water Well","use":"Domestic","tag":113496},"geometry":{"type":"Point","coordinates":[-123.8377877863305,45.747627097503894]}},{"type":"Feature","properties":{"kind":"well","wl_id":484310,"log":"Water Well","use":"Domestic","tag":null},"geometry":{"type":"Point","coordinates":[-123.27981156394871,45.803658848666906]}},{"type":"Feature","properties":{"kind":"well","wl_id":484446,"log":"Water Well","use":"Domestic","tag":null},"geometry":{"type":"Point","coordinates":[-123.22670363417923,45.84247342591292]}},{"type":"Feature","properties":{"kind":"well","wl_id":484867,"log":"Water Well","use":"Domestic","tag":null},"geometry":{"type":"Point","coordinates":[-123.25053317793983,45.83906549321946]}},{"type":"Feature","properties":{"kind":"well","wl_id":484868,"log":"Water Well","use":"Domestic","tag":null},"geometry":{"type":"Point","coordinates":[-123.25053317793983,45.83906549321946]}},{"type":"Feature","properties":{"kind":"well","wl_id":485832,"log":"Water Well","use":"Domestic","tag":110382},"geometry":{"type":"Point","coordinates":[-123.22668700516903,45.84249903625618]}},{"type":"Feature","properties":{"kind":"well","wl_id":486766,"log":"Water Well","use":"Domestic","tag":115978},"geometry":{"type":"Point","coordinates":[-123.84936548855187,45.65597141154306]}},{"type":"Feature","properties":{"kind":"well","wl_id":487637,"log":"Water Well","use":"Domestic","tag":null},"geometry":{"type":"Point","coordinates":[-123.23488751947282,45.857445626153726]}},{"type":"Feature","properties":{"kind":"well","wl_id":487947,"log":"Water Well","use":"Domestic","tag":115986},"geometry":{"type":"Point","coordinates":[-123.23731288893875,45.856997945533806]}},{"type":"Feature","properties":{"kind":"well","wl_id":492313,"log":"Water Well","use":"Domestic","tag":114653},"geometry":{"type":"Point","coordinates":[-123.20729663379136,45.852598428835364]}},{"type":"Feature","properties":{"kind":"well","wl_id":493689,"log":"Water Well","use":"Domestic","tag":113839},"geometry":{"type":"Point","coordinates":[-123.2419742362743,45.981954982213296]}},{"type":"Feature","properties":{"kind":"well","wl_id":494436,"log":"Water Well","use":"Domestic","tag":113832},"geometry":{"type":"Point","coordinates":[-123.69767403732985,45.84649080771454]}},{"type":"Feature","properties":{"kind":"well","wl_id":495348,"log":"Water Well","use":"Domestic","tag":114264},"geometry":{"type":"Point","coordinates":[-123.79138392032938,45.70287511028426]}},{"type":"Feature","properties":{"kind":"well","wl_id":497352,"log":"Water Well","use":"Domestic","tag":113839},"geometry":{"type":"Point","coordinates":[-123.2419742362743,45.981954982213296]}},{"type":"Feature","properties":{"kind":"well","wl_id":497573,"log":"Water Well","use":"Domestic","tag":118708},"geometry":{"type":"Point","coordinates":[-123.5310147014528,45.9390053999015]}},{"type":"Feature","properties":{"kind":"well","wl_id":497755,"log":"Water Well","use":"Unknown","tag":null},"geometry":{"type":"Point","coordinates":[-123.56876202127894,45.86754592172263]}},{"type":"Feature","properties":{"kind":"well","wl_id":497756,"log":"Water Well","use":"Domestic","tag":null},"geometry":{"type":"Point","coordinates":[-123.57388177402943,45.871192071575535]}},{"type":"Feature","properties":{"kind":"well","wl_id":497757,"log":"Water Well","use":"Unknown","tag":null},"geometry":{"type":"Point","coordinates":[-123.57388177402943,45.871192071575535]}},{"type":"Feature","properties":{"kind":"well","wl_id":497935,"log":"Water Well","use":"Domestic","tag":null},"geometry":{"type":"Point","coordinates":[-123.60388043044975,45.833300186784726]}},{"type":"Feature","properties":{"kind":"well","wl_id":497938,"log":"Water Well","use":"Domestic","tag":75258},"geometry":{"type":"Point","coordinates":[-123.60388043044975,45.833300186784726]}},{"type":"Feature","properties":{"kind":"well","wl_id":498461,"log":"Water Well","use":"Domestic","tag":114655},"geometry":{"type":"Point","coordinates":[-123.81278626227625,45.69517636679912]}},{"type":"Feature","properties":{"kind":"well","wl_id":500332,"log":"Water Well","use":"Domestic","tag":118744},"geometry":{"type":"Point","coordinates":[-123.22733615561181,45.84423630593224]}},{"type":"Feature","properties":{"kind":"well","wl_id":500521,"log":"Water Well","use":"Domestic","tag":114664},"geometry":{"type":"Point","coordinates":[-123.84665937250219,45.77093617739892]}},{"type":"Feature","properties":{"kind":"well","wl_id":501728,"log":"Water Well","use":"Domestic","tag":118122},"geometry":{"type":"Point","coordinates":[-123.18186229871912,45.84510053077101]}},{"type":"Feature","properties":{"kind":"well","wl_id":502989,"log":"Water Well","use":"Domestic","tag":120081},"geometry":{"type":"Point","coordinates":[-123.18328520807937,45.84453439061051]}},{"type":"Feature","properties":{"kind":"well","wl_id":504006,"log":"Water Well","use":"Domestic","tag":120727},"geometry":{"type":"Point","coordinates":[-123.84807450819383,45.701768633597226]}},{"type":"Feature","properties":{"kind":"well","wl_id":506396,"log":"Water Well","use":"Domestic","tag":114246},"geometry":{"type":"Point","coordinates":[-123.39636871234926,45.99191945632045]}},{"type":"Feature","properties":{"kind":"well","wl_id":507807,"log":"Water Well","use":"Domestic","tag":121327},"geometry":{"type":"Point","coordinates":[-123.4274268423373,45.966924312022236]}},{"type":"Feature","properties":{"kind":"well","wl_id":508187,"log":"Water Well","use":"Domestic","tag":116287},"geometry":{"type":"Point","coordinates":[-123.56243742720477,45.895467303599425]}},{"type":"Feature","properties":{"kind":"well","wl_id":509921,"log":"Water Well","use":"Domestic","tag":120160},"geometry":{"type":"Point","coordinates":[-123.21371072433475,45.85117902793806]}},{"type":"Feature","properties":{"kind":"well","wl_id":510103,"log":"Water Well","use":"Domestic","tag":null},"geometry":{"type":"Point","coordinates":[-123.22480892460403,45.8423364263961]}},{"type":"Feature","properties":{"kind":"well","wl_id":510104,"log":"Water Well","use":"Domestic","tag":null},"geometry":{"type":"Point","coordinates":[-123.22480892460403,45.8423364263961]}},{"type":"Feature","properties":{"kind":"well","wl_id":510105,"log":"Water Well","use":"Domestic","tag":120748},"geometry":{"type":"Point","coordinates":[-123.22285547466535,45.84303529689997]}},{"type":"Feature","properties":{"kind":"well","wl_id":511511,"log":"Water Well","use":"Domestic","tag":119493},"geometry":{"type":"Point","coordinates":[-123.83702470807991,45.7525753578026]}},{"type":"Feature","properties":{"kind":"well","wl_id":511613,"log":"Water Well","use":"Domestic","tag":123457},"geometry":{"type":"Point","coordinates":[-123.24731659234642,46.00389074314141]}},{"type":"Feature","properties":{"kind":"well","wl_id":511840,"log":"Water Well","use":"Domestic","tag":121340},"geometry":{"type":"Point","coordinates":[-123.42058034179824,45.97096840262842]}},{"type":"Feature","properties":{"kind":"well","wl_id":514463,"log":"Water Well","use":"Domestic","tag":120163},"geometry":{"type":"Point","coordinates":[-123.55402010869932,45.86222092278097]}},{"type":"Feature","properties":{"kind":"well","wl_id":514982,"log":"Water Well","use":"Domestic","tag":null},"geometry":{"type":"Point","coordinates":[-123.19863061062244,45.845982739143814]}},{"type":"Feature","properties":{"kind":"well","wl_id":515980,"log":"Water Well","use":"Domestic","tag":123290},"geometry":{"type":"Point","coordinates":[-123.41321840964738,45.96849773365124]}},{"type":"Feature","properties":{"kind":"well","wl_id":515981,"log":"Water Well","use":"Domestic","tag":123289},"geometry":{"type":"Point","coordinates":[-123.41376217024303,45.96817203316634]}},{"type":"Feature","properties":{"kind":"well","wl_id":517097,"log":"Water Well","use":"Domestic","tag":116292},"geometry":{"type":"Point","coordinates":[-123.27548281852052,45.82522063004337]}},{"type":"Feature","properties":{"kind":"well","wl_id":519533,"log":"Water Well","use":"Domestic","tag":124288},"geometry":{"type":"Point","coordinates":[-123.54652524442311,45.89352551596205]}},{"type":"Feature","properties":{"kind":"well","wl_id":520939,"log":"Water Well","use":"Unknown","tag":125707},"geometry":{"type":"Point","coordinates":[-123.86612582228804,45.75611646470473]}},{"type":"Feature","properties":{"kind":"well","wl_id":521791,"log":"Water Well","use":"Domestic","tag":121498},"geometry":{"type":"Point","coordinates":[-123.36195325412041,45.976940099587736]}},{"type":"Feature","properties":{"kind":"well","wl_id":521868,"log":"Water Well","use":"Domestic","tag":124286},"geometry":{"type":"Point","coordinates":[-123.54296475965148,45.87358990505646]}},{"type":"Feature","properties":{"kind":"well","wl_id":524928,"log":"Water Well","use":"Domestic","tag":124922},"geometry":{"type":"Point","coordinates":[-123.18739429592834,45.827058669405]}},{"type":"Feature","properties":{"kind":"well","wl_id":524981,"log":"Water Well","use":"Domestic","tag":114700},"geometry":{"type":"Point","coordinates":[-123.59982539559392,45.86501644866707]}},{"type":"Feature","properties":{"kind":"well","wl_id":525554,"log":"Water Well","use":"Domestic","tag":127116},"geometry":{"type":"Point","coordinates":[-123.84941249785123,45.65025556121288]}},{"type":"Feature","properties":{"kind":"well","wl_id":525883,"log":"Water Well","use":"Domestic","tag":125126},"geometry":{"type":"Point","coordinates":[-123.59982539559392,45.86501644866707]}},{"type":"Feature","properties":{"kind":"well","wl_id":526355,"log":"Water Well","use":"Domestic","tag":116297},"geometry":{"type":"Point","coordinates":[-123.17235320142703,45.86866907297963]}},{"type":"Feature","properties":{"kind":"well","wl_id":526604,"log":"Water Well","use":"Domestic","tag":126806},"geometry":{"type":"Point","coordinates":[-123.59067175366465,45.859833059404295]}},{"type":"Feature","properties":{"kind":"well","wl_id":526896,"log":"Water Well","use":"Domestic","tag":126063},"geometry":{"type":"Point","coordinates":[-123.56830897491973,45.88219162309889]}},{"type":"Feature","properties":{"kind":"well","wl_id":528692,"log":"Water Well","use":"Domestic","tag":125128},"geometry":{"type":"Point","coordinates":[-123.57930678122386,45.85530038050804]}},{"type":"Feature","properties":{"kind":"well","wl_id":528745,"log":"Water Well","use":"Domestic","tag":117670},"geometry":{"type":"Point","coordinates":[-123.86793712193311,45.75169058445652]}},{"type":"Feature","properties":{"kind":"well","wl_id":530299,"log":"Water Well","use":"Domestic","tag":128430},"geometry":{"type":"Point","coordinates":[-123.16138639956759,45.77161467902579]}},{"type":"Feature","properties":{"kind":"well","wl_id":531759,"log":"Water Well","use":"Domestic","tag":128427},"geometry":{"type":"Point","coordinates":[-123.18305092910273,45.845441830717434]}},{"type":"Feature","properties":{"kind":"well","wl_id":532235,"log":"Water Well","use":"Domestic","tag":128429},"geometry":{"type":"Point","coordinates":[-123.20904290372557,45.85328124893649]}},{"type":"Feature","properties":{"kind":"well","wl_id":532417,"log":"Water Well","use":"Domestic","tag":128428},"geometry":{"type":"Point","coordinates":[-123.24017835935521,45.85360932544448]}},{"type":"Feature","properties":{"kind":"well","wl_id":533430,"log":"Water Well","use":"Domestic","tag":127669},"geometry":{"type":"Point","coordinates":[-123.54730473480222,45.89642216554404]}},{"type":"Feature","properties":{"kind":"well","wl_id":533451,"log":"Water Well","use":"Domestic","tag":128437},"geometry":{"type":"Point","coordinates":[-123.1844883569032,45.83831582052057]}},{"type":"Feature","properties":{"kind":"well","wl_id":533666,"log":"Water Well","use":"Domestic","tag":128438},"geometry":{"type":"Point","coordinates":[-123.18811061330074,45.76814542641691]}},{"type":"Feature","properties":{"kind":"well","wl_id":533772,"log":"Water Well","use":"Domestic","tag":128678},"geometry":{"type":"Point","coordinates":[-123.56360469472247,45.88143539298037]}},{"type":"Feature","properties":{"kind":"well","wl_id":533773,"log":"Water Well","use":"Domestic","tag":128677},"geometry":{"type":"Point","coordinates":[-123.23419944330593,45.78174537232617]}},{"type":"Feature","properties":{"kind":"well","wl_id":535260,"log":"Water Well","use":"Domestic","tag":128680},"geometry":{"type":"Point","coordinates":[-123.21965512356905,45.84224816728103]}},{"type":"Feature","properties":{"kind":"well","wl_id":535363,"log":"Water Well","use":"Domestic","tag":118121},"geometry":{"type":"Point","coordinates":[-123.54731283239569,45.88565458494849]}},{"type":"Feature","properties":{"kind":"well","wl_id":536827,"log":"Water Well","use":"Domestic","tag":128907},"geometry":{"type":"Point","coordinates":[-123.54042469207027,45.88975539608487]}},{"type":"Feature","properties":{"kind":"well","wl_id":538721,"log":"Water Well","use":"Domestic","tag":130137},"geometry":{"type":"Point","coordinates":[-123.83040037420389,45.7853413701173]}},{"type":"Feature","properties":{"kind":"well","wl_id":539256,"log":"Water Well","use":"Domestic","tag":128684},"geometry":{"type":"Point","coordinates":[-123.85162627666575,45.73725317521039]}},{"type":"Feature","properties":{"kind":"well","wl_id":539666,"log":"Water Well","use":"Domestic","tag":128912},"geometry":{"type":"Point","coordinates":[-123.82585471294196,45.786445360843274]}},{"type":"Feature","properties":{"kind":"well","wl_id":539932,"log":"Water Well","use":"Domestic","tag":128910},"geometry":{"type":"Point","coordinates":[-123.15685935047745,45.875465075652336]}},{"type":"Feature","properties":{"kind":"well","wl_id":540117,"log":"Water Well","use":"Domestic","tag":null},"geometry":{"type":"Point","coordinates":[-123.48626180151818,45.92405446333161]}},{"type":"Feature","properties":{"kind":"well","wl_id":540227,"log":"Water Well","use":"Domestic","tag":131836},"geometry":{"type":"Point","coordinates":[-123.87551278530586,45.760963984183306]}},{"type":"Feature","properties":{"kind":"well","wl_id":540723,"log":"Water Well","use":"Domestic","tag":131846},"geometry":{"type":"Point","coordinates":[-123.70165032179132,45.86438472748201]}},{"type":"Feature","properties":{"kind":"well","wl_id":540751,"log":"Water Well","use":"Domestic","tag":128685},"geometry":{"type":"Point","coordinates":[-123.85023009310328,45.62906531005506]}},{"type":"Feature","properties":{"kind":"well","wl_id":540953,"log":"Water Well","use":"Domestic","tag":63482},"geometry":{"type":"Point","coordinates":[-123.85337903421947,45.63017635969623]}},{"type":"Feature","properties":{"kind":"well","wl_id":541384,"log":"Water Well","use":"Domestic","tag":130199},"geometry":{"type":"Point","coordinates":[-123.33789668355607,45.99241142272077]}},{"type":"Feature","properties":{"kind":"well","wl_id":541515,"log":"Water Well","use":"Domestic","tag":127621},"geometry":{"type":"Point","coordinates":[-123.87551278530586,45.760963984183306]}},{"type":"Feature","properties":{"kind":"well","wl_id":542169,"log":"Water Well","use":"Domestic","tag":128687},"geometry":{"type":"Point","coordinates":[-123.17892812612007,45.88619722390128]}},{"type":"Feature","properties":{"kind":"well","wl_id":542170,"log":"Water Well","use":"Domestic","tag":128686},"geometry":{"type":"Point","coordinates":[-123.19860445217327,45.84971531951046]}},{"type":"Feature","properties":{"kind":"well","wl_id":543069,"log":"Water Well","use":"Domestic","tag":130198},"geometry":{"type":"Point","coordinates":[-123.1529735934915,45.89043547627456]}},{"type":"Feature","properties":{"kind":"well","wl_id":543131,"log":"Water Well","use":"Domestic","tag":132122},"geometry":{"type":"Point","coordinates":[-123.851384283754,45.7264485348514]}},{"type":"Feature","properties":{"kind":"well","wl_id":543132,"log":"Water Well","use":"Domestic","tag":132104},"geometry":{"type":"Point","coordinates":[-123.87573198021063,45.68938816998794]}},{"type":"Feature","properties":{"kind":"well","wl_id":543159,"log":"Water Well","use":"Domestic","tag":132776},"geometry":{"type":"Point","coordinates":[-123.92007389353677,45.72011760741241]}},{"type":"Feature","properties":{"kind":"well","wl_id":543238,"log":"Water Well","use":"Domestic","tag":128915},"geometry":{"type":"Point","coordinates":[-123.85128650370719,45.72283138514406]}},{"type":"Feature","properties":{"kind":"well","wl_id":544254,"log":"Water Well","use":"Domestic","tag":null},"geometry":{"type":"Point","coordinates":[-123.54731283239569,45.88565458494849]}},{"type":"Feature","properties":{"kind":"well","wl_id":544536,"log":"Water Well","use":"Domestic","tag":15814},"geometry":{"type":"Point","coordinates":[-123.60541900834066,45.82709862546809]}},{"type":"Feature","properties":{"kind":"well","wl_id":546546,"log":"Water Well","use":"Domestic","tag":128690},"geometry":{"type":"Point","coordinates":[-123.26897619154911,45.79610534961956]}},{"type":"Feature","properties":{"kind":"well","wl_id":546678,"log":"Water Well","use":"Domestic","tag":132117},"geometry":{"type":"Point","coordinates":[-123.85206249521006,45.73225981532877]}},{"type":"Feature","properties":{"kind":"well","wl_id":546783,"log":"Water Well","use":"Domestic","tag":15813},"geometry":{"type":"Point","coordinates":[-123.4843046943617,45.93967540455859]}},{"type":"Feature","properties":{"kind":"well","wl_id":547315,"log":"Water Well","use":"Domestic","tag":null},"geometry":{"type":"Point","coordinates":[-123.8408566740875,45.7816828588336]}},{"type":"Feature","properties":{"kind":"well","wl_id":547316,"log":"Water Well","use":"Domestic","tag":null},"geometry":{"type":"Point","coordinates":[-123.8408566740875,45.7816828588336]}},{"type":"Feature","properties":{"kind":"well","wl_id":547317,"log":"Water Well","use":"Domestic","tag":134159},"geometry":{"type":"Point","coordinates":[-123.8408566740875,45.7816828588336]}},{"type":"Feature","properties":{"kind":"well","wl_id":548916,"log":"Water Well","use":"Domestic","tag":133905},"geometry":{"type":"Point","coordinates":[-123.8461170354814,45.73369949573662]}},{"type":"Feature","properties":{"kind":"well","wl_id":549431,"log":"Water Well","use":"Domestic","tag":15821},"geometry":{"type":"Point","coordinates":[-123.18084795791339,45.84667213138855]}},{"type":"Feature","properties":{"kind":"well","wl_id":550156,"log":"Water Well","use":"Domestic","tag":132732},"geometry":{"type":"Point","coordinates":[-123.29780535204578,45.731908182721156]}},{"type":"Feature","properties":{"kind":"well","wl_id":550529,"log":"Water Well","use":"Domestic","tag":null},"geometry":{"type":"Point","coordinates":[-123.21562894227297,45.84024850748537]}},{"type":"Feature","properties":{"kind":"well","wl_id":550535,"log":"Water Well","use":"Domestic","tag":null},"geometry":{"type":"Point","coordinates":[-123.21577700211091,45.84018721763318]}},{"type":"Feature","properties":{"kind":"well","wl_id":550666,"log":"Water Well","use":"Domestic","tag":134459},"geometry":{"type":"Point","coordinates":[-123.21569308942865,45.776789013950946]}},{"type":"Feature","properties":{"kind":"well","wl_id":552912,"log":"Water Well","use":"Domestic","tag":135920},"geometry":{"type":"Point","coordinates":[-123.70188470755022,45.8464853772015]}},{"type":"Feature","properties":{"kind":"well","wl_id":552951,"log":"Water Well","use":"Domestic","tag":135462},"geometry":{"type":"Point","coordinates":[-123.84810776644473,45.73968973602006]}},{"type":"Feature","properties":{"kind":"well","wl_id":554521,"log":"Water Well","use":"Domestic","tag":135937},"geometry":{"type":"Point","coordinates":[-123.84953692654668,45.738752575453866]}},{"type":"Feature","properties":{"kind":"well","wl_id":557658,"log":"Water Well","use":"Domestic","tag":135820},"geometry":{"type":"Point","coordinates":[-123.77968868781204,45.697489360763726]}},{"type":"Feature","properties":{"kind":"well","wl_id":557957,"log":"Water Well","use":"Domestic","tag":136629},"geometry":{"type":"Point","coordinates":[-123.28845212313907,45.74202487394336]}},{"type":"Feature","properties":{"kind":"well","wl_id":559416,"log":"Water Well","use":"Domestic","tag":107319},"geometry":{"type":"Point","coordinates":[-123.86786207267944,45.75537025447528]}},{"type":"Feature","properties":{"kind":"well","wl_id":561994,"log":"Water Well","use":"Domestic","tag":136638},"geometry":{"type":"Point","coordinates":[-123.18240081760486,45.839550380689964]}},{"type":"Feature","properties":{"kind":"well","wl_id":562190,"log":"Water Well","use":"Domestic","tag":137224},"geometry":{"type":"Point","coordinates":[-123.85758736822834,45.645364659829575]}},{"type":"Feature","properties":{"kind":"well","wl_id":562228,"log":"Water Well","use":"Domestic","tag":137223},"geometry":{"type":"Point","coordinates":[-123.83541313591088,45.70104394564517]}},{"type":"Feature","properties":{"kind":"well","wl_id":562309,"log":"Water Well","use":"Domestic","tag":125145},"geometry":{"type":"Point","coordinates":[-123.20812562149256,45.79452142538574]}},{"type":"Feature","properties":{"kind":"well","wl_id":562474,"log":"Water Well","use":"Domestic","tag":138132},"geometry":{"type":"Point","coordinates":[-123.78987529161616,45.80248929528907]}},{"type":"Feature","properties":{"kind":"well","wl_id":562659,"log":"Water Well","use":"Domestic","tag":null},"geometry":{"type":"Point","coordinates":[-123.20884148107427,45.79456944513472]}},{"type":"Feature","properties":{"kind":"well","wl_id":562660,"log":"Water Well","use":"Domestic","tag":null},"geometry":{"type":"Point","coordinates":[-123.20882003107128,45.79458814544528]}},{"type":"Feature","properties":{"kind":"well","wl_id":562661,"log":"Water Well","use":"Domestic","tag":null},"geometry":{"type":"Point","coordinates":[-123.20882003200477,45.79455448500646]}},{"type":"Feature","properties":{"kind":"well","wl_id":562667,"log":"Water Well","use":"Domestic","tag":137234},"geometry":{"type":"Point","coordinates":[-123.49981732414398,45.929065542683226]}},{"type":"Feature","properties":{"kind":"well","wl_id":562668,"log":"Water Well","use":"Domestic","tag":null},"geometry":{"type":"Point","coordinates":[-123.49935062473557,45.928949872135384]}},{"type":"Feature","properties":{"kind":"well","wl_id":563815,"log":"Water Well","use":"Domestic","tag":136643},"geometry":{"type":"Point","coordinates":[-123.23264778883075,45.80882769397386]}},{"type":"Feature","properties":{"kind":"well","wl_id":564195,"log":"Water Well","use":"Domestic","tag":null},"geometry":{"type":"Point","coordinates":[-123.48823172340865,45.93308232420595]}},{"type":"Feature","properties":{"kind":"well","wl_id":564288,"log":"Water Well","use":"Domestic","tag":135498},"geometry":{"type":"Point","coordinates":[-123.19151462829018,45.83691542982592]}},{"type":"Feature","properties":{"kind":"well","wl_id":564792,"log":"Water Well","use":"Domestic","tag":null},"geometry":{"type":"Point","coordinates":[-123.48844630342913,45.93307486404977]}},{"type":"Feature","properties":{"kind":"well","wl_id":564810,"log":"Water Well","use":"Domestic","tag":null},"geometry":{"type":"Point","coordinates":[-123.48957819328903,45.93243314398407]}},{"type":"Feature","properties":{"kind":"well","wl_id":564818,"log":"Water Well","use":"Domestic","tag":136644},"geometry":{"type":"Point","coordinates":[-123.48851461371716,45.93315896336248]}},{"type":"Feature","properties":{"kind":"well","wl_id":564960,"log":"Water Well","use":"Domestic","tag":138556},"geometry":{"type":"Point","coordinates":[-123.85125070243586,45.720322354498904]}},{"type":"Feature","properties":{"kind":"well","wl_id":565076,"log":"Water Well","use":"Domestic","tag":139227},"geometry":{"type":"Point","coordinates":[-123.49738369555313,45.932274403010545]}},{"type":"Feature","properties":{"kind":"well","wl_id":565124,"log":"Water Well","use":"Domestic","tag":null},"geometry":{"type":"Point","coordinates":[-123.48840339413891,45.932936824017936]}},{"type":"Feature","properties":{"kind":"well","wl_id":565137,"log":"Water Well","use":"Domestic","tag":138277},"geometry":{"type":"Point","coordinates":[-123.2400362921693,45.82449605402171]}},{"type":"Feature","properties":{"kind":"well","wl_id":565572,"log":"Water Well","use":"Domestic","tag":137239},"geometry":{"type":"Point","coordinates":[-123.2049146311318,45.84410412871611]}},{"type":"Feature","properties":{"kind":"well","wl_id":565573,"log":"Water Well","use":"Domestic","tag":null},"geometry":{"type":"Point","coordinates":[-123.20410460121325,45.844750618597146]}},{"type":"Feature","properties":{"kind":"well","wl_id":565574,"log":"Water Well","use":"Domestic","tag":null},"geometry":{"type":"Point","coordinates":[-123.20615917152536,45.84428723864014]}},{"type":"Feature","properties":{"kind":"well","wl_id":565575,"log":"Water Well","use":"Domestic","tag":null},"geometry":{"type":"Point","coordinates":[-123.20467860141983,45.844758088753714]}},{"type":"Feature","properties":{"kind":"well","wl_id":565833,"log":"Water Well","use":"Domestic","tag":139405},"geometry":{"type":"Point","coordinates":[-123.21561952271205,45.97979075463777]}},{"type":"Feature","properties":{"kind":"well","wl_id":566209,"log":"Water Well","use":"Domestic","tag":138278},"geometry":{"type":"Point","coordinates":[-123.25056464180167,45.85641542487994]}},{"type":"Feature","properties":{"kind":"well","wl_id":566242,"log":"Water Well","use":"Domestic","tag":null},"geometry":{"type":"Point","coordinates":[-123.20501655218277,45.84399201876064]}},{"type":"Feature","properties":{"kind":"well","wl_id":566674,"log":"Water Well","use":"Domestic","tag":139422},"geometry":{"type":"Point","coordinates":[-123.20421726210326,45.84477676845226]}},{"type":"Feature","properties":{"kind":"well","wl_id":566773,"log":"Water Well","use":"Domestic","tag":97482},"geometry":{"type":"Point","coordinates":[-123.20474297113114,45.84410786828461]}},{"type":"Feature","properties":{"kind":"well","wl_id":567133,"log":"Water Well","use":"Domestic","tag":139464},"geometry":{"type":"Point","coordinates":[-123.22328064366216,45.79138653334251]}},{"type":"Feature","properties":{"kind":"well","wl_id":567423,"log":"Water Well","use":"Domestic","tag":null},"geometry":{"type":"Point","coordinates":[-123.58536805436991,45.959514485129496]}},{"type":"Feature","properties":{"kind":"well","wl_id":567810,"log":"Water Well","use":"Domestic","tag":139468},"geometry":{"type":"Point","coordinates":[-123.25218579708373,45.833947883441304]}},{"type":"Feature","properties":{"kind":"well","wl_id":567811,"log":"Water Well","use":"Domestic","tag":139467},"geometry":{"type":"Point","coordinates":[-123.25207582689012,45.83334612307538]}},{"type":"Feature","properties":{"kind":"well","wl_id":569111,"log":"Water Well","use":"Domestic","tag":140126},"geometry":{"type":"Point","coordinates":[-123.72782418387632,45.86092798455568]}},{"type":"Feature","properties":{"kind":"well","wl_id":569190,"log":"Water Well","use":"Domestic","tag":132796},"geometry":{"type":"Point","coordinates":[-123.5853814642119,45.959700945325]}},{"type":"Feature","properties":{"kind":"well","wl_id":570624,"log":"Water Well","use":"Domestic","tag":139420},"geometry":{"type":"Point","coordinates":[-123.20411339704647,45.871395029748115]}},{"type":"Feature","properties":{"kind":"well","wl_id":570642,"log":"Water Well","use":"Domestic","tag":142407},"geometry":{"type":"Point","coordinates":[-123.55794468442436,45.84117539155304]}},{"type":"Feature","properties":{"kind":"well","wl_id":570678,"log":"Water Well","use":"Domestic","tag":140483},"geometry":{"type":"Point","coordinates":[-123.17743445586652,45.883514263854714]}},{"type":"Feature","properties":{"kind":"well","wl_id":570679,"log":"Water Well","use":"Domestic","tag":140482},"geometry":{"type":"Point","coordinates":[-123.17743445586652,45.883514263854714]}},{"type":"Feature","properties":{"kind":"well","wl_id":571492,"log":"Water Well","use":"Unknown","tag":142434},"geometry":{"type":"Point","coordinates":[-123.84849179847137,45.651157301526126]}},{"type":"Feature","properties":{"kind":"well","wl_id":571701,"log":"Water Well","use":"Domestic","tag":133937},"geometry":{"type":"Point","coordinates":[-123.851384283754,45.7264485348514]}},{"type":"Feature","properties":{"kind":"well","wl_id":572829,"log":"Water Well","use":"Domestic","tag":139412},"geometry":{"type":"Point","coordinates":[-123.58335114163401,45.856819499682665]}},{"type":"Feature","properties":{"kind":"well","wl_id":572830,"log":"Water Well","use":"Domestic","tag":null},"geometry":{"type":"Point","coordinates":[-123.58381248165529,45.85689421982425]}},{"type":"Feature","properties":{"kind":"well","wl_id":573029,"log":"Water Well","use":"Domestic","tag":141195},"geometry":{"type":"Point","coordinates":[-123.21717116157244,45.97815365434831]}},{"type":"Feature","properties":{"kind":"well","wl_id":573104,"log":"Water Well","use":"Domestic","tag":141199},"geometry":{"type":"Point","coordinates":[-123.70094788084492,45.86532295780358]}},{"type":"Feature","properties":{"kind":"well","wl_id":575005,"log":"Water Well","use":"Domestic","tag":null},"geometry":{"type":"Point","coordinates":[-123.22508463241998,45.83136542579149]}},{"type":"Feature","properties":{"kind":"well","wl_id":575006,"log":"Water Well","use":"Domestic","tag":140488},"geometry":{"type":"Point","coordinates":[-123.22440463165546,45.83176542591346]}},{"type":"Feature","properties":{"kind":"well","wl_id":575763,"log":"Water Well","use":"Domestic","tag":144438},"geometry":{"type":"Point","coordinates":[-123.48123269399689,45.938259404725166]}},{"type":"Feature","properties":{"kind":"well","wl_id":576313,"log":"Water Well","use":"Domestic","tag":127601},"geometry":{"type":"Point","coordinates":[-123.85718746915998,45.74446506508453]}},{"type":"Feature","properties":{"kind":"well","wl_id":578761,"log":"Water Well","use":"Domestic","tag":138287},"geometry":{"type":"Point","coordinates":[-123.15756645244504,45.88176477560384]}},{"type":"Feature","properties":{"kind":"well","wl_id":578762,"log":"Water Well","use":"Domestic","tag":138286},"geometry":{"type":"Point","coordinates":[-123.23490632906397,45.858637916091645]}},{"type":"Feature","properties":{"kind":"well","wl_id":580604,"log":"Water Well","use":"Domestic","tag":144111},"geometry":{"type":"Point","coordinates":[-123.28813462189903,45.741395414274464]}},{"type":"Feature","properties":{"kind":"well","wl_id":580605,"log":"Water Well","use":"Domestic","tag":144110},"geometry":{"type":"Point","coordinates":[-123.29876371358944,45.73775119314145]}},{"type":"Feature","properties":{"kind":"well","wl_id":580607,"log":"Water Well","use":"Domestic","tag":144112},"geometry":{"type":"Point","coordinates":[-123.15231343545695,45.90089156696995]}},{"type":"Feature","properties":{"kind":"well","wl_id":580810,"log":"Water Well","use":"Domestic","tag":null},"geometry":{"type":"Point","coordinates":[-123.24231037750198,45.84639140484304]}},{"type":"Feature","properties":{"kind":"well","wl_id":580813,"log":"Water Well","use":"Domestic","tag":144919},"geometry":{"type":"Point","coordinates":[-123.24226745736638,45.84638392485509]}},{"type":"Feature","properties":{"kind":"well","wl_id":581032,"log":"Water Well","use":"Domestic","tag":null},"geometry":{"type":"Point","coordinates":[-123.22409534154485,45.87964816823118]}},{"type":"Feature","properties":{"kind":"well","wl_id":581556,"log":"Water Well","use":"Domestic","tag":138288},"geometry":{"type":"Point","coordinates":[-123.25487463254439,45.998681591775075]}},{"type":"Feature","properties":{"kind":"well","wl_id":591201,"log":"Water Well","use":"Domestic","tag":146838},"geometry":{"type":"Point","coordinates":[-123.84028470761538,45.74853535712905]}},{"type":"Feature","properties":{"kind":"well","wl_id":592561,"log":"Water Well","use":"Domestic","tag":null},"geometry":{"type":"Point","coordinates":[-123.85095056590629,45.73490686578527]}},{"type":"Feature","properties":{"kind":"well","wl_id":592585,"log":"Water Well","use":"Domestic","tag":146440},"geometry":{"type":"Point","coordinates":[-123.85093446618342,45.73492184566982]}},{"type":"Feature","properties":{"kind":"well","wl_id":593179,"log":"Water Well","use":"Domestic","tag":null},"geometry":{"type":"Point","coordinates":[-123.7710891419838,45.819702258284984]}},{"type":"Feature","properties":{"kind":"well","wl_id":593182,"log":"Water Well","use":"Domestic","tag":146443},"geometry":{"type":"Point","coordinates":[-123.77115887277014,45.81977889775166]}},{"type":"Feature","properties":{"kind":"well","wl_id":593259,"log":"Water Well","use":"Domestic","tag":144998},"geometry":{"type":"Point","coordinates":[-123.7232967131714,45.860183375502096]}},{"type":"Feature","properties":{"kind":"well","wl_id":593387,"log":"Water Well","use":"Domestic","tag":138289},"geometry":{"type":"Point","coordinates":[-123.13150450722839,45.87704386784576]}},{"type":"Feature","properties":{"kind":"well","wl_id":593394,"log":"Water Well","use":"Domestic","tag":138290},"geometry":{"type":"Point","coordinates":[-123.12812415637343,45.87685236803379]}},{"type":"Feature","properties":{"kind":"well","wl_id":593827,"log":"Water Well","use":"Domestic","tag":146883},"geometry":{"type":"Point","coordinates":[-123.68911770913584,45.86319837914289]}},{"type":"Feature","properties":{"kind":"well","wl_id":595404,"log":"Water Well","use":"Domestic","tag":138291},"geometry":{"type":"Point","coordinates":[-123.24524797826643,45.84414744407479]}},{"type":"Feature","properties":{"kind":"well","wl_id":595405,"log":"Water Well","use":"Domestic","tag":138292},"geometry":{"type":"Point","coordinates":[-123.24473835732242,45.84358036473253]}},{"type":"Feature","properties":{"kind":"well","wl_id":595671,"log":"Water Well","use":"Domestic","tag":null},"geometry":{"type":"Point","coordinates":[-123.27488674724297,46.00405858999631]}},{"type":"Feature","properties":{"kind":"well","wl_id":595673,"log":"Water Well","use":"Domestic","tag":146412},"geometry":{"type":"Point","coordinates":[-123.27459170671558,46.00454113031642]}},{"type":"Feature","properties":{"kind":"well","wl_id":598079,"log":"Water Well","use":"Domestic","tag":146418},"geometry":{"type":"Point","coordinates":[-123.15233587094484,45.88129783592499]}},{"type":"Feature","properties":{"kind":"well","wl_id":598080,"log":"Water Well","use":"Domestic","tag":null},"geometry":{"type":"Point","coordinates":[-123.15354463223777,45.88102543588238]}},{"type":"Feature","properties":{"kind":"well","wl_id":598082,"log":"Water Well","use":"Domestic","tag":null},"geometry":{"type":"Point","coordinates":[-123.15592542251291,45.881820245289866]}},{"type":"Feature","properties":{"kind":"well","wl_id":598083,"log":"Water Well","use":"Domestic","tag":146420},"geometry":{"type":"Point","coordinates":[-123.15572694211625,45.881969615734214]}},{"type":"Feature","properties":{"kind":"well","wl_id":598085,"log":"Water Well","use":"Domestic","tag":146421},"geometry":{"type":"Point","coordinates":[-123.15381184230009,45.88277250636061]}},{"type":"Feature","properties":{"kind":"well","wl_id":598118,"log":"Water Well","use":"Domestic","tag":146419},"geometry":{"type":"Point","coordinates":[-123.15448164212928,45.882511505787996]}},{"type":"Feature","properties":{"kind":"well","wl_id":599435,"log":"Water Well","use":"Domestic","tag":138295},"geometry":{"type":"Point","coordinates":[-123.236805329089,45.856381355756746]}},{"type":"Feature","properties":{"kind":"well","wl_id":599796,"log":"Water Well","use":"Domestic","tag":147996},"geometry":{"type":"Point","coordinates":[-123.20073763295413,45.85319042922711]}},{"type":"Feature","properties":{"kind":"well","wl_id":600491,"log":"Water Well","use":"Domestic","tag":150725},"geometry":{"type":"Point","coordinates":[-123.3856730203347,45.987474857341724]}},{"type":"Feature","properties":{"kind":"well","wl_id":600498,"log":"Water Well","use":"Domestic","tag":149390},"geometry":{"type":"Point","coordinates":[-123.84773113809122,45.654099361007525]}},{"type":"Feature","properties":{"kind":"well","wl_id":602199,"log":"Water Well","use":"Domestic","tag":149904},"geometry":{"type":"Point","coordinates":[-123.85301270224595,45.71609035412849]}},{"type":"Feature","properties":{"kind":"well","wl_id":602526,"log":"Water Well","use":"Domestic","tag":146900},"geometry":{"type":"Point","coordinates":[-123.86709371474683,45.76589235556408]}},{"type":"Feature","properties":{"kind":"well","wl_id":603129,"log":"Water Well","use":"Domestic","tag":150284},"geometry":{"type":"Point","coordinates":[-123.24262763772688,45.84622942518061]}},{"type":"Feature","properties":{"kind":"well","wl_id":603460,"log":"Water Well","use":"Dewatering","tag":148320},"geometry":{"type":"Point","coordinates":[-123.36933269645299,46.031685421795125]}},{"type":"Feature","properties":{"kind":"well","wl_id":603467,"log":"Water Well","use":"Dewatering","tag":148321},"geometry":{"type":"Point","coordinates":[-123.36923569738812,46.03171442192458]}},{"type":"Feature","properties":{"kind":"well","wl_id":603468,"log":"Water Well","use":"Dewatering","tag":148322},"geometry":{"type":"Point","coordinates":[-123.36909669697361,46.03176342201395]}},{"type":"Feature","properties":{"kind":"well","wl_id":603470,"log":"Water Well","use":"Dewatering","tag":148323},"geometry":{"type":"Point","coordinates":[-123.36896769668559,46.03177842138238]}},{"type":"Feature","properties":{"kind":"well","wl_id":603550,"log":"Water Well","use":"Industrial","tag":148788},"geometry":{"type":"Point","coordinates":[-123.81805351238738,45.6933709768131]}},{"type":"Feature","properties":{"kind":"well","wl_id":603871,"log":"Water Well","use":"Domestic","tag":149909},"geometry":{"type":"Point","coordinates":[-123.92226770527483,45.68368234516288]}},{"type":"Feature","properties":{"kind":"well","wl_id":604171,"log":"Water Well","use":"Domestic","tag":150286},"geometry":{"type":"Point","coordinates":[-123.8221917144123,45.793105361861]}},{"type":"Feature","properties":{"kind":"well","wl_id":604172,"log":"Water Well","use":"Domestic","tag":150287},"geometry":{"type":"Point","coordinates":[-123.8230147146118,45.79216336102291]}},{"type":"Feature","properties":{"kind":"well","wl_id":604638,"log":"Water Well","use":"Domestic","tag":null},"geometry":{"type":"Point","coordinates":[-123.17773663358321,45.870131432491995]}},{"type":"Feature","properties":{"kind":"well","wl_id":605425,"log":"Water Well","use":"Domestic","tag":152310},"geometry":{"type":"Point","coordinates":[-123.86803171593439,45.76671635570194]}},{"type":"Feature","properties":{"kind":"well","wl_id":605428,"log":"Water Well","use":"Domestic","tag":149903},"geometry":{"type":"Point","coordinates":[-123.92222270529261,45.68308734498735]}},{"type":"Feature","properties":{"kind":"well","wl_id":605471,"log":"Water Well","use":"Dewatering","tag":148320},"geometry":{"type":"Point","coordinates":[-123.36933269645299,46.031685421795125]}},{"type":"Feature","properties":{"kind":"well","wl_id":605472,"log":"Water Well","use":"Dewatering","tag":148321},"geometry":{"type":"Point","coordinates":[-123.36933269645299,46.031685421795125]}},{"type":"Feature","properties":{"kind":"well","wl_id":605473,"log":"Water Well","use":"Dewatering","tag":148322},"geometry":{"type":"Point","coordinates":[-123.36933269645299,46.031685421795125]}},{"type":"Feature","properties":{"kind":"well","wl_id":605474,"log":"Water Well","use":"Dewatering","tag":148323},"geometry":{"type":"Point","coordinates":[-123.36933269645299,46.031685421795125]}},{"type":"Feature","properties":{"kind":"well","wl_id":605613,"log":"Water Well","use":"Domestic","tag":152839},"geometry":{"type":"Point","coordinates":[-123.15513407566168,45.90078321711642]}},{"type":"Feature","properties":{"kind":"well","wl_id":606314,"log":"Water Well","use":"Domestic","tag":149919},"geometry":{"type":"Point","coordinates":[-123.85177770531818,45.732592355278214]}},{"type":"Feature","properties":{"kind":"well","wl_id":606607,"log":"Water Well","use":"Domestic","tag":153419},"geometry":{"type":"Point","coordinates":[-123.92320470326435,45.673955344891304]}},{"type":"Feature","properties":{"kind":"well","wl_id":608035,"log":"Water Well","use":"Domestic","tag":150258},"geometry":{"type":"Point","coordinates":[-123.55225036400829,45.89023193472102]}},{"type":"Feature","properties":{"kind":"well","wl_id":608220,"log":"Water Well","use":"Domestic","tag":150297},"geometry":{"type":"Point","coordinates":[-123.68498423292584,45.8392115283599]}},{"type":"Feature","properties":{"kind":"well","wl_id":608222,"log":"Water Well","use":"Domestic","tag":153616},"geometry":{"type":"Point","coordinates":[-123.27941465109879,45.879705422490694]}},{"type":"Feature","properties":{"kind":"well","wl_id":608727,"log":"Water Well","use":"Domestic","tag":95017},"geometry":{"type":"Point","coordinates":[-123.55121269309363,45.884116394956955]}},{"type":"Feature","properties":{"kind":"well","wl_id":609793,"log":"Water Well","use":"Other (multi)","tag":154032},"geometry":{"type":"Point","coordinates":[-123.68847170482088,45.841759377589135]}},{"type":"Feature","properties":{"kind":"well","wl_id":610257,"log":"Water Well","use":"Domestic","tag":152283},"geometry":{"type":"Point","coordinates":[-123.92308470464747,45.67974534511114]}},{"type":"Feature","properties":{"kind":"well","wl_id":610352,"log":"Water Well","use":"Domestic","tag":150916},"geometry":{"type":"Point","coordinates":[-123.54555339307493,45.88649191539508]}},{"type":"Feature","properties":{"kind":"well","wl_id":611084,"log":"Water Well","use":"Domestic","tag":152304},"geometry":{"type":"Point","coordinates":[-123.61377370238128,45.88264938830617]}},{"type":"Feature","properties":{"kind":"well","wl_id":611125,"log":"Water Well","use":"Domestic","tag":153611},"geometry":{"type":"Point","coordinates":[-123.5844716918369,45.856119389725706]}},{"type":"Feature","properties":{"kind":"well","wl_id":611131,"log":"Water Well","use":"Domestic","tag":153623},"geometry":{"type":"Point","coordinates":[-123.55413810463452,45.888197154324814]}},{"type":"Feature","properties":{"kind":"well","wl_id":611132,"log":"Water Well","use":"Domestic","tag":153624},"geometry":{"type":"Point","coordinates":[-123.55411835356068,45.887776754429886]}},{"type":"Feature","properties":{"kind":"well","wl_id":611317,"log":"Water Well","use":"Domestic","tag":152322},"geometry":{"type":"Point","coordinates":[-123.72036471232832,45.8579373759539]}},{"type":"Feature","properties":{"kind":"well","wl_id":611353,"log":"Water Well","use":"Domestic","tag":154745},"geometry":{"type":"Point","coordinates":[-123.83628171128447,45.76909835837472]}},{"type":"Feature","properties":{"kind":"well","wl_id":612034,"log":"Water Well","use":"Domestic","tag":152287},"geometry":{"type":"Point","coordinates":[-123.89591028166248,45.73041046033614]}},{"type":"Feature","properties":{"kind":"well","wl_id":612075,"log":"Water Well","use":"Domestic","tag":152286},"geometry":{"type":"Point","coordinates":[-123.89341471014424,45.72655535089345]}},{"type":"Feature","properties":{"kind":"well","wl_id":613439,"log":"Water Well","use":"Domestic","tag":156009},"geometry":{"type":"Point","coordinates":[-123.85180270594593,45.73149435549446]}},{"type":"Feature","properties":{"kind":"well","wl_id":613606,"log":"Water Well","use":"Domestic","tag":154523},"geometry":{"type":"Point","coordinates":[-123.87009771363635,45.75772735462607]}},{"type":"Feature","properties":{"kind":"well","wl_id":614498,"log":"Water Well","use":"Domestic","tag":null},"geometry":{"type":"Point","coordinates":[-123.25100562746941,45.83598484321036]}},{"type":"Feature","properties":{"kind":"well","wl_id":614526,"log":"Water Well","use":"Domestic","tag":153355},"geometry":{"type":"Point","coordinates":[-123.25038463626386,45.83611542326557]}},{"type":"Feature","properties":{"kind":"well","wl_id":615830,"log":"Water Well","use":"Domestic","tag":156212},"geometry":{"type":"Point","coordinates":[-123.55173597802765,45.85982405338306]}},{"type":"Feature","properties":{"kind":"well","wl_id":616208,"log":"Water Well","use":"Domestic","tag":156216},"geometry":{"type":"Point","coordinates":[-123.23491667098627,46.00509843430686]}},{"type":"Feature","properties":{"kind":"well","wl_id":616314,"log":"Water Well","use":"Domestic","tag":132117},"geometry":{"type":"Point","coordinates":[-123.85191922589615,45.7323036547486]}},{"type":"Feature","properties":{"kind":"well","wl_id":616783,"log":"Water Well","use":"Domestic","tag":156218},"geometry":{"type":"Point","coordinates":[-123.19182609232858,45.85392625046302]}},{"type":"Feature","properties":{"kind":"well","wl_id":617909,"log":"Water Well","use":"Domestic","tag":157805},"geometry":{"type":"Point","coordinates":[-123.53298769244466,45.89457239669146]}},{"type":"Feature","properties":{"kind":"well","wl_id":618710,"log":"Water Well","use":"Domestic","tag":155707},"geometry":{"type":"Point","coordinates":[-123.84944370111228,45.71556935444969]}},{"type":"Feature","properties":{"kind":"well","wl_id":618816,"log":"Water Well","use":"Domestic","tag":154849},"geometry":{"type":"Point","coordinates":[-123.84500602279832,45.77222661808994]}},{"type":"Feature","properties":{"kind":"well","wl_id":619698,"log":"Water Well","use":"Domestic","tag":null},"geometry":{"type":"Point","coordinates":[-123.84491912347373,45.77220809804141]}},{"type":"Feature","properties":{"kind":"well","wl_id":621390,"log":"Water Well","use":"Domestic","tag":157342},"geometry":{"type":"Point","coordinates":[-123.77045971106462,45.81641136840169]}},{"type":"Feature","properties":{"kind":"well","wl_id":623215,"log":"Water Well","use":"Domestic","tag":153998},"geometry":{"type":"Point","coordinates":[-123.16503447767815,45.94710209851657]}},{"type":"Feature","properties":{"kind":"well","wl_id":623748,"log":"Water Well","use":"Domestic","tag":155737},"geometry":{"type":"Point","coordinates":[-123.85108770291792,45.721419354374014]}},{"type":"Feature","properties":{"kind":"well","wl_id":623962,"log":"Water Well","use":"Domestic","tag":154462},"geometry":{"type":"Point","coordinates":[-123.23275963170526,45.82696342510985]}},{"type":"Feature","properties":{"kind":"well","wl_id":624066,"log":"Water Well","use":"Domestic","tag":159119},"geometry":{"type":"Point","coordinates":[-123.85087671336127,45.724432364691744]}},{"type":"Feature","properties":{"kind":"well","wl_id":624384,"log":"Water Well","use":"Domestic","tag":154463},"geometry":{"type":"Point","coordinates":[-123.23384444245804,45.827246474616004]}},{"type":"Feature","properties":{"kind":"well","wl_id":625181,"log":"Water Well","use":"Domestic","tag":159977},"geometry":{"type":"Point","coordinates":[-123.83276630928523,45.76391055916144]}},{"type":"Feature","properties":{"kind":"well","wl_id":625266,"log":"Water Well","use":"Domestic","tag":158912},"geometry":{"type":"Point","coordinates":[-123.60706020157798,45.88740408892044]}},{"type":"Feature","properties":{"kind":"well","wl_id":627992,"log":"Water Well","use":"Domestic","tag":160323},"geometry":{"type":"Point","coordinates":[-123.38425800263408,45.99841208837654]}},{"type":"Feature","properties":{"kind":"well","wl_id":627993,"log":"Water Well","use":"Domestic","tag":null},"geometry":{"type":"Point","coordinates":[-123.75710834602414,45.70385601381886]}},{"type":"Feature","properties":{"kind":"well","wl_id":627996,"log":"Water Well","use":"Domestic","tag":160302},"geometry":{"type":"Point","coordinates":[-123.75715260481562,45.70406580336589]}},{"type":"Feature","properties":{"kind":"well","wl_id":628165,"log":"Water Well","use":"Domestic","tag":153363},"geometry":{"type":"Point","coordinates":[-123.2513958867369,45.836229643228194]}},{"type":"Feature","properties":{"kind":"well","wl_id":628377,"log":"Water Well","use":"Domestic","tag":160324},"geometry":{"type":"Point","coordinates":[-123.22377845238947,45.88014654844445]}},{"type":"Feature","properties":{"kind":"well","wl_id":628853,"log":"Water Well","use":"Domestic","tag":156233},"geometry":{"type":"Point","coordinates":[-123.55261468848312,45.86334539365586]}},{"type":"Feature","properties":{"kind":"well","wl_id":629250,"log":"Water Well","use":"Domestic","tag":160323},"geometry":{"type":"Point","coordinates":[-123.38426336267828,45.99842093843013]}},{"type":"Feature","properties":{"kind":"well","wl_id":629405,"log":"Water Well","use":"Domestic","tag":162208},"geometry":{"type":"Point","coordinates":[-123.8441716889,45.65783535200791]}},{"type":"Feature","properties":{"kind":"well","wl_id":630314,"log":"Water Well","use":"Domestic","tag":162002},"geometry":{"type":"Point","coordinates":[-123.85112468799076,45.65141535124796]}},{"type":"Feature","properties":{"kind":"well","wl_id":630592,"log":"Water Well","use":"Domestic","tag":162231},"geometry":{"type":"Point","coordinates":[-123.85472468746191,45.646485349958944]}},{"type":"Feature","properties":{"kind":"well","wl_id":630726,"log":"Water Well","use":"Domestic","tag":159115},"geometry":{"type":"Point","coordinates":[-123.5075660990927,45.895953429961885]}},{"type":"Feature","properties":{"kind":"well","wl_id":631192,"log":"Water Well","use":"Domestic","tag":151552},"geometry":{"type":"Point","coordinates":[-123.18446242784213,45.84146313067813]}},{"type":"Feature","properties":{"kind":"well","wl_id":631331,"log":"Water Well","use":"Domestic","tag":153365},"geometry":{"type":"Point","coordinates":[-123.55547958528034,45.89102993428658]}}]}