{"type":"FeatureCollection","features":[{"type":"Feature","properties":{"name":"Warrenton","source":"Oregon Framework Admin_Bounds city limits"},"geometry":{"type":"Polygon","coordinates":[[[-123.96441238064885,46.15000374879819],[-123.96530384285019,46.15171353462508],[-123.96711237756871,46.154681541902825],[-123.96875427680297,46.15824321495983],[-123.97092629559917,46.161461407893334],[-123.972955358675,46.165706066627294],[-123.97393884494103,46.167265190466786],[-123.976679580079,46.171742635511606],[-123.97918400431222,46.176450309637936],[-123.9826880573654,46.18209340988589],[-123.98467267244146,46.185507002471304],[-123.98867375397964,46.191648872173786],[-123.97708626954113,46.19172714964537],[-123.97700808234313,46.1916163837051],[-123.97685103706854,46.191402232923316],[-123.97667971666576,46.1912166347383],[-123.97646556459024,46.191016759786486],[-123.97633707316524,46.190873991962924],[-123.97622285956342,46.19073122439037],[-123.97603726223582,46.19043141308433],[-123.97596587761174,46.19028864560591],[-123.97572317258492,46.18990317212154],[-123.97549474358459,46.1896319142844],[-123.97538052998271,46.18948914659491],[-123.97523776253126,46.18924644116928],[-123.97508071725666,46.189046565893435],[-123.97495222673,46.18883241504902],[-123.97485228915463,46.18866109427026],[-123.9747666294024,46.18850404975397],[-123.97465241400391,46.18824706747231],[-123.97456675425168,46.1880614692052],[-123.97442398590188,46.18777593400383],[-123.97430977140172,46.18759033601169],[-123.97422411075117,46.187461845061826],[-123.97409562022453,46.18724769426234],[-123.97398140572434,46.18704781918136],[-123.97385291519767,46.18686222121841],[-123.97379580749845,46.18664806932673],[-123.97366731697178,46.18646247125789],[-123.97356737939641,46.18629115055555],[-123.97348171874589,46.18609127572802],[-123.97341033591844,46.18597706183645],[-123.9733103983431,46.18576291022796],[-123.9731961829446,46.18563441935995],[-123.97306769241794,46.18547737428143],[-123.97298203176739,46.18532033062004],[-123.97292492496648,46.185220393397984],[-123.97286781726723,46.185106178940885],[-123.97281071046632,46.1849063047803],[-123.97271077378923,46.18470642989296],[-123.97255372851464,46.18450655490091],[-123.97238240811186,46.18434951095389],[-123.97225391578856,46.18422101927003],[-123.97218253296114,46.18403542171411],[-123.97208259538577,46.18386410028919],[-123.97193982793432,46.18363567234343],[-123.97188272023506,46.18346435029478],[-123.97176850663324,46.18326447638434],[-123.97171139893399,46.18306460174725],[-123.97159718443383,46.18290755679094],[-123.97152580160639,46.18275051325188],[-123.97144014095586,46.18255063799012],[-123.971354479407,46.182365040392625],[-123.97125454272995,46.18219371811616],[-123.97116888118109,46.18199384456196],[-123.9710261137296,46.181736862321806],[-123.97099755987998,46.181594094651736],[-123.97095473000387,46.1814227737047],[-123.9708547924285,46.18128000584106],[-123.97074057882665,46.18110868515923],[-123.9706691942026,46.18098019336457],[-123.97056925662723,46.18086598004985],[-123.97052642675112,46.180794595441455],[-123.970483596875,46.18062327449108],[-123.97041221314927,46.18043767660704],[-123.97038365840135,46.1803091857322],[-123.97031227557393,46.180180694557045],[-123.97019806107375,46.17999509642308],[-123.970126677348,46.17979522233992],[-123.96996963297171,46.17958107028602],[-123.96981258769713,46.17933836527529],[-123.96968409717047,46.179095661059186],[-123.96954132882067,46.17883867895685],[-123.9693985613692,46.17866735813205],[-123.96922724096642,46.17845320603938],[-123.96907019569183,46.17825333194936],[-123.96895598208995,46.178067734151654],[-123.9688417675898,46.177867859282436],[-123.96875610693924,46.17769653729886],[-123.96865616936388,46.17749666294644],[-123.96851340191242,46.17722540360138],[-123.9683135267617,46.17699697544188],[-123.96812792853578,46.176839931814754],[-123.96797088505782,46.17675427146544],[-123.96759968860601,46.1766686103607],[-123.96741409127843,46.17664005683678],[-123.96722849215418,46.17659722652313],[-123.9668715735255,46.17655439679815],[-123.96657176079944,46.17639735190706],[-123.96642899424627,46.17629741463757],[-123.96637188654702,46.176168924039985],[-123.96628622589647,46.1760689863554],[-123.96617201139631,46.17595477279153],[-123.96607207382097,46.17582628077128],[-123.9659721362456,46.17565496051339],[-123.96594358329428,46.17554074546761],[-123.96590075251987,46.17539797788179],[-123.96584364571893,46.17529804128429],[-123.96572943121876,46.17514099653745],[-123.96565804749304,46.17505533602986],[-123.96557238684248,46.17494112160476],[-123.96541534246619,46.17482690818657],[-123.96531540489082,46.17471269328704],[-123.965201191289,46.17445571247267],[-123.96518691436417,46.17434149742428],[-123.96515836051456,46.17417017689518],[-123.96512980666492,46.174070239310524],[-123.96500131613828,46.173941748485454],[-123.96494420843904,46.173784704219855],[-123.96487282561162,46.173570551773395],[-123.96487282561162,46.173399231330876],[-123.96491565548773,46.17322791035462],[-123.96498703831514,46.17299948176348],[-123.96502986908958,46.17274249978625],[-123.96511553063844,46.172442688035424],[-123.9651012528153,46.172114322508804],[-123.9650584229392,46.171828787216356],[-123.96498703831514,46.17152897483913],[-123.96488710073977,46.17130054665654],[-123.96474433328832,46.17110067145183],[-123.96454445903589,46.17092935078042],[-123.96443024453573,46.17081513587358],[-123.96427320105776,46.17070092259585],[-123.96407332590704,46.170586707836726],[-123.96381634305709,46.17044394045403],[-123.9636021918799,46.17027261960329],[-123.96344514750359,46.17000136132773],[-123.96331665697693,46.169815763051396],[-123.96318816555195,46.16955878112863],[-123.96307395105178,46.16931607605198],[-123.96297401347644,46.16905909428306],[-123.96284552294975,46.1688592196424],[-123.96268847767516,46.16865934489762],[-123.9625599871485,46.168559407252815],[-123.96231728212166,46.16845947067071],[-123.9620317463204,46.16841663958486],[-123.96191753271856,46.16834525623409],[-123.9618318729663,46.16818821154083],[-123.9618318729663,46.16800261336756],[-123.96186042591762,46.167817015190245],[-123.96194608566985,46.167602864391796],[-123.9620317463204,46.16746009672969],[-123.96204602324522,46.16721739172461],[-123.96190325579373,46.167103176575324],[-123.96166055076691,46.166917579096],[-123.96143212266487,46.16687474867595],[-123.96108947916439,46.166860472484025],[-123.96063262296033,46.166617767321874],[-123.96043274780962,46.166432169449045],[-123.96026142740685,46.16620374187402],[-123.96009010610572,46.16594675925162],[-123.95991878390633,46.16568977791734],[-123.95961897297688,46.16526147509965],[-123.95941909782617,46.1649902163754],[-123.9593191602508,46.164747511671806],[-123.95919066972415,46.164533359500304],[-123.95903362444953,46.16429065402544],[-123.95884802622365,46.16393373508243],[-123.95867670582086,46.16363392260021],[-123.95849110759494,46.16329128149578],[-123.95830550936905,46.162934361668675],[-123.95819129486888,46.16267737995035],[-123.95800569664297,46.162363291350815],[-123.95773443866482,46.16190643443727],[-123.95756311736375,46.16162089903976],[-123.95737751913782,46.16134964040837],[-123.95717764398711,46.161049829398884],[-123.95696349191161,46.16070718651139],[-123.95677789458401,46.16040737386772],[-123.95659229635808,46.160150392790236],[-123.95637814518088,46.159850580223626],[-123.95623537683107,46.1596078752456],[-123.95602122565388,46.159250956411576],[-123.95587845820239,46.15897969791813],[-123.95572141382611,46.15873699283205],[-123.9555215386754,46.15839434985264],[-123.95545015494965,46.15826585911865],[-123.95525027979893,46.15792321693888],[-123.95519317209971,46.15763768140375],[-123.9551788960732,46.15735214563137],[-123.9551788960732,46.15703805712168],[-123.95520744902453,46.156752521971335],[-123.95526455672376,46.156452710180105],[-123.95533593955119,46.156095790792],[-123.95533593955119,46.15583880948992],[-123.9553787703256,46.15552471980952],[-123.9553787703256,46.155210631447765],[-123.95537876942728,46.15498220270514],[-123.95532166262637,46.15465383748787],[-123.95522172594933,46.154396856297126],[-123.95512178837396,46.15419698127717],[-123.9549790209225,46.154025658987045],[-123.95487908334712,46.153725847896325],[-123.95489336027194,46.15354025009157],[-123.95495046617457,46.153311821882944],[-123.95502185079862,46.153083393348496],[-123.95502185079862,46.15289779586626],[-123.95496474309935,46.152755028002744],[-123.95483625257269,46.15264081332078],[-123.95460782447068,46.15259798298734],[-123.95425090494366,46.15254087582416],[-123.95389398541667,46.15249804603521],[-123.95328092116789,46.15252771791914],[-123.95310246095522,46.1525491324951],[-123.95292400164087,46.15267762288726],[-123.95274554232654,46.152841806035944],[-123.95253139114932,46.152948882577384],[-123.95231723907379,46.152984574296696],[-123.95211022590983,46.152984574296696],[-123.95200315032123,46.15291318959031],[-123.95183182812183,46.152777560757876],[-123.95167478464383,46.15257054830731],[-123.9515391552056,46.152449194832],[-123.95131786421852,46.152270735512566],[-123.95127176986468,46.15222683266268],[-123.95122715503608,46.15215842283108],[-123.95120336046084,46.1521167825906],[-123.95120336046084,46.15204242525111],[-123.95117361634347,46.15197401456798],[-123.95115279698842,46.151932375432565],[-123.9511260280913,46.15184909395573],[-123.9510962839739,46.151801504217076],[-123.95105464346724,46.151756889694326],[-123.95097136245387,46.1517420177638],[-123.95092079898149,46.151747967034325],[-123.95083454364622,46.151747967034325],[-123.95077803063168,46.15173904375061],[-123.95074828831095,46.15171822316448],[-123.9507244937357,46.151658736621236],[-123.95069772483855,46.15158735330672],[-123.9506739302633,46.15150407193007],[-123.95065013478974,46.15142079104974],[-123.950620392469,46.15133156072849],[-123.95056119618671,46.15115714843536],[-123.95049695047423,46.15078595229964],[-123.95063971792572,46.150486139740465],[-123.95065859422476,46.150469150945945],[-123.95078248627547,46.150357649210584],[-123.9509181148154,46.15019346549685],[-123.95101805239076,46.15002928316027],[-123.95102346852178,46.14999136989113],[-123.96441238064885,46.15000374879819]]]}},{"type":"Feature","properties":{"name":"Manzanita","source":"Oregon Framework Admin_Bounds city limits"},"geometry":{"type":"Polygon","coordinates":[[[-123.93925393689655,45.70366447762722],[-123.94031797834423,45.703660231397876],[-123.9403578957225,45.7039371952775],[-123.94051451450272,45.704891806603655],[-123.94050644035687,45.70552273555694],[-123.94053807763677,45.7062084866791],[-123.94053043590523,45.70690554560966],[-123.94058497383833,45.70791502537476],[-123.94061640560389,45.70817839997244],[-123.94066320658119,45.70836475017302],[-123.94070242535565,45.70866659295329],[-123.94073391011271,45.708721381423096],[-123.94078070132112,45.70918245845727],[-123.94081219897069,45.70927018165687],[-123.94095335406571,45.71037838790479],[-123.9409609724863,45.710872177246934],[-123.94094537137687,45.711410012478176],[-123.94092972091413,45.71147579137626],[-123.94094540520098,45.71154147362438],[-123.94092995668744,45.711793873648645],[-123.94096890197817,45.71205181159709],[-123.94100823864011,45.712479898808596],[-123.94104737371075,45.712551204102546],[-123.94114140501205,45.71295709958675],[-123.94118055454905,45.71306133856897],[-123.94141538783343,45.71348944459886],[-123.94158775865851,45.713862299925005],[-123.9416740991037,45.71408728297243],[-123.94172104998874,45.71426292448276],[-123.94174455118343,45.71443294297064],[-123.94174437620873,45.714652509067015],[-123.94171322785232,45.71483895255202],[-123.94168975376941,45.7151077813746],[-123.94161916661348,45.71545346843278],[-123.94161135558363,45.71568945115936],[-123.94161926959569,45.716089917015985],[-123.94169766613457,45.71669908979337],[-123.94182304098524,45.71758243125],[-123.94197961928988,45.71824090350632],[-123.94205806812076,45.71884431024395],[-123.94212063339495,45.71953573386323],[-123.94219911903994,45.719897623651974],[-123.94235592662878,45.720775647307306],[-123.94250475028458,45.72180156060034],[-123.94268510533789,45.72260808338603],[-123.94270843213889,45.72265734813442],[-123.94277901234513,45.72295908949941],[-123.94281025827665,45.72300318086271],[-123.94288068581679,45.72325003754569],[-123.94299035634806,45.723798733268666],[-123.94315513017708,45.72449538438138],[-123.9433825414369,45.72499478561279],[-123.94342046371236,45.72533053899573],[-123.94229302905796,45.725357813367154],[-123.94228688223771,45.72535791473502],[-123.94225722769755,45.725358394352355],[-123.94210869799724,45.725360794474504],[-123.94195041102262,45.72536335230667],[-123.94189234159556,45.72536429565392],[-123.94149627881089,45.725370698345245],[-123.94146968226889,45.725371127552584],[-123.94130046285036,45.72537386247668],[-123.94097500116135,45.7253791224251],[-123.94096598508366,45.72537927017763],[-123.94073370877938,45.725383024289926],[-123.94053797118039,45.72538618754509],[-123.94034223093936,45.725389349649916],[-123.94034234701897,45.72536942616842],[-123.9403442986383,45.725035453907346],[-123.94014851521854,45.725034889237705],[-123.94014811311554,45.725103449404955],[-123.93995233337,45.72510288519348],[-123.93975690713845,45.72510232018056],[-123.93956077239194,45.72510175223196],[-123.93955917723123,45.72537200801884],[-123.93955900277035,45.72540200173884],[-123.93955614415842,45.72540205414865],[-123.93947785350831,45.72540331983373],[-123.93940235965107,45.72540453127354],[-123.93940143353306,45.72541474855131],[-123.93901039698875,45.72541390533798],[-123.93901040833981,45.72541087237998],[-123.93888934762552,45.72541281415704],[-123.93859370581062,45.725417586565676],[-123.93829804346687,45.72542235973016],[-123.93806068206108,45.72542619114048],[-123.93770669927434,45.725431902589115],[-123.93754615818027,45.7254344962932],[-123.9374214914124,45.72543650363961],[-123.93719370617207,45.72544018018351],[-123.93709617804424,45.72544175114741],[-123.93712951523754,45.725491734305855],[-123.93713751715211,45.72574262005688],[-123.93686355814519,45.72574692030128],[-123.93686242938833,45.72544552186017],[-123.93656877290778,45.725450257923946],[-123.93627511119176,45.725454992503785],[-123.93627623160548,45.72575613088132],[-123.93615666015012,45.725758006322195],[-123.93613253516007,45.72575791071205],[-123.93597699614236,45.725757267986424],[-123.93567771442248,45.72575603937662],[-123.93567791950889,45.72581088882861],[-123.93544514412524,45.72580993152951],[-123.93544520133028,45.72585835360168],[-123.93524724573157,45.72585798572689],[-123.93505146578781,45.72585749520092],[-123.93485568071392,45.7258570044984],[-123.93466460017751,45.725856392656745],[-123.93446410817063,45.72585602488429],[-123.93426907977705,45.725855394866244],[-123.93405023979001,45.725871510667716],[-123.93380586169101,45.72588935781816],[-123.93348857080323,45.72575727201108],[-123.93322530390057,45.7256856835293],[-123.93267770076118,45.72566275377087],[-123.93084728549769,45.72568337128915],[-123.92997936915921,45.724784444558075],[-123.929764976093,45.72459311875026],[-123.92948232623176,45.72442903301945],[-123.92943387673279,45.724390919263605],[-123.92943116293317,45.724389024084026],[-123.92942844121927,45.72438712553443],[-123.92942571378605,45.72438523885759],[-123.9294229775307,45.7243833551402],[-123.9294202340046,45.724381478838964],[-123.92941748299322,45.72437960635843],[-123.92941472332052,45.7243777395339],[-123.92941195755317,45.72437587829023],[-123.92940918061149,45.72437402367652],[-123.92940639864388,45.72437217101072],[-123.92940361090346,45.72437032931883],[-123.9294008143944,45.724368491485265],[-123.9293980143038,45.72436665825861],[-123.92939520287786,45.72436482896533],[-123.9293923855182,45.724363007949464],[-123.92938955933634,45.724361189893024],[-123.92938672465398,45.72435938018915],[-123.92938388772696,45.72435757595341],[-123.92938103941111,45.72435577475224],[-123.92937818371725,45.7243539791695],[-123.9293753232657,45.7243521900289],[-123.92937245297672,45.72435040837951],[-123.92936957776921,45.72434863047572],[-123.92936669513001,45.724346857291515],[-123.92936380901642,45.72434509051187],[-123.92936090926915,45.724343332235016],[-123.92935800454963,45.724341576804875],[-123.92935509116879,45.72433982703078],[-123.92935217185415,45.72433808553403],[-123.92934924885064,45.72433634684644],[-123.92934631467277,45.72433461478885],[-123.92934337579078,45.724332890072205],[-123.92934043054599,45.724331166442205],[-123.92933747712256,45.72432945655779],[-123.92933451739,45.724327748658794],[-123.92933154888878,45.724326044618095],[-123.9293285768596,45.72432434608314],[-123.92932559777418,45.724322658559664],[-123.92932261104264,45.72432097216038],[-123.9293196170403,45.724319293177146],[-123.92931661566001,45.72431761981235],[-123.92931360567196,45.7243159530024],[-123.92931059338565,45.72431429076175],[-123.92930757377499,45.72431263503832],[-123.92930454550296,45.72431098497086],[-123.92930151113632,45.72430934048426],[-123.92929847211917,45.72430770423746],[-123.9292954218741,45.72430607372181],[-123.92929236794008,45.724304446015275],[-123.92928931069255,45.72430282740988],[-123.92928624216344,45.72430121363667],[-123.92928317015995,45.72429960626807],[-123.9292800868748,45.72429800373174],[-123.92927700412619,45.72429641018377],[-123.92927390998868,45.72429481967036],[-123.92927081120067,45.724293237396765],[-123.92926770631804,45.72429166070402],[-123.92926459667764,45.72429009045338],[-123.92926147703903,45.72428852499742],[-123.92925835274991,45.72428696778126],[-123.9292552248255,45.724285414273126],[-123.92925208583408,45.724283869192625],[-123.92924894342185,45.72428233141555],[-123.92924579721343,45.72428079464993],[-123.92924263993791,45.7242792663119],[-123.92923947929526,45.724277746176156],[-123.92923631512456,45.724276231546085],[-123.92923314218531,45.724274720774325],[-123.92922995940864,45.724273217493746],[-123.92922677331843,45.72427172331428],[-123.92922358220245,45.72427023108269],[-123.9292203839229,45.72426874806487],[-123.92921718339865,45.72426727051518],[-123.9292139742131,45.72426579862147],[-123.92921075781038,45.72426433504266],[-123.92920753787965,45.72426287696957],[-123.92920431062456,45.72426142541375],[-123.9292010759378,45.724259978577415],[-123.92919783777666,45.724258538145655],[-123.92919459234477,45.72425710513],[-123.92919134343849,45.72425567851883],[-123.9291880898817,45.72425426014751],[-123.92918482621938,45.724252844773176],[-123.92918155790656,45.72425143763863],[-123.92917828349908,45.724250036084875],[-123.92917500834473,45.72424864355713],[-123.92917173073117,45.72424725290207],[-123.9291684369708,45.72424587172378],[-123.92916513978963,45.724244497848844],[-123.92916183913408,45.724243130378476],[-123.92915853478956,45.72424176571726],[-123.92915522338888,45.7242404120675],[-123.92915190444923,45.72423906133958],[-123.92914858219599,45.72423771971277],[-123.92914525652209,45.72423638538929],[-123.92914192202592,45.72423505402525],[-123.92913858566043,45.72423373442128],[-123.92913189304024,45.72423110660025],[-123.92912853710736,45.72422980377628],[-123.92912517892967,45.724228506420445],[-123.92912181225157,45.72422721741709],[-123.92911844204542,45.72422593391942],[-123.92911506980911,45.72422465948527],[-123.92911168869688,45.72422338711167],[-123.9291083041102,45.72422212114262],[-123.9291049126282,45.72422086888159],[-123.92910151745724,45.724219619429675],[-123.92909811875822,45.724218375483446],[-123.92909471155873,45.7242171398897],[-123.92909130596452,45.72421590965138],[-123.92908788914222,45.72421468514419],[-123.92908446772317,45.72421346977554],[-123.92908104438108,45.72421226526815],[-123.9290776131247,45.72421105739064],[-123.92907417743231,45.72420986134832],[-123.92907073837276,45.72420867350822],[-123.92906729706846,45.72420749113627],[-123.92906384710284,45.72420631442023],[-123.9290603938236,45.72420514680529],[-123.92905693311276,45.72420398390983],[-123.92905347807161,45.724202829852544],[-123.92905000661551,45.724201680777696],[-123.92904653056252,45.724200540841494],[-123.92904305579302,45.72419940086765],[-123.929039574289,45.72419827729833],[-123.92903608909607,45.72419715653812],[-123.92903260042868,45.72419604218249],[-123.92902910449045,45.7241949352429],[-123.92902560379453,45.724193834745364],[-123.92902210096103,45.724192741513704],[-123.92901859336976,45.724191654724095],[-123.92901507984475,45.72419057621185],[-123.92901156535824,45.72418950313015],[-123.92900804477699,45.72418843562927],[-123.92900451975976,45.724187379963524],[-123.929000991,45.724186326208084],[-123.928997458873,45.72418528065485],[-123.92899391701576,45.724184244390514],[-123.92899037804709,45.724183213444064],[-123.92898683170037,45.72418218811594],[-123.92898328583637,45.72418117087739],[-123.92897972505531,45.724180162179096],[-123.92897616844611,45.72417915876108],[-123.92897260467338,45.72417816455682],[-123.92896903988553,45.72417717488432],[-123.9289654690566,45.72417619169138],[-123.9289618950213,45.72417521939726],[-123.92895831724344,45.72417424901338],[-123.92895473486867,45.72417328776817],[-123.92895115046367,45.72417233558647],[-123.92894756103267,45.72417138535258],[-123.92894396598962,45.724170448789124],[-123.92894037003875,45.72416951855511],[-123.92893676793952,45.724168593002965],[-123.92893316493245,45.724167673780265],[-123.92892955470819,45.724166762872414],[-123.9289259448058,45.72416585735759],[-123.92892232896952,45.724164960120106],[-123.92891870853636,45.72416407202126],[-123.92891508837144,45.724163188416526],[-123.92891146098923,45.724162313126705],[-123.92890783013263,45.72416144424139],[-123.92890419975878,45.72416058344558],[-123.92890056216775,45.724159730964665],[-123.92889692104855,45.72415888398947],[-123.92889328041213,45.7241580451038],[-123.92888963239763,45.72415721183642],[-123.92888597978617,45.72415638770773],[-123.92888232872626,45.72415556803558],[-123.92887867050283,45.72415475757716],[-123.9288750113179,45.724153952549294],[-123.92887135020995,45.72415315838264],[-123.92886768156296,45.72415236713778],[-123.92886401227632,45.72415158671658],[-123.9288603407449,45.724150811763444],[-123.92885666445564,45.72415004325238],[-123.92885298602882,45.72414928200711],[-123.92884930316592,45.724148532597056],[-123.92884562046402,45.7241477858834],[-123.92884193182822,45.72414704744708],[-123.92883824223095,45.724146314441285],[-123.92883454541645,45.72414558975039],[-123.92883084908465,45.72414487314902],[-123.92882715072258,45.7241441656112],[-123.92882345150628,45.72414346530155],[-123.92881974865452,45.7241427686999],[-123.92881603473563,45.72414208052582],[-123.92881232514944,45.72414140032854],[-123.92880861203504,45.72414072563697],[-123.9288048957143,45.72414006184413],[-123.92880117976907,45.724139404343155],[-123.92879745639202,45.72413875156162],[-123.92879373355136,45.72413810776846],[-123.92879000600644,45.72413747131627],[-123.9287862764312,45.7241368439275],[-123.92878254717783,45.724136221931765],[-123.92877881076079,45.724135609149734],[-123.92877507332872,45.724135000899395],[-123.92877133766257,45.724134400701026],[-123.92876759483282,45.72413380971645],[-123.92876385098796,45.72413322326349],[-123.92876010511283,45.72413264587404],[-123.9287565920631,45.72413211389467],[-123.92875308040405,45.72413158367541],[-123.928749564148,45.7241310625947],[-123.92874604580798,45.7241305496787],[-123.92874252634557,45.724130039496686],[-123.92873900479918,45.724129537479335],[-123.92873547865582,45.72412904460057],[-123.92873195278062,45.72412855621597],[-123.92872489178264,45.72412759682509],[-123.92872136708736,45.72412712821488],[-123.92871783116397,45.72412666533571],[-123.92871429919786,45.7241262041414],[-123.92871076167312,45.724125757516425],[-123.92870722324047,45.7241253172208],[-123.92870368491513,45.724124878722776],[-123.92870014322251,45.72412444842698],[-123.92869660575528,45.724124024310385],[-123.9286930572208,45.72412360862132],[-123.92868950895442,45.72412319742638],[-123.92868596122437,45.72412279521987],[-123.92868241365521,45.72412239570974],[-123.92867886287966,45.7241220070984],[-123.92867531226497,45.72412162118355],[-123.92867175833663,45.72412124436974],[-123.92866820082644,45.724120872162715],[-123.92866464770256,45.724120508831376],[-123.92866108714684,45.724120150219605],[-123.92865753081652,45.72411979778695],[-123.92865397111885,45.724119453556526],[-123.92865040789304,45.72411911483176],[-123.9286468451498,45.724118784196534],[-123.92864328278198,45.724118459853145],[-123.92863971554904,45.724118140154125],[-123.92863615008208,45.724117828507055],[-123.92863257729053,45.72411752337721],[-123.9286290125207,45.72411722341505],[-123.9286254443836,45.724116931655026],[-123.92862187159577,45.7241166481348],[-123.92861830410214,45.72411636716078],[-123.9286147293912,45.724116094501646],[-123.92861115516295,45.72411582993205],[-123.92860758387673,45.72411557157916],[-123.92860400259197,45.72411531802087],[-123.92860042569349,45.72411507333834],[-123.92859684783346,45.72411483408636],[-123.92859326767488,45.72411459940356],[-123.92858969190252,45.72411437359655],[-123.92858610752229,45.72411415434423],[-123.92858252870435,45.72411394213239],[-123.92857894635827,45.7241137354262],[-123.92857536310412,45.72411353504944],[-123.9285717777124,45.72411334193844],[-123.92856819526266,45.72411315504416],[-123.92856461072896,45.724112976314565],[-123.92856102651693,45.72411280297796],[-123.92855743749335,45.72411263518456],[-123.92855385408575,45.72411247533046],[-123.9285502658665,45.7241123210196],[-123.92854667561689,45.7241121757722],[-123.92854308820206,45.72411203494383],[-123.92853949875678,45.72411190317899],[-123.9285359081891,45.72411177414812],[-123.92853231954817,45.72411165586581],[-123.928528731229,45.72411154297647],[-123.92852513809831,45.72411143563037],[-123.92852154657263,45.72411133363969],[-123.92851795039627,45.72411123988874],[-123.9285143635785,45.724111152166756],[-123.92851077205638,45.724111071785664],[-123.92850717834304,45.72411099777158],[-123.92850358767893,45.72411093177185],[-123.9284999947699,45.7241108712403],[-123.92849640089928,45.72411081613923],[-123.92849280879456,45.72411076909017],[-123.92848921203914,45.72411073028088],[-123.92848561934815,45.72411069495419],[-123.92848202836949,45.72411066678062],[-123.92847842509379,45.72411064797103],[-123.92847483882299,45.724110634066164],[-123.92847124383705,45.724110624918374],[-123.92849981898921,45.72406312176437],[-123.92870926511588,45.724041218650065],[-123.92866567834896,45.72388048816811],[-123.92873697194068,45.723770616067334],[-123.92901264758041,45.723965346309846],[-123.92915167056314,45.723868793267],[-123.92926194238235,45.72394668519944],[-123.92990998078639,45.72440442720199],[-123.92992357807293,45.72441403097792],[-123.92993632693953,45.724405174880786],[-123.93006259692179,45.7243174796912],[-123.93020161514295,45.72422092553722],[-123.93034064059714,45.724124370987084],[-123.93047965301956,45.72402782113621],[-123.93061867770106,45.72393126894114],[-123.93075769405488,45.72383471410427],[-123.93089671395275,45.72373816168053],[-123.93100002909004,45.723666407827785],[-123.93103572953392,45.723641609198786],[-123.93100107263719,45.72361713147582],[-123.9307049120328,45.723407937065915],[-123.93056708274585,45.72331058493834],[-123.93037408839794,45.72317426692479],[-123.93026381660715,45.72309637689964],[-123.92998814100369,45.722901651291075],[-123.92987787025835,45.72282376088955],[-123.92954706232769,45.72259008806565],[-123.92950295298539,45.722558932689786],[-123.928949232292,45.72255729382637],[-123.92892706953862,45.72255722577975],[-123.92863391619429,45.722606342672094],[-123.92882484344092,45.721814599662935],[-123.92907244385646,45.7207829275047],[-123.92878791511613,45.72014827849094],[-123.92876678010819,45.72002147003096],[-123.92867085745519,45.719887178227424],[-123.92853563839412,45.71958556847212],[-123.92845739370753,45.719509046370895],[-123.92816120555348,45.71918188696741],[-123.92815953834643,45.719181327072235],[-123.92815787338417,45.71918076170886],[-123.92815704154465,45.71918047900836],[-123.92815621211079,45.719180193536175],[-123.92815455179898,45.71917961993286],[-123.92815372348751,45.71917933172656],[-123.92815289367839,45.71917903996243],[-123.92815124074428,45.71917846074058],[-123.92814959005499,45.71917787605052],[-123.92814876527153,45.71917758233844],[-123.92814794412331,45.719177284918246],[-123.92814630209489,45.71917669457214],[-123.9281446582472,45.719176095275074],[-123.92814384084144,45.719175795944544],[-123.92814302327486,45.71917549391738],[-123.92814138792727,45.7191748862677],[-123.9281405703607,45.719174584240605],[-123.92813975642936,45.71917427850538],[-123.92813812316575,45.71917366269085],[-123.92813730912721,45.71917335515794],[-123.92813649872386,45.71917304391692],[-123.92813487797088,45.71917242233371],[-123.92813406762116,45.719172111991575],[-123.92813326090665,45.71917179794129],[-123.92813164352089,45.71917116815571],[-123.9281308366992,45.71917085230777],[-123.92813002966304,45.71917053286439],[-123.92812841949414,45.71916989476379],[-123.92812761630768,45.719169575207715],[-123.9281268129604,45.719169252955076],[-123.9281252059979,45.71916860395556],[-123.92812440650029,45.719168281590264],[-123.92812361202834,45.719167957277044],[-123.92812201640037,45.71916730434409],[-123.92812121658112,45.71916697658567],[-123.92812042045078,45.71916664601801],[-123.92811882792194,45.719165980388425],[-123.92811803564123,45.71916564970809],[-123.92811724448289,45.719165316293655],[-123.92811565927822,45.7191646441467],[-123.92811487068639,45.71916431065715],[-123.92811408177285,45.71916397177447],[-123.92811250522907,45.71916329397156],[-123.92811171631553,45.71916295508885],[-123.9281109310909,45.71916261339692],[-123.92810936176397,45.71916192727896],[-123.92810857637853,45.71916158289045],[-123.92810779612591,45.71916123835175],[-123.92810623267904,45.71916054305741],[-123.92810545242648,45.719160198518715],[-123.92810467441866,45.71915984851175],[-123.92810311952556,45.71915914576373],[-123.92810234151779,45.71915879575677],[-123.92810156714526,45.71915844204176],[-123.92810001962977,45.71915773367525],[-123.92809924637967,45.71915737722606],[-123.92809847558875,45.719157018904106],[-123.92809693523655,45.71915630132371],[-123.92809616444572,45.719155943001724],[-123.92809539878763,45.71915558452955],[-123.92809386180271,45.71915485874676],[-123.92809309470073,45.71915449761555],[-123.92809233251705,45.7191541327387],[-123.92809080675949,45.71915340122484],[-123.92809004446869,45.71915303455025],[-123.92808928452993,45.71915266420517],[-123.92808776598919,45.71915192437629],[-123.92808700738722,45.71915155489245],[-123.92808625242051,45.71915118170057],[-123.92808473724706,45.71915043366931],[-123.92808398228037,45.71915006047744],[-123.9280832297193,45.71914968451387],[-123.9280817270564,45.71914893071393],[-123.92808022663827,45.719148171445745],[-123.92807947904927,45.71914779263542],[-123.92807873514911,45.719147411015825],[-123.92807723809824,45.719146643545265],[-123.92807649403728,45.71914625922915],[-123.92807575382594,45.719145874800354],[-123.92807426794883,45.71914510069984],[-123.92807352763032,45.71914471447331],[-123.92807278709738,45.719144324651374],[-123.92807130972034,45.71914354219829],[-123.9280705719147,45.71914315499781],[-123.92806983892022,45.719142762254],[-123.92806836892095,45.719141974182406],[-123.92806763576574,45.71914157874204],[-123.92806690646013,45.719141183188995],[-123.92806544367774,45.719140386802415],[-123.92806471421137,45.71913998855278],[-123.92806398843378,45.71913958749393],[-123.92806253687874,45.719138785376266],[-123.9280618111012,45.71913838431739],[-123.9280610890125,45.719137980449325],[-123.92805964847035,45.719137169005094],[-123.9280589263817,45.719136765137016],[-123.92805820798182,45.71913635845971],[-123.92805485513443,45.719134951071105],[-123.92805149747593,45.71913354922565],[-123.92804813265451,45.71913215659396],[-123.92804476938437,45.7191307684189],[-123.92804139766805,45.71912938949511],[-123.92803801868143,45.71912801798738],[-123.928034632371,45.7191266529968],[-123.92803124269358,45.71912529620847],[-123.92802784547783,45.71912394234187],[-123.9280244414207,45.71912260308212],[-123.92802103362129,45.719121265732696],[-123.92801761737563,45.71911993763449],[-123.92801419899259,45.719118616802135],[-123.92801077200242,45.71911730252452],[-123.92800733907886,45.71911599652422],[-123.92800390150504,45.71911469876371],[-123.92800045783702,45.71911340658391],[-123.92799700951868,45.71911212264392],[-123.92799355772614,45.719110845108474],[-123.9279900948137,45.71910957510169],[-123.92798662858786,45.71910831419597],[-123.92798315883414,45.719107058795956],[-123.92797968186382,45.71910581171074],[-123.92797620152639,45.71910457282781],[-123.92797271381153,45.7191033395632],[-123.92796922278329,45.71910211539962],[-123.92796572320148,45.71910089868961],[-123.92796222142873,45.719099688346596],[-123.92795871110242,45.719098485457174],[-123.92795519874599,45.71909729163123],[-123.92795167772879,45.71909610346116],[-123.92794815462773,45.71909492345576],[-123.92794462693016,45.719093752588996],[-123.92794109180139,45.71909258644166],[-123.92793755335927,45.71909142939543],[-123.92793400764674,45.71909027976521],[-123.92793045862088,45.71908913923604],[-123.92792690606713,45.719088004212544],[-123.92792334629674,45.71908687750391],[-123.9279197831593,45.71908575899747],[-123.92791621269797,45.71908464700818],[-123.9279127417633,45.719083572876926],[-123.92773885319991,45.71893643614711],[-123.92756753189882,45.71876511539212],[-123.92739621059773,45.718622347486],[-123.92723916622145,45.71850813264759],[-123.92708212184516,45.71835108921553],[-123.92689652361926,45.71827970477913],[-123.92658243486667,45.71827970477913],[-123.92622551533968,45.718408195570035],[-123.92593997953843,45.71852240998555],[-123.92587320766414,45.718548714094545],[-123.92587741957296,45.718181307070815],[-123.92588110763971,45.718108284910436],[-123.92589935895089,45.71774686320448],[-123.92590351718698,45.71766439085514],[-123.9259340060898,45.71706070474326],[-123.92594397250362,45.71686334063929],[-123.92594485770849,45.71684586457403],[-123.92594953240787,45.71675329684441],[-123.92605116849798,45.714740607258406],[-123.92605808832025,45.7146035702568],[-123.92606428650771,45.71448084406639],[-123.92606501013998,45.71446652417936],[-123.9261370204693,45.71303975042971],[-123.92614052018311,45.71297112668599],[-123.92615614838971,45.712669367793154],[-123.92615658396741,45.7126609766038],[-123.92616009278731,45.712591147807736],[-123.92621106833883,45.71157403080702],[-123.92622490460782,45.71129994727979],[-123.92623181462098,45.711162910236254],[-123.926238743686,45.71102586992105],[-123.92623895991657,45.71088874592686],[-123.92623917566395,45.710751613831164],[-123.92623957268634,45.710498236506346],[-123.92625406739266,45.71049886671584],[-123.9264824954947,45.71049886671584],[-123.92688224489781,45.71054169733051],[-123.92725344045131,45.71059880413835],[-123.92762463690312,45.71075584928424],[-123.92786734192994,45.710855786874546],[-123.92808149400548,45.71089861658842],[-123.9282045300981,45.71087518109541],[-123.92820074235958,45.71095013953311],[-123.92858890750995,45.71074808876352],[-123.92866684073618,45.710713018833665],[-123.92871028027228,45.71068491086099],[-123.92911929514015,45.710472007232866],[-123.92912230094437,45.71047044883418],[-123.92912530600157,45.71046889946154],[-123.92912832303475,45.71046735694157],[-123.92913134557513,45.710465820563286],[-123.92913437501304,45.71046429208683],[-123.92913741391446,45.710462771437044],[-123.92914045955253,45.710461255992556],[-123.92914351085868,45.71045974938623],[-123.92914656644272,45.71045824985804],[-123.9291496377981,45.71045675617101],[-123.92915270963596,45.7104552705736],[-123.92915578960066,45.71045379194159],[-123.9291588787608,45.71045231664196],[-123.92916507574377,45.71044939881185],[-123.92916818190822,45.710447950026946],[-123.92917129871208,45.710446507233414],[-123.92917442107678,45.71044507148043],[-123.9291775478265,45.71044364460322],[-123.92918068259593,45.71044222289371],[-123.92918382554585,45.71044080904846],[-123.92918697667638,45.7104394030674],[-123.92919013213829,45.710438005063295],[-123.929193299469,45.71043661211419],[-123.92919646749652,45.710435230850116],[-123.92919963969474,45.71043385486643],[-123.929202821142,45.710432483113976],[-123.92920600970129,45.710431122858765],[-123.92920920371412,45.71042976784632],[-123.92921240596118,45.710428421597015],[-123.92921561120308,45.71042708246333],[-123.92921882205943,45.710425751269035],[-123.9292220486872,45.71042442591586],[-123.92922527579744,45.71042310865232],[-123.92922850734634,45.710421801163406],[-123.92923174680769,45.71042049704446],[-123.92923499081505,45.71041920449788],[-123.92923824423234,45.71041791887908],[-123.92924150053717,45.710416638578245],[-123.92924476507623,45.7104153670405],[-123.92924803517614,45.71041410254321],[-123.92925130837817,45.71041284695932],[-123.92925459104374,45.7104115992021],[-123.9292578780408,45.710410359421765],[-123.92926117305754,45.710409124809125],[-123.92926447262026,45.71040790176881],[-123.92926777501695,45.71040668314759],[-123.92927108693084,45.71040547325185],[-123.92927439927361,45.71040427054695],[-123.92927772498253,45.71040307645479],[-123.92928105357912,45.71040188768057],[-123.92928438666804,45.7104007095799],[-123.92928772542514,45.71039954031741],[-123.9292910708653,45.710398375361265],[-123.9292944206905,45.710397219280914],[-123.92929777623752,45.710396072937634],[-123.92930113985783,45.71039493266088],[-123.92930450267762,45.71039380051127],[-123.9293078711119,45.710392676301076],[-123.9293112516294,45.71039156074125],[-123.9293146364248,45.71039045225941],[-123.92931802539087,45.710389349057984],[-123.92932141505385,45.71038825754161],[-123.92932481289738,45.71038717388944],[-123.92932821876067,45.710386095404886],[-123.92933162526722,45.7103850277066],[-123.92933504091569,45.71038396244175],[-123.92933845629973,45.71038291429269],[-123.92934187948909,45.71038186771584],[-123.92934530850735,45.710380832673756],[-123.92934874420877,45.710379801938046],[-123.9293521817293,45.71037878015324],[-123.9293556237958,45.710377769940784],[-123.92935907254535,45.710376764034635],[-123.9293625230604,45.71037576618062],[-123.92936598197059,45.71037477978617],[-123.92936944499776,45.7103737977732],[-123.92937290471197,45.710372824861416],[-123.92937638030484,45.71037185958852],[-123.92937985654105,45.710370905101705],[-123.92938333694796,45.710369955895295],[-123.92938682174005,45.71036901556465],[-123.92939031081002,45.71036808231199],[-123.92939380570904,45.71036716059417],[-123.92939730365654,45.710366246890786],[-123.9294008017648,45.710365335883914],[-123.92940430949757,45.710364435400244],[-123.92940782043965,45.710363545627615],[-123.92941133683551,45.71036266109774],[-123.92941485264531,45.71036178829048],[-123.92941837770424,45.71036091971444],[-123.9294219073092,45.71036006271073],[-123.9294254361136,45.710359213834174],[-123.92942897422077,45.71035837008773],[-123.92943250917585,45.710357538139014],[-123.9294360597952,45.710356710233626],[-123.92943960335977,45.710355893339866],[-123.92944315515858,45.71035508520915],[-123.92944671128895,45.71035428505531],[-123.9294502679018,45.71035349299115],[-123.92945383269532,45.71035270879115],[-123.92945739797129,45.71035193268072],[-123.92946096763242,45.710351165446085],[-123.92946453900547,45.71035040536465],[-123.92946811749066,45.71034965678038],[-123.9294717001465,45.71034891347646],[-123.92947528456787,45.7103481782246],[-123.92947887219864,45.71034745368371],[-123.92948246544407,45.71034673708221],[-123.92948605778167,45.71034602681017],[-123.92948965584112,45.71034532627513],[-123.92949325315374,45.710344634766166],[-123.92949685992997,45.710343951083814],[-123.92950046718876,45.710343275491056],[-123.92950407749602,45.710342607912786],[-123.92950769363244,45.71034195186929],[-123.92951131003689,45.7103413003199],[-123.92951493098742,45.7103406603429],[-123.92951855225955,45.710340025758875],[-123.92952217802421,45.71033940184837],[-123.92952580812043,45.71033878591474],[-123.92952944254823,45.71033817795804],[-123.92953307745856,45.710337578090886],[-123.92953671290508,45.710336987212216],[-123.9295403530049,45.71033640970358],[-123.92954399690005,45.71033583118328],[-123.92954764165316,45.71033526704459],[-123.9295512906306,45.71033470908505],[-123.92955494148079,45.71033416097531],[-123.92955859537962,45.71033362087995],[-123.92956225366369,45.71033308966043],[-123.92956591275208,45.71033257192359],[-123.92956957312333,45.71033205414909],[-123.92957323686498,45.71033154978218],[-123.9295768983623,45.71033105088344],[-123.92958057076711,45.71033056247033],[-123.92958424499119,45.710330083008095],[-123.92958791451211,45.7103296108869],[-123.92959159371115,45.71032915018772],[-123.92959526809992,45.71032869503189],[-123.9295989482641,45.71032825051192],[-123.92960263131606,45.71032781130981],[-123.92960631249903,45.71032738386787],[-123.92961000180908,45.7103269633913],[-123.92961368636232,45.71032654935688],[-123.92961737701289,45.710326151351474],[-123.92962106782421,45.71032575604255],[-123.92962476184509,45.71032537144462],[-123.92962845768518,45.7103249957976],[-123.92963215379329,45.71032462464476],[-123.92963585460846,45.71032426776079],[-123.92963955569171,45.71032391537098],[-123.92964325346205,45.71032357208234],[-123.92964695829102,45.710323239392],[-123.92965066493922,45.710322915652576],[-123.9296543720163,45.710322599103904],[-123.92965807962966,45.71032229154366],[-123.92966178767198,45.71032199117412],[-123.92966550009955,45.71032169968039],[-123.92966921317058,45.710321418972775],[-123.92967292672425,45.710321146354765],[-123.92967664081412,45.710320882725235],[-123.92968035918203,45.71032062617373],[-123.92968407423712,45.710320378723374],[-123.92968779378475,45.71032014194646],[-123.92969151360042,45.710319909663724],[-123.92969523416687,45.7103196899649],[-123.9296989564453,45.710319477419176],[-123.92970268177237,45.71031927288797],[-123.92970640394755,45.71031908015444],[-123.92971012639082,45.710318891915094],[-123.92971385338028,45.71031871524809],[-123.92971758085231,45.710318546670656],[-123.92972130880699,45.71031838618281],[-123.92972503473186,45.710318234758596],[-123.92972876381265,45.71031809314654],[-123.92973249326874,45.71031795782635],[-123.92973622336842,45.71031783329231],[-123.92973995411161,45.71031771954442],[-123.92974368629866,45.71031760845547],[-123.92974741784617,45.710317508190215],[-123.92975114602734,45.71031741612728],[-123.92975487875465,45.710317335636645],[-123.92975861319398,45.710317262299164],[-123.9297623468866,45.710317197987735],[-123.92976608106181,45.71031714176589],[-123.92976981187066,45.71031709374632],[-123.92977354850868,45.71031705726152],[-123.92977728028278,45.710317025421176],[-123.9297810166031,45.71031700515314],[-123.92978474955696,45.71031699308735],[-123.92978848443745,45.71031699177022],[-123.92979221450757,45.71031699599636],[-123.92979595275847,45.710317008086726],[-123.92979968395481,45.71031703118861],[-123.92980342081951,45.71031706312869],[-123.92980715303477,45.710317103308626],[-123.92981088952813,45.71031715056662],[-123.92995448136196,45.710319330582415],[-123.92995447795431,45.710319402716415],[-123.92995616432201,45.71038792717912],[-123.93001508296251,45.7108283691758],[-123.93001345128802,45.71102918338189],[-123.93051415910693,45.711024785980314],[-123.93136556335071,45.7110235797185],[-123.93137881088509,45.711023561692365],[-123.93146829454338,45.711023437011434],[-123.93149451322385,45.711023400027564],[-123.9316000601508,45.711023252148614],[-123.93160012092827,45.711016626821404],[-123.93160107892703,45.71090962613278],[-123.93160107251838,45.710908679070535],[-123.93160107765698,45.710907731669906],[-123.93160228863991,45.710769787561254],[-123.9316030147903,45.71068751759913],[-123.93160631297232,45.71057784248601],[-123.93161207433553,45.710385908623934],[-123.93161537955928,45.71027583529336],[-123.93161783822632,45.7101939746634],[-123.93162360704973,45.710002037832716],[-123.93193646068869,45.71000664771807],[-123.93200324201823,45.710007631704045],[-123.93213211069954,45.71000953091241],[-123.93232776190563,45.7100124119448],[-123.93252340938967,45.71001529456109],[-123.93268521598259,45.71001767845242],[-123.93271906074237,45.710018176737904],[-123.93291470784139,45.71002107312016],[-123.93311035977015,45.71002396363229],[-123.9333060079769,45.71002685572829],[-123.93361905081525,45.710031482596555],[-123.93385387224302,45.710034953298866],[-123.93404952822256,45.71003784392786],[-123.9342451714454,45.71004073550528],[-123.9344408198199,45.71004362660563],[-123.93463647200939,45.71004651636757],[-123.93483212042325,45.7100494068146],[-123.93502776735887,45.71005229337724],[-123.93522341966106,45.71005518305809],[-123.93541906808014,45.71005807162639],[-123.93561472042165,45.71006096065402],[-123.93569295751053,45.710062117053376],[-123.93573209586216,45.710062693301836],[-123.93600601997778,45.710066736981034],[-123.93639730806545,45.710072512340275],[-123.9365929792072,45.71007519658906],[-123.93666641245117,45.70767743462509],[-123.9366767468013,45.70733979081837],[-123.93668529313763,45.70706062125281],[-123.93688096474766,45.70706367749086],[-123.93688516102138,45.70692658777173],[-123.93689355252141,45.70665249927068],[-123.93690194388778,45.70637840982332],[-123.93690613621276,45.70624132015793],[-123.93691452767416,45.70596723423504],[-123.93692291776591,45.705693126692196],[-123.93692711351729,45.70555603146154],[-123.93693550424139,45.70528193643173],[-123.93693969903948,45.70514489071561],[-123.9369438947781,45.70500783955683],[-123.9369480869032,45.704870749773036],[-123.9369564774812,45.70459665552378],[-123.93696486814036,45.70432256392377],[-123.93696716201124,45.704247608573695],[-123.93703302614868,45.70424564250604],[-123.93794673855678,45.704231365284684],[-123.93830365898208,45.704231365284684],[-123.9385749169602,45.70417425824482],[-123.93871768441171,45.703960106796245],[-123.93883189801355,45.70376023187268],[-123.93885938540879,45.7036640261438],[-123.93925393689655,45.70366447762722]]]}},{"type":"Feature","properties":{"name":"Seaside","source":"Oregon Framework Admin_Bounds city limits"},"geometry":{"type":"Polygon","coordinates":[[[-123.91100769732385,46.014849844328076],[-123.91100815676762,46.01485223914943],[-123.91100861492149,46.01485463400808],[-123.9110090717856,46.01485702890416],[-123.91100952993962,46.01485942376285],[-123.91100998551394,46.01486181869625],[-123.91101044237818,46.01486421359224],[-123.91101089795254,46.01486660852564],[-123.91101135223713,46.01486900349639],[-123.91101180657536,46.0148713993658],[-123.91101226085996,46.01487379433653],[-123.91101271514465,46.0148761893072],[-123.91101316690333,46.014878585251296],[-123.91101361989821,46.01488098025936],[-123.91101407160328,46.014883375304805],[-123.911014523362,46.014885771248885],[-123.91101497377731,46.014888166331644],[-123.91101542424627,46.01489056231307],[-123.91101587337181,46.014892957433176],[-123.91101632255096,46.014895353451955],[-123.91101677173019,46.014897749470734],[-123.91101721956595,46.01490014462817],[-123.91101770751806,46.01490275738078],[-123.91101819552381,46.01490537103206],[-123.91101868218614,46.014907983822],[-123.91101916755868,46.01491059664931],[-123.91101965293127,46.01491320947657],[-123.91102013830384,46.014915822303884],[-123.91102062244029,46.014918436067184],[-123.91102110652312,46.01492104893184],[-123.91102158936975,46.014923662732485],[-123.91102207087299,46.01492627567184],[-123.9110225524298,46.014928889509825],[-123.91102303393313,46.014931502449166],[-123.91102351420022,46.01493411632449],[-123.91102399441378,46.014936729301176],[-123.91102447339111,46.01493934321384],[-123.91102495107857,46.0149419571639],[-123.91102543005599,46.01494457107656],[-123.9110259064001,46.014947184165294],[-123.91102638279791,46.014949798152635],[-123.91102685919572,46.01495241214004],[-123.91102733430374,46.01495502616478],[-123.91102780941182,46.014957640189465],[-123.91102828323,46.014960254251555],[-123.91102875704829,46.014962868313624],[-123.91102922957676,46.01496548241302],[-123.91102970210521,46.01496809651243],[-123.91103017339756,46.01497071154788],[-123.91103064463627,46.01497332568463],[-123.91103111458521,46.01497593985872],[-123.91103158453416,46.01497855403284],[-123.91103205324694,46.014981169142956],[-123.91103252190611,46.01498378335435],[-123.9110329893291,46.014986398501854],[-123.9110334566985,46.014989012750625],[-123.91103392283165,46.01499162793542],[-123.91103438891132,46.01499424222158],[-123.91103485375471,46.01499685744373],[-123.91103531854458,46.01499947176719],[-123.91103578209824,46.015002087026694],[-123.91103624565193,46.015004702286205],[-123.91103670786217,46.015007316684354],[-123.91103717012612,46.0150099319812],[-123.91103763110019,46.01501254731539],[-123.91103809207432,46.01501516264958],[-123.91103855175864,46.01501777802112],[-123.91103901144298,46.01502039339266],[-123.91103947112738,46.01502300876417],[-123.911039929522,46.01502562417304],[-123.91104038662674,46.01502823961925],[-123.91104084373153,46.01503085506546],[-123.91104129954651,46.01503347054906],[-123.91104175536151,46.015036086032595],[-123.91104220994038,46.015038702452195],[-123.91104266446558,46.0150413179731],[-123.91104311899095,46.01504393349402],[-123.91104357228001,46.015046549950966],[-123.91104402422566,46.01504916554654],[-123.9110444761713,46.01505178114216],[-123.91104492688082,46.01505439767379],[-123.91104537753671,46.01505701330671],[-123.91104582824624,46.01505962983831],[-123.91104627761241,46.01506224550859],[-123.9110467257423,46.01506486211494],[-123.91104717387232,46.01506747872122],[-123.91104762194871,46.01507009442885],[-123.91104806878886,46.015072711072484],[-123.91104851433923,46.015075327753515],[-123.91104895988961,46.015077944434516],[-123.91104940544007,46.015080561115475],[-123.9110498496471,46.01508317693516],[-123.91105029261786,46.01508579369084],[-123.91105073558869,46.01508841044653],[-123.9110511785596,46.015091027202196],[-123.91105162024067,46.01509364399523],[-123.91105206063187,46.015096260825636],[-123.91105250107675,46.01509887855472],[-123.91105294146809,46.01510149538507],[-123.91105338056957,46.01510411225279],[-123.91105381967107,46.01510672912052],[-123.91105425748279,46.01510934602556],[-123.91105469405832,46.015111963866694],[-123.91105513058017,46.0151145808091],[-123.91105556710217,46.015117197751465],[-123.91105600238791,46.01511981562994],[-123.91105643762013,46.01512243260967],[-123.9110568716161,46.01512505052546],[-123.91105730426861,46.01512766757988],[-123.91105773697483,46.01513028553304],[-123.9110581696274,46.01513290258745],[-123.91105860104378,46.01513552057794],[-123.91105903246024,46.015138138568425],[-123.91105946253327,46.015140755697544],[-123.91105989265989,46.015143373725365],[-123.91106032149672,46.0151459917905],[-123.91106075027999,46.015148608957],[-123.91106117782702,46.01515122705948],[-123.91106160408425,46.01515384519934],[-123.91106203163137,46.015156463301864],[-123.91106245659877,46.01515908147901],[-123.91106288156625,46.01516169965625],[-123.91106330653375,46.01516431783346],[-123.91106373021147,46.01516693604795],[-123.91106415388916,46.01516955426251],[-123.91106457627708,46.01517217251441],[-123.91106499866497,46.01517479076625],[-123.91106541981672,46.01517740995419],[-123.91106584091486,46.015180028243414],[-123.91106626072322,46.015182646570025],[-123.91106668053155,46.015185264896544],[-123.91106709910366,46.015187884159154],[-123.91106751762224,46.01519050252306],[-123.91106793485102,46.01519312092435],[-123.91106835213338,46.0151957402243],[-123.91106876936223,46.01519835862553],[-123.91106918406494,46.01520097800022],[-123.91106960000398,46.01520359643878],[-123.9110700134169,46.015206215850775],[-123.91107042806618,46.01520883432672],[-123.91107084147919,46.01521145373871],[-123.91107125360236,46.01521407318803],[-123.91107166567198,46.015216691738694],[-123.9110720765054,46.01521931122535],[-123.91107248733887,46.01522193071204],[-123.91107289688247,46.01522455023605],[-123.91107330642616,46.015227169760045],[-123.91107371591622,46.01522978838537],[-123.91107412288022,46.01523240798408],[-123.9110745311341,46.01523502754542],[-123.91107493809814,46.01523764714413],[-123.91107534377241,46.01524026678018],[-123.91107574944667,46.015242886416225],[-123.91107615383112,46.01524550608965],[-123.91107655821563,46.015248125763065],[-123.91107696265375,46.01525074633511],[-123.91107736574845,46.01525336604585],[-123.91107776755332,46.015255985793935],[-123.91107816935819,46.01525860554203],[-123.91107857116316,46.015261225290125],[-123.91107897173191,46.015263845974225],[-123.91107937095711,46.015266465797005],[-123.91107977018245,46.01526908561978],[-123.91108016817155,46.01527170637861],[-123.91108056610713,46.01527432623873],[-123.91108096404264,46.01527694609886],[-123.911081360742,46.015279566894996],[-123.9110817560979,46.0152821868298],[-123.9110821515074,46.01528480766331],[-123.91108254691702,46.0152874284968],[-123.9110829409831,46.01529004846895],[-123.91108333381304,46.01529266937711],[-123.91108372787926,46.015295289349275],[-123.91108411941939,46.015297910294834],[-123.91108451095948,46.01530053124035],[-123.91108490249971,46.01530315218586],[-123.91108529269647,46.015305772270075],[-123.911085681657,46.01530839329032],[-123.91108607061754,46.01531101431052],[-123.91108645957816,46.01531363533078],[-123.9110868472489,46.01531625638833],[-123.91108723491973,46.01531887744587],[-123.91108762130067,46.015321498540814],[-123.91108800639182,46.01532411967305],[-123.91108839148303,46.01532674080531],[-123.91108877657423,46.01532936193758],[-123.91108916037558,46.01533198310718],[-123.911089544177,46.015334604276774],[-123.91108992668858,46.01533722548375],[-123.91109030920015,46.015339846690686],[-123.91109069047558,46.015342468833666],[-123.9110910704075,46.0153450901153],[-123.91109145033948,46.01534771139697],[-123.9110918302715,46.01535033267859],[-123.91109220896729,46.01535295489628],[-123.91109258760953,46.01535557621523],[-123.91109296496187,46.01535819757158],[-123.9110933423679,46.015360819826576],[-123.91109371843054,46.01536344122025],[-123.91109409454673,46.01536606351262],[-123.91109446931947,46.015368684943674],[-123.91109484414591,46.01537130727334],[-123.9110952176289,46.01537392874177],[-123.91109559116553,46.01537655110877],[-123.91109596335869,46.015379172614516],[-123.91109633560555,46.015381795018875],[-123.91109670656252,46.01538441746064],[-123.91109707746594,46.015387039003684],[-123.91109744713316,46.01538966148281],[-123.91109781680032,46.015392283961894],[-123.91109818517776,46.01539490647833],[-123.91109855350152,46.01539752809609],[-123.9110989205891,46.015400150649874],[-123.9110992876767,46.01540277320361],[-123.91109965347452,46.01540539579479],[-123.91110001927233,46.0154080183859],[-123.91110038378031,46.01541064101439],[-123.91110074828829,46.015413263642834],[-123.91110111150643,46.01541588630866],[-123.91110147472466,46.0154185089745],[-123.91110183665306,46.015421131677634],[-123.91110219858147,46.01542375438082],[-123.91110255921998,46.01542637712134],[-123.91110291985858,46.01542899986182],[-123.91110328049724,46.01543162260234],[-123.91110363989968,46.015434246278886],[-123.91110399795858,46.015436869094096],[-123.91110435601756,46.01543949190929],[-123.91110471278672,46.015442114761825],[-123.9111050696095,46.01544473851307],[-123.91110542508886,46.01544736140299],[-123.9111057805682,46.01544998429289],[-123.91110613610128,46.01545260808147],[-123.91110649029088,46.01545523100872],[-123.91110684319057,46.01545785397326],[-123.91110719614392,46.015460477836534],[-123.91110754775386,46.01546310083849],[-123.91110789941743,46.015465724739116],[-123.91110825102741,46.015468347741056],[-123.91110860140121,46.015470971679],[-123.9111089504315,46.01547359475564],[-123.91110929951546,46.01547621873095],[-123.91110964730957,46.01547884274363],[-123.9111099950501,46.015481465857555],[-123.91111034284431,46.01548408987022],[-123.9111106893486,46.01548671392022],[-123.91111103450955,46.01548933710889],[-123.91111137972405,46.015491961196254],[-123.9111117249386,46.0154945852836],[-123.91111206886336,46.015497209408274],[-123.91111241144456,46.015499832671644],[-123.91111275407951,46.015502456833694],[-123.91111309676808,46.01550508189443],[-123.9111134505144,46.01550780566063],[-123.91111380426075,46.01551052942687],[-123.91111415800718,46.01551325319308],[-123.91111450917386,46.01551597703397],[-123.91111486168407,46.015518701736255],[-123.91111521285082,46.01552142557712],[-123.91111556272773,46.01552414945539],[-123.91111591265835,46.015526874232364],[-123.9111162612454,46.01552959814796],[-123.91111660854266,46.015532322100896],[-123.9111169571835,46.015535046915204],[-123.91111730319096,46.0155377709055],[-123.91111764925209,46.0155404957945],[-123.91111799525954,46.01554321978479],[-123.91111834003088,46.015545944711114],[-123.91111868345872,46.01554866877613],[-123.91111902694021,46.01555139373976],[-123.91111936907825,46.015554117842136],[-123.91111971126996,46.01555684284311],[-123.91112005340808,46.015559566945456],[-123.91112039302007,46.01556229202119],[-123.91112073392198,46.01556501705954],[-123.91112107219055,46.01556774127394],[-123.91112141180265,46.01557046634963],[-123.91112174883501,46.01557319150008],[-123.91112208715734,46.0155759166131],[-123.91112242284628,46.01557864090222],[-123.91112275858886,46.01558136608995],[-123.9111230943315,46.01558409127772],[-123.91112342878435,46.01558681650278],[-123.91112376194728,46.01558954176524],[-123.91112409511028,46.015592267027664],[-123.91112442827328,46.01559499229013],[-123.9111247588566,46.01559771762726],[-123.9111250907298,46.01560044292705],[-123.91112542131319,46.015603168264235],[-123.9111257506067,46.01560589363868],[-123.91112607990021,46.01560861901319],[-123.91112640790392,46.01561134442503],[-123.91112673461781,46.015614069874196],[-123.91112706262156,46.015616795286014],[-123.91112738804559,46.01561952077257],[-123.91112771346971,46.01562224625912],[-123.91112803889382,46.01562497174561],[-123.91112836308173,46.015627698168174],[-123.91112868592616,46.01563042372944],[-123.91112900877059,46.01563314929064],[-123.91112933161507,46.01563587485187],[-123.91112965322333,46.01563860134912],[-123.9111299734881,46.01564132698502],[-123.91113029375295,46.01564405262096],[-123.91113061278156,46.0156467791929],[-123.91113093175656,46.01564950486614],[-123.91113124944177,46.015652230576755],[-123.91113156718058,46.015654957186044],[-123.91113188357592,46.015657682933984],[-123.91113220002492,46.015660409580626],[-123.91113251513042,46.01566313536597],[-123.91113282899971,46.01566586208731],[-123.91113314281549,46.015668587909914],[-123.91113345668484,46.01567131463125],[-123.91113376921074,46.01567404049126],[-123.91113408050037,46.01567676728726],[-123.91113439173648,46.015679493184635],[-123.91113470173632,46.015682220018014],[-123.91113501173618,46.01568494685138],[-123.91113532168254,46.01568767278603],[-123.91113562910269,46.01569039969411],[-123.91113593781282,46.015693126564834],[-123.91113624388953,46.0156958526116],[-123.91113655001992,46.01569857955702],[-123.91113685615035,46.015701306502436],[-123.91113716099096,46.01570403348519],[-123.91113746577795,46.01570675956925],[-123.91113776932872,46.015709486589365],[-123.91113807158968,46.01571221364683],[-123.9111383738506,46.01571494070431],[-123.91113867611155,46.01571766776175],[-123.9111389770827,46.01572039485656],[-123.91113927676396,46.01572312198871],[-123.91113957644528,46.01572584912082],[-123.91113987483673,46.015728576290336],[-123.9111401732282,46.01573130345982],[-123.91114047027621,46.01573402976801],[-123.91114076737786,46.01573675697485],[-123.9111410632433,46.01573948511774],[-123.91114135905512,46.015742212361936],[-123.9111416535771,46.015744939643476],[-123.91114194680925,46.01574766696237],[-123.91114224004146,46.01575039428126],[-123.91114253327359,46.01575312160012],[-123.91114282521599,46.01575584895634],[-123.91114311586848,46.01575857634994],[-123.911143406521,46.015761303743524],[-123.91114369717356,46.015764031137074],[-123.91114398529999,46.01576675950406],[-123.91114427466272,46.01576948693497],[-123.91114456273559,46.01577221440326],[-123.91114484951856,46.015774941908916],[-123.91114513635526,46.0157776703132],[-123.91114542184849,46.01578039785616],[-123.91114570605178,46.015783125436506],[-123.9111459915987,46.015785853878135],[-123.91114627451222,46.0157885814958],[-123.91114655742577,46.01579130911348],[-123.91114684039297,46.015794037629824],[-123.91114712201667,46.015796765284826],[-123.91114740235058,46.015799492977216],[-123.9111476827381,46.01580222156824],[-123.91114796178213,46.01580494929796],[-123.91114824087983,46.01580767792638],[-123.91114851992394,46.015810405656076],[-123.91114879644189,46.015813134359185],[-123.9111490741962,46.015815862126225],[-123.91114934942438,46.01581859086665],[-123.9111496258888,46.01582131867105],[-123.91114989982715,46.01582404744884],[-123.91115017371186,46.01582677532792],[-123.91115044765027,46.015829504105696],[-123.91115072024515,46.015832232022156],[-123.91115099289372,46.015834960837275],[-123.91115126425238,46.01583768968977],[-123.91115153426769,46.01584041768093],[-123.91115180433653,46.015843146570745],[-123.9111520730619,46.01584587459923],[-123.91115234184093,46.01584860352639],[-123.91115261062006,46.01585133245354],[-123.91115287676575,46.01585406055675],[-123.91115314425498,46.015856789521244],[-123.91115340916447,46.01585951856051],[-123.91115367536392,46.01586224756235],[-123.91115393892993,46.01586497574025],[-123.91115420254964,46.015867704816785],[-123.91115446616935,46.015870433893326],[-123.91115472849927,46.01587316300728],[-123.91115499082915,46.01587589212119],[-123.91115525181557,46.01587862037377],[-123.91115551156574,46.01588134956236],[-123.91115577131595,46.01588407875096],[-123.9111560297763,46.015886807976926],[-123.9111562882367,46.015889537202874],[-123.91115654669709,46.015892266428814],[-123.91115680257772,46.015894995729475],[-123.91115705969469,46.01589772409412],[-123.91115731428549,46.01590045343209],[-123.91115757016622,46.01590318273275],[-123.91115782346724,46.01590591210809],[-123.91115807676823,46.015908641483435],[-123.91115833006928,46.015911370858774],[-123.91115858208046,46.0159141002715],[-123.91115883409171,46.01591682968416],[-123.91115908481304,46.0159195591342],[-123.91115933424454,46.01592228862158],[-123.91115958367607,46.015925018109],[-123.91115983181773,46.015927747633725],[-123.91116007995943,46.01593047715846],[-123.91116032810109,46.01593320668319],[-123.91116057371669,46.01593593718134],[-123.91116082056858,46.01593866674338],[-123.91116106613059,46.01594139634281],[-123.9111613104027,46.01594412597962],[-123.91116155338506,46.015946855653745],[-123.9111617976572,46.01594958529053],[-123.91116203934966,46.01595231500197],[-123.91116228104215,46.01595504471347],[-123.91116252278827,46.0159577753236],[-123.91116276319093,46.01596050507247],[-123.91116300230368,46.01596323485865],[-123.91116324141649,46.0159659646448],[-123.91116348052934,46.015968694430946],[-123.91116371840594,46.01597142515317],[-123.911163954939,46.015974155014035],[-123.91116419147217,46.01597688487489],[-123.91116442671543,46.01597961477312],[-123.91116466201233,46.015982345569995],[-123.91116489596577,46.01598507550556],[-123.91116512991923,46.01598780544117],[-123.91116536258282,46.015990535414076],[-123.91116559401016,46.01599326632303],[-123.91116582667385,46.015995996295906],[-123.91116605675766,46.01599872634353],[-123.91116628689522,46.01600145728984],[-123.91116651697916,46.016004187337415],[-123.91116674577323,46.016006917422374],[-123.91116697333108,46.01600964844339],[-123.91116720083527,46.01601237856566],[-123.91116742704968,46.0160151087253],[-123.91116765331768,46.01601783978366],[-123.91116787824217,46.01602056998067],[-123.91116810322039,46.01602330107636],[-123.91116832685506,46.01602603131069],[-123.91116855048976,46.01602876154504],[-123.91116877288823,46.01603149271543],[-123.9111689952331,46.01603422298713],[-123.91116921634173,46.01603695419486],[-123.91116943610683,46.01603968454125],[-123.9111696559256,46.016042415786316],[-123.91116987569085,46.01604514613271],[-123.91117009416612,46.01604787651645],[-123.9111703114052,46.01605060783625],[-123.91117052859067,46.016053338257315],[-123.91117074582979,46.01605606957704],[-123.9111709604355,46.016058800072905],[-123.91117117638481,46.01606153142998],[-123.91117138970071,46.01606426196311],[-123.91117160436015,46.0160669933576],[-123.9111718163862,46.01606972392807],[-123.91117202975575,46.01607245535989],[-123.91117224054561,46.01607518686639],[-123.91117245128183,46.016077917474234],[-123.91117266207166,46.01608064898074],[-123.91117284378075,46.01608302303639],[-123.91117302554348,46.0160853979907],[-123.91117320725256,46.01608777204634],[-123.91117338772546,46.016090147037986],[-123.9111735681983,46.016092522029645],[-123.9111737473813,46.01609489705866],[-123.91117392651067,46.01609727118899],[-123.91117410440383,46.01609964625536],[-123.91117428358686,46.01610202128435],[-123.91117446019014,46.01610439638808],[-123.91117463802966,46.01610677055575],[-123.91117481463301,46.01610914565944],[-123.91117498994649,46.01611152080052],[-123.91117516525993,46.01611389594158],[-123.91117534057338,46.01611627108261],[-123.91117551454333,46.01611864536235],[-123.91117568856697,46.01612102054076],[-123.91117586259057,46.01612339571914],[-123.91117603532436,46.0161257709349],[-123.9111762080581,46.01612814615064],[-123.91117637944839,46.016130520505065],[-123.91117655089229,46.016132895758176],[-123.91117672104629,46.016135271048626],[-123.91117689120037,46.016137646339054],[-123.91117706135442,46.01614002162955],[-123.91117723016504,46.01614239605864],[-123.91117739902921,46.01614477138644],[-123.91117756789343,46.01614714671424],[-123.91117773546777,46.016149522079395],[-123.91117790304214,46.016151897444544],[-123.91117806932661,46.01615427284704],[-123.9111782355575,46.016156647350854],[-123.91117840055212,46.0161590227907],[-123.91117856554678,46.01616139823055],[-123.91117873054138,46.01616377367039],[-123.91117889424618,46.01616614914759],[-123.91117905795099,46.016168524624746],[-123.91117922036594,46.016170900139294],[-123.91117938272721,46.01617327475516],[-123.91117954514219,46.01617565026971],[-123.91117970626723,46.01617802582158],[-123.91117986739233,46.01618040137346],[-123.91118002851742,46.01618277692536],[-123.91118018835266,46.01618515251457],[-123.91118034689799,46.01618752814117],[-123.9111805066796,46.01618990283174],[-123.91118066393507,46.016192278495666],[-123.91118082248053,46.016194654122245],[-123.91118097973603,46.01619702978618],[-123.91118113570167,46.01619940548745],[-123.91118129295721,46.01620178115143],[-123.91118144892289,46.016204156852694],[-123.91118160359866,46.016206532591326],[-123.91118175827442,46.01620890832998],[-123.91118191289667,46.01621128316993],[-123.91118206628258,46.01621365894589],[-123.91118221966853,46.01621603472188],[-123.91118237176462,46.01621841053521],[-123.9111825238607,46.01622078634854],[-123.91118267595677,46.01622316216185],[-123.91118282676304,46.016225538012534],[-123.91118299655152,46.01622823199623],[-123.91118316768355,46.016230926841246],[-123.9111833362358,46.01623362176099],[-123.91118350473441,46.01623631578201],[-123.91118367328669,46.01623901070172],[-123.9111838405491,46.016241705658786],[-123.91118400781154,46.016244400615896],[-123.91118417378408,46.01624709561031],[-123.91118433841314,46.016249789743355],[-123.91118450309584,46.01625248477517],[-123.91118466777854,46.01625517980691],[-123.91118483117138,46.016257874876025],[-123.91118499322072,46.01626056908382],[-123.91118515532366,46.016263264190286],[-123.91118531742669,46.016265959296746],[-123.91118547694985,46.01626865447792],[-123.91118563770937,46.01627134872302],[-123.91118579723268,46.0162740439042],[-123.91118595546601,46.01627673912269],[-123.91118611369944,46.0162794343412],[-123.91118627058935,46.01628212869841],[-123.9111864275329,46.01628482395425],[-123.91118658318652,46.01628751924751],[-123.91118673884019,46.01629021454069],[-123.91118689315034,46.01629290897257],[-123.91118704751413,46.01629560430314],[-123.9111872005881,46.01629829967103],[-123.91118735366204,46.016300995038925],[-123.91118750544615,46.01630369044418],[-123.9111876571766,46.01630638495076],[-123.91118780767083,46.016309080393356],[-123.91118795687518,46.016311775873305],[-123.91118810607954,46.01631447135323],[-123.91118825523021,46.016317165934524],[-123.91118840314473,46.01631986145182],[-123.91118855105923,46.01632255696915],[-123.91118869768387,46.01632525252382],[-123.91118884296499,46.016327947217114],[-123.91118898829976,46.01633064280913],[-123.91118913363448,46.01633333840112],[-123.91118927762581,46.016336033131786],[-123.91118942038081,46.016338728798466],[-123.9111895631358,46.01634142446517],[-123.91118970460097,46.016344120169194],[-123.91118984601253,46.01634681497456],[-123.9111899861878,46.01634951071597],[-123.91119012636311,46.01635220645735],[-123.9111902665384,46.016354902198735],[-123.91119040408033,46.01635759711617],[-123.91119054296577,46.01636029289491],[-123.91119067927147,46.01636298874833],[-123.91119081681343,46.01636568366575],[-123.91119095182923,46.016368379556525],[-123.91119108813493,46.01637107541001],[-123.91119122186089,46.01637377133814],[-123.9111913568231,46.01637646633026],[-123.91119148925921,46.01637916229573],[-123.9111916216953,46.01638185826123],[-123.91119175407779,46.016384553328045],[-123.91119188522399,46.01638724933086],[-123.91119201637025,46.01638994533369],[-123.91119214681346,46.01639267286506],[-123.91119227860024,46.01639540125777],[-123.91119240775363,46.01639812882648],[-123.91119253696064,46.01640085729384],[-123.91119266611403,46.016403584862594],[-123.91119279397758,46.016406312468646],[-123.9111929218947,46.01640904097336],[-123.91119304846838,46.016411768616756],[-123.91119317380577,46.01641449719624],[-123.91119329908955,46.01641722487698],[-123.91119342442697,46.01641995345642],[-123.91119354842091,46.016422681174525],[-123.9111936711249,46.016425408929976],[-123.91119379388256,46.01642813758414],[-123.91119391529674,46.01643086537695],[-123.9111940367645,46.0164335940684],[-123.91119415688881,46.016436321898595],[-123.91119427701317,46.01643904972873],[-123.91119439590116,46.01644177849489],[-123.91119451473558,46.01644450636241],[-123.91119463228016,46.016447234267304],[-123.91119474987832,46.01644996307079],[-123.91119486613304,46.016452691012994],[-123.91119498109781,46.01645541899258],[-123.91119509611623,46.01645814787078],[-123.9111952110811,46.01646087585035],[-123.91119532475602,46.016463603867216],[-123.91119543719466,46.016466332820194],[-123.91119554957976,46.01646906087441],[-123.9111956619648,46.016471788928655],[-123.9111957718237,46.0164745179563],[-123.91119588291892,46.016477246047906],[-123.91119599272422,46.01647997417684],[-123.91119610123967,46.016482702343126],[-123.9111962098087,46.016485431408135],[-123.9111963170343,46.016488159611754],[-123.91119642296998,46.01649088785275],[-123.9111965289056,46.01649361609373],[-123.91119663489495,46.01649634523344],[-123.91119673954077,46.01649907351175],[-123.91119684418653,46.016501801790085],[-123.91119694754252,46.016504530105834],[-123.91119704966215,46.01650725935753],[-123.9111971517282,46.01650998771056],[-123.91119725250441,46.016512716100955],[-123.91119735328057,46.016515444491375],[-123.91119745405678,46.01651817288174],[-123.91119755354308,46.016520901309484],[-123.91119765179313,46.01652363067327],[-123.9111977499895,46.01652635913834],[-123.91119784689607,46.016529087640784],[-123.9111979425127,46.01653181618057],[-123.91119803941929,46.016534544683],[-123.91119813374604,46.01653727326016],[-123.91119822807279,46.01654000183729],[-123.91119832239963,46.01654273041442],[-123.9111984154365,46.016545459028904],[-123.91119850723716,46.01654818857945],[-123.91119859898417,46.016550917231264],[-123.91119869073127,46.01655364588309],[-123.91119878118836,46.016556374572254],[-123.91119887035566,46.016559103298796],[-123.91119895952289,46.01656183202536],[-123.9111990474003,46.01656456078924],[-123.91119913527766,46.01656728955311],[-123.91119922186517,46.016570018354344],[-123.91119930845272,46.01657274715556],[-123.91119939375031,46.01657547599414],[-123.91119947904792,46.01657820483275],[-123.91119956305563,46.01658093370867],[-123.91119964700977,46.016583661685914],[-123.91119972972767,46.01658639059921],[-123.9111998111556,46.016589119549806],[-123.91119989258362,46.01659184850045],[-123.91119997401157,46.01659457745105],[-123.91120005414967,46.01659730643908],[-123.91120013299788,46.016600035464386],[-123.91120021184608,46.0166027644897],[-123.91120029069431,46.01660549351501],[-123.9112003669091,46.016608221716346],[-123.91120044446744,46.01661095077903],[-123.91120051944601,46.01661367991641],[-123.91120059571448,46.01661640901648],[-123.91120066940312,46.016619138191174],[-123.9112007443281,46.016621866429894],[-123.91120081672689,46.01662459564193],[-123.91120088912568,46.01662732485402],[-123.91120096152444,46.01663005406608],[-123.91120103257971,46.01663278241681],[-123.9112011023987,46.016635511703576],[-123.91120117221779,46.01663824099034],[-123.9112012420368,46.01664097027715],[-123.9112013105123,46.01664369870255],[-123.91120137775152,46.01664642806406],[-123.91120144499078,46.016649157425526],[-123.91120151088651,46.01665188592567],[-123.91120157683586,46.01665461532448],[-123.91120164273164,46.016657343824605],[-123.91120170610122,46.01666007329815],[-123.91120177076067,46.01666280273427],[-123.91120183278676,46.01666553134648],[-123.91120189486645,46.016668260857344],[-123.91120195689258,46.01667098946955],[-123.91120201768233,46.01667371901774],[-123.91120207841855,46.016676447667294],[-123.9112021379185,46.016679177252826],[-123.91120219607488,46.01668190597708],[-123.9112022542849,46.01668463559998],[-123.91120231244133,46.01668736432423],[-123.91120236807161,46.01669009402184],[-123.91120242493808,46.01669282278341],[-123.91120248056838,46.01669555248102],[-123.9112025348551,46.01669828131732],[-123.91120258914182,46.01670101015359],[-123.91120264219231,46.016703739925916],[-123.9112026951892,46.01670646879951],[-123.91120274689611,46.01670919771052],[-123.91120279865675,46.01671192752016],[-123.9112028490738,46.016714656468494],[-123.91120289820095,46.01671738545419],[-123.91120294738174,46.016720115338536],[-123.91120299650898,46.01672284432424],[-123.91120304434624,46.016725573347216],[-123.91120309089361,46.01672830240759],[-123.91120313749464,46.01673103236669],[-123.91120318404204,46.01673376142704],[-123.91120322929957,46.016736490524764],[-123.91120327326715,46.016739219659854],[-123.91120331723481,46.016741948794916],[-123.9112033599125,46.01674467796738],[-123.91120340264386,46.016747408038476],[-123.91120344403168,46.016750137248245],[-123.91120348541949,46.01675286645802],[-123.91120352551745,46.01675559570512],[-123.9112035656154,46.016758324952235],[-123.91120360442342,46.01676105423671],[-123.91120364194158,46.01676378355855],[-123.91120367945967,46.016766512880366],[-123.91120371697784,46.016769242202194],[-123.91120375320608,46.01677197156134],[-123.91120378814442,46.016774700957875],[-123.91151942959279,46.016833680196115],[-123.91579783625792,46.01678154304886],[-123.91579748868416,46.016775812326344],[-123.91580589433175,46.01674443839503],[-123.91586935687724,46.01641855343999],[-123.9159830676835,46.016304674955855],[-123.91618499169265,46.01619729316778],[-123.91647704735959,46.01606918732616],[-123.91646987993504,46.0158899420971],[-123.91646971624247,46.0158872029245],[-123.9163227957096,46.01578143422845],[-123.91616762047701,46.01567590389087],[-123.91595992774526,46.01554171345944],[-123.91591887825577,46.01550723308225],[-123.91571397264973,46.015353753951466],[-123.91561746136149,46.015241308258695],[-123.91549441183078,46.015146095636595],[-123.91541198960526,46.01500580197977],[-123.91535315374152,46.01493067839178],[-123.91525442982696,46.01485369297936],[-123.91523993489525,46.0148022533746],[-123.91527588184961,46.01444806876523],[-123.91601699149756,46.014776425280026],[-123.91803468529884,46.015753167152816],[-123.91861194891236,46.01581735838379],[-123.91880128495225,46.01582887516475],[-123.91926505850887,46.01575367347895],[-123.91941743755693,46.01566747998309],[-123.9197759086979,46.015458137144904],[-123.91982408541097,46.015407622143236],[-123.9198050641156,46.01527399662551],[-123.91982605848004,46.01478880925701],[-123.91983296430425,46.014265615800234],[-123.91994949209206,46.0138764353861],[-123.92004231423215,46.01347943764802],[-123.92002270008976,46.013118631156836],[-123.91987805320409,46.01269532740924],[-123.91958699926765,46.012253774070274],[-123.91917187047316,46.01185121892973],[-123.91874754126218,46.011413258339225],[-123.91850108887027,46.011071933092126],[-123.91833563974184,46.0106297490464],[-123.9182427684792,46.010373965819454],[-123.92447499029957,46.01037318006078],[-123.92481252056207,46.01011750692571],[-123.92526713927805,46.00994952642543],[-123.92566483185028,46.00988966478214],[-123.9262279263506,46.009836514554124],[-123.92744054917425,46.00973345189653],[-123.92800658751209,46.00966374369403],[-123.92836159649879,46.00954227901534],[-123.92838043071573,46.00952801094868],[-123.92853962580118,46.00934584315824],[-123.92866005700856,46.00910169195161],[-123.9288085546876,46.00872803216779],[-123.928920104937,46.008388375321445],[-123.92909081761002,46.008063460097475],[-123.92910918161284,46.007890329902],[-123.9291458066032,46.00762117954549],[-123.92919656523729,46.00725283422729],[-123.92926841772082,46.00669783457319],[-123.92940333276981,46.00563171911716],[-123.92951839952879,46.00477966136051],[-123.92956032249768,46.00439538313853],[-123.92959168167853,46.00410415893738],[-123.92975435492326,46.00326470672758],[-123.92986839309616,46.00282893592767],[-123.92989583568715,46.00253809991238],[-123.93001969143353,46.002069115078356],[-123.93022670836226,46.00168030083741],[-123.93034624173505,46.00149379538796],[-123.93038282857162,46.00115851439733],[-123.9304240825048,46.00082885894454],[-123.9305017044174,46.000232527743506],[-123.93046204492133,45.9999323955265],[-123.93071374695194,45.998923511526336],[-123.93088085484155,45.99750878773698],[-123.93106979485603,45.995992172198896],[-123.93138322103786,45.99452954983451],[-123.9317421794502,45.993104288680875],[-123.9318453773563,45.99268529170279],[-123.93215533000657,45.991447496683726],[-123.93241939741367,45.9906654436261],[-123.93267439861368,45.98993578869672],[-123.93290824000445,45.98867002465955],[-123.93305303345372,45.98720626917934],[-123.93339349607872,45.986025198693355],[-123.93388632050048,45.98483172457221],[-123.93399621550972,45.9845903382708],[-123.93416945454044,45.98398132783881],[-123.93420881666138,45.983745293010195],[-123.93414589063106,45.98340522522931],[-123.93413826732605,45.982812741511616],[-123.9342246632885,45.9822586745603],[-123.93428758409371,45.98202826196662],[-123.93439011771123,45.98177583966822],[-123.93460243498828,45.98139179422425],[-123.93477970347884,45.98060207609279],[-123.93485436098823,45.980448184258904],[-123.93511446624588,45.980065758563065],[-123.93514550190149,45.98002012744031],[-123.93561899049172,45.97890267772235],[-123.93586150532907,45.97833031467406],[-123.93618443423385,45.97784205503774],[-123.93675085644071,45.97716173707047],[-123.9368529991529,45.976975179217504],[-123.93715987643554,45.97661306078266],[-123.93748254040781,45.976382742744484],[-123.93765569853826,45.97631704184659],[-123.9386943530359,45.97604248019507],[-123.94022878153413,45.975779212482955],[-123.94144076743275,45.97545537982034],[-123.94193643067335,45.97537310654944],[-123.94292804266223,45.975318033069954],[-123.9432267589117,45.97531807511094],[-123.94544580907512,45.97550997319311],[-123.94601308196033,45.97554689473213],[-123.94682276690743,45.97552096630176],[-123.9476097207495,45.975465810791675],[-123.94856967879089,45.975427532079415],[-123.94945880533837,45.97545470926106],[-123.95089108887835,45.975547727528614],[-123.95141019528539,45.97554759723529],[-123.95163839206174,45.97552032437422],[-123.95215726406003,45.975423823703274],[-123.95249625733419,45.9753554891643],[-123.9534482997288,45.97514699691756],[-123.95421920351063,45.97491088572695],[-123.9547701707232,45.97466942590597],[-123.95499039032462,45.97461439083169],[-123.95529701811812,45.97457602768152],[-123.95563203804373,45.974476783991975],[-123.95622062562616,45.97429112094022],[-123.9562136763125,45.974002123077476],[-123.95661463260352,45.973884905014884],[-123.95655380175631,45.97378374898011],[-123.95621083324615,45.97388401309024],[-123.95619508423522,45.973229149583865],[-123.95463571185185,45.97351436307374],[-123.95421221902517,45.973591816856306],[-123.9541723031945,45.97348571545942],[-123.95347510389068,45.97361322590474],[-123.9534950605685,45.97366627718757],[-123.95347375090462,45.97366997878704],[-123.95344616877868,45.97367419575195],[-123.95340912228652,45.9736788623937],[-123.9533718234655,45.97368242908298],[-123.9533405993422,45.97368455711072],[-123.95331868688477,45.97368558813245],[-123.95329047185383,45.9736863575522],[-123.95326223577065,45.973686500087396],[-123.95323714332132,45.97368610113133],[-123.95322147301846,45.97368560124953],[-123.9532026875463,45.97368474533464],[-123.9531808109374,45.97368339673773],[-123.95205077849506,45.97360355278477],[-123.95127632124841,45.97389785309792],[-123.95046833806097,45.974204889532885],[-123.94824514269085,45.974565066961134],[-123.94612942530043,45.97450071683024],[-123.94604290203887,45.9745021745754],[-123.94603030674686,45.974090932337994],[-123.94514564741463,45.97410584461215],[-123.94513481659875,45.97375182180578],[-123.94563697312876,45.97344790193383],[-123.9456222468905,45.972955942638464],[-123.94558280691307,45.97295639157325],[-123.945576095452,45.97273706170921],[-123.94556625198923,45.97241555376308],[-123.94517216555626,45.972143260001204],[-123.94473786561566,45.972114095333005],[-123.94420806187676,45.972138234314755],[-123.94426426338475,45.9723351581933],[-123.944261219654,45.97233319824519],[-123.94425692260504,45.97233178093449],[-123.94423760828501,45.97232541048129],[-123.9442178431952,45.97232371305264],[-123.9441718261648,45.972324820363326],[-123.94413769222531,45.97232413673465],[-123.94411069766234,45.97232069636828],[-123.94409068132437,45.97231195079951],[-123.94407050942759,45.97230066379629],[-123.94405028652531,45.97228852932115],[-123.94402662800287,45.9722798930344],[-123.9440107758412,45.97227951609877],[-123.9440013143834,45.97228404320144],[-123.94399200456473,45.972291110948944],[-123.94398543690588,45.97230319401394],[-123.94398119917011,45.97231350826904],[-123.94397326305709,45.97232308449731],[-123.94396670113252,45.97232702618724],[-123.9439611715202,45.97232866266587],[-123.94395104031953,45.972329270651855],[-123.94393832439047,45.972329731010134],[-123.94391845464102,45.97232717412887],[-123.94388883436893,45.972316255427614],[-123.94386054371971,45.972291625301075],[-123.94383879557938,45.97227444255857],[-123.94381324437697,45.97225482512103],[-123.94378045324379,45.97223627210734],[-123.94374104728776,45.9722289545545],[-123.94372772781773,45.97223019868798],[-123.94370986193987,45.97223667232987],[-123.94368327926604,45.972240009703384],[-123.94365532692089,45.972240841167554],[-123.94364550199914,45.97223943704883],[-123.94363034600552,45.97223054737796],[-123.94361948537114,45.97221219253984],[-123.94361510831546,45.97220187290763],[-123.94361132444126,45.972192227330254],[-123.94359949067189,45.97218391834857],[-123.94356670346112,45.97216536426255],[-123.94354040889394,45.97215795647075],[-123.9434158510726,45.972147790918484],[-123.94339759573178,45.97214747161589],[-123.9433672100862,45.97214837511246],[-123.94334052795143,45.972150016497174],[-123.94332012687016,45.97215486993841],[-123.94330474262823,45.97216211716678],[-123.9432917893634,45.97216929596464],[-123.94328273856877,45.972180604482254],[-123.94327105160049,45.972188593387045],[-123.9432604282687,45.972194003385844],[-123.94324594567672,45.9721961304579],[-123.94323009483223,45.97219575337945],[-123.94321408840722,45.972192833967824],[-123.94319322034433,45.972190056799036],[-123.94316367996942,45.972181663560036],[-123.94313865859289,45.97217384931489],[-123.94311399024089,45.972168640039925],[-123.94309594390927,45.972168318176365],[-123.94306602055893,45.972160726561505],[-123.94303892408665,45.97215559011251],[-123.9430140987288,45.97214783582683],[-123.94299439397673,45.972144178328186],[-123.94297965258762,45.9721420690347],[-123.94296512292183,45.972143349388894],[-123.94295824515949,45.97215034679852],[-123.94295274078934,45.972159848208996],[-123.94294526613031,45.97217705241272],[-123.94293213207386,45.97219289982157],[-123.9429293935929,45.97219620473078],[-123.94291062083587,45.972207799446934],[-123.94290067256762,45.97221485877528],[-123.94288313911407,45.972216258507586],[-123.9428599947299,45.972216098359766],[-123.94283902344998,45.972211627126754],[-123.94280716608719,45.97220832872924],[-123.94278523964067,45.972208132035384],[-123.94275040805132,45.97221595802515],[-123.94272545776833,45.9722260400126],[-123.94270932496649,45.972240954207486],[-123.94269202644897,45.972256751462766],[-123.942673461571,45.9722717377009],[-123.94264998409554,45.972286019588225],[-123.9426137842676,45.97229134228056],[-123.94257742866392,45.97229411903531],[-123.94253722189033,45.97229361799593],[-123.94251715284797,45.972294807358864],[-123.94250196263515,45.972298328859424],[-123.94248173409238,45.97230725355573],[-123.94246591606563,45.972319010239296],[-123.9422584590792,45.97199619149047],[-123.94177903711532,45.97184412740186],[-123.94130179152482,45.97202742536774],[-123.94065322783398,45.972482051554486],[-123.94044849032382,45.97250775599164],[-123.9401099442064,45.97264731506732],[-123.94021191293042,45.972813451835236],[-123.94024931186954,45.972988316399224],[-123.94026155991129,45.973410541052054],[-123.94017558978862,45.973529180612026],[-123.93982311910511,45.97385903055929],[-123.93961913828305,45.973866717478835],[-123.93962110102464,45.974507055552124],[-123.9396117107193,45.97450727958705],[-123.9395794718895,45.97385784686161],[-123.93853766406251,45.97388298674948],[-123.93887829051295,45.97435528335214],[-123.93912246374043,45.97469404403485],[-123.93939640186446,45.97511701556731],[-123.93925601651826,45.97516203652848],[-123.93809931386534,45.97551437270462],[-123.93833957260085,45.97589004862693],[-123.93832585217051,45.975894218913496],[-123.93814747884802,45.97561898889969],[-123.9381113625993,45.97562692477143],[-123.93805887779483,45.97554485694244],[-123.93610979755519,45.974073323187845],[-123.9348690539205,45.97239789314156],[-123.93465713975628,45.97239967950651],[-123.93407924606312,45.9724045492034],[-123.93359492193981,45.97240862791912],[-123.93312680367889,45.972602373816144],[-123.93309918957276,45.972589307103064],[-123.93306332179854,45.972572334509664],[-123.93288589328418,45.97250297235669],[-123.93269361443572,45.97244828631924],[-123.93259010243173,45.97243923118819],[-123.93254547100234,45.972437286622636],[-123.93247890951612,45.972432329281574],[-123.93244560718648,45.97242538002711],[-123.93239166319559,45.97241412363114],[-123.93233045046904,45.972388216626534],[-123.93226276436201,45.972364812089324],[-123.93217425263354,45.9723258532148],[-123.93211979411996,45.97230205651525],[-123.93203254816608,45.97228385149574],[-123.93197893383422,45.97227388979533],[-123.93193580206596,45.972272857356344],[-123.93184911846842,45.97226387529076],[-123.9318050030607,45.97224670171187],[-123.93173830091175,45.972239437064765],[-123.93166885388828,45.97224149460968],[-123.93160545898618,45.97223413254648],[-123.93154466946785,45.9722151430949],[-123.93148401958523,45.972198459637774],[-123.9314110208645,45.97216712959909],[-123.9313581474262,45.97214443688682],[-123.93130932024451,45.97210430225001],[-123.93128131969961,45.9720797211181],[-123.93125592201929,45.97204351270511],[-123.93123369199736,45.97200490093052],[-123.93123145893824,45.97199832293677],[-123.93121945507983,45.971962968166615],[-123.93121350393743,45.97194543784494],[-123.9312128485805,45.971941097838624],[-123.93120936114157,45.97191799502389],[-123.93120794803393,45.97190864099237],[-123.9312090743273,45.97189715129818],[-123.93120999130785,45.97188779054697],[-123.9312118923651,45.971864633250796],[-123.93121682021996,45.971836767508535],[-123.93121443194053,45.9717975672983],[-123.93121204366439,45.97175836708693],[-123.93120884609856,45.97170588715724],[-123.93120824935795,45.971696108700854],[-123.93120171130207,45.97164317069975],[-123.93119876089881,45.97159474738593],[-123.93118448427003,45.97152355873706],[-123.93117942609861,45.97144054721541],[-123.93117358986929,45.971399139229064],[-123.93117197718351,45.97138733957314],[-123.93307808872771,45.971371292470124],[-123.93406120729459,45.97136301160724],[-123.93479337739602,45.97135683930111],[-123.934849822435,45.97135636304714],[-123.93494599323623,45.97135555187144],[-123.93514261532837,45.97135389346127],[-123.93514670164157,45.97158939287933],[-123.93514769901088,45.97164690744612],[-123.93514807485046,45.97166852194392],[-123.93515065654367,45.971817348203224],[-123.935151057438,45.97184039070094],[-123.93534768500209,45.97183873093731],[-123.93535732284168,45.972393775048424],[-123.93537883017288,45.97239359374282],[-123.93594719593298,45.97238879778755],[-123.93593755634978,45.97183375540729],[-123.93593029097104,45.971415812844],[-123.93592791185198,45.97127871385824],[-123.93591838206153,45.970730309171415],[-123.93591600777702,45.97059320367771],[-123.93590647805283,45.97004479602887],[-123.93590409534315,45.9699076997191],[-123.93589456584719,45.96935929180445],[-123.93573594325031,45.969360630860706],[-123.93572760584243,45.96936070143235],[-123.93565729588188,45.969361294878816],[-123.93563800508294,45.96780486379343],[-123.93571664510873,45.96780366157434],[-123.9356978927508,45.96695133942288],[-123.9356447923462,45.96453777946325],[-123.93563817238505,45.96423683957048],[-123.93563318313316,45.96401006286241],[-123.93559008963305,45.96205102814755],[-123.93555971278914,45.96067008589903],[-123.93553571520292,45.959579101453436],[-123.9355322644769,45.95942223456393],[-123.93548096263389,45.9570897188417],[-123.93545752363542,45.956024028689136],[-123.93542389695872,45.954494969943],[-123.9354029173259,45.953540962972916],[-123.93142384445714,45.953543699106504],[-123.93126585928584,45.953543804857084],[-123.93089183137141,45.952949113785834],[-123.93089030189584,45.952946680811976],[-123.93088877354715,45.9529442451044],[-123.93088724648719,45.952941809359224],[-123.93088572323873,45.95293937260255],[-123.93088419993654,45.952936934947154],[-123.93088268049985,45.95293449717901],[-123.93088116235171,45.9529320593733],[-123.93087964538444,45.95292961973252],[-123.93087813104808,45.95292718091531],[-123.93087661789254,45.95292474026306],[-123.93087510860248,45.95292229949807],[-123.93087359931258,45.95291985873302],[-123.93087209249187,45.95291741609537],[-123.93087058830211,45.952914974281306],[-123.93086908529321,45.95291253063216],[-123.93086758486133,45.95291008690786],[-123.93086608700645,45.95290764310839],[-123.93086459033246,45.95290519747389],[-123.93086309500086,45.95290275270054],[-123.9308616021386,45.95290030605454],[-123.93086011185333,45.95289785933336],[-123.93085862285663,45.952895412574584],[-123.93085713638308,45.95289296484194],[-123.9308556511443,45.95289051617297],[-123.93085416848247,45.952888067428894],[-123.93085268834385,45.952885617710876],[-123.9308512094399,45.952883167056505],[-123.93084973182451,45.95288071636459],[-123.93084825678622,45.95287826559746],[-123.93084678427103,45.952875813856494],[-123.9308453129905,45.952873361179144],[-123.93084384428707,45.95287090842668],[-123.93084237681832,45.95286845473792],[-123.93084091187269,45.95286600007523],[-123.93083944950413,45.95286354533737],[-123.9308379883703,45.95286108966321],[-123.93083652981339,45.95285863391388],[-123.93083507249125,45.952856177228256],[-123.93083361774612,45.9528537204674],[-123.93083216423568,45.95285126277029],[-123.93083071330229,45.95284880499794],[-123.93082926360358,45.95284634628935],[-123.93082781642806,45.952843886606885],[-123.93082637182953,45.95284142684919],[-123.93082492846567,45.95283896615517],[-123.93082348767885,45.95283650538606],[-123.93082204812677,45.95283404368054],[-123.93082061109781,45.95283158100124],[-123.9308191753574,45.95282911828424],[-123.93081774219407,45.95282665549214],[-123.93081631155383,45.95282419172612],[-123.93081488214833,45.95282172702381],[-123.93081345531982,45.95281926224627],[-123.93081202972606,45.95281679653249],[-123.93081060665536,45.95281432984481],[-123.93080918487333,45.952811863119514],[-123.93080776566825,45.952809396319076],[-123.93080634898632,45.95280692854473],[-123.93080493353911,45.95280445983407],[-123.93080351938045,45.95280199108582],[-123.93080210903342,45.95279952132613],[-123.93080069997492,45.95279705152882],[-123.93079929215112,45.95279458079517],[-123.93079788690436,45.95279210998638],[-123.9307964828923,45.952789638241335],[-123.93079508274568,45.952787166383445],[-123.93079368254536,45.95278469362689],[-123.93079228486813,45.95278221989641],[-123.93079088976795,45.95277974609076],[-123.93078949719086,45.95277727131125],[-123.93078810590235,45.95277479649413],[-123.93078671584857,45.952772320740735],[-123.93078532837181,45.95276984491211],[-123.9307839434182,45.952767368109654],[-123.93078255975313,45.95276489126954],[-123.93078117861123,45.952762413455616],[-123.9307798000463,45.9527599355665],[-123.93077842271609,45.95275745674103],[-123.93077704662059,45.95275497697927],[-123.93077567310205,45.95275249714237],[-123.93077430216059,45.9527500172303],[-123.93077293374223,45.95274753634431],[-123.9307715652701,45.9527450545596],[-123.93077020066347,45.95274257266215],[-123.93076883729148,45.95274008982837],[-123.93076747649658,45.95273760691946],[-123.93076611693633,45.952735123074206],[-123.93076475995308,45.9527326391538],[-123.93076340420457,45.95273015429708],[-123.93076205103303,45.95272766936522],[-123.93076069909615,45.95272518349704],[-123.93075935102479,45.95272269751608],[-123.93075800289967,45.95272021063639],[-123.93075665858606,45.95271772274527],[-123.93075531427264,45.952715234854125],[-123.93075397382465,45.95271274685025],[-123.93075263461134,45.95271025791006],[-123.93075129663279,45.95270776803354],[-123.93074996251961,45.95270527804428],[-123.93074862840662,45.952702788055014],[-123.93074729810515,45.95270029705429],[-123.93074596903841,45.95269780511725],[-123.93074464126022,45.95269531314262],[-123.93074331605898,45.95269282109279],[-123.93074199332708,45.95269032717042],[-123.93074067193761,45.95268783410916],[-123.93073935307123,45.952685340074],[-123.93073803672799,45.95268284506499],[-123.93073672167336,45.95268035001832],[-123.93073540785339,45.95267785403539],[-123.93073409661042,45.95267535797729],[-123.9307327878906,45.95267286094531],[-123.9307314817478,45.952670363838145],[-123.93073017689348,45.952667866693425],[-123.93072887321999,45.95266536771366],[-123.93072757217746,45.9526628695574],[-123.93072627360414,45.952660369528594],[-123.93072497637323,45.952657870360895],[-123.9307236816655,45.95265537021931],[-123.93072238948086,45.952652869103844],[-123.9307210985848,45.952650367950795],[-123.93071980892339,45.95264786586146],[-123.9307185231275,45.95264536365935],[-123.93071723856622,45.95264286052092],[-123.93071595529356,45.95264035734491],[-123.93071467454394,45.952637853195036],[-123.93071339637143,45.95263534897],[-123.93071211943357,45.95263284380865],[-123.93071084507265,45.952630338572135],[-123.93070957200037,45.952627833298024],[-123.93070830145119,45.952625327049994],[-123.93070703342511,45.95262281982816],[-123.93070576668755,45.95262031256866],[-123.93070450247325,45.952617804335326],[-123.93070323954737,45.952615296064394],[-123.93070197919859,45.952612787718294],[-123.93070072003056,45.95261027753714],[-123.93069946349344,45.95260776817958],[-123.9306982094794,45.95260525784812],[-123.93069695798849,45.9526027465428],[-123.93069570649773,45.95260023523743],[-123.93069445887244,45.95259772381933],[-123.93069321248176,45.95259521146497],[-123.93069196866809,45.95259269903535],[-123.93069072608914,45.9525901856695],[-123.93068948603329,45.95258767132979],[-123.93068824731982,45.952585157851146],[-123.9306870123641,45.9525826424623],[-123.93068577740846,45.95258012707352],[-123.93068454502986,45.95257761160958],[-123.93068331517438,45.9525750951717],[-123.93068208789587,45.952572578658675],[-123.93068086190586,45.952570062108045],[-123.9306796383852,45.952567543684864],[-123.93067841620689,45.95256502612279],[-123.93067719655177,45.95256250758681],[-123.93067597813125,45.95255998811453],[-123.93067476228781,45.95255746856715],[-123.93067354902128,45.95255494894451],[-123.93067233698947,45.952552428385644],[-123.93067112748076,45.95254990685281],[-123.93066991931447,45.952547386181195],[-123.93066871490589,45.95254486359935],[-123.93066751049741,45.9525423410175],[-123.93066630866589,45.95253981836054],[-123.93066510941142,45.95253729562835],[-123.9306639126262,45.95253477102359],[-123.93066271718337,45.952532247279954],[-123.93066152426361,45.95252972256247],[-123.93066033257861,45.95252719690864],[-123.93065914347055,45.95252467117966],[-123.93065795565104,45.952522145413084],[-123.93065677035469,45.952519618672646],[-123.9306555876353,45.95251709185704],[-123.9306544061506,45.95251456410511],[-123.93065322724286,45.95251203627803],[-123.93065205085827,45.952509507477075],[-123.93065087576224,45.95250697863854],[-123.9306497019008,45.95250444886368],[-123.93064853190486,45.95250191897607],[-123.93064736319745,45.95249938905089],[-123.93064619572468,45.95249685818943],[-123.93064503077508,45.95249432635407],[-123.93064386845629,45.95249179534226],[-123.93064270731833,45.95248926249544],[-123.93064154881124,45.95248673047216],[-123.93064039282729,45.95248419747503],[-123.93063923807799,45.95248166354156],[-123.93063808590558,45.952479129532925],[-123.9306369350218,45.952476595486736],[-123.93063578666111,45.95247406046667],[-123.93063464087746,45.95247152537141],[-123.9306334963284,45.95246898933987],[-123.93063235435639,45.95246645323316],[-123.93063121361898,45.95246391619016],[-123.93063007545865,45.95246137907196],[-123.93062893987525,45.9524588418786],[-123.9306278055265,45.952456303748974],[-123.93062667370084,45.95245376464548],[-123.93062554321762,45.952451226403056],[-123.93062441520365,45.95244868628807],[-123.93062328982056,45.95244614699666],[-123.9306221656721,45.952443606768895],[-123.9306210440468,45.952441065567314],[-123.93061992505224,45.952438525189294],[-123.93061880723857,45.95243598297617],[-123.93061769205578,45.95243344158666],[-123.93061657805374,45.952430898362145],[-123.93061546668253,45.952428355961146],[-123.93061435654602,45.95242581262383],[-123.9306132502749,45.95242326917385],[-123.93061214395004,45.9524207248251],[-123.9306110414906,45.95241818036362],[-123.9306099402658,45.95241563496581],[-123.93060884032955,45.95241308953045],[-123.93060774425868,45.95241054398235],[-123.9306066481341,45.952407997535495],[-123.93060555582103,45.95240545007722],[-123.93060446485038,45.95240290348005],[-123.93060337640279,45.95240035590901],[-123.93060228918996,45.952397807401674],[-123.93060120455402,45.95239525881919],[-123.93060012120664,45.95239271019912],[-123.93059904167086,45.952390160567596],[-123.93059796213511,45.95238761093602],[-123.93059688646477,45.95238506119172],[-123.93059581202911,45.95238251051116],[-123.93059473882812,45.95237995889428],[-123.93059366954641,45.952377408063384],[-123.9305926001571,45.95237485543504],[-123.93059153468701,45.952372303592625],[-123.93059047045158,45.952369750814015],[-123.93058940879317,45.95236719796017],[-123.9305883483694,45.95236464417006],[-123.93058729052258,45.95236209030478],[-123.93058623519892,45.952359535465604],[-123.93058518116374,45.95235698058886],[-123.93058412970555,45.95235442563695],[-123.93058307948202,45.952351869748725],[-123.9305820318354,45.952349313785355],[-123.93058098676588,45.95234675774687],[-123.93057994293095,45.952344200772],[-123.93057890167297,45.952341643722015],[-123.93057786164971,45.952339085735744],[-123.93057682420333,45.95233652767427],[-123.93057578933396,45.95233396953766],[-123.93057475569928,45.95233141046478],[-123.93057372464155,45.9523288513167],[-123.93057269610694,45.95232629119477],[-123.9305716688608,45.95232373103526],[-123.93057064419168,45.95232117080052],[-123.93056962204567,45.952318609592005],[-123.93056860118814,45.95231604834583],[-123.93056758161913,45.95231348706212],[-123.93056656586167,45.95231092476693],[-123.93056555139279,45.95230836243416],[-123.93056453815852,45.95230579916512],[-123.93056352878965,45.952303235783326],[-123.9305625194209,45.952300672401485],[-123.93056151386365,45.95229810800824],[-123.93056050959498,45.95229554357742],[-123.93055950784937,45.952292978172686],[-123.9305585074461,45.95229041362913],[-123.9305575095121,45.952287847212915],[-123.93055651292053,45.95228528165786],[-123.93055552014046,45.952282715091414],[-123.9305545273605,45.9522801485249],[-123.930553538392,45.95227758094694],[-123.9305525507121,45.95227501333142],[-123.93055156560915,45.95227244564074],[-123.93055058174086,45.95226987701374],[-123.93054960044947,45.95226730831159],[-123.93054862039278,45.95226473867315],[-123.9305476442015,45.95226216892195],[-123.9305466680103,45.95225959917078],[-123.93054569568447,45.95225702930687],[-123.93054472459337,45.952254458506616],[-123.93054375607915,45.95225188763128],[-123.9305427887996,45.95224931581961],[-123.930541824097,45.95224674393277],[-123.93054086197141,45.95224417197079],[-123.93026101482063,45.95149555752245],[-123.93021364762943,45.95136884541568],[-123.93021298369068,45.95136707050959],[-123.93021231969813,45.95136529470475],[-123.93021165565177,45.9513635180012],[-123.93019307687432,45.95131381849215],[-123.93010082616031,45.95098927313817],[-123.93010022385704,45.950987212844495],[-123.93009961511183,45.95098515273862],[-123.93009900126687,45.95098309368173],[-123.93009838097993,45.95098103481271],[-123.93009775564704,45.95097897789131],[-123.9300971238723,45.95097692115781],[-123.93009648694391,45.95097486457455],[-123.93009584496963,45.95097280993895],[-123.93009519655338,45.95097075549122],[-123.93009454303738,45.9509687020925],[-123.93009388313328,45.95096664978031],[-123.93009321812947,45.95096459851707],[-123.93009254797205,45.95096254740409],[-123.93009187142657,45.9509604973777],[-123.93009118978128,45.950958448400264],[-123.9300905017479,45.95095640050938],[-123.93008980990325,45.95095435362986],[-123.93008911038201,45.9509523078745],[-123.9300884069956,45.95095026223183],[-123.93008769722111,45.950948217675695],[-123.93008698111232,45.95094617510485],[-123.93008626113833,45.95094413264669],[-123.93008553348787,45.95094209131265],[-123.93008480202613,45.950940050989985],[-123.93008406412235,45.9509380108552],[-123.93008332117269,45.95093597266807],[-123.93008257183494,45.95093393556751],[-123.93008181734366,45.95093189861715],[-123.93008105780649,45.950929863614554],[-123.93008029182732,45.95092782879976],[-123.93007952074848,45.950925795033946],[-123.93007874462378,45.95092376321582],[-123.93007796205713,45.95092173158557],[-123.93007717439075,45.9509197010042],[-123.93007638162463,45.95091767147187],[-123.93007558252425,45.950915643924795],[-123.93007477827037,45.950913616527984],[-123.9300739689167,45.950911590180155],[-123.93007315317493,45.95090956491884],[-123.93007233238738,45.95090754160522],[-123.93007150515783,45.95090551847948],[-123.93007067417082,45.95090349726378],[-123.93006983674185,45.95090147623598],[-123.93006899297858,45.95089945719343],[-123.93006814406179,45.9508974383011],[-123.93006729009919,45.95089542135647],[-123.93006643103679,45.95089340546088],[-123.93006556553252,45.950891389753025],[-123.93006469498236,45.95088937599292],[-123.93006381933253,45.95088736328174],[-123.93006293734844,45.95088535255589],[-123.93006205021076,45.95088334198026],[-123.9300611579734,45.95088133245357],[-123.93006025940183,45.9508793249122],[-123.93005935573052,45.95087731841974],[-123.9300584469595,45.95087531297629],[-123.93005753308884,45.95087330858183],[-123.93005661283006,45.95087130527387],[-123.93005568747151,45.95086930301488],[-123.93005475577881,45.950867302741216],[-123.93005382027478,45.950865303478935],[-123.93005287838267,45.95086330530314],[-123.9300519301024,45.95086130821393],[-123.93005097806473,45.950859313034805],[-123.93005001958514,45.95085731804356],[-123.93004905605969,45.950855324999964],[-123.93004808619993,45.95085333394166],[-123.93004711247511,45.95085134299601],[-123.93004613241604,45.950849354035626],[-123.93004514725723,45.95084736612421],[-123.9300441557104,45.95084537929934],[-123.93004315911767,45.95084339442216],[-123.93004215742528,45.950841410593924],[-123.93004115063319,45.9508394278147],[-123.93004013745305,45.95083744612196],[-123.93003912051545,45.95083546633939],[-123.93003809718974,45.950833487643344],[-123.93003706752981,45.95083151093258],[-123.93003603405859,45.95082953523313],[-123.93003499419932,45.950827560620326],[-123.93003394929418,45.95082558795515],[-123.93003289928937,45.95082361633895],[-123.93003184289645,45.9508216458093],[-123.93003078145767,45.950819677227315],[-123.93002971491929,45.950817709694306],[-123.93002864328122,45.950815743210285],[-123.93002756659727,45.950813778673954],[-123.93002648357908,45.95081181612283],[-123.93002539546123,45.950809854620715],[-123.9300243022437,45.95080789416757],[-123.93002320392654,45.95080593476337],[-123.92985144756032,45.95050056338151],[-123.92985012951179,45.95049823226279],[-123.92984880121,45.95049590234331],[-123.9298474602398,45.950493576394315],[-123.92984610907025,45.95049125254324],[-123.92984474780908,45.95048893258755],[-123.92984337511398,45.95048661566606],[-123.92984199227342,45.950484301741206],[-123.92984059799892,45.95048199085058],[-123.92983919229053,45.95047968299416],[-123.92983777649053,45.950477379033074],[-123.92983635049121,45.95047507716992],[-123.9298349131118,45.950472779239675],[-123.92983346435233,45.95047048524238],[-123.92983200539358,45.95046819334302],[-123.92983053634313,45.95046590533899],[-123.92982905591269,45.950463621267915],[-123.92982756404837,45.950461340231016],[-123.929826063327,45.95045906215318],[-123.92982455122554,45.9504567880083],[-123.92982302769025,45.95045451689759],[-123.92982149406328,45.95045224968226],[-123.92981995029083,45.950449985463585],[-123.9298183951384,45.950447725177774],[-123.92981682984046,45.95044546788861],[-123.92981525445087,45.95044321449482],[-123.92981366768134,45.95044096503397],[-123.92981207076626,45.95043871856972],[-123.92981046247115,45.95043647603838],[-123.92980884537286,45.950434237364824],[-123.92980721689455,45.95043200262422],[-123.92980557827076,45.95042977088021],[-123.9298039283208,45.95042754396783],[-123.92980226951377,45.95042532001457],[-123.9298005993267,45.950423099994175],[-123.92979891775968,45.95042088390671],[-123.92979722733556,45.950418670778305],[-123.92979552687365,45.95041646244399],[-123.92979381503172,45.95041425804257],[-123.92979209309823,45.95041205753646],[-123.92979036107303,45.95040986092573],[-123.92978861890245,45.95040766731162],[-123.92978686540572,45.95040547852914],[-123.92978510310573,45.95040329360444],[-123.92978332947965,45.950401113511354],[-123.9297815469964,45.95039893637735],[-123.92977975318706,45.95039676407496],[-123.92977794923225,45.950394594769165],[-123.92977613523978,45.95039243025747],[-123.92977431249781,45.95039027050225],[-123.92977247832202,45.95038811378123],[-123.92977063410852,45.950385961854295],[-123.92976877980344,45.95038381382266],[-123.92976691546055,45.95038167058509],[-123.92976504102606,45.95037953124285],[-123.92976315784223,45.95037739665706],[-123.92976126327845,45.95037526600424],[-123.92975935862297,45.95037313924669],[-123.9297574452182,45.95037101724568],[-123.92975552043342,45.95036889917758],[-123.92975358689932,45.95036678586593],[-123.92975164332746,45.95036467734834],[-123.92974968966396,45.950362572726114],[-123.92974772596274,45.95036047289792],[-123.92974575345835,45.9503583769275],[-123.92974376968166,45.950356286687395],[-123.92974177710178,45.950354200305064],[-123.92973977443025,45.9503521178181],[-123.92973776177486,45.950350041023825],[-123.9297357403163,45.95034796808736],[-123.92973370881998,45.950345899944914],[-123.92973166728592,45.95034383659656],[-123.92972961566025,45.95034177714351],[-123.92972755533911,45.95033972334566],[-123.92972548492635,45.95033767344314],[-123.92972340452977,45.950335629233386],[-123.92972131532996,45.9503335888814],[-123.92971921614622,45.95033155422214],[-123.92971710815937,45.95032952342066],[-123.92971499018857,45.95032749831194],[-123.92971286341462,45.95032547706098],[-123.92971072536834,45.950323461540364],[-123.92970857980733,45.9503214498399],[-123.92970642426233,45.95031944383224],[-123.92970425867965,45.95031744261856],[-123.92970208434767,45.95031544616143],[-123.92969990132019,45.950313455359414],[-123.92969770820113,45.95031146845278],[-123.92969550509815,45.95030948723879],[-123.92969329324588,45.95030751078141],[-123.92969107269812,45.95030553997918],[-123.92968884340095,45.950303573933375],[-123.92968660406613,45.950301612681635],[-123.92968435469355,45.950299656223955],[-123.92968209791387,45.95029770538385],[-123.92967983115031,45.950295760236486],[-123.92967755563743,45.950293819845626],[-123.92967527008683,45.95029188424878],[-123.92967297712912,45.9502899542696],[-123.92967067413367,45.950288029084405],[-123.92966836115433,45.950286109591964],[-123.92966604071411,45.95028419481843],[-123.92966371157836,45.950282285700055],[-123.92966137245877,45.95028038227444],[-123.92965902458978,45.95027848360532],[-123.92965666802534,45.950276590591294],[-123.92965430276543,45.95027470323254],[-123.92965192875621,45.95027282063023],[-123.92964954605145,45.95027094368304],[-123.9296471533629,45.950269072428654],[-123.92964475326717,45.95026720679188],[-123.92964234442215,45.950265345911504],[-123.92963992688162,45.95026349068638],[-123.9296374993572,45.95026164115396],[-123.92963506442578,45.950259797239134],[-123.9296326207988,45.950257958979535],[-123.92963016847636,45.95025612637509],[-123.92951134772007,45.9501676093589],[-123.92950892719618,45.95016583344313],[-123.92950647076309,45.95016408288197],[-123.9295039758978,45.95016235864911],[-123.92950144517717,45.950160660669525],[-123.92949887983559,45.95015898800687],[-123.929496277458,45.95015734343244],[-123.92949364051336,45.95015572507371],[-123.92949096910944,45.95015413472805],[-123.92948826453463,45.95015257235794],[-123.92948552678884,45.9501510379633],[-123.92948275721433,45.95014953240539],[-123.92947995581116,45.95014805568415],[-123.92947712263312,45.950146608698326],[-123.92947425891481,45.9501451905116],[-123.9294713647639,45.95014380292137],[-123.9294684414149,45.95014244499142],[-123.92946549021,45.950141117582916],[-123.92946251120316,45.950139821594526],[-123.92945950434047,45.95013855612755],[-123.92945646967577,45.95013732208064],[-123.92945341112807,45.95013612023994],[-123.92945032606676,45.95013494978179],[-123.92944721583402,45.95013381156737],[-123.92944408300666,45.95013270552145],[-123.92944092635024,45.950131632580494],[-123.9294377470991,45.95013059180805],[-123.929434545361,45.950129585001626],[-123.92943132365899,45.9501286111874],[-123.92942808075836,45.95012767130158],[-123.92942481789369,45.95012676440793],[-123.92942153646115,45.950125892266335],[-123.92941823640675,45.950125053978034],[-123.92941491901895,45.95012424950551],[-123.92941158569381,45.950123480608596],[-123.92940823503525,45.950122745527445],[-123.92940486972775,45.9501220459844],[-123.92940148971743,45.95012138108064],[-123.92939809634652,45.95012075167739],[-123.92939468961504,45.950120157774634],[-123.92939127075749,45.95011959843614],[-123.92938783988161,45.95011907545924],[-123.92938439822184,45.95011858790774],[-123.92938094706666,45.95011813574405],[-123.92937748646989,45.950117719866896],[-123.92937401771985,45.95011734023867],[-123.92937054076275,45.950116995960734],[-123.92936705699466,45.95011668879294],[-123.92936356630784,45.95011641693777],[-123.92936007138682,45.950116182117654],[-123.92935657083547,45.95011598257259],[-123.92935306733823,45.95011582002502],[-123.92934955960673,45.95011569451245],[-123.9293460501639,45.95011560506103],[-123.92934254029812,45.95011555163322],[-123.92933902872097,45.95011553426655],[-123.92933551682853,45.95011555472095],[-123.92933200574765,45.950115610262635],[-123.92932849692829,45.95011570355023],[-123.92932499020885,45.95011583188762],[-123.92932148575093,45.95011599797095],[-123.92931798602349,45.95011619992759],[-123.92931449102663,45.95011643775761],[-123.92931100210252,45.950116712322156],[-123.92930751790897,45.950117022760054],[-123.92930404236493,45.95011736985736],[-123.92930057412822,45.95011775275294],[-123.92929711319876,45.950118171446725],[-123.92929366344175,45.95011862582612],[-123.92929022351497,45.950119115029935],[-123.929286974108,45.95011959597872],[-123.92905609155568,45.95015375990531],[-123.92902816724967,45.95004576103794],[-123.92898496195218,45.949889504009995],[-123.92898489593404,45.94988926375787],[-123.92896146980061,45.949919320195114],[-123.92889000656915,45.949952183100564],[-123.92879483096782,45.94995756363239],[-123.92873047537577,45.949926160439226],[-123.9286974071849,45.94986564567506],[-123.92869367083985,45.9498042624612],[-123.92868770774533,45.949732099322986],[-123.92869350083919,45.949691605833976],[-123.9286903126274,45.94963922208451],[-123.92868676934768,45.949581018440476],[-123.92868464384479,45.9495460953391],[-123.92867515820944,45.94950710501091],[-123.92865536048969,45.94947699135799],[-123.9285774315604,45.94943265229718],[-123.92849328345079,45.949423481303995],[-123.92840150104065,45.94942619953788],[-123.9282884777482,45.94942954574649],[-123.92827634159372,45.94942990484221],[-123.92809348288343,45.94944698080264],[-123.92800134664795,45.949443877893216],[-123.92793388648867,45.94943421298806],[-123.92787335338727,45.94940101892489],[-123.92783714533486,45.94935544381609],[-123.9278075081173,45.9492805197184],[-123.92782722808506,45.94919247165979],[-123.92793483372458,45.9490376821672],[-123.92797336490318,45.94898406373302],[-123.92799520957085,45.94893093875808],[-123.928037216314,45.94887051189128],[-123.92804405645508,45.94884727967413],[-123.92804047663522,45.9487884540669],[-123.92802012026173,45.94875574756441],[-123.92799305376599,45.9487334881446],[-123.92793314531384,45.94871476419395],[-123.92786699269878,45.94871416034402],[-123.92780115158048,45.94871867179975],[-123.92773562194131,45.94872829856158],[-123.92767758114212,45.948740265677316],[-123.92759660780945,45.94873753852801],[-123.92752203190457,45.94871924805852],[-123.9274572124397,45.94868017019031],[-123.9274253908703,45.94864011642975],[-123.92741096777753,45.9485841743649],[-123.92740878884878,45.94854836691664],[-123.92740567688826,45.94849721429479],[-123.92741340882883,45.948443178101805],[-123.92742542892454,45.94839926400102],[-123.92745929253918,45.948352141322694],[-123.92750875534071,45.94831993016501],[-123.9275658626212,45.94829261705669],[-123.92762023774766,45.94828075859373],[-123.92767890105712,45.94827902219182],[-123.92774122960498,45.94827717715562],[-123.9278005911269,45.94824106637688],[-123.92576837019382,45.94827152955596],[-123.92435221553974,45.94829273694397],[-123.92406464223136,45.94829704245457],[-123.92406237383327,45.94829480646028],[-123.92406010667,45.94829256952977],[-123.92405784331812,45.94829033158799],[-123.92405558120106,45.94828809270993],[-123.92405332160712,45.948285852858085],[-123.92405106324794,45.94828361207],[-123.92404880741189,45.94828137030816],[-123.92404655533352,45.9482791266363],[-123.92404430325531,45.9482768829644],[-123.92404205493484,45.948274637382546],[-123.92403980784913,45.948272390864396],[-123.92403756328655,45.94827014337243],[-123.92403532124709,45.94826789490676],[-123.92403308173071,45.94826564546732],[-123.92403084344909,45.948263395091594],[-123.92402860769064,45.94826114374212],[-123.92402637440154,45.948258890520115],[-123.92402414368925,45.94825663722312],[-123.924021914158,45.94825438209112],[-123.9240196871499,45.94825212598535],[-123.92401746266486,45.94824986890581],[-123.92401524070296,45.948247610852505],[-123.92401301997586,45.94824535186293],[-123.92401080177183,45.94824309189963],[-123.92400858603712,45.94824083006377],[-123.92400637287936,45.948238568152895],[-123.92400416095636,45.948236305305755],[-123.924001952791,45.94823404054862],[-123.92399974586048,45.94823177485526],[-123.92399754016465,45.94822950822557],[-123.92399533828033,45.948227240584686],[-123.92399313768446,45.94822497290618],[-123.92399093950431,45.948222702456555],[-123.92398874390095,45.94822043193183],[-123.92398655082071,45.94821816043334],[-123.92398435897525,45.948215887998614],[-123.9239821695991,45.948213613691394],[-123.92397998279988,45.9482113393091],[-123.92397779846998,45.948209063054364],[-123.92397561537486,45.948206785863356],[-123.92397343614498,45.9482045085598],[-123.92397125809606,45.94820222942123],[-123.92396908128192,45.94819994934642],[-123.92396690827925,45.94819766826035],[-123.92396473651128,45.94819538623802],[-123.92396256726653,45.94819310324192],[-123.92396040049105,45.94819081837332],[-123.92395823629246,45.9481885334297],[-123.92395607461698,45.94818624751228],[-123.92395391412249,45.94818395975994],[-123.92395175620491,45.9481816719325],[-123.92394960075664,45.94817938223264],[-123.92394744654317,45.94817709159645],[-123.92394529619486,45.94817480084774],[-123.9239431470276,45.94817250826407],[-123.92394100038345,45.9481702147066],[-123.9239388562624,45.94816792017541],[-123.92393671337612,45.94816562470792],[-123.92393457301289,45.94816332826669],[-123.92393243517283,45.94816103085168],[-123.92393029985587,45.9481587324629],[-123.92392816706203,45.94815643310041],[-123.92392603673753,45.948154131865394],[-123.9239239077015,45.94815183059286],[-123.92392178118861,45.94814952834656],[-123.92391965714509,45.94814722422775],[-123.92391753439004,45.9481449200714],[-123.92391541539278,45.94814261400512],[-123.92391329768394,45.948140307901284],[-123.92391118244447,45.948137999924946],[-123.92390906972813,45.94813569097487],[-123.92390695958866,45.94813338194968],[-123.92390485063021,45.948131071089584],[-123.92390274419485,45.94812875925574],[-123.92390064028255,45.948126446448086],[-123.92389853889338,45.948124132666685],[-123.92389644008112,45.948121818810264],[-123.92389434244981,45.948119503118846],[-123.92389224862995,45.94811718641616],[-123.92389015604485,45.94811486877725],[-123.92388806469452,45.94811255020202],[-123.92388597710189,45.94811022971688],[-123.92388389208608,45.94810790915666],[-123.92388180830507,45.94810558766022],[-123.9238797270472,45.948103265189935],[-123.92387764831237,45.94810094174597],[-123.92387557081227,45.948098617365744],[-123.92387349706993,45.94809629107554],[-123.9238714246161,45.94809396474775],[-123.9238693546854,45.948091637446225],[-123.92386728727774,45.948089309170946],[-123.92386522233944,45.948086979023195],[-123.92386315997801,45.94808464880039],[-123.92386109885133,45.94808231764134],[-123.92385904019396,45.948079984609805],[-123.92385698411354,45.94807765150323],[-123.92385493050242,45.94807531652422],[-123.92385287946817,45.9480729814701],[-123.92385082961488,45.94807064458106],[-123.92384878233848,45.94806830761697],[-123.92384673758515,45.94806596967908],[-123.92384469530117,45.94806362986877],[-123.92384265559407,45.94806128998338],[-123.92384061706795,45.948058948263046],[-123.92383858240707,45.94805660643014],[-123.92383654892713,45.948054262762305],[-123.92383451802414,45.948051919019406],[-123.92383248959042,45.94804957340404],[-123.9238304624452,45.94804722775109],[-123.92382843905769,45.94804488018821],[-123.92382641695872,45.94804253258782],[-123.92382439738279,45.94804018401365],[-123.92382238027622,45.94803783356697],[-123.92382036574652,45.94803548304531],[-123.92381835368624,45.94803313065112],[-123.92381634291432,45.948030778219426],[-123.92381433461185,45.94802842391528],[-123.92381232888619,45.948026069536034],[-123.92381032568366,45.94802371418306],[-123.9238083249504,45.948021356957625],[-123.9238063267941,45.94801899965713],[-123.92380432987245,45.948016641420395],[-123.92380233542018,45.94801428131121],[-123.92380034354476,45.94801192112696],[-123.92379835419247,45.94800955996894],[-123.92379636730948,45.948007196938526],[-123.92379438300335,45.948004833833],[-123.92379239993204,45.94800246979123],[-123.92379041938374,45.94800010477571],[-123.92378844135851,45.9479977387865],[-123.9237864658565,45.94799537182347],[-123.92378449287749,45.947993003886644],[-123.92378252236783,45.9479906340774],[-123.92378055314671,45.9479882642306],[-123.92377858644866,45.947985893410106],[-123.92377662232742,45.947983522514534],[-123.92377466067556,45.947981149746525],[-123.92377270154681,45.947978776004675],[-123.92377074494117,45.947976401289175],[-123.92376878957025,45.947974025637365],[-123.92376683801075,45.94797164897429],[-123.92376488773978,45.94796927227371],[-123.92376293993811,45.947966893700666],[-123.92376099465957,45.94796451415384],[-123.9237590519579,45.94796213453201],[-123.9237571104372,45.94795975307518],[-123.92375517278164,45.94795737150585],[-123.92375323630718,45.94795498810154],[-123.92375130240947,45.94795260462216],[-123.9237493710349,45.94795022016906],[-123.92374744212965,45.94794783384351],[-123.92374551580126,45.94794544744294],[-123.92374359070762,45.947943060106006],[-123.92374166813707,45.947940671795436],[-123.92373974937794,45.947938282473565],[-123.92373783185356,45.94793589221548],[-123.92373591685228,45.947933500983595],[-123.92373400437403,45.947931108777986],[-123.92373209313061,45.947928715636124],[-123.92373018575232,45.94792632238174],[-123.92372827955509,45.947923927292365],[-123.92372637593466,45.94792153212797],[-123.92372447478355,45.947919135091134],[-123.92372257620931,45.94791673797923],[-123.9237206801044,45.947914338994856],[-123.92371878657633,45.94791193993544],[-123.923716894283,45.94790953993983],[-123.92371500580109,45.947907138932926],[-123.92371311850016,45.94790473609104],[-123.9237112337761,45.94790233317414],[-123.92370935162887,45.947899930182224],[-123.92370747195103,45.94789752531782],[-123.92370559479623,45.94789511947971],[-123.92370371887618,45.947892712705325],[-123.92370184682126,45.94789030581839],[-123.92369997594737,45.9478878970965],[-123.92369810765037,45.94788548829957],[-123.92369624187639,45.947883078528925],[-123.92369437857175,45.94788066688576],[-123.92369251784402,45.947878255167616],[-123.92369065963929,45.94787584247571],[-123.92368880266933,45.947873428847544],[-123.92368694951081,45.947871014208125],[-123.92368509764076,45.947868599531226],[-123.92368324824008,45.947866182981805],[-123.92368140136244,45.94786376545863],[-123.92367955706163,45.947861347860446],[-123.92367771528396,45.94785892928853],[-123.92367587468725,45.947856508881635],[-123.92367403795578,45.947854088362234],[-123.92367220245892,45.947851666906544],[-123.92363817713525,45.94780649880171],[-123.92305753766865,45.948004226896145],[-123.92294083103405,45.947744916868515],[-123.92345888648428,45.947568501830844],[-123.92342229352634,45.94751992879732],[-123.92250842753133,45.94783113281848],[-123.92249269881542,45.9478757205098],[-123.92246527298126,45.94796409526567],[-123.92244119981797,45.94808905357334],[-123.92241790166207,45.948146441121196],[-123.92241267290423,45.948159317842084],[-123.92237956505139,45.94820999469123],[-123.92231827708136,45.94828083306056],[-123.92229804498834,45.94832008520941],[-123.92229669080095,45.94832348986267],[-123.92225389662254,45.94843104291541],[-123.92223760476476,45.94846071304595],[-123.92222538920933,45.9484771177617],[-123.92220937456281,45.948498624165666],[-123.9221094953338,45.948548513795224],[-123.92207444390873,45.94858583737138],[-123.92202510024853,45.948629894890125],[-123.92200503937862,45.948653364547205],[-123.92197246074511,45.948694165962586],[-123.9219318013493,45.94874778657732],[-123.92296215844328,45.94873238078686],[-123.9248433383806,45.94870422876536],[-123.92647342292369,45.950031180938765],[-123.92647595080474,45.95003324277796],[-123.92647847380145,45.95003530926074],[-123.9264809905178,45.95003737862732],[-123.92648350229595,45.95003945173876],[-123.92648600779378,45.95004152773398],[-123.92648850706503,45.950043607511624],[-123.92649100005592,45.950045690173],[-123.92649348810869,45.950047776579346],[-123.92649597122322,45.95004986673056],[-123.92649844676902,45.95005195980303],[-123.92650091737667,45.95005405662048],[-123.92650338170395,45.950056156321615],[-123.92650583975083,45.95005825890651],[-123.92650829291337,45.95006036613506],[-123.92651073979556,45.95006247624733],[-123.9265131803974,45.95006458924332],[-123.92651561606104,45.95006670598426],[-123.92651804415591,45.95006882564648],[-123.9265204673126,45.95007094905359],[-123.9265228854774,45.95007307530693],[-123.92652529607338,45.950075204481536],[-123.9265277017312,45.95007733740106],[-123.92653010116244,45.95007947410304],[-123.9265324943133,45.9500816136888],[-123.92653488118385,45.95008375615826],[-123.92653726311622,45.950085902372635],[-123.92653963876823,45.95008805147081],[-123.92654200819366,45.950090204351405],[-123.92654437133871,45.950092360115725],[-123.92654672820345,45.95009451876385],[-123.92654908012994,45.95009668115685],[-123.92655142448771,45.95009884647112],[-123.92655376385348,45.950101014631656],[-123.92655609699271,45.95010318657459],[-123.92655842385156,45.950105361401334],[-123.92656074443008,45.95010753911174],[-123.9265630600704,45.95010972056713],[-123.92656536814195,45.950111904943796],[-123.92656767122155,45.950114092166665],[-123.92656996807456,45.950116283171994],[-123.92657225859338,45.950118476162345],[-123.92657454288563,45.9501206729352],[-123.92657682095134,45.95012287349048],[-123.92657909268287,45.95012507603083],[-123.92658135818787,45.95012728235363],[-123.92658361741243,45.950129491560155],[-123.92658587164509,45.950131703612875],[-123.92658811836273,45.950133919485666],[-123.92659035874618,45.95013613734346],[-123.92659259419149,45.95013835894618],[-123.92659482335644,45.95014058343265],[-123.92659704495259,45.95014281084041],[-123.92659926155677,45.95014504109437],[-123.92660147193439,45.95014727513079],[-123.92660367468939,45.950149511189785],[-123.92660587250626,45.95015175099373],[-123.92660806398894,45.950153992782745],[-123.92661024795666,45.95015623839172],[-123.92661242693244,45.95015848684692],[-123.92661459962778,45.950160738185886],[-123.9266167647544,45.95016299244612],[-123.92661892494274,45.95016525045127],[-123.926621078797,45.950167510441496],[-123.92662322508241,45.95016977335298],[-123.92662536637594,45.95017203911074],[-123.92662750015441,45.95017430868844],[-123.92662962888714,45.95017658021367],[-123.92663175005109,45.95017885466025],[-123.92663386627683,45.95018113285168],[-123.92663597488003,45.95018341306567],[-123.92663807720278,45.95018569616351],[-123.92664017329903,45.95018798304378],[-123.92664226306104,45.95019027190908],[-123.92664434654272,45.95019256365811],[-123.92664642374399,45.95019485829097],[-123.92664849466487,45.95019715580753],[-123.926650558017,45.95019945624541],[-123.92665261637708,45.95020175952949],[-123.92665466716846,45.950204065734894],[-123.92665671162561,45.95020637392531],[-123.92665875114457,45.950208685860716],[-123.92666078304096,45.950210999818644],[-123.92666280736857,45.95021331669792],[-123.92666482670418,45.95021563642337],[-123.92666683975938,45.95021795903258],[-123.92666884524584,45.95022028456313],[-123.9266708444519,45.950222612977406],[-123.92667283732379,45.95022494337676],[-123.92667482391526,45.95022727665984],[-123.92667680422632,45.95022961282669],[-123.92667877696861,45.950231951914844],[-123.92668074466512,45.95023429295052],[-123.92668270479284,45.95023663690749],[-123.92668465864017,45.9502389837482],[-123.9266866049187,45.95024133351023],[-123.92668854620528,45.95024368611852],[-123.92669047986918,45.950246040749334],[-123.92669240725274,45.95024839826396],[-123.92669432830208,45.95025075776362],[-123.92669624178268,45.95025312018457],[-123.92669815027125,45.950255485451756],[-123.92670005119103,45.95025785364021],[-123.92670194448822,45.95026022385132],[-123.92670383279338,45.95026259690861],[-123.92670571347594,45.95026497198849],[-123.92670758787816,45.95026734995214],[-123.92670945599995,45.95026973079955],[-123.92671131784135,45.95027211453073],[-123.92671317200626,45.95027449938582],[-123.92671501994471,45.950276888023325],[-123.9267168602605,45.95027927868347],[-123.92671869558428,45.95028167218982],[-123.92672052328543,45.9502840677188],[-123.92672234341784,45.950286466169025],[-123.92672415850438,45.95028886656682],[-123.92672596602213,45.95029126988588],[-123.92672776720575,45.95029367519],[-123.92672956082048,45.95029608341545],[-123.92673134810107,45.95029849362596],[-123.92673312910121,45.95030090672021],[-123.92673490247876,45.95030332183705],[-123.92673666957592,45.95030573983767],[-123.92673843033884,45.95030815982334],[-123.92674018476754,45.950310581794106],[-123.92674193162743,45.95031300668611],[-123.92674367091857,45.95031543449948],[-123.92674540511005,45.95031786336163],[-123.92674713049814,45.950320296081344],[-123.92674885078654,45.950322729849844],[-123.92675056350625,45.95032516653967],[-123.92675226989165,45.95032760521455],[-123.92675396870827,45.95033004681078],[-123.9267556611907,45.950332490392],[-123.92675734733889,45.95033493595833],[-123.92675902591822,45.95033738444592],[-123.92676069816342,45.950339834918616],[-123.92676236278592,45.95034228741388],[-123.92676402112806,45.9503447427929],[-123.92676567184753,45.95034720019457],[-123.92676731623284,45.9503496595813],[-123.9267689542839,45.950352120953035],[-123.92677058476612,45.95035458524611],[-123.92677220891416,45.95035705152426],[-123.92677382543955,45.950359519824985],[-123.92677543563067,45.95036199011078],[-123.9267770394876,45.9503644623816],[-123.92677863448739,45.950366937611314],[-123.92678022444127,45.95036941478857],[-123.92678180677252,45.95037189398843],[-123.92678338148117,45.950374375210835],[-123.92678494985556,45.95037685841834],[-123.9267865119495,45.95037934450957],[-123.92678806636708,45.95038183172476],[-123.92678961450416,45.95038432182366],[-123.92679115501869,45.950386813945194],[-123.92679268791055,45.95038930808933],[-123.92679421575656,45.95039180418101],[-123.92679573469157,45.95039430233279],[-123.9267972472923,45.95039680246962],[-123.92679875355883,45.95039930459157],[-123.92680025225653,45.95040180963477],[-123.92680174327776,45.95040431580194],[-123.92680322796475,45.95040682395412],[-123.92680470637133,45.95040933499011],[-123.92680617710147,45.95041184714996],[-123.9268076402089,45.95041436133241],[-123.92680909703597,45.950416878398684],[-123.92681054618659,45.95041939658878],[-123.926811989003,45.950421916763965],[-123.92681342419671,45.95042443896178],[-123.92681485305613,45.95042696314463],[-123.92681627429295,45.950429489350135],[-123.92681768919557,45.950432017540656],[-123.92681909647553,45.95043454775381],[-123.92682049613279,45.95043707998958],[-123.92682188940204,45.95043961331166],[-123.9268232751024,45.950442149555066],[-123.92682465441473,45.95044468688486],[-123.92682602610441,45.95044722623722],[-123.9268273914599,45.95044976757467],[-123.92682874790422,45.950452310972246],[-123.9268300993028,45.9504548563174],[-123.92683144302484,45.950457402786384],[-123.92683277917806,45.95045995217677],[-123.92683410765488,45.950462502690954],[-123.92683542974355,45.95046505429157],[-123.92683674426341,45.95046760881344],[-123.92683805239517,45.950470164421695],[-123.92683935290431,45.95047272205259],[-123.92684064579082,45.95047528170606],[-123.92684193234302,45.95047784334458],[-123.92684321121871,45.95048040610703],[-123.92684448376019,45.950482970854544],[-123.926845748679,45.95048553762468],[-123.92684700592136,45.950488105518694],[-123.92684825682946,45.95049067539777],[-123.9268495000611,45.950493246400754],[-123.9268507357238,45.950495820325074],[-123.92685196494469,45.95049839443702],[-123.9268531865967,45.950500971470255],[-123.92685440057224,45.950503549627456],[-123.92685560821351,45.950506129769686],[-123.92685680817827,45.95050871103583],[-123.92685800052043,45.950511294324556],[-123.92685918647445,45.9505138786997],[-123.92686036480583,45.95051646509741],[-123.92686153551455,45.95051905351771],[-123.92686269983508,45.95052164302443],[-123.92686385519086,45.95052423369252],[-123.9268650055007,45.95052682630816],[-123.92686614689951,45.950529420983976],[-123.92686728191019,45.95053201674616],[-123.92686840924442,45.950534613632186],[-123.92686953024433,45.95053721250334],[-123.92687064362157,45.95053981339713],[-123.92687174932234,45.95054241541477],[-123.92687284734659,45.95054501855629],[-123.92687393903655,45.95054762368295],[-123.92687502305004,45.95055022993346],[-123.9268760993871,45.95055283730792],[-123.92687716810141,45.950555446704904],[-123.92687823042759,45.95055805718831],[-123.92687928513112,45.95056066969434],[-123.92688033344658,45.9505632832867],[-123.92688137279713,45.950565898040516],[-123.92688240581342,45.95056851477939],[-123.92688343115313,45.950571132642196],[-123.92688445010481,45.95057375159133],[-123.92688546014534,45.950576372600615],[-123.92688646379783,45.9505789946963],[-123.92688746106217,45.95058161787832],[-123.92688844936163,45.95058424222177],[-123.92688943132674,45.95058686855034],[-123.9268904056154,45.95058949600276],[-123.92689137222759,45.95059212457913],[-123.92689233116319,45.95059475427938],[-123.92689328376454,45.95059738596473],[-123.92689422868939,45.950600018773926],[-123.92689516588385,45.95060265180836],[-123.9268960955095,45.95060528776413],[-123.92689701869318,45.950607923907505],[-123.92689793420038,45.9506105611748],[-123.92689884208488,45.950613200464694],[-123.926899742239,45.950615839979825],[-123.92690063605883,45.95061848148002],[-123.9269015209138,45.95062112414159],[-123.92690239938061,45.950623767889624],[-123.92690327145931,45.950626412724],[-123.9269041345731,45.95062905871976],[-123.92690499135256,45.95063170670065],[-123.92690583911325,45.95063435494423],[-123.92690668048589,45.95063700427422],[-123.92690751547035,45.95063965469054],[-123.92690834154375,45.95064230716704],[-123.92690916117513,45.950644959831216],[-123.92690997313008,45.95064761361923],[-123.92691077746227,45.95065026942988],[-123.9269115740641,45.950652925465775],[-123.92691236298948,45.95065558262551],[-123.92691314552667,45.95065824087166],[-123.92691392038732,45.95066090024168],[-123.92691468762527,45.95066356163432],[-123.92691544707898,45.95066622235347],[-123.92691619891008,45.950668885095205],[-123.92691694435301,45.95067154892335],[-123.92691768211938,45.95067421387536],[-123.92691841215542,45.95067687905257],[-123.92691913456873,45.950679546252424],[-123.92691984925172,45.950682213677425],[-123.92692055625818,45.95068488222634],[-123.92692125687647,45.95068755186168],[-123.9269219497644,45.95069022172215],[-123.92692263502958,45.95069289360525],[-123.92692331256443,45.95069556571355],[-123.92692398242278,45.95069823894579],[-123.92692464589292,45.95070091326434],[-123.92692530163272,45.950703587808114],[-123.92692594846136,45.95070626441207],[-123.92692658884805,45.950708941203644],[-123.9269272215044,45.950711618220396],[-123.9269278478264,45.950714297222284],[-123.92692846512965,45.95071697648689],[-123.92692907604477,45.95071965683783],[-123.92692967922947,45.95072233741397],[-123.9269302734492,45.95072501915158],[-123.92693086256928,45.950727701938035],[-123.92693144272431,45.95073038588589],[-123.926932015149,45.95073307005898],[-123.92693258113172,45.95073575441969],[-123.9269331382033,45.950738440840574],[-123.92693368883286,45.950741127449106],[-123.92693423173209,45.95074381428287],[-123.9269347669548,45.95074650224047],[-123.92693529450085,45.95074919132205],[-123.92693581560498,45.95075188059126],[-123.92693632774414,45.950754571021896],[-123.92693683344135,45.95075726164022],[-123.92693733146191,45.95075995338244],[-123.92693782175218,45.95076264534981],[-123.92693830436586,45.95076533844116],[-123.9269387792491,45.950768031757676],[-123.92693924769041,45.950770725261854],[-123.92693970722058,45.95077342082621],[-123.92694016025487,45.95077611567947],[-123.9269406043243,45.95077881169421],[-123.92694104200545,45.95078150879528],[-123.92694147190248,45.95078420522285],[-123.92694189417665,45.95078690367304],[-123.9269423099551,45.950789601412204],[-123.92694271676855,45.950792300312806],[-123.92694311719382,45.95079500029975],[-123.92694350854647,45.95079769965072],[-123.92694389356473,45.950800400986786],[-123.92694427079887,45.95080310164935],[-123.9269446403563,45.950805803435806],[-123.92694500218347,45.95080850544744],[-123.92694535756853,45.95081120764676],[-123.92694570398864,45.95081391100749],[-123.92694604396678,45.95081661455595],[-123.92694637492609,45.950819318367074],[-123.92694669944338,45.950822022365884],[-123.92694701628407,45.950824727488616],[-123.92694732539442,45.95082743283654],[-123.92694762677432,45.95083013840961],[-123.92694792042384,45.950832844207916],[-123.92694820768513,45.9508355510926],[-123.9269484858738,45.950838257341275],[-123.92694875767427,45.950840964676324],[-123.92694902174433,45.9508436722366],[-123.92694927679563,45.95084638005959],[-123.92694952540485,45.95084908807025],[-123.92694976633753,45.95085179720485],[-123.92695000077433,45.95085450562834],[-123.92695022624616,45.950857215213276],[-123.92695044398755,45.950859925023444],[-123.92695065528696,45.95086263502126],[-123.9269508588021,45.95086534434555],[-123.92695105464067,45.95086805479374],[-123.92695124146039,45.95087076550467],[-123.92695142183807,45.95087347640331],[-123.9269515957738,45.95087618748955],[-123.9269517606906,45.95087889883854],[-123.92695191787706,45.95088161041272],[-123.92695206862146,45.95088432217456],[-123.92695221034701,45.950887034199155],[-123.92695234563058,45.95088974641138],[-123.9269524731837,45.950892458848806],[-123.92695259300636,45.95089517151146],[-123.92695270509866,45.95089788439929],[-123.92695280946049,45.95090059751229],[-123.92695290603805,45.950903309951784],[-123.92695299622741,45.95090602347771],[-123.92695307734411,45.950908736367566],[-123.9269531520188,45.950911449445115],[-123.926953218963,45.950914162747885],[-123.92695327817682,45.95091687627585],[-123.92695332966015,45.95091959002899],[-123.92695337341311,45.950922304007335],[-123.92695340938175,45.95092501731213],[-123.92695343890834,45.950927730804615],[-123.92695345946997,45.95093044545856],[-123.92695347348186,45.9509331585027],[-123.92695347981712,45.95093587267081],[-123.92695347707975,45.95093858620287],[-123.92695346790036,45.950941299922604],[-123.92695345099048,45.95094401386759],[-123.92695342763854,45.95094672800016],[-123.92695339521403,45.95094944149682],[-123.92695335634735,45.9509521551811],[-123.92695330846186,45.95095486912812],[-123.9269532540805,45.95095758236409],[-123.92695319196869,45.950960295825226],[-123.92695312212642,45.950963009511604],[-123.92695304449987,45.95096572252443],[-123.92695295914287,45.95096843576244],[-123.92695286600161,45.95097114832697],[-123.92695276647214,45.95097386197787],[-123.92695265910454,45.95097657405652],[-123.92695254277184,45.95097928729662],[-123.92695241994332,45.950981999825686],[-123.92695228933052,45.950984711681215],[-123.92695215098728,45.950987423761916],[-123.92695200620193,45.95099013603032],[-123.92695185234393,45.9509928476627],[-123.92695169199003,45.95099555858408],[-123.9269515226173,45.950998269768135],[-123.92695134680247,45.95100098113988],[-123.92695116320334,45.951003691838096],[-123.92695097187372,45.95100640276149],[-123.92695077404827,45.951009112973864],[-123.9269505671501,45.95101182255028],[-123.92695035380986,45.95101453231428],[-123.92695013145077,45.95101724234108],[-123.9269499025419,45.9510199507581],[-123.92694966590263,45.95102265940031],[-123.92694942153285,45.95102536826766],[-123.92694916937883,45.951028076461526],[-123.9269489107288,45.95103078394435],[-123.92694864306,45.9510334916899],[-123.92694836889528,45.951036198724395],[-123.92694808694618,45.95103890508539],[-123.9269477972667,45.95104161167155],[-123.92694749980288,45.9510443175842],[-123.92694719584318,45.95104702278579],[-123.92694688286454,45.951049728250105],[-123.92694656339003,45.951052433003355],[-123.92694623613119,45.95105513708311],[-123.92694590108809,45.95105784048935],[-123.9269455583145,45.951060544120786],[-123.92694520770274,45.95106324617997],[-123.92694485070274,45.95106594932552],[-123.92694448457618,45.95106865093639],[-123.92694411195374,45.951071351836184],[-123.92694373160086,45.95107405296122],[-123.92694334475192,45.95107675337517],[-123.92694294883039,45.951079453153085],[-123.92694254512452,45.95108215225758],[-123.92680411112329,45.95200013000355],[-123.92684320592457,45.95200299922554],[-123.92685469801278,45.951926792283416],[-123.92703885580008,45.95197477647875],[-123.92888066852443,45.952786836443835],[-123.9292824964548,45.95296399661516],[-123.92927336984263,45.9535316071262],[-123.92772776419494,45.953513497645226],[-123.92772950526955,45.953522849455865],[-123.9277836104828,45.95353571169734],[-123.92780719670945,45.95358253771166],[-123.92779812911779,45.9536282643344],[-123.92776798711441,45.95366841647128],[-123.92770682274536,45.95373428154473],[-123.92766673401175,45.953805721949585],[-123.92759650286965,45.953917313524514],[-123.92753281330168,45.95403904247704],[-123.92749514870441,45.95409100841103],[-123.92745629066091,45.95414462150263],[-123.92732354027304,45.9543241851351],[-123.92728458156493,45.95441418773247],[-123.92719698265496,45.9545324923808],[-123.9271376440997,45.95457970678737],[-123.9270914799262,45.954628299227096],[-123.9270346317396,45.95468813588133],[-123.92688656452167,45.95483509036938],[-123.92672714296063,45.95496585161802],[-123.92666968559493,45.955044003997706],[-123.92661989936443,45.955150857101884],[-123.92659459473415,45.95522185918836],[-123.92656066978043,45.955297249126545],[-123.92647684801118,45.9553803141533],[-123.92645537878279,45.9554656674768],[-123.92643368447747,45.955571689662854],[-123.92643632017234,45.95561500277546],[-123.926428882306,45.955687543362565],[-123.9264079863108,45.9557336196691],[-123.92641004728665,45.95581620980359],[-123.92642947505185,45.95589208670653],[-123.92646223756876,45.95599236532484],[-123.9265095360398,45.95608808108399],[-123.92654387555295,45.95616558349087],[-123.92659189960705,45.95624887943425],[-123.92668072391588,45.956345432874905],[-123.92676420627065,45.956402885170085],[-123.92681874428601,45.95647152470159],[-123.9269009024535,45.956555877106304],[-123.92709871278885,45.95659341489379],[-123.92717432816808,45.956667629704384],[-123.92726397784543,45.956729030683555],[-123.92735249801757,45.9567718692333],[-123.92747665745706,45.95684051487248],[-123.92756901396247,45.95689770358875],[-123.92763600986815,45.956976305117],[-123.9276950135331,45.95706960784895],[-123.9277705609144,45.957191348214494],[-123.92778350546267,45.957306676752864],[-123.92777452042822,45.95742678639265],[-123.9277811030534,45.95758362937798],[-123.92785910655066,45.95769703174721],[-123.92791434568848,45.95772845713113],[-123.9279339022673,45.9578063970484],[-123.9279199791558,45.957918387782485],[-123.92794267475769,45.958047892426826],[-123.92795719479379,45.95814044475182],[-123.92803473842753,45.9583923016391],[-123.92805262390164,45.958411822511074],[-123.928104997295,45.95851436689284],[-123.92813524099091,45.958609995521456],[-123.9281454885384,45.958689182517986],[-123.92814010865452,45.958823718432456],[-123.92815356545593,45.95892053568696],[-123.92817390348475,45.95906686759617],[-123.92819902372732,45.95912290268814],[-123.92818481477553,45.959335297997484],[-123.92818053458073,45.959443304829634],[-123.92807302400004,45.95959411267217],[-123.92805624773072,45.95963056847527],[-123.92790073206673,45.959750622291146],[-123.92782073249856,45.95977380889255],[-123.92769894943729,45.959779306010155],[-123.92755434686686,45.959766552054234],[-123.9274419052555,45.95974716858457],[-123.92736047633329,45.95970226261019],[-123.92727674599756,45.95961957235616],[-123.92715071128353,45.959555167386085],[-123.92707988697802,45.95950616215717],[-123.92703874515517,45.9594543864142],[-123.92696590158792,45.959416796036535],[-123.9268985910267,45.95938093593993],[-123.92684580909074,45.95931625518952],[-123.92676134195997,45.95917680734368],[-123.92665380971953,45.9591042844307],[-123.92648666912437,45.95912247816333],[-123.92638130557162,45.95917480353815],[-123.92621191499862,45.9592006337279],[-123.92605900823378,45.95922976122912],[-123.92594494266544,45.9592728812811],[-123.9258792242681,45.95935242308605],[-123.92574025494247,45.95943223863594],[-123.92562180483576,45.95949252105158],[-123.92553436657717,45.95952728236254],[-123.92546272209046,45.95955400524916],[-123.92540974369632,45.95961992195648],[-123.92536080469695,45.95966300705468],[-123.92525566788544,45.9597191104047],[-123.9252060380387,45.95979243242002],[-123.92520337914297,45.95979636210898],[-123.925207744355,45.95986815270734],[-123.92515694854673,45.95996996366494],[-123.92513319207654,45.96002555229797],[-123.92513806501833,45.96015032196126],[-123.92518974602531,45.96024153238285],[-123.9252327909026,45.96028000394568],[-123.92524661434187,45.96032880340488],[-123.9252496990397,45.96046876684685],[-123.9252477761069,45.96057102485688],[-123.92524181487586,45.96069611528285],[-123.92523056812952,45.960734300197004],[-123.92520981413907,45.960749128740765],[-123.92518635652257,45.960765889654816],[-123.92515603240979,45.960802746550144],[-123.92513468754566,45.96089800850707],[-123.92514084389478,45.96095460517457],[-123.92513368454078,45.961015381433675],[-123.92512133784312,45.961080095256015],[-123.92513077726551,45.96114605824008],[-123.92514471389302,45.961196746769254],[-123.92518509992905,45.96128072094478],[-123.92524196932446,45.96136799280409],[-123.92530731053829,45.96146069153874],[-123.92541298931772,45.9615919423485],[-123.92549694858069,45.96167841191194],[-123.92561123249982,45.96172802532906],[-123.92567301207144,45.961762158417216],[-123.92575414761397,45.961846818539804],[-123.92581338266348,45.96192834231549],[-123.9258288149043,45.96200359083639],[-123.92580090430216,45.962080121137646],[-123.92577905173057,45.962122405927644],[-123.92576422690641,45.962190978491236],[-123.92576484968232,45.96224584653271],[-123.92568974950893,45.96236099690951],[-123.92567548636487,45.96238286573228],[-123.9255799670046,45.96246328912994],[-123.9255246867881,45.962491420639196],[-123.92541339072517,45.96249092735958],[-123.92532911652299,45.96253316480409],[-123.92530600012319,45.962554667417265],[-123.92526380574353,45.9625748411344],[-123.92509809878959,45.96257217105807],[-123.92498034944128,45.96255483472425],[-123.92489637164574,45.96255731789786],[-123.9248258243415,45.962557511405606],[-123.92452923484765,45.96250003955466],[-123.92417603615833,45.96249344862447],[-123.92397655835518,45.96247095713648],[-123.92387655705068,45.96247769872759],[-123.92380224606913,45.96254992223895],[-123.92376643501134,45.96263047108798],[-123.9238000242422,45.96269193489084],[-123.92379077662964,45.96280765780916],[-123.9237618288908,45.96286718539207],[-123.92378947324605,45.962964784512884],[-123.92378708907816,45.96305948616154],[-123.92380603184324,45.96314787929535],[-123.92381753694295,45.963247847599625],[-123.92382247623094,45.96332908500333],[-123.92384570885076,45.96339231938433],[-123.92367539982018,45.963394261815345],[-123.92425240583408,45.965126259826384],[-123.92432158672307,45.96535787088823],[-123.92433976203269,45.96541872163176],[-123.92481097530528,45.96541333414212],[-123.92502943305722,45.96541112310004],[-123.92505013339022,45.965456580315006],[-123.92536677394831,45.966198813561526],[-123.92536072843966,45.96620507178756],[-123.92525544888025,45.96631405167915],[-123.92525571769305,45.966326845726485],[-123.92525775429407,45.96642416799437],[-123.9251492430571,45.96657736686473],[-123.92512620705038,45.96680039108051],[-123.92511289193466,45.96688533219126],[-123.92510999190628,45.966913859793756],[-123.92509851374567,45.9670267512799],[-123.92508796739114,45.96735529821144],[-123.92508799324034,45.967551806024254],[-123.92509796382433,45.96767748268626],[-123.92512476247123,45.96784824755515],[-123.92515071567809,45.96801362097912],[-123.92520673925691,45.96812702601859],[-123.92520086948724,45.96826528315564],[-123.92522789386739,45.96837409373103],[-123.92525400966592,45.96851275671766],[-123.9253107731173,45.96866221130441],[-123.92541578560478,45.968804883158704],[-123.92549734884017,45.968978001376826],[-123.92557539860127,45.96913855230122],[-123.92568467482104,45.96935860318989],[-123.9258660435828,45.96954793738788],[-123.9260884484749,45.970074744807185],[-123.92616311952257,45.970711339467115],[-123.92609816565971,45.97083527833654],[-123.92606004014706,45.97102956459577],[-123.92608146244572,45.97118229104798],[-123.92594139338185,45.97118370948189],[-123.92581935642444,45.97117860161484],[-123.92569731696477,45.971173494594964],[-123.92544186681053,45.97118011491114],[-123.92471029054879,45.971199429573204],[-123.92474269140973,45.97161116988224],[-123.9247448476008,45.97163856442818],[-123.92476425164271,45.97188512887195],[-123.92558559679671,45.97187221458146],[-123.92590455972542,45.97186719762869],[-123.92602451118819,45.971865310753174],[-123.9261444626431,45.97186342375545],[-123.92624822774087,45.972210743352015],[-123.92635282527148,45.97250064283056],[-123.92642300904413,45.972696575719496],[-123.92642351885863,45.97269657257941],[-123.92642647118443,45.9727047564895],[-123.92630347467895,45.97270468066559],[-123.92618061366949,45.972704603469204],[-123.9260410085168,45.97270451666053],[-123.92604073177834,45.97298751152532],[-123.92604058305874,45.97313919667445],[-123.92638433699933,45.97313935726668],[-123.9265101597341,45.973139415563615],[-123.92672554628871,45.97329762500204],[-123.92720530192071,45.97411766597604],[-123.92724159140708,45.97417969365971],[-123.92746194579486,45.974411137096915],[-123.92763335885537,45.97470412366345],[-123.92777147780899,45.974940197869124],[-123.9277751834788,45.97493937782581],[-123.92668450439506,45.9772833966838],[-123.92646000841941,45.97723267766894],[-123.9274510068571,45.97510032091586],[-123.92741804515728,45.97504398151927],[-123.9261670586731,45.97446860713806],[-123.92573675815504,45.97404935891939],[-123.9257036793561,45.97395393465532],[-123.92578233931141,45.97395407024437],[-123.92578483965276,45.973269348204646],[-123.92560828414227,45.973269240834384],[-123.92230454277149,45.973267124976815],[-123.92230528642898,45.972714619563234],[-123.92019915650148,45.97272459886634],[-123.92021680128866,45.97512620692014],[-123.92023136157003,45.976021072152065],[-123.92024592246786,45.97691593951257],[-123.92027377689878,45.97862797175949],[-123.92033355255379,45.98228512252948],[-123.9152476896592,45.98233420803917],[-123.91525306383667,45.98269661098398],[-123.9152595176439,45.983132490302424],[-123.9150311260465,45.983197310421204],[-123.91384767709656,45.98320722699805],[-123.91386211038233,45.9841825013983],[-123.91386579784297,45.98433393809432],[-123.91327838538867,45.984336601515196],[-123.91328001426565,45.98422701120243],[-123.91338459504554,45.98422615986141],[-123.91370909500692,45.98422352375991],[-123.91369466920183,45.98321591472298],[-123.91368220276118,45.98234571647847],[-123.90890897296721,45.982368812085596],[-123.90772890720315,45.98236404406675],[-123.9076855326786,45.98479218380058],[-123.90766523844123,45.985928226966216],[-123.90470693283171,45.98592759154963],[-123.90341114470252,45.98592203362668],[-123.8998679824176,45.98590676288125],[-123.89948010424433,45.986075765246184],[-123.89850300631507,45.98611191672746],[-123.89816515024195,45.98655823371742],[-123.89745459286704,45.98686449394909],[-123.8969530231174,45.98685515667981],[-123.89640496726058,45.98702178377412],[-123.89605289935228,45.98742087814607],[-123.89590982736163,45.98750438117447],[-123.89434604450882,45.98787335081472],[-123.89435073653641,45.988748683230725],[-123.89595954098829,45.9887253204932],[-123.89702042159321,45.988948710931986],[-123.89999067266636,45.98891852390936],[-123.9004354848323,45.98873898798903],[-123.90247075473809,45.98868811662925],[-123.90471318199512,45.987917450850944],[-123.90471811895176,45.989489745438796],[-123.90484658986524,45.995488779480475],[-123.9048625232438,45.99734349882498],[-123.9042548538828,45.99734707635846],[-123.90479872081157,45.998534645700275],[-123.90481086558847,45.99919266593671],[-123.9048228207081,45.99984029266472],[-123.90482911325488,46.000181121275155],[-123.90483027897899,46.0002450902248],[-123.89967325720767,46.0002333135388],[-123.89964282549471,46.00023325866235],[-123.89965765867012,46.00111169202252],[-123.89970314621966,46.003805323584125],[-123.89971358563379,46.004413201269216],[-123.89971406107824,46.00444090581863],[-123.8997194605379,46.004755351875716],[-123.89972230903429,46.00492116063515],[-123.8997251339083,46.005085680919535],[-123.89972795885204,46.005250202083154],[-123.89973078504825,46.00541472229147],[-123.899733609971,46.005579242517506],[-123.89973643619969,46.00574376268688],[-123.89973924829208,46.0059075450524],[-123.89973926110149,46.00590828197538],[-123.89975726283565,46.006956437950315],[-123.89976432016067,46.007379695543136],[-123.8986776572021,46.00737444351181],[-123.89777213845369,46.00737016382233],[-123.89568904714918,46.00735994580051],[-123.89458606724988,46.00735457562831],[-123.89458746394634,46.00746919432433],[-123.89459273706922,46.007901733378574],[-123.89459842818435,46.00836866529802],[-123.89459850172415,46.00837464791683],[-123.89460873523134,46.009214191203675],[-123.8948227043307,46.00929977830031],[-123.8952101540445,46.009454755036906],[-123.89541582591221,46.00953702079585],[-123.89562149837138,46.00961928619091],[-123.89582717142208,46.00970155122212],[-123.89603281067666,46.00978380247743],[-123.89603533915098,46.009994558291524],[-123.8960378690405,46.010205315833886],[-123.89604655001898,46.01092874114915],[-123.89604634621514,46.01092865970394],[-123.89490069020793,46.010472572342536],[-123.89462272597082,46.01036191044978],[-123.89462405414825,46.01047082431894],[-123.89462952270344,46.01091946193503],[-123.89462878856094,46.01091945699016],[-123.89462623730276,46.01160377884965],[-123.89462589681217,46.01169553283819],[-123.89462520736713,46.011880356275945],[-123.89462391477298,46.012226932222624],[-123.89462332309516,46.0123853526596],[-123.89528284005377,46.01238965658841],[-123.89589283938798,46.0123936355415],[-123.89667158539477,46.01239871123102],[-123.89804899699625,46.01240767503487],[-123.8983471083461,46.01240961300874],[-123.89874962840317,46.01241222804606],[-123.89911169256919,46.012414579807924],[-123.89946588396289,46.01241687863842],[-123.89980360991231,46.01241906928735],[-123.89980841717075,46.01206663938455],[-123.89981060876084,46.01195129247353],[-123.89981422052806,46.01195069397941],[-123.8998178294484,46.01195009106619],[-123.89982143815487,46.01194948455813],[-123.89982504401448,46.01194887363093],[-123.89982864960683,46.01194825821023],[-123.89983225364203,46.01194763833317],[-123.89983585612025,46.0119470139998],[-123.89983945580498,46.01194638614608],[-123.89984305516903,46.011945752900104],[-123.89984665302936,46.01194511609647],[-123.89985024938613,46.01194447573523],[-123.89985384284255,46.0119438300562],[-123.89985743608516,46.011943180782254],[-123.8998610277172,46.01194252615337],[-123.89986461660922,46.011941868902746],[-123.89986820518057,46.01194120625993],[-123.89987179090502,46.011940539197994],[-123.89987537641558,46.011939868541205],[-123.89987895907929,46.01193919346536],[-123.89988254023936,46.011938514831826],[-123.89988612107874,46.01193783080607],[-123.89988969912461,46.01193714325992],[-123.89989327561342,46.01193645125748],[-123.8998968505451,46.01193575479871],[-123.89990042262993,46.01193505392083],[-123.89990399450093,46.011934349448126],[-123.89990756481477,46.011933640519096],[-123.89991113228177,46.011932927170974],[-123.89991469824504,46.01193221026526],[-123.89991826265128,46.011931488903166],[-123.89992182544695,46.01193076218609],[-123.89992538679246,46.01193003281011],[-123.89992894523759,46.01192929811633],[-123.89993250217911,46.01192855986496],[-123.89993605756351,46.011927817157236],[-123.89993961139076,46.011927069993206],[-123.89994316371435,46.011926319271524],[-123.89994671319111,46.01192556413082],[-123.8999502624005,46.01192480449654],[-123.89995380747327,46.01192404048042],[-123.89995735233211,46.0119232728694],[-123.89996089563391,46.01192250080215],[-123.89996443608874,46.01192172431575],[-123.8999679749865,46.01192094337308],[-123.8999715110908,46.01192015890997],[-123.89997504563799,46.01191936999059],[-123.89997857868151,46.01191857751355],[-123.89998211011445,46.011917779681525],[-123.89998564004375,46.0119169782919],[-123.89998916712612,46.011916172483176],[-123.89999269141508,46.011915363154074],[-123.89999621543672,46.011914549331394],[-123.89999973661139,46.01191373108965],[-123.90000325493918,46.011912908428855],[-123.90000677305305,46.01191208217318],[-123.90001028832012,46.01191125149845],[-123.90001380079364,46.01191041730333],[-123.90001731165664,46.011909577753215],[-123.90002082101594,46.011908734645445],[-123.90002432887157,46.011907887980065],[-123.90002783253703,46.01190703603414],[-123.90003133598866,46.01190618049337],[-123.90003483664677,46.01190532143221],[-123.90003833569433,46.011904457016094],[-123.90004183194841,46.011903589079566],[-123.90004532669882,46.01190271758542],[-123.90004881854888,46.0119018407735],[-123.90005230889517,46.01190096040398],[-123.90005579639467,46.01190007561534],[-123.90005928239039,46.01189918726912],[-123.90006276682908,46.01189829446659],[-123.9000662484742,46.01189739814369],[-123.90006972721906,46.011896496502985],[-123.90007320446011,46.011895591304665],[-123.90007667890774,46.01189468258597],[-123.90008015179826,46.01189376941099],[-123.90008362184184,46.011892851816945],[-123.90008709032826,46.01189192976656],[-123.90009055602121,46.01189100419581],[-123.90009402015704,46.01189007416877],[-123.90009748149942,46.01188914062129],[-123.90010093999481,46.01188820265477],[-123.90010439693313,46.01188726023192],[-123.9001078510779,46.011886314288745],[-123.90011130366558,46.01188536388923],[-123.90011475345973,46.01188440996936],[-123.90011820169677,46.01188345159314],[-123.90012164708688,46.01188248879788],[-123.90012508968354,46.01188152248226],[-123.90012852943318,46.0118805517475],[-123.90013196762575,46.011879576556524],[-123.90013540302482,46.01187859784512],[-123.90013883692015,46.01187761557606],[-123.90014226791517,46.01187662798931],[-123.90014569611662,46.011875636882145],[-123.90014912281437,46.0118746422174],[-123.90015254666523,46.011873643133555],[-123.90015596766911,46.011872639630695],[-123.90015938587955,46.01187163260741],[-123.9001628025328,46.01187062112781],[-123.90016621639259,46.01186960612786],[-123.90016962740543,46.01186858670882],[-123.90017303691454,46.011867563732174],[-123.90017644228695,46.01186653637373],[-123.90017984739195,46.01186550452172],[-123.90018324841373,46.011864469186584],[-123.90018664658855,46.01186342943236],[-123.90019004325958,46.01186238612053],[-123.90019343708379,46.01186133838967],[-123.90019682811442,46.01186028713839],[-123.9002002162981,46.01185923146807],[-123.9002036029246,46.01185817134143],[-123.90020698546788,46.01185710773166],[-123.90021036650744,46.01185604056429],[-123.90021374470004,46.011854968977865],[-123.90021712004562,46.011853892972354],[-123.90022049388757,46.01185281340925],[-123.90022386364623,46.01185173036296],[-123.90022723184771,46.01185064286043],[-123.90023059720218,46.01184955093882],[-123.9002339584734,46.01184845553408],[-123.90023731818746,46.011847355673034],[-123.90024067510805,46.011846252291626],[-123.90024403052485,46.01184514535258],[-123.90024738175146,46.011844033133045],[-123.90025073023806,46.01184291829183],[-123.9002540758777,46.0118417990315],[-123.90025741996016,46.01184067531495],[-123.90026075995931,46.011839548115226],[-123.90026409840128,46.011838416459234],[-123.90026743404975,46.01183728128284],[-123.9002707656149,46.01183614262334],[-123.90027409562293,46.01183499950753],[-123.90027742278393,46.01183385197268],[-123.90028074591513,46.01183270185335],[-123.90028406743568,46.01183154637904],[-123.90028738616272,46.011830387384364],[-123.90029070080645,46.011829224906606],[-123.90029401389302,46.011828057972515],[-123.90029732418608,46.01182688751803],[-123.90030063034237,46.01182571268176],[-123.90030393499491,46.011824534287875],[-123.90030723685396,46.011823352373625],[-123.90031053457626,46.01182216607757],[-123.90031382950504,46.011820976261106],[-123.90031712287661,46.01181978198839],[-123.90032041216487,46.011818584232515],[-123.9003236986062,46.011817382057636],[-123.900326982254,46.01181617636234],[-123.90033026305483,46.01181496624802],[-123.90033354111557,46.011813753511994],[-123.90049062479008,46.011754594525115],[-123.90049400486568,46.011753315822524],[-123.90049737930084,46.01175202918059],[-123.90050074680592,46.011750734636614],[-123.90050410861704,46.011749431254565],[-123.90050746226176,46.01174812090642],[-123.90051081021252,46.01174680172023],[-123.90051415246955,46.011745473696],[-123.90051748655999,46.01174413870568],[-123.90052081495661,46.01174279487732],[-123.90052413642309,46.011741443146896],[-123.90052744966951,46.01174008355161],[-123.90053075722211,46.011738715118334],[-123.90053405918776,46.01173733964442],[-123.90053735288004,46.011735955407],[-123.90054063969546,46.01173456416616],[-123.90054391952732,46.01173316412456],[-123.90054719242906,46.01173175618093],[-123.90055045711071,46.0117303403724],[-123.90055371615199,46.011728916624584],[-123.90055696826306,46.01172748497471],[-123.90056021215415,46.01172604545997],[-123.90056344911503,46.011724598043195],[-123.90056667914575,46.01172314272433],[-123.9005699009564,46.011721679540635],[-123.90057311583695,46.01172020845487],[-123.90057632378722,46.01171872946702],[-123.90057952486083,46.011717243475815],[-123.90058271766092,46.01171574872108],[-123.90058590229448,46.01171424700023],[-123.90058907999789,46.01171273737726],[-123.90059225077104,46.01171121985231],[-123.90059541332418,46.01170969446245],[-123.90059856765735,46.01170816120779],[-123.90060171511381,46.011706620949795],[-123.90060485435022,46.011705072826935],[-123.90060798665641,46.011703516802],[-123.90061111074266,46.01170195291227],[-123.90061422666228,46.01170038205641],[-123.90061733436197,46.01169880333574],[-123.90062043518492,46.01169721761168],[-123.9006235277878,46.011695624022806],[-123.90062661217071,46.011694022569145],[-123.90062968833358,46.01169241325063],[-123.90063275638336,46.01169079786467],[-123.90063581615973,46.01168917371522],[-123.90063886776952,46.01168754259964],[-123.90064191121277,46.01168590451791],[-123.90064494643597,46.01168425857143],[-123.90064797472901,46.011682604722814],[-123.90065099361912,46.01168094484406],[-123.90065400423575,46.01167927620176],[-123.90065700544952,46.01167760152932],[-123.90065999973311,46.01167591895477],[-123.90066298456028,46.01167422945141],[-123.90066596245725,46.01167253204593],[-123.90066892960812,46.01167082774885],[-123.90067188988219,46.011669116448424],[-123.9006748406464,46.01166739732042],[-123.90067778329762,46.011665672125],[-123.90068071772872,46.01166393906473],[-123.90068364265008,46.01166219817696],[-123.90068655945834,46.011660451221715],[-123.90068946681019,46.0116586973376],[-123.90069236594209,46.0116569355887],[-123.90069525561762,46.011655166910906],[-123.90069813718003,46.0116533921657],[-123.90070100923262,46.011651609592946],[-123.90070387311867,46.011649820054075],[-123.90070672754834,46.01164802358629],[-123.90070957252165,46.011646220189725],[-123.90071240803867,46.01164440986423],[-123.90071523544252,46.011642593471315],[-123.90071805333662,46.0116407692509],[-123.90072086306407,46.01163893806431],[-123.90072366209888,46.01163710088479],[-123.90072645296713,46.01163525673923],[-123.90072923437906,46.01163340566477],[-123.9007320063346,46.01163154766142],[-123.90073476883373,46.01162968272924],[-123.90073752187662,46.01162781086818],[-123.90074026551652,46.01162593297695],[-123.90074299970007,46.01162404815686],[-123.90074572577052,46.01162215726937],[-123.90074844109482,46.01162025949026],[-123.90075114696279,46.011618354782314],[-123.90075384337437,46.011616443145485],[-123.90075653038313,46.011614525478514],[-123.90075920669908,46.01161260181857],[-123.90076187484854,46.011610671192535],[-123.90076453225186,46.01160873367491],[-123.90076718025222,46.01160679012716],[-123.90076981879626,46.011604839650516],[-123.90077244793741,46.01160288314366],[-123.90077506638588,46.01160092064395],[-123.90077767537794,46.011598951215355],[-123.90078027367737,46.01159697579389],[-123.90078286386365,46.011594994304964],[-123.90078544201397,46.01159300596169],[-123.90078801205124,46.01159101155104],[-123.90079057139583,46.01158901114746],[-123.90079311999422,46.0115870038523],[-123.90079565924314,46.01158499142563],[-123.900798187746,46.01158297210739],[-123.90080070684593,46.01158094675897],[-123.90080321525315,46.011578915417665],[-123.9008057142575,46.011576878046135],[-123.90080820251565,46.01157483378311],[-123.90081068013463,46.01157278442577],[-123.90081314835065,46.01157072903831],[-123.90081560587403,46.01156866765795],[-123.90081805265129,46.011566599385986],[-123.90082049007904,46.01156452598258],[-123.90082291552436,46.0115624466235],[-123.90082533156681,46.01156036123425],[-123.9008277369165,46.011558269852145],[-123.90083013291681,46.01155617333849],[-123.90083251688111,46.011554069970565],[-123.90083489020623,46.01155196150838],[-123.90083725412849,46.01154984701612],[-123.90083960612168,46.01154772746683],[-123.90084194865851,46.011545600988725],[-123.9008442805562,46.011543469416395],[-123.90084660052479,46.0115413327871],[-123.90084891109055,46.01153919012766],[-123.90085120967375,46.01153704151259],[-123.90085349885416,46.01153488686736],[-123.90085577615895,46.011532728063855],[-123.90085804271759,46.01153056236876],[-123.90086029869052,46.011528392478155],[-123.90086254391728,46.011526215695945],[-123.90086477855827,46.01152403471827],[-123.9008670012168,46.01152184778488],[-123.90086921323615,46.01151965575729],[-123.90087141456272,46.011517457736836],[-123.90087360525015,46.01151525462218],[-123.90087578400856,46.01151304645053],[-123.9008779520743,46.01151083228601],[-123.90088010955425,46.01150861392601],[-123.90088225505178,46.011506389610325],[-123.90088438991006,46.01150416020046],[-123.90088651283932,46.01150192573365],[-123.90088862512943,46.01149968617262],[-123.90089072678029,46.01149744151738],[-123.9008928165021,46.01149519180522],[-123.90089489558471,46.011492936998806],[-123.90089696273836,46.01149067713548],[-123.90089901790957,46.01148841131652],[-123.90090106254841,46.01148614220072],[-123.90090309649463,46.01148386709208],[-123.90090511722208,46.0114815869637],[-123.90090712865356,46.01147930260258],[-123.90090912681276,46.01147701232305],[-123.90091111438625,46.01147471784802],[-123.90091309008417,46.01147241921477],[-123.90091505508947,46.01147011458859],[-123.90091700692942,46.01146780584141],[-123.90091894813014,46.011465492000006],[-123.90092087874513,46.01146317396313],[-123.90092279614134,46.0114608509066],[-123.90092470295185,46.01145852365451],[-123.90092659654351,46.01145619138282],[-123.90092847949606,46.011453854016835],[-123.90093035186283,46.01145151245537],[-123.90093221106423,46.01144916677293],[-123.90093405833672,46.01144681603352],[-123.90093589502344,46.011444461098634],[-123.9009377185448,46.01144210204273],[-123.90093953142703,46.011439737892616],[-123.90094133114397,46.011437369621525],[-123.9009431202751,46.01143499715496],[-123.90094489624099,46.0114326205674],[-123.90094666156764,46.011430238885616],[-123.90094841507222,46.01142785394426],[-123.90095015535807,46.01142546398329],[-123.90095188376841,46.01142306986398],[-123.90095360159299,46.011420671549224],[-123.9009553063058,46.01141827001217],[-123.90095699908962,46.01141586341814],[-123.90095867999786,46.011413452665906],[-123.9009603477408,46.01141103779265],[-123.90096200495158,46.01140861962261],[-123.9009636489435,46.01140619643287],[-123.9009652811134,46.011403769983616],[-123.90096690140783,46.011401339376064],[-123.9009685098267,46.0113989046103],[-123.9009701051338,46.011396466622195],[-123.90097168856535,46.0113940244759],[-123.90097326012142,46.011391578171335],[-123.90097481980192,46.01138912770853],[-123.90097636637068,46.01138667402343],[-123.9009778998276,46.011384217116046],[-123.90097942269877,46.011381756013165],[-123.90098093240468,46.01137929078927],[-123.90098242899876,46.01137682234306],[-123.90098391500716,46.0113743497014],[-123.90098538666741,46.01137187477338],[-123.90098684768849,46.01136939475116],[-123.90098829565117,46.01136691240537],[-123.9009897304486,46.01136442593857],[-123.90099115342406,46.01136193621221],[-123.90099256452396,46.01135944232762],[-123.90099396127574,46.01135694615667],[-123.90099534744179,46.01135444579027],[-123.90099672049608,46.011351942201536],[-123.90099808043857,46.01134943539051],[-123.90099942855902,46.01134692531994],[-123.90100076356762,46.011344412027086],[-123.9010020854645,46.01134189551192],[-123.90100339553938,46.011339375737194],[-123.90100469255583,46.0113368536389],[-123.90100597769687,46.011334327382386],[-123.90100724972605,46.01133179790356],[-123.90100850869692,46.01132926610115],[-123.9010097557923,46.01132673014049],[-123.90101098982943,46.0113241918562],[-123.90101221080813,46.01132165124834],[-123.90101341991142,46.01131910648219],[-123.90101461466664,46.01131655942979],[-123.9010157975998,46.01131400911779],[-123.90101696876441,46.01131145644493],[-123.90101812552744,46.01130890058704],[-123.90101927052191,46.01130634236831],[-123.90102040240465,46.01130378092728],[-123.90102152117561,46.01130121626398],[-123.90102262694172,46.01129865017575],[-123.90102371959604,46.01129608086524],[-123.90102480042837,46.01129350829518],[-123.90102586820238,46.01129093340154],[-123.9010269216283,46.01128835622156],[-123.90102796328569,46.011285776680715],[-123.90102899183131,46.011283193917556],[-123.90103000866182,46.011280609692264],[-123.90103101109085,46.011278022281964],[-123.90103200046153,46.01127543254805],[-123.90103297806375,46.01127284045323],[-123.90103394131785,46.01127024607213],[-123.90103489280337,46.01126764933018],[-123.90103582994088,46.011265050301866],[-123.90103675530986,46.01126244891271],[-123.9010376663308,46.01125984523721],[-123.90103856558314,46.01125723920084],[-123.90103945054092,46.011254631776865],[-123.90104032367677,46.01125202109334],[-123.90104118251799,46.01124940902215],[-123.90104202959066,46.011246794590086],[-123.90104286236875,46.01124417877044],[-123.90104368332487,46.011241559691186],[-123.90104449003985,46.01123894012302],[-123.9010452836431,46.01123631733257],[-123.90104606424151,46.011233693117155],[-123.90104683183513,46.01123106747691],[-123.90099213866115,46.01128051954351],[-123.90117947775273,46.01064685296348],[-123.90118281316211,46.01063620230195],[-123.90118553750072,46.010628288892455],[-123.9011884564734,46.01062041127233],[-123.9011915700799,46.01061256944151],[-123.90119488374675,46.01060476774446],[-123.90119838978856,46.010597007303325],[-123.9012020909452,46.0105892907397],[-123.90120598732354,46.010581619850925],[-123.90121007145223,46.01057399935392],[-123.90121434451402,46.010566427414055],[-123.90121881080579,46.010558911109015],[-123.90122346377181,46.01055144882773],[-123.9012283021757,46.010544041506066],[-123.90123332655192,46.01053669813092],[-123.90123853018433,46.01052941439506],[-123.90124391994944,46.01052219730171],[-123.90124948676535,46.01051504621295],[-123.9012552346616,46.010507963713074],[-123.90126115589969,46.01050095002547],[-123.90126725601274,46.01049401129203],[-123.90127352607944,46.01048714957088],[-123.90127996464943,46.010480362203054],[-123.90128657467649,46.010473655404994],[-123.90129335497774,46.01046703101115],[-123.90130029770765,46.01046048744778],[-123.90130739942467,46.01045403201598],[-123.90131466776029,46.01044766269494],[-123.90132209121361,46.01044138161724],[-123.90132967015886,46.01043519507368],[-123.90133740427521,46.010429097672024],[-123.90134529012111,46.010423096713616],[-123.90135332646018,46.01041719313431],[-123.90136150700401,46.01041138981645],[-123.90136983282856,46.01040568312791],[-123.90137830049217,46.01040008036996],[-123.90138690617913,46.01039458255313],[-123.90139564720278,46.01038918795439],[-123.90140452517386,46.010383901928634],[-123.90141353235373,46.01037872469933],[-123.901422667613,46.01037365899979],[-123.90143192821186,46.01036870220842],[-123.90144131334165,46.010363862450625],[-123.90145081623291,46.01035913452053],[-123.90146043591656,46.0103545238475],[-123.9014701736825,46.01035003039421],[-123.90148001679349,46.01034565722928],[-123.90148997288115,46.01034140233179],[-123.90150003055157,46.010337269631734],[-123.90151019120148,46.01033326088918],[-123.90152044977883,46.01032937805053],[-123.90153080741301,46.01032561838242],[-123.90154125394633,46.01032198487896],[-123.9015517920119,46.01031847836427],[-123.90156241542827,46.01031510351805],[-123.90157312258492,46.01031185498539],[-123.90158390869712,46.01030873920614],[-123.90159477242172,46.01030575531879],[-123.90160570859976,46.01030290347242],[-123.90161671083588,46.010300184751905],[-123.9016277843962,46.01029760080559],[-123.90163891751251,46.01029514927275],[-123.90165011442848,46.01029283633232],[-123.9016613659019,46.010290658650376],[-123.90167266956723,46.01028861989616],[-123.90168402134141,46.01028671658666],[-123.90169542014867,46.010284952353935],[-123.90170686351635,46.01028332906979],[-123.90171834214898,46.01028184250152],[-123.90172985760374,46.01028049710545],[-123.90174140456125,46.01027929033439],[-123.90175298323538,46.01027822578313],[-123.9017645833083,46.01027730374974],[-123.9017762071456,46.01027652056489],[-123.90178784722276,46.010275880046926],[-123.90179949945664,46.01027537871282],[-123.90181116545791,46.01027502191749],[-123.90182283856402,46.01027480625236],[-123.90183454586,46.01027473093513],[-123.90183453015648,46.01030215340163],[-123.90200703016575,46.010433829360615],[-123.90241588209265,46.010455635997246],[-123.90241658972683,46.010455673167506],[-123.90250872267941,46.01046058672722],[-123.90251108418249,46.010460712948195],[-123.90251209253957,46.01046076663578],[-123.90251344557852,46.010460837371696],[-123.90251546218583,46.01046094294953],[-123.9025158069211,46.010460960896474],[-123.90251816810331,46.0104610817252],[-123.90251883161821,46.010461115668384],[-123.90252053046835,46.010461200719185],[-123.9025222021264,46.01046128475516],[-123.90252289277987,46.010461318814436],[-123.90252525493094,46.010461434213546],[-123.90252557371052,46.01046145020975],[-123.90252761702857,46.01046154871396],[-123.90252894508073,46.01046161206954],[-123.90252998030898,46.01046166137968],[-123.90253231629045,46.010461771233174],[-123.90253470520574,46.010461880457434],[-123.90253568723283,46.010461925903215],[-123.90253706816533,46.01046198773087],[-123.9025390605943,46.01046207780265],[-123.90253943107147,46.010462094105584],[-123.90254179510688,46.01046219774693],[-123.90254243239862,46.010462225245746],[-123.90254415903537,46.01046229959082],[-123.90254580533234,46.010462369955476],[-123.90254652291036,46.01046240053596],[-123.90254888662498,46.01046249878505],[-123.90254917805206,46.01046251107029],[-123.90255125023256,46.010462595236675],[-123.9025525518477,46.01046264855297],[-123.90255361378672,46.01046269078953],[-123.90255592542938,46.01046278244088],[-123.90255834310017,46.01046287552987],[-123.9025593000869,46.01046291269665],[-123.90256215143334,46.01046302026243],[-123.9025626732943,46.0104630402935],[-123.90256596078895,46.010463160464184],[-123.9025660488138,46.01046316332228],[-123.90256942288309,46.01046328369216],[-123.90256977111338,46.01046329523638],[-123.90257279797483,46.010463399531275],[-123.90257358122395,46.01046342641376],[-123.90257617290605,46.01046351267418],[-123.90257739101361,46.01046355219882],[-123.90257954885966,46.01046362128633],[-123.90258120187912,46.010463674351776],[-123.9025829246529,46.01046372720228],[-123.9025850124238,46.01046379111247],[-123.9025863002856,46.010463830422054],[-123.90258882404432,46.010463904241],[-123.90258967694075,46.01046392911105],[-123.90259263539743,46.01046401287601],[-123.90259305343541,46.010464025103886],[-123.90259644132414,46.01046411716651],[-123.90259980696588,46.01046420447035],[-123.90260025988098,46.010464216590755],[-123.90260318405507,46.01046428874269],[-123.9026040716682,46.010464310809105],[-123.9026065609839,46.01046437031887],[-123.90260788453124,46.0104644013953],[-123.90260993769873,46.010464448300155],[-123.90261169712694,46.01046448748788],[-123.90261331548945,46.010464522649386],[-123.9026155094552,46.010464569087006],[-123.90261669306629,46.01046459340372],[-123.90261932280586,46.010464646155185],[-123.90262007171889,46.01046466052597],[-123.90262313588906,46.010464718729864],[-123.90262344892132,46.01046472498928],[-123.90262682714607,46.01046478492179],[-123.9026269487049,46.010464786810964],[-123.902630205157,46.0104648412595],[-123.9026307625431,46.01046485036121],[-123.90263358424367,46.010464893965036],[-123.90263457611385,46.01046490941791],[-123.9026369618802,46.01046494401173],[-123.902638390707,46.010464963943804],[-123.90264034053902,46.01046498952756],[-123.90264220374296,46.01046501401337],[-123.90264371903748,46.01046503234727],[-123.90264601780129,46.01046505955212],[-123.90264709861175,46.01046507153484],[-123.902649832882,46.01046510056],[-123.9026504766823,46.01046510716483],[-123.90265364645897,46.01046513801031],[-123.90265385582873,46.01046513916274],[-123.90265723476122,46.010465167565755],[-123.90265746100486,46.010465170031075],[-123.90266061347972,46.010465192373935],[-123.90266127528331,46.01046519755832],[-123.90266399198437,46.01046521358727],[-123.90266509058408,46.01046522055468],[-123.90266737161828,46.01046523206714],[-123.90266890432774,46.01046523909476],[-123.90267075098478,46.01046524605352],[-123.90267271909373,46.01046525310398],[-123.90267413019096,46.01046525734374],[-123.90267653359231,46.010465262619675],[-123.90267750918306,46.010465265039066],[-123.90268034787695,46.01046526854046],[-123.90268088796128,46.01046526913957],[-123.90268416318393,46.010465269930435],[-123.9026842678153,46.010465269607934],[-123.90268764616565,46.01046526651872],[-123.90268797817004,46.01046526592817],[-123.90269102553839,46.01046525889875],[-123.90269179159894,46.01046525746956],[-123.90269440475062,46.01046524858254],[-123.90269560733994,46.01046524444291],[-123.90269778380241,46.01046523557021],[-123.9026994215238,46.010465226959916],[-123.90270116258677,46.01046521806435],[-123.90270323549369,46.010465205882056],[-123.90270454250047,46.010465197825006],[-123.9027070504325,46.010465179374684],[-123.90270792085701,46.010465173129454],[-123.90271086515726,46.01046514927244],[-123.90271130034279,46.01046514570045],[-123.90271467961466,46.01046511467661],[-123.90288813890578,46.01046357839189],[-123.90288897310988,46.01046357139152],[-123.90303061343778,46.010462316956165],[-123.90357369285425,46.010457036329385],[-123.90358863372447,46.0104568907899],[-123.9035896770306,46.01045688044188],[-123.90371533619312,46.01045565855121],[-123.90417894641031,46.01045114787996],[-123.90417999229577,46.01045113745208],[-123.90430561268668,46.01044991515173],[-123.90479605873462,46.01044510070835],[-123.9047968089431,46.0104450934222],[-123.90492343714739,46.01044385032694],[-123.90492328267737,46.01043019192937],[-123.90499281036693,46.01042955631685],[-123.90528767815631,46.01042686199718],[-123.9052913814224,46.01042682603186],[-123.90529508345226,46.01042679100244],[-123.90529878677194,46.01042675593556],[-123.90530249019864,46.010426722665954],[-123.9053061936253,46.01042668939624],[-123.90530989576222,46.01042665616368],[-123.90531359929594,46.01042662469114],[-123.90531730153982,46.01042659325574],[-123.90532100507359,46.0104265617829],[-123.90532470871436,46.01042653210735],[-123.9053284110653,46.01042650246899],[-123.90533211470611,46.01042647279318],[-123.90533581716409,46.010426444951946],[-123.90533952091188,46.010426417073326],[-123.90534322336991,46.01042638923186],[-123.90534692722476,46.01042636315033],[-123.90535062978981,46.01042633710603],[-123.90535433369816,46.010426311922956],[-123.90535803631676,46.0104262867771],[-123.9053617389889,46.0104262625298],[-123.90536544300427,46.01042623914379],[-123.90536914572992,46.01042621579495],[-123.90537284856255,46.01042619424338],[-123.90537655263147,46.010426171755675],[-123.90538025551767,46.01042615110254],[-123.90538395840386,46.01042613044929],[-123.90538712663275,46.01042611355353],[-123.90538766134361,46.0104261106946],[-123.90538817928754,46.010426108320566],[-123.90539136562658,46.01042609180123],[-123.90539506861984,46.01042607294503],[-123.90539877166655,46.01042605498738],[-123.90540247471334,46.010426037029596],[-123.90540617781365,46.010426019970375],[-123.90540988096745,46.01042600380977],[-123.90541358417475,46.01042598854771],[-123.9054172873821,46.01042597328553],[-123.90542099064295,46.01042595892192],[-123.90542469395731,46.010425945456895],[-123.90542839727172,46.01042593199175],[-123.90543210063957,46.010425919425195],[-123.90543580406101,46.01042590775721],[-123.90543950748244,46.01042589608906],[-123.90544321095742,46.01042588531951],[-123.90544691448584,46.01042587544852],[-123.90545061801431,46.01042586557742],[-123.9054543203066,46.010425856642215],[-123.90545802394205,46.01042584856824],[-123.90546172763113,46.01042584139287],[-123.9054654313202,46.010425834217386],[-123.90546913377295,46.01042582797775],[-123.90547283751555,46.010425821700714],[-123.90547654131169,46.01042581632223],[-123.90548024387154,46.01042581187962],[-123.90548394772115,46.01042580739961],[-123.90548765038805,46.010425804754135],[-123.90549135429123,46.010425801172566],[-123.90549505701166,46.01042579942557],[-123.90549876102183,46.01042579764111],[-123.90550246379587,46.01042579679256],[-123.9055061679131,46.01042579680527],[-123.90550987074059,46.01042579685517],[-123.9055135736216,46.010425797803684],[-123.90551741848356,46.010425796446654],[-123.90552126345247,46.010425796886935],[-123.90552510713168,46.0104257973644],[-123.90552895215413,46.010425798703096],[-123.90553279594039,46.01042580097766],[-123.90553664101635,46.01042580321479],[-123.90554048485615,46.01042580638781],[-123.90553533651496,46.010302256658356],[-123.90552716124331,46.00991798006917],[-123.90598707063924,46.00992350417405],[-123.90598921631316,46.00996186597302],[-123.90630141256513,46.009960845535225],[-123.90630623348129,46.00921475794299],[-123.90644885348127,46.00921490324465],[-123.9064541433009,46.00863463243347],[-123.90645416010177,46.008633006120036],[-123.90811356349624,46.008643659656585],[-123.90809068278642,46.008851798646525],[-123.90804141925042,46.00921375132808],[-123.9079220103024,46.010299964766816],[-123.908686053965,46.01031338163422],[-123.90907849240259,46.010347702563266],[-123.9101289593542,46.01036613188629],[-123.91035711325914,46.01037013335456],[-123.91047900400369,46.01037227223072],[-123.91052453025384,46.01035636182392],[-123.91052764631283,46.01035514538392],[-123.91053076511196,46.01035393156515],[-123.91053388407178,46.0103527204424],[-123.9105370070616,46.01035151190353],[-123.91054013015845,46.010350305162],[-123.91054325733887,46.01034910190301],[-123.91054638462643,46.01034790044131],[-123.91054951465416,46.010346701600895],[-123.9105526461323,46.01034550541909],[-123.91055578029706,46.01034431095985],[-123.91055891596588,46.01034312005794],[-123.91056205432126,46.01034193087862],[-123.91056519418079,46.0103407452566],[-123.9105683354371,46.010339561394474],[-123.91057147937997,46.01033837925494],[-123.91057462482696,46.01033720067274],[-123.91057777172436,46.01033602474915],[-123.91058092130838,46.01033485054811],[-123.91058407239642,46.0103336799044],[-123.9105872261711,46.01033251098325],[-123.91059038139618,46.010331344720726],[-123.91059353801818,46.010330180218126],[-123.91059669743396,46.01032901923546],[-123.91059985830012,46.01032786091145],[-123.9106030205632,46.01032670434736],[-123.9106061855665,46.0103255504045],[-123.91060935207383,46.01032440001897],[-123.910612519978,46.01032325139335],[-123.91061569056876,46.01032210449037],[-123.91061886266363,46.01032096114462],[-123.91062203749868,46.01031982042016],[-123.9106252124408,46.01031868149297],[-123.91062839017673,46.010317546085766],[-123.91063157059929,46.01031641240108],[-123.91063475247228,46.01031528137504],[-123.9106379357958,46.01031415300762],[-123.91064112056968,46.01031302729881],[-123.91064430803019,46.010311903312555],[-123.91064749699476,46.01031078288362],[-123.91065068735621,46.0103096642146],[-123.91065387922168,46.010308549102895],[-123.91065707377378,46.01030743571376],[-123.91066027106615,46.01030632494591],[-123.91066346851912,46.01030521687398],[-123.91066666871237,46.010304111423316],[-123.91066987035606,46.01030300863126],[-123.9106730734502,46.01030190849788],[-123.91067627923094,46.010300810087024],[-123.91067948651572,46.01029971523347],[-123.91068269519745,46.01029862213986],[-123.91068590532956,46.01029753170484],[-123.9106891182019,46.010296443891065],[-123.91069233252466,46.01029535873593],[-123.91069554829794,46.01029427623939],[-123.91069876552172,46.01029319640146],[-123.91070198548563,46.010292119184854],[-123.9107052069,46.01029104462679],[-123.91070842971128,46.01028997182868],[-123.91071165531633,46.01028890255049],[-123.91071488102858,46.01028783506958],[-123.91071810953457,46.01028677110864],[-123.91072133943742,46.01028570890759],[-123.91072457208045,46.01028464932783],[-123.91072780488427,46.01028359244404],[-123.91073104042827,46.010282538181514],[-123.91073427742273,46.01028148657755],[-123.91073751586771,46.0102804376322],[-123.91074075699925,46.01027939040946],[-123.91074399963483,46.01027834674399],[-123.9107472424312,46.01027730577449],[-123.91075048920385,46.010276266490195],[-123.91075373619091,46.010275230800595],[-123.9107569845748,46.01027419687089],[-123.91076023569893,46.01027316556243],[-123.91076348832704,46.010272137811256],[-123.91076674235215,46.01027111182004],[-123.91076999782761,46.01027008848743],[-123.91077325475361,46.01026906781339],[-123.9107765144198,46.01026804976061],[-123.91077977553651,46.01026703436644],[-123.9107830381036,46.01026602163094],[-123.91082776410204,46.010252422682456],[-123.91087245836052,46.010239288257914],[-123.91091699239948,46.01022654375807],[-123.91095038171403,46.01021715494118],[-123.91099614976095,46.01021153875985],[-123.9114249940124,46.010154488239515],[-123.91145197561592,46.01036075864087],[-123.91149390222573,46.010633056122664],[-123.91133572151149,46.01071502542909],[-123.91123182480293,46.01076886420076],[-123.91123141853032,46.01076924416616],[-123.91122964106602,46.01077091698056],[-123.91122918964567,46.010771341465095],[-123.91122746259528,46.010772971408265],[-123.91122696479107,46.010773441348],[-123.91122528815447,46.01077502841984],[-123.9112247439664,46.0107755438148],[-123.91122311774376,46.01077708801541],[-123.91122252840792,46.01077764792948],[-123.91122095259912,46.010779149258816],[-123.91122031822283,46.01077975548945],[-123.91121879153812,46.01078121398487],[-123.91121811201405,46.01078186473462],[-123.91121663568966,46.01078327946011],[-123.91121590983526,46.01078397656373],[-123.91121448392477,46.010785348418],[-123.91121371292265,46.01078609004074],[-123.91121233613629,46.01078741906112],[-123.9112115213834,46.01078820696302],[-123.91121019366759,46.01078949225078],[-123.91120933382057,46.01079032557049],[-123.91120805522887,46.01079156802438],[-123.91120715157739,46.01079244672456],[-123.9112059220563,46.01079364544588],[-123.91120497336429,46.01079457046261],[-123.91120379291368,46.01079572545133],[-123.91120280041729,46.010796695848455],[-123.91120166774752,46.01079780714199],[-123.9112006315539,46.01079882471698],[-123.91119954790103,46.01079989137927],[-123.91119846795662,46.01080095523338],[-123.91119743208459,46.01080197820043],[-123.91119630967916,46.01080308829634],[-123.91119532153428,46.01080406666953],[-123.91119415537803,46.010805223044564],[-123.91119321501405,46.010806157722534],[-123.9111920051605,46.010807361275376],[-123.91119111252372,46.010808251359464],[-123.91118986149893,46.01080950111676],[-123.91118901529956,46.0108103466443],[-123.91118772052388,46.010811642680714],[-123.9111869221054,46.01081244451309],[-123.91118558621206,46.01081378765258],[-123.91118483423102,46.010814544928465],[-123.91118345587658,46.010815934309704],[-123.91118275033304,46.010816647029],[-123.91118132957112,46.01081808355073],[-123.91118067170115,46.01081875077754],[-123.91117920987519,46.01082023530103],[-123.91117859715294,46.01082085800863],[-123.91117709286578,46.01082238877392],[-123.91117652658104,46.010822966924984],[-123.91117498246598,46.010824544755984],[-123.91117446127538,46.010825077489244],[-123.91117287609619,46.01082670332201],[-123.91117240128946,46.01082719060007],[-123.91117077370272,46.01082886357328],[-123.91117034533353,46.01082930629483],[-123.91116867791884,46.01083102633376],[-123.91116829335397,46.01083142367482],[-123.91116658616491,46.0108331916782],[-123.91116624664058,46.010833542702755],[-123.91116449838736,46.01083535870784],[-123.91116420401075,46.01083566521329],[-123.91116241592955,46.010837528284114],[-123.91116216659356,46.01083778847302],[-123.91116033879157,46.010839700406905],[-123.91116013325993,46.010839915215406],[-123.91115826562992,46.010841874215025],[-123.91115810519241,46.010842043605656],[-123.91115619778803,46.01084405056966],[-123.91115608239112,46.010844173643804],[-123.91115413526589,46.010846229470864],[-123.91115406233006,46.010846306303236],[-123.91115207672017,46.0108484100574],[-123.91115002478395,46.0108505931531],[-123.91114797558798,46.01085277887009],[-123.91114593294796,46.010854966197634],[-123.91114403757652,46.01085700162045],[-123.91114389433784,46.01085715610907],[-123.91114204669366,46.01085914693803],[-123.91114186099392,46.01085934766846],[-123.911140061077,46.01086129390352],[-123.91113983168006,46.01086154181177],[-123.9111380794903,46.01086344345295],[-123.9111378076859,46.01086373850164],[-123.91113610322341,46.01086559554899],[-123.91113578895789,46.010865936839416],[-123.91113413093288,46.010867749330195],[-123.91113377554966,46.010868137723776],[-123.91113216261876,46.010869904796756],[-123.91113176611778,46.01087034029341],[-123.91113020091417,46.010872062772485],[-123.9111297620057,46.010872545409605],[-123.91112824189618,46.010874222470875],[-123.9111277631598,46.01087475217369],[-123.91112628948775,46.01087638467844],[-123.91112576834387,46.0108769615217],[-123.91112433976598,46.010878548608645],[-123.91112377884772,46.010879173416306],[-123.91112239665368,46.010880715048074],[-123.91112179461767,46.010881386958836],[-123.91112045751782,46.01088288317273],[-123.91111981441766,46.01088360308527],[-123.91111852241193,46.01088505388134],[-123.91111783948384,46.01088582085962],[-123.91111659257223,46.010887226237834],[-123.91111586986975,46.010888041180515],[-123.91111466799875,46.01088940024227],[-123.91111390552186,46.01089026314933],[-123.91111274745518,46.01089157683065],[-123.91111194649365,46.010892487664755],[-123.91111083217783,46.01089375506688],[-123.9111099914419,46.01089471386544],[-123.91110892093043,46.010895935887106],[-123.91110804170988,46.01089694261268],[-123.91110701494922,46.010898118355186],[-123.91110609595425,46.01089917304518],[-123.91110511423419,46.01090030247122],[-123.91110415680824,46.01090140598689],[-123.91110321754914,46.01090248917118],[-123.91110222163852,46.01090364061388],[-123.91110132613026,46.01090467751904],[-123.91110029178861,46.01090587778747],[-123.91109943874143,46.01090686845082],[-123.91109836591507,46.01090811664627],[-123.91109755661876,46.01090906103049],[-123.91109644665113,46.010910358014335],[-123.9110956797622,46.010911255258065],[-123.91109453136349,46.01091260106768],[-123.91109380688209,46.01091345117092],[-123.91109262134206,46.01091484576889],[-123.91109193932175,46.01091564963037],[-123.91109071664043,46.01091709301666],[-123.91109007579138,46.01091785067377],[-123.91108881596877,46.01091934284841],[-123.9110882174736,46.01092005246638],[-123.91108692185301,46.01092159429069],[-123.91108636447561,46.01092225680555],[-123.91108503171374,46.01092384741823],[-123.91108451550762,46.01092446372873],[-123.91108314689413,46.010926103092395],[-123.91108267175215,46.01092667140105],[-123.91108126605099,46.01092836045177],[-123.91108083331646,46.01092888161999],[-123.91107939181734,46.010930620320366],[-123.91107899891084,46.0109310944229],[-123.91107752156016,46.01093288187423],[-123.91107716971774,46.01093330797499],[-123.91107565656905,46.01093514507602],[-123.91107534455467,46.01093552411109],[-123.91107379689774,46.01093741082441],[-123.91107352594753,46.01093774185764],[-123.91107194249268,46.01093967822073],[-123.91107171008068,46.01093996222556],[-123.91107009211757,46.010941948200895],[-123.91106990076968,46.01094218420404],[-123.91106824829839,46.010944219791654],[-123.91106809543514,46.010944407867726],[-123.91106640845558,46.01094649306769],[-123.91106629536675,46.010946633179344],[-123.9110645739326,46.010948768890295],[-123.91106449932835,46.0109488610749],[-123.91106274467576,46.01095104636084],[-123.91106091944891,46.010953326415255],[-123.91105910077805,46.01095560808031],[-123.91105728608352,46.01095789143059],[-123.91105559565682,46.01096002714349],[-123.91105547799859,46.01096017729011],[-123.9110538299793,46.01096226586252],[-123.91105367383648,46.01096246393617],[-123.91105206962162,46.01096450712818],[-123.91105187504765,46.01096475402754],[-123.9110503131867,46.0109667491804],[-123.91105008147149,46.010967044868096],[-123.91104856078181,46.010968993816554],[-123.91104829192527,46.01096933829264],[-123.91104681493287,46.01097124006327],[-123.911046508935,46.010971633327735],[-123.91104507306035,46.01097348799523],[-123.91104473126457,46.0109739309094],[-123.9110433365076,46.01097573847385],[-123.91104295757046,46.01097623017631],[-123.911041605221,46.01097799060033],[-123.91104118914257,46.01097853109118],[-123.91103987785722,46.010980243513394],[-123.9110394259808,46.01098083365389],[-123.91103815586686,46.010982499871744],[-123.91103790781038,46.010982824840355],[-123.91103766942865,46.010983138725855],[-123.91103643774566,46.010984756117985],[-123.91103472499789,46.01098701580952],[-123.9110330187524,46.010989276212904],[-123.91103131653698,46.01099153920025],[-123.91102961829795,46.010993803872836],[-123.9110279266149,46.010996070156025],[-123.91102623890822,46.010998338124416],[-123.91102455652135,46.01100060863945],[-123.91102287805725,46.01100287994107],[-123.91102120620278,46.01100515375191],[-123.91101953827105,46.01100742834932],[-123.91101787565917,46.011009705493336],[-123.91101621831339,46.01101198428526],[-123.91101456494411,46.011014264762494],[-123.91101291684097,46.01101654688758],[-123.91101127405766,46.01101883155935],[-123.9110096364869,46.011021116980274],[-123.91100800418232,46.011023404049105],[-123.9110063759078,46.011025693701924],[-123.91100475284577,46.01102798410395],[-123.9110031351036,46.01103027705259],[-123.91100152262764,46.011032571649146],[-123.91099991412806,46.01103486793096],[-123.91099831213083,46.011037164924666],[-123.91099671416367,46.01103946450229],[-123.91099512146262,46.011041765727825],[-123.91099353402781,46.01104406860132],[-123.91099195056943,46.01104637316006],[-123.91099037237726,46.011048679366716],[-123.91098880074101,46.01105098718395],[-123.91098723308116,46.01105329668642],[-123.91098566939773,46.011055607874205],[-123.91098411227033,46.011057920672506],[-123.91098256040907,46.01106023511877],[-123.91098101252427,46.011062551250255],[-123.91097946990561,46.01106486902966],[-123.91097793255318,46.011067188457005],[-123.91097640046699,46.01106950953228],[-123.91097487364685,46.01107183225544],[-123.91097335080325,46.01107415666389],[-123.91097183446203,46.011076481784194],[-123.91097032215077,46.01107880948846],[-123.91097003409536,46.011079243643906],[-123.91096973545366,46.01107967360474],[-123.91096942627932,46.01108010026974],[-123.9109691065187,46.011080522740116],[-123.91096877622542,46.01108094191465],[-123.91096843534594,46.01108135689458],[-123.91096808388016,46.01108176767998],[-123.91096772177453,46.011082173372095],[-123.91096735042602,46.011082575730995],[-123.910966968384,46.01108297209795],[-123.91096657709907,46.01108336513171],[-123.91096617646414,46.011083753034804],[-123.91096576518927,46.011084135844634],[-123.9109653445643,46.01108451352392],[-123.910964915879,46.01108488603519],[-123.91096447655386,46.01108525345323],[-123.91096402782496,46.011085614841974],[-123.91096357103578,46.01108597106276],[-123.91096310489651,46.01108632215294],[-123.91096263064324,46.01108666717641],[-123.91096214698626,46.01108700617066],[-123.91096165655873,46.01108733995957],[-123.9109611566739,46.01108766682047],[-123.91096064872869,46.01108798851343],[-123.91096013261595,46.01108830324106],[-123.9109596083893,46.01108861190202],[-123.91095907733845,46.01108891445896],[-123.91095853812,46.0110892100506],[-123.91095799207744,46.011089499538215],[-123.91095743915712,46.011089782023156],[-123.91095687806919,46.01109005754275],[-123.91095631139326,46.011090326022284],[-123.91095573789315,46.01109058839781],[-123.91095515746167,46.01109084287199],[-123.91095457020603,46.01109109124211],[-123.91095397859851,46.01109133163615],[-123.91095338011321,46.01109156502756],[-123.9109527747502,46.011091791416206],[-123.91095216503524,46.01109200982877],[-123.91095154973233,46.0110922212013],[-123.91095093013118,46.01109242549641],[-123.91095030488837,46.01109262185279],[-123.91094967400394,46.01109281027045],[-123.91094903882133,46.01109299161069],[-123.91094839928682,46.01109316497486],[-123.91094775669029,46.01109333032556],[-123.91094710845213,46.01109348773752],[-123.91094645715187,46.011093637136064],[-123.91094580155337,46.011093779457156],[-123.91094514412897,46.01109391282874],[-123.91094448240635,46.01109403912296],[-123.91094381756801,46.01109415650508],[-123.91094314966766,46.011094265873695],[-123.91094247870522,46.01109436722886],[-123.91094180602404,46.011094461431945],[-123.91094113146337,46.01109454578684],[-123.91094045389427,46.01109462302697],[-123.91093977584259,46.01109469217893],[-123.91093909467529,46.01109475241874],[-123.91093841302542,46.01109480457042],[-123.91093772960326,46.01109484867128],[-123.910937045645,46.01109488378529],[-123.9109363612578,46.01109491170982],[-123.91093567633443,46.01109493064749],[-123.91093498958524,46.0110949406357],[-123.91093430369682,46.01109494339706],[-123.91093361856211,46.011094937134196],[-123.91093293294482,46.01109492278323],[-123.91093224684504,46.01109490034404],[-123.91093156284232,46.01109486974201],[-123.91093087959322,46.01109483011574],[-123.91093019586152,46.01109478240135],[-123.91092951551673,46.01109472648669],[-123.91092883597913,46.01109466244654],[-123.91092815724885,46.01109459028085],[-123.91092748061556,46.01109450995232],[-123.91092680731543,46.01109442052482],[-123.91092613487623,46.01109432387053],[-123.91092546582375,46.011094219015995],[-123.91092480010452,46.01109410506254],[-123.91092413653591,46.011093983844894],[-123.91092347635416,46.011093854426996],[-123.91092281961276,46.01109371770759],[-123.9109221649148,46.01109357192663],[-123.91092151623683,46.01109341876937],[-123.9109208697095,46.01109325834793],[-123.91092022780506,46.01109308879024],[-123.91091959068451,46.011092912792314],[-123.91091895818687,46.01109272765809],[-123.9109183291833,46.01109253612104],[-123.91091770614605,46.011092336309055],[-123.91091708783904,46.01109212915813],[-123.91091647555201,46.01109191463093],[-123.91091586799509,46.01109169276491],[-123.91091526640456,46.01109146262385],[-123.91091466959786,46.011091226042616],[-123.9109140801009,46.01109098204777],[-123.91091349667751,46.01109073157534],[-123.91091291927404,46.011090473726654],[-123.91091234789056,46.011090208501734],[-123.91091178387046,46.01108993676186],[-123.91091122716014,46.011089657608366],[-123.91091067652336,46.01108937197731],[-123.91091013324991,46.01108907983129],[-123.91090959862959,46.011088781133026],[-123.91090907008284,46.011088475957166],[-123.91090855024288,46.01108816512768],[-123.91090803771267,46.01108784688463],[-123.91090753259935,46.01108752302531],[-123.9109070361928,46.01108719351237],[-123.91090654843943,46.01108685744719],[-123.91090606939278,46.011086515728365],[-123.91090559899922,46.01108616745728],[-123.91090513607628,46.01108581446863],[-123.91090468314982,46.011085455789],[-123.91090423893013,46.01108509145578],[-123.91090380470696,46.0110847214316],[-123.91090337924408,46.01108434665252],[-123.91090296254167,46.011083967118495],[-123.91090255583565,46.01108358189355],[-123.91090215917983,46.011083191876295],[-123.9109017726277,46.01108279796544],[-123.91090139478236,46.01108239840105],[-123.9109010283305,46.01108199490568],[-123.91090067063898,46.01108158665537],[-123.91090032428744,46.01108117357544],[-123.91089998809319,46.0110807575006],[-123.91089966194907,46.011080336633505],[-123.91089934725208,46.01107991273415],[-123.91089904260522,46.01107948404253],[-123.91089874811568,46.011079052355974],[-123.9108984650197,46.01107861673852],[-123.9108981933708,46.01107817808878],[-123.9108979318793,46.01107773644415],[-123.91089768178126,46.01107729086856],[-123.91089744318397,46.01107684315939],[-123.91089721603385,46.01107639241801],[-123.91089700033076,46.011075938644304],[-123.9108967947851,46.011075481875714],[-123.91089660208354,46.01107502383491],[-123.91076366999395,46.01074942853126],[-123.9106986707396,46.010623349521666],[-123.91065557420023,46.010539753905796],[-123.91052900463777,46.0105602683387],[-123.91048078480979,46.010568084392794],[-123.9104797983116,46.01056733605714],[-123.91047743687069,46.01056556525997],[-123.91047505554431,46.010563807641994],[-123.91047265186,46.01056206507526],[-123.91047022705398,46.010560336623705],[-123.9104677811262,46.01055862228732],[-123.91046531536654,46.010556922028805],[-123.91046282853871,46.01055523678417],[-123.91046032187894,46.01055356561735],[-123.91045779549441,46.0105519103258],[-123.91045524798817,46.01055026914941],[-123.91045268199338,46.010548642912184],[-123.91045009622023,46.01054703165147],[-123.91044748943254,46.01054543630331],[-123.91044486544602,46.01054385585703],[-123.91044222173475,46.01054229128588],[-123.91043955824516,46.01054074169123],[-123.91043687766393,46.01053920879583],[-123.91043417730431,46.010537690876916],[-123.91043145979954,46.0105361887585],[-123.91042872391334,46.010534703376585],[-123.91042596959213,46.01053323383257],[-123.91042319812567,46.010531780089025],[-123.91042040827791,46.01053034308197],[-123.91041760133844,46.010528922774135],[-123.91041477854351,46.0105275182294],[-123.9104119373672,46.01052613042118],[-123.91040908044268,46.01052476017347],[-123.91040620766265,46.010523405688936],[-123.91040331784455,46.01052206880223],[-123.91040041093481,46.01052074861468],[-123.91039748956659,46.01051944595034],[-123.91039455245009,46.01051816084641],[-123.91039159953175,46.01051689240435],[-123.91038863086504,46.01051564152279],[-123.91038564768633,46.01051440726563],[-123.91038265010263,46.01051319143038],[-123.91037963677063,46.01051199315558],[-123.91037661032352,46.010510813265235],[-123.91037356807449,46.01050965003675],[-123.91037051400004,46.01050850515534],[-123.91036744423094,46.010507378733095],[-123.91036436258284,46.010506269759325],[-123.9103612665298,46.01050517920736],[-123.91035815736157,46.01050410703989],[-123.91035503636795,46.01050305321947],[-123.91035190091578,46.01050201692227],[-123.91034875498157,46.01050099983345],[-123.91034559593213,46.01050000112914],[-123.91034242505732,46.01049902077192],[-123.91033924241067,46.01049805966051],[-123.9103360479386,46.010497116896225],[-123.9103328429844,46.010496193340394],[-123.91032962620488,46.010495288131644],[-123.91032639888961,46.01049440123268],[-123.91032316114591,46.010493534440805],[-123.91031991286651,46.01049268595874],[-123.91031665415862,46.01049185758379],[-123.91031338491507,46.010491047518535],[-123.91031010776892,46.01049025658713],[-123.91030682019435,46.01048948576277],[-123.91030352337378,46.01048873321082],[-123.91030021741454,46.010488000728685],[-123.91029690226293,46.010487287417604],[-123.91029357926236,46.01048659413895],[-123.91029024835916,46.010485919994046],[-123.91028690960702,46.010485265881556],[-123.91028356166252,46.010484630940134],[-123.91028020710519,46.01048401509514],[-123.91027684604222,46.0104834201439],[-123.9102734757869,46.010482844363715],[-123.91027010026212,46.010482288541226],[-123.91026671817804,46.01048175271386],[-123.91026332948114,46.01048123598286],[-123.91025993427863,46.01048074014559],[-123.91025653246325,46.0104802634047],[-123.91025312672173,46.01047980748291],[-123.91024971442094,46.01047937155616],[-123.91024629679706,46.0104789546884],[-123.91024379819217,46.01048019105016],[-123.91024129964089,46.01048142831051],[-123.91023880377614,46.01048266729347],[-123.91023630930827,46.010483908036434],[-123.91023381623725,46.01048515053934],[-123.91023132456311,46.01048639480216],[-123.91022883557557,46.0104876407877],[-123.91022634798487,46.01048888853316],[-123.91022386179108,46.01049013803856],[-123.91022137828386,46.01049138926665],[-123.91021889617352,46.01049264225464],[-123.91021641545997,46.010493897002625],[-123.91021393608976,46.010495152611895],[-123.91021145945975,46.01049641084245],[-123.91020898417297,46.010497669934324],[-123.9102065116264,46.01049893164745],[-123.9102040391333,46.01050019425925],[-123.91020156938043,46.01050145949235],[-123.91019910097083,46.01050272558673],[-123.91019663524784,46.01050399340374],[-123.91019417092171,46.01050526298068],[-123.91019170799248,46.0105065343176],[-123.91018924645999,46.01050780741453],[-123.91018678761424,46.010509082234066],[-123.91018433016522,46.01051035881355],[-123.91018187540294,46.01051163711565],[-123.91017942074764,46.010512917215095],[-123.91017696872541,46.01051419813844],[-123.91017451944339,46.010515481683115],[-123.91017207021488,46.01051676612644],[-123.91016962372653,46.010518053191056],[-123.91016717987128,46.0105193410796],[-123.91016473612306,46.010520630765484],[-123.91016229506147,46.01052192217397],[-123.91015985668645,46.010523215305085],[-123.91015741841855,46.01052451023355],[-123.91015498283727,46.01052580688458],[-123.9101525499426,46.010527105258255],[-123.91015011710144,46.01052840453056],[-123.91014768700049,46.01052970642418],[-123.91014525953251,46.010531009141715],[-123.90907254494259,46.010512182335276],[-123.90867812215262,46.01053268918221],[-123.90855307751626,46.01052175168686],[-123.9084819042149,46.01051552681269],[-123.90841110543208,46.010514283767286],[-123.90818890430931,46.010510382613916],[-123.90804700798007,46.01050789037151],[-123.90779340970585,46.01050343600309],[-123.90749933855662,46.01047083958896],[-123.9072044855985,46.01046566014646],[-123.90706270576939,46.01046316785367],[-123.90702538252286,46.010462511096264],[-123.90702522499859,46.01044872314147],[-123.90688348380044,46.01044624932201],[-123.90688359794457,46.010458919538046],[-123.90688730260803,46.01086992293804],[-123.9068873111274,46.01087080312187],[-123.90689103599138,46.011282339656894],[-123.90689348528052,46.01155577282091],[-123.90689842693557,46.012104097924244],[-123.90689843550882,46.01210497900596],[-123.90690587450044,46.012930271523366],[-123.90708487519565,46.01292947010622],[-123.90712051902274,46.016894229621776],[-123.90727776589486,46.01689335809016],[-123.90879819032564,46.016884920415045],[-123.90981765310275,46.01687925286627],[-123.91041833012292,46.01687580294498],[-123.910536519127,46.01687104192636],[-123.91053602521633,46.016868415844634],[-123.91053553130563,46.01686578976294],[-123.91053503486883,46.01686316465462],[-123.91053453579858,46.016860538722284],[-123.91053403549216,46.016857913725985],[-123.91053353389584,46.01685528876705],[-123.91053302971982,46.016852663882815],[-123.91053252296402,46.01685003907326],[-123.91053201497188,46.01684741519972],[-123.91053150563636,46.01684479046488],[-123.9105309937747,46.016842166703384],[-123.91053047927957,46.01683954211793],[-123.91052996354833,46.01683691846848],[-123.91052944652716,46.01683429485638],[-123.91052892692623,46.01683167131898],[-123.91052840603544,46.016829047818916],[-123.91052788261855,46.01682642529228],[-123.91052735656824,46.01682380194158],[-123.91052683057163,46.01682117948958],[-123.91052630070536,46.016818557149655],[-123.9105257708391,46.01681593480973],[-123.91052523710322,46.01681331258181],[-123.91052470336732,46.0168106903539],[-123.91052416581543,46.01680806913674],[-123.91052362821002,46.01680544702084],[-123.91052308678846,46.016802825915725],[-123.91052254536704,46.016800204810565],[-123.91052200136578,46.016797583780125],[-123.91052145478487,46.0167949628244],[-123.9105209069676,46.016792342804656],[-123.9105203490521,46.01678968346707],[-123.91062386812504,46.01671688891067],[-123.91062326564872,46.01671424076628],[-123.91062266053903,46.016711591797915],[-123.91062205419308,46.016708943765586],[-123.91062144526741,46.01670629580793],[-123.91062083505194,46.01670364788759],[-123.91062022231033,46.016701000940714],[-123.91061960822526,46.01669835313244],[-123.91061899161406,46.016695706297575],[-123.91061837371296,46.01669305950002],[-123.91061775323219,46.01669041277716],[-123.91061713146154,46.01668776609169],[-123.91061650716478,46.016685120379556],[-123.91061588152454,46.016682473806135],[-123.91061525464805,46.0166798281687],[-123.91061462519187,46.01667718260597],[-123.91061399315596,46.01667453711792],[-123.91061335988377,46.01667189256592],[-123.91061272397826,46.01666924718996],[-123.9106120868365,46.01666660274999],[-123.91061144840491,46.01666395834736],[-123.91061080610369,46.01666131405679],[-123.9106101638025,46.016658669766244],[-123.91060951897525,46.01665602644903],[-123.91060887156826,46.01665338320651],[-123.91060822281777,46.01665073910267],[-123.91060757288464,46.016648096833556],[-123.91060692031819,46.01664545374043],[-123.910606265172,46.016642810722004],[-123.91060560878961,46.016640168639604],[-123.91060495111736,46.016637526594586],[-123.91060429086536,46.0166348846242],[-123.91060362803367,46.01663224272857],[-123.91060296396573,46.01662960176894],[-123.91060229855434,46.016626959947985],[-123.91060163061682,46.01662431910039],[-123.9106009600996,46.01662167832745],[-123.9106002882925,46.016619037591916],[-123.9105996152492,46.01661639779242],[-123.91059893957254,46.01661375716892],[-123.91059826265962,46.01661111748141],[-123.91059758316706,46.016608477868616],[-123.9105969023846,46.016605838293195],[-123.91059621907601,46.01660319969113],[-123.91059553318775,46.01660056116375],[-123.910594845956,46.016597921775045],[-123.91059415748798,46.01659528332236],[-123.91059346649392,46.01659264584308],[-123.9105927741564,46.01659000750244],[-123.91059207929275,46.01658737013517],[-123.91059138313928,46.01658473280524],[-123.91059068440607,46.01658209555002],[-123.91058998438298,46.01657945833215],[-123.91058928183382,46.01657682208764],[-123.91058857799486,46.016574185880465],[-123.91058787157615,46.016571549747994],[-123.91058716386755,46.01656891365288],[-123.91058645357928,46.01656627763248],[-123.91058574205475,46.01656364254804],[-123.91058502795053,46.01656100753837],[-123.91058431255648,46.01655837256602],[-123.91058359587258,46.01655573763096],[-123.91058287660894,46.016553102770665],[-123.91058215481921,46.016550468883715],[-123.91058143173962,46.01654783503411],[-123.91058070608034,46.01654520125919],[-123.91057997913119,46.01654256752163],[-123.91057925094589,46.016539934720115],[-123.91057852018083,46.01653730199328],[-123.91057778683604,46.01653466934111],[-123.91057705220142,46.016532036726325],[-123.91057631504064,46.01652940508487],[-123.91057557653652,46.01652677258211],[-123.91057483679613,46.01652414101539],[-123.91057409447599,46.016521509523315],[-123.91057335091966,46.0165188789673],[-123.91057260478361,46.01651624848595],[-123.91057185601426,46.01651361718065],[-123.91057110600865,46.01651098681137],[-123.91057035476685,46.01650835737813],[-123.91056960089168,46.01650572712088],[-123.91056884578026,46.01650309779963],[-123.91056808808924,46.01650046855308],[-123.91056732910828,46.01649783934392],[-123.91056656760125,46.01649521110812],[-123.91056580351454,46.01649258294694],[-123.91056503942784,46.01648995478583],[-123.91056427147159,46.01648732673677],[-123.91056350351533,46.016484698687655],[-123.91056273174313,46.01648207164931],[-123.91056195997099,46.01647944461092],[-123.91056118432923,46.01647681768461],[-123.91056040868752,46.01647419075827],[-123.91055963051974,46.016471564805336],[-123.91055884977222,46.016468938927055],[-123.91055806773484,46.0164663130861],[-123.9105572831178,46.0164636873199],[-123.91055649726457,46.01646106248969],[-123.91055570883158,46.01645843773414],[-123.91055491910876,46.01645581301598],[-123.91055412809611,46.016453188335184],[-123.9105533345574,46.01645056462772],[-123.91055253843898,46.01644794099495],[-123.91055174103069,46.01644531739954],[-123.91055094233256,46.01644269384148],[-123.91055014110843,46.016440071256774],[-123.91054933730447,46.016437448746785],[-123.91054853350064,46.016434826236754],[-123.91054772582721,46.016432203838754],[-123.91054691691755,46.01642958237684],[-123.91054610671806,46.016426960952224],[-123.91054529393892,46.01642433960231],[-123.91054447986991,46.01642171828976],[-123.9105436632748,46.01641909795057],[-123.91054284538988,46.016416477648704],[-123.91054202492522,46.01641385742153],[-123.91054120317078,46.016411237231715],[-123.91054037889022,46.0164086180153],[-123.91053955331985,46.01640599883618],[-123.91053872516974,46.016403379731784],[-123.91053789578346,46.01640076156339],[-123.91053706376385,46.01639814257102],[-123.91053623050804,46.01639552451467],[-123.9105353947261,46.01639290743168],[-123.91053467976135,46.016390669449386],[-123.91053396221679,46.016388431541785],[-123.91053324343609,46.01638619457021],[-123.91053252465537,46.01638395759861],[-123.91053180329493,46.016381720701744],[-123.91053108064469,46.016379483842194],[-123.91053035675817,46.01637724791866],[-123.91052963158184,46.016375012032476],[-123.91052890506208,46.01637277528494],[-123.91052817606983,46.01637054040949],[-123.91052744702395,46.016368304635385],[-123.91052671668827,46.01636606889857],[-123.91052598382655,46.016363834135156],[-123.91052524967488,46.016361599409095],[-123.91052451552332,46.016359364682955],[-123.91052377879203,46.01635713003156],[-123.91052304082449,46.01635489631621],[-123.91052230151355,46.0163526617395],[-123.91052156096639,46.01635042809881],[-123.91052081912939,46.01634819449549],[-123.91052007605612,46.01634596182817],[-123.91051933163945,46.016343728299496],[-123.91051858598655,46.016341495706875],[-123.91051783775391,46.01633926318899],[-123.9105170895213,46.016337030671025],[-123.91051633870903,46.0163347982278],[-123.9105155879504,46.016332566683204],[-123.91051483461204,46.016330335213304],[-123.91051407993021,46.0163281028821],[-123.91051332406585,46.016325872385615],[-123.91051256685802,46.016323641027775],[-123.91051180841389,46.01632141060591],[-123.91051104862636,46.01631917932281],[-123.91051028760263,46.01631694897564],[-123.91050952528909,46.016314718665846],[-123.91050876173928,46.01631248929208],[-123.91050799555617,46.01631025909433],[-123.91050722942668,46.016308029795255],[-123.91050646071753,46.01630580057088],[-123.91050569077208,46.016303572282546],[-123.91050492077318,46.01630134309547],[-123.91050414824814,46.0162991148818],[-123.91050337443322,46.01629688670545],[-123.91050259932848,46.01629465856647],[-123.91050182293397,46.01629243046483],[-123.91050104530315,46.01629020329922],[-123.91050026632901,46.01628797527223],[-123.91049948611854,46.01628574818131],[-123.91049870332839,46.016283521165086],[-123.9104979205919,46.016281295047506],[-123.91049713522213,46.016279068105945],[-123.91047936499905,46.01622871408249],[-123.91042831880932,46.016084006885094],[-123.91022550947278,46.01550908729901],[-123.91001230649573,46.01490467942973],[-123.90988762027919,46.014551199871335],[-123.90973471740507,46.014117723904135],[-123.91086641099055,46.014112621588104],[-123.91094954429234,46.01454641017873],[-123.91100769732385,46.014849844328076]],[[-123.91117310997801,46.00884954243147],[-123.9112063247483,46.008614583032276],[-123.9112243464678,46.008260614564655],[-123.90932902224085,46.00834236458122],[-123.90904831540333,46.0083425672353],[-123.90814659034626,46.00834321999931],[-123.90815960293352,46.00822485824524],[-123.90817020360636,46.00804219117709],[-123.90822034459757,46.007586054983236],[-123.90827333737694,46.00710397580546],[-123.90828115714558,46.00703281788291],[-123.90828840674455,46.006966854630676],[-123.90834139853757,46.00648477790455],[-123.90837579498933,46.006171854900245],[-123.9083807895711,46.00612640849945],[-123.90844730113456,46.005521304028704],[-123.90853947304062,46.004682728171204],[-123.90852939068392,46.00415141999923],[-123.90852435019387,46.00388576536922],[-123.90851930851451,46.00362011162449],[-123.90850927874132,46.00309154277009],[-123.9084893237822,46.002039920830846],[-123.90847964024046,46.001529612685545],[-123.90846995692499,46.00101930525202],[-123.90846183213078,46.000591145587904],[-123.90846044890024,46.00051826416315],[-123.9084566054467,46.00031559391505],[-123.90845400231623,46.000178487543906],[-123.90845099522731,46.000019995875],[-123.90844832944424,45.99987956218985],[-123.90844728893329,45.99982474049052],[-123.90844169907243,45.99952998078678],[-123.90843339985564,45.99909258022397],[-123.90879434721715,45.99909176780137],[-123.90879439068249,45.99982446764825],[-123.91025707721613,45.99982330501816],[-123.91025211867418,45.99987549534696],[-123.91025178221315,45.99987903764978],[-123.9101911685264,46.000516982935],[-123.91014355638008,46.001018064531955],[-123.91012700929632,46.001192215989356],[-123.91011069940133,46.00136386957796],[-123.91009506360888,46.00152841600492],[-123.91006900773185,46.001802654485665],[-123.91004657126213,46.002038767234566],[-123.90994663278376,46.003090479648506],[-123.91000959852613,46.00309043325133],[-123.9100255091396,46.00309042079847],[-123.91010438941763,46.003090362682265],[-123.91073665072756,46.00308988934659],[-123.91073706564529,46.00320734632676],[-123.91133393880901,46.00320734753018],[-123.91133364781943,46.00312505489797],[-123.91172506994758,46.00312438211448],[-123.91171970443062,46.0030891445389],[-123.91167838350992,46.003089175974466],[-123.91169435232418,46.002921034985626],[-123.91170477440392,46.00281134000889],[-123.91176208295627,46.00220802997258],[-123.91181939309365,46.00160472316829],[-123.91197698314022,46.00160463000854],[-123.91196395792656,46.001741740956774],[-123.91195093399362,46.00187885275142],[-123.91193791010556,46.00201596632857],[-123.91192488470456,46.00215307723215],[-123.91212163379795,46.0021529268023],[-123.91231837896801,46.00215277525735],[-123.91230795818466,46.00226247033999],[-123.91191446703543,46.0022627721679],[-123.9119014428653,46.00239988390601],[-123.91188841857917,46.002536994730576],[-123.9122819104857,46.002536695723165],[-123.91226888708012,46.00267380657638],[-123.91225586361216,46.002810917414735],[-123.91186236874451,46.002811219967185],[-123.91185195083573,46.00292091484577],[-123.91215864159926,46.00292068006697],[-123.91247343814834,46.00292043823722],[-123.91247370527773,46.003088567989074],[-123.91278850280278,46.003088326216194],[-123.91310330011055,46.00308808000745],[-123.91340996855233,46.00308784264413],[-123.9135675638119,46.003087723017615],[-123.91358353094276,46.00291958166045],[-123.91397702730089,46.00291863686521],[-123.91396100108983,46.00308741379385],[-123.91405787949155,46.00308733893513],[-123.91434177117412,46.00308512002939],[-123.91429362171229,46.00319679336763],[-123.91427792820551,46.00343514861462],[-123.91434054949991,46.003738733233945],[-123.91436991791322,46.00410529525388],[-123.91433432453748,46.00434669674634],[-123.91431999698659,46.00510251941073],[-123.91428977609179,46.00534156922425],[-123.91421480852152,46.00557642852132],[-123.91405500427383,46.005762161749495],[-123.9138474767985,46.0058872660126],[-123.91365171311546,46.005965381024794],[-123.91324524601553,46.0061220430574],[-123.9129174663886,46.0062248374063],[-123.9126430930864,46.006351602189845],[-123.91252900574261,46.00643256144726],[-123.91242760361956,46.006594099024554],[-123.91241382821713,46.0067393784486],[-123.91248366426905,46.00691324098432],[-123.91268831278258,46.007109263047546],[-123.91287838209742,46.00718634711998],[-123.913134378982,46.00724642840867],[-123.91345239743637,46.00735602236419],[-123.91364688488356,46.00750047811668],[-123.91368624473304,46.00766507052441],[-123.9136274310425,46.007801228177044],[-123.91338016410279,46.00788083541239],[-123.9129743660116,46.007923604221155],[-123.9124756591557,46.008026137407064],[-123.9121413126113,46.00814448468795],[-123.9119570122649,46.008289491490366],[-123.9118108883572,46.008453970468345],[-123.91168087974744,46.008763135979976],[-123.91166808570104,46.00883357313647],[-123.91148610233243,46.00883742108143],[-123.9113041456634,46.0088375589875],[-123.91128363947834,46.008837575056326],[-123.91117310997801,46.00884954243147]],[[-123.91122520211042,45.99957600579602],[-123.9112825125325,45.9989726954974],[-123.91206945226955,45.99897209647011],[-123.91201214627678,45.99957540726386],[-123.91122520211042,45.99957600579602]],[[-123.91256841871224,45.99952012419119],[-123.91258144046776,45.99938300940125],[-123.91259446237541,45.99924589819117],[-123.91277801486987,45.99924575886444],[-123.91277833649548,45.999519962525184],[-123.91256841871224,45.99952012419119]],[[-123.9111678864504,46.000179313222894],[-123.9103809339697,46.00017990611524],[-123.9104095312819,45.999878920237315],[-123.91119647833324,45.99987832719118],[-123.91198343052628,45.99987772873897],[-123.91195484278329,46.00017871496177],[-123.9111678864504,46.000179313222894]],[[-123.91212545437469,46.00004148346763],[-123.91213847752479,45.99990437237242],[-123.91253195111122,45.999904068934526],[-123.91251893282626,46.000041180859846],[-123.91250591071751,46.000178294679806],[-123.91211242987255,46.00017859458536],[-123.91212545437469,46.00004148346763]],[[-123.9111288124412,46.00059064958131],[-123.91115746768936,46.00028900824636],[-123.91194442553105,46.000288410054836],[-123.91191577040235,46.00059004899738],[-123.9111288124412,46.00059064958131]],[[-123.91327756679964,46.000436539193544],[-123.9132905872253,46.000299427111024],[-123.91368406013639,46.00029912802562],[-123.91367104430768,46.000436236444756],[-123.91365802331211,46.000573345897294],[-123.91364500365093,46.00071045709495],[-123.91363198253055,46.00084756651776],[-123.91323850719084,46.00084786629038],[-123.91325152409603,46.00071075706064],[-123.913264546097,46.00057364766649],[-123.91327756679964,46.000436539193544]],[[-123.91380747757381,46.00056117612911],[-123.91382049675802,46.00042406400019],[-123.91383351593352,46.00028695275508],[-123.91422699031435,46.000286007235395],[-123.91421397079243,46.00042311856141],[-123.91420095255131,46.00056023073394],[-123.91380747757381,46.00056117612911]],[[-123.91188711679445,46.000891718423425],[-123.91182981082522,46.001495028189346],[-123.91104283638695,46.00149562561471],[-123.91110015463042,46.00089231791712],[-123.91188711679445,46.000891718423425]],[[-123.91247759283661,46.00057424542757],[-123.91246457410799,46.00071135458517],[-123.9124515513947,46.00084846294134],[-123.91205807104542,46.000848761617014],[-123.91207109593759,46.000711652368324],[-123.91208411953137,46.00057454404083],[-123.91247759283661,46.00057424542757]],[[-123.9101307879552,46.00281252706952],[-123.91018811718828,46.00220922128219],[-123.91024544112935,46.00160591172406],[-123.91103241714647,46.001605320523936],[-123.91097509742092,46.002208626982494],[-123.91091778056973,46.00281193663576],[-123.9101307879552,46.00281252706952]],[[-123.91310535856267,46.00215216942394],[-123.91292179695981,46.002152312855145],[-123.9127250504498,46.0021524645465],[-123.91272473293344,46.001878261289],[-123.91275109461407,46.00187823992612],[-123.91292147457833,46.00187810881161],[-123.91294784141701,46.001878087255164],[-123.91313140235464,46.00187794737809],[-123.9135248895076,46.00187764062436],[-123.91351187309935,46.00201475156739],[-123.9134988529745,46.00215186620243],[-123.91310535856267,46.00215216942394]],[[-123.91363300720303,46.00239854999289],[-123.91364602722342,46.00226143806326],[-123.91403951910804,46.00226049395752],[-123.91402649868753,46.00239760506945],[-123.91401347949426,46.002534716129134],[-123.91361999093533,46.00253566089684],[-123.91363300720303,46.00239854999289]],[[-123.91268858840424,46.00253638233012],[-123.91285897038202,46.00253625220475],[-123.9128853374705,46.00253622976361],[-123.9130689005196,46.002536089984],[-123.91305587771052,46.00267320096166],[-123.91344937554496,46.00267289520946],[-123.91343635506698,46.002810008874434],[-123.91304285612857,46.00281031188701],[-123.9128592924141,46.00281045522079],[-123.91266254369447,46.00281060770638],[-123.91266222255165,46.00253640379114],[-123.91268858840424,46.00253638233012]],[[-123.91381132761695,45.998861064687404],[-123.91356041337565,45.99886125914368],[-123.91329808615602,45.99886146524392],[-123.91303580256286,45.998861665894424],[-123.91277347533946,45.998861870826524],[-123.91251119174262,45.998862070308974],[-123.91225712210382,45.998862267020144],[-123.91232119232602,45.99876977342413],[-123.91238526234112,45.9986772797871],[-123.91239034307848,45.998612342743286],[-123.91254212840474,45.996671679769506],[-123.91402232712967,45.996710914531164],[-123.91443345162652,45.99672099157258],[-123.91447012613985,45.996788943678666],[-123.91507896347116,45.997800542960235],[-123.9152488759102,45.998180042570574],[-123.91527648633358,45.99842482554219],[-123.91522562844733,45.99873572832877],[-123.91475460658869,45.99874642746269],[-123.91397970726025,45.9987489217026],[-123.91399106801062,45.9986292655094],[-123.91383350642724,45.998627472058715],[-123.91381132761695,45.998861064687404]],[[-123.91241345341771,45.9968054734321],[-123.91239417977441,45.99705190479099],[-123.9123911485737,45.99709063934164],[-123.91237508568531,45.99729600105612],[-123.9123664812033,45.997406007610564],[-123.9123450615723,45.99767982261978],[-123.91131676866276,45.99766903150015],[-123.91132459470937,45.99755776390629],[-123.91134488637184,45.997269245750964],[-123.91151395934338,45.99727363737001],[-123.91152935738283,45.997068251912005],[-123.91153230095516,45.99702903470604],[-123.9115487253796,45.99680997982872],[-123.9115506511424,45.99678256463202],[-123.91241345341771,45.9968054734321]],[[-123.92486261815176,45.982558980294314],[-123.92466595280416,45.98256052532737],[-123.92465710312047,45.98201211460537],[-123.92448742274647,45.98201344771135],[-123.92423328063295,45.98256391718581],[-123.92330540230141,45.9825703605571],[-123.92329969848977,45.98218646961387],[-123.92265097556634,45.98219097258507],[-123.92264387515847,45.98171263442181],[-123.92329258829689,45.981707950662575],[-123.92436106457802,45.98183678346632],[-123.92436148419827,45.981865107005525],[-123.92443253213384,45.98186459561717],[-123.92520056736814,45.980209248402346],[-123.92532195426816,45.98020839860535],[-123.92531876639693,45.980215263162016],[-123.92514600710611,45.98058905928998],[-123.92561079562468,45.9805854158091],[-123.9259605761239,45.98058267393912],[-123.92596585517278,45.98058263281156],[-123.92635742237886,45.98057955840122],[-123.92641229683696,45.98030050681782],[-123.92602091090468,45.98026733337077],[-123.92604463424352,45.980131222433485],[-123.92643643434393,45.98016442693365],[-123.92660541065456,45.97921189195227],[-123.92605786159825,45.979165517401434],[-123.92609522224836,45.97908513095452],[-123.92619188021607,45.97887717122954],[-123.92665389360172,45.978960137473116],[-123.92669637248255,45.97873961236867],[-123.92669992158694,45.97872164417664],[-123.92670310102822,45.978706257003786],[-123.92670529171411,45.97869600672247],[-123.9267086829336,45.97868064129143],[-123.92671160577099,45.978667847150255],[-123.9267152297156,45.978652508252665],[-123.92671897977101,45.97863718368828],[-123.92672351413009,45.978619323648374],[-123.92672753869671,45.97860403340327],[-123.92673239316662,45.97858621445726],[-123.9267359651952,45.97857350134243],[-123.92674186188331,45.97855318442404],[-123.92674798264885,45.97853290059251],[-123.9267551354276,45.97851012088623],[-123.92676256975298,45.97848738519698],[-123.92677028573246,45.978464695322046],[-123.92677648106714,45.978447079503],[-123.92678192598918,45.978432004474406],[-123.92678852169902,45.97841421764993],[-123.92679725506214,45.97839139641961],[-123.92680729558849,45.97836610281116],[-123.92681768759093,45.97834087819094],[-123.92682952430697,45.978313214097746],[-123.92684291965455,45.9782831369228],[-123.92685446523284,45.978258157791345],[-123.92686999551611,45.97822580379653],[-123.9268823398636,45.97820101026482],[-123.92689118665217,45.97818370524741],[-123.92690150259195,45.97816398075088],[-123.92691337157689,45.978141857738756],[-123.92692143771751,45.97812714930721],[-123.92693376726193,45.97810514882198],[-123.92715993845295,45.97815391327141],[-123.92717455163921,45.97812892940046],[-123.92718508063273,45.97811138361607],[-123.92719897255252,45.97808878034],[-123.92721460627118,45.97806404132568],[-123.92722907430083,45.97804176517004],[-123.9272421911462,45.978022045501355],[-123.92725892933454,45.977997508386004],[-123.92727604311551,45.977973098070755],[-123.92729353001853,45.977948816427975],[-123.9273077883585,45.97792948573345],[-123.9273230777122,45.977909195038244],[-123.92746238021073,45.97796078742288],[-123.92741986689762,45.9780033170729],[-123.92735879920656,45.97807345531711],[-123.92730882773685,45.97817254883855],[-123.9272553832697,45.978291268420904],[-123.9272344636752,45.97833093381635],[-123.92719183188274,45.978397272531545],[-123.92716337363464,45.97846644486479],[-123.92714403500534,45.978532093573776],[-123.92712509196605,45.978604238774565],[-123.92708974447716,45.97867524205921],[-123.92707407580514,45.97872451338601],[-123.927047396794,45.97882291768486],[-123.92703836443344,45.97890453044691],[-123.92705231745668,45.979057047696436],[-123.92705279919639,45.97914163337325],[-123.92704618164753,45.97916494036381],[-123.92701787828426,45.97932976394278],[-123.92702808811556,45.97936465531221],[-123.92702986438228,45.97939383249015],[-123.9270429081974,45.97941134275099],[-123.92704766770242,45.97942392760898],[-123.92705940806799,45.97945281015486],[-123.92706631754238,45.979467916170044],[-123.92707131877712,45.979484471358035],[-123.92707648771493,45.979503804380975],[-123.92709344582023,45.97952000510944],[-123.92709505308098,45.97954640358678],[-123.92708512607693,45.97958010326365],[-123.92708528569909,45.97958272468797],[-123.9270863951941,45.979600943448645],[-123.92708982623321,45.97962450430163],[-123.92709160253949,45.979653681473316],[-123.92710567388959,45.979688062475425],[-123.92711126681363,45.97971434309548],[-123.9271250013335,45.97974316576553],[-123.927146235885,45.97979682171102],[-123.92715963105712,45.97982008702132],[-123.92716140740502,45.979849264187955],[-123.92716144449503,45.979882668325295],[-123.92715168651965,45.97991914669528],[-123.92714116776425,45.979943120034804],[-123.92713679526388,45.979969695323746],[-123.92713500983956,45.98000593704369],[-123.92713265799654,45.980016967144586],[-123.92712724466415,45.98004235648101],[-123.92712902100244,45.980071533643475],[-123.92713279018241,45.980100651877954],[-123.92712353929319,45.98014546632556],[-123.92712149899508,45.9801775400356],[-123.92711415640521,45.98022090620528],[-123.92710986968369,45.980248870797986],[-123.92710375915856,45.98027967301188],[-123.92710095684569,45.980299242628966],[-123.92710324160791,45.980336755833555],[-123.92710128581501,45.980370218886314],[-123.9271023271738,45.980387321493026],[-123.9271030621502,45.98039939604242],[-123.9271026765889,45.98042585343013],[-123.92709724228223,45.9804677713169],[-123.92707747241472,45.980536559073855],[-123.92707196883596,45.98056430161354],[-123.92706317388142,45.980596833063736],[-123.92705290724312,45.98062497446293],[-123.9270446347968,45.980653057796005],[-123.92703653133307,45.98068391892344],[-123.92703350611204,45.980699164752636],[-123.92703042072205,45.98071472112401],[-123.92702604811139,45.98074129639433],[-123.92701777558122,45.98076937882451],[-123.92700950309676,45.98079746215216],[-123.92700339245906,45.980828264348915],[-123.92700135206924,45.98086033804137],[-123.92700375707382,45.98093264562876],[-123.92700477262557,45.980949317754046],[-123.92700971153447,45.980973388346946],[-123.92701045014857,45.980976987702256],[-123.92700891689002,45.98101739747241],[-123.92701684086173,45.98104917653408],[-123.9270187875628,45.98108113323208],[-123.92701847721627,45.981112252681825],[-123.92701678417899,45.98114661102662],[-123.9270127509078,45.98117874363745],[-123.92701236401041,45.98120520104777],[-123.92700625333066,45.98123600323572],[-123.92700349574307,45.98124909953756],[-123.92700005817592,45.9812654169748],[-123.92699551775382,45.981289213503],[-123.92699106185002,45.98131439937714],[-123.92698096409136,45.981345319448835],[-123.92697120569777,45.98138179686738],[-123.9269723009527,45.981388008305686],[-123.92697730591094,45.98141641443969],[-123.92698463821134,45.98143846717083],[-123.92698931448815,45.98145782982389],[-123.9270020578177,45.98149501958273],[-123.92699959479023,45.9815201465284],[-123.92699880710312,45.98153252017681],[-123.92699755437364,45.98155222020508],[-123.9269968293761,45.981573120223246],[-123.92699262701845,45.98160247413114],[-123.92697621469848,45.98163999332478],[-123.92696022180066,45.981660500630255],[-123.9269559035251,45.98166677335709],[-123.92694554781147,45.98168181307913],[-123.92694302820964,45.981703193870366],[-123.92694291441893,45.981704161365435],[-123.92694409900977,45.98172361217448],[-123.92694604440412,45.981755568895956],[-123.92694892077556,45.98180280748761],[-123.92695128873096,45.98184171003881],[-123.92693779804877,45.981882474227],[-123.92691939051706,45.981908073491496],[-123.92688886590602,45.98193711704241],[-123.92681354921174,45.982033287407624],[-123.92678113119693,45.98206388048577],[-123.92675649120173,45.98208548754903],[-123.92674066928976,45.982120752346155],[-123.92672866420186,45.982153121506265],[-123.92672628554293,45.98217963778037],[-123.92671644103899,45.98221472584792],[-123.92671526493434,45.982220314709984],[-123.92671024562937,45.98224413955136],[-123.92670268545923,45.98227469940904],[-123.92668890434715,45.982319932805495],[-123.92667092043187,45.98235247871442],[-123.92626840825315,45.98227047350041],[-123.9260315465953,45.98225636951887],[-123.9260960284635,45.982000805795714],[-123.92564041560601,45.98200439356644],[-123.92563421471023,45.98162050579253],[-123.92524088899071,45.98162359455202],[-123.92524709111623,45.98200748223327],[-123.92485376271664,45.982010569699],[-123.92486261815176,45.982558980294314]],[[-123.92183834512193,45.98186250343578],[-123.92118962490284,45.98186717843531],[-123.92117794444418,45.98113630991987],[-123.92182665638093,45.98113163498222],[-123.92183834512193,45.98186250343578]],[[-123.91213268743984,45.983105799897515],[-123.91221805182384,45.98311523205054],[-123.91222428204274,45.98355026107579],[-123.91133963607163,45.98355804004904],[-123.91132957015115,45.98287479320468],[-123.91213268743984,45.983105799897515]]]}},{"type":"Feature","properties":{"name":"Cannon Beach","source":"Oregon Framework Admin_Bounds city limits"},"geometry":{"type":"Polygon","coordinates":[[[-123.96498624469665,45.91063014565699],[-123.96498763356514,45.910631378677806],[-123.96498900397413,45.910632605040185],[-123.9649899284236,45.910633431298734],[-123.96499038114672,45.910633836605115],[-123.96499175333255,45.91063507101801],[-123.96499221711666,45.91063548860289],[-123.9649931229979,45.91063630640549],[-123.96499449701497,45.91063754976761],[-123.96499585106758,45.91063878291429],[-123.9649967669399,45.910639616628224],[-123.96499721199261,45.910640023061006],[-123.96499856916397,45.91064126511903],[-123.96499902935759,45.910641687311376],[-123.96499992258174,45.910642509088305],[-123.96500128432235,45.91064376271579],[-123.96500262067683,45.910645001786094],[-123.96500352797189,45.91064584295536],[-123.9650039653542,45.910646250514596],[-123.96500530627792,45.91064750115432],[-123.96500576416858,45.910647927916166],[-123.9650066446812,45.91064875276872],[-123.96500799157049,45.910650016737506],[-123.96500931156854,45.910651262592154],[-123.96501021028642,45.91065211121681],[-123.96501064123149,45.91065251896578],[-123.9650119659076,45.91065377818731],[-123.96501242020773,45.9106542095566],[-123.96501328806325,45.91065503838353],[-123.96501462133429,45.91065631175692],[-123.96501592234664,45.91065756357307],[-123.96501681248733,45.910658419653124],[-123.96501723576193,45.91065882852847],[-123.96501854542362,45.91066009539514],[-123.96501899613321,45.91066053137188],[-123.9650198526191,45.91066136413515],[-123.96502117103866,45.910662647849826],[-123.9650224543529,45.91066390558956],[-123.96502333586199,45.910664768226304],[-123.9650237527537,45.91066517819009],[-123.96502504488024,45.910666453676505],[-123.96502549194498,45.91066689336194],[-123.96502633571937,45.91066772920089],[-123.96502764057506,45.91066902321892],[-123.96502890619108,45.91067028688221],[-123.96502977783554,45.91067115701228],[-123.96503018834424,45.91067156806456],[-123.96503146540194,45.910672850297374],[-123.96503190764308,45.91067329552695],[-123.96503273999345,45.91067413440352],[-123.9650340299434,45.91067543786412],[-123.96503527791558,45.91067670834975],[-123.96503613964094,45.910677585074396],[-123.96503654242494,45.91067799635436],[-123.965037803235,45.910679287168975],[-123.96503824311874,45.91067973606934],[-123.96503906152455,45.910680578958264],[-123.96504033785618,45.91068189182344],[-123.9650415680758,45.91068316733391],[-123.96504242127827,45.91068405241273],[-123.96504281633752,45.91068446392035],[-123.96504406084559,45.91068576241802],[-123.96504449713883,45.910686215925836],[-123.96504530283313,45.91068706189039],[-123.965046564259,45.910688384198174],[-123.96504777678037,45.91068966563223],[-123.96504862006388,45.91069055730568],[-123.96504900874012,45.91069096990173],[-123.9650502368918,45.910692275183784],[-123.96505066836147,45.910692734235674],[-123.96505146257738,45.91069358233921],[-123.96505270780997,45.910694914127525],[-123.96505390263317,45.91069620148518],[-123.96505473728507,45.91069709971526],[-123.96505511952401,45.91069751250107],[-123.96505633142809,45.91069882636499],[-123.96505675796539,45.910699289163524],[-123.96505753946983,45.9107001403427],[-123.965058769851,45.91070148247233],[-123.96505994692161,45.910702774854826],[-123.96506077165448,45.91070367967952],[-123.96506124711374,45.91070420495908],[-123.96506254355212,45.91070563697466],[-123.96506276471749,45.91070588164602],[-123.96506383494946,45.910707070939466],[-123.96506474769835,45.91070808751096],[-123.96506512382632,45.91070850587882],[-123.96506640771635,45.91070994366623],[-123.96506672317196,45.91071029719847],[-123.96506768779842,45.91071138246616],[-123.9650686885634,45.91071251078447],[-123.96506896412684,45.91071282317736],[-123.96507023670166,45.910714265799875],[-123.96507064387261,45.91071472826893],[-123.96507150423534,45.91071571037159],[-123.96507259038708,45.91071694961388],[-123.96507277048158,45.91071715498127],[-123.96507402922053,45.91071860341353],[-123.96507452816121,45.91071917571809],[-123.965075286672,45.91072005188373],[-123.96507645708623,45.91072140478412],[-123.96507778779355,45.91072295553264],[-123.9650783746959,45.9107236386853],[-123.96507903269664,45.91072440977461],[-123.96508028479835,45.91072587640902],[-123.96508150990013,45.91072732313173],[-123.96508218353112,45.91072811806913],[-123.9650827434336,45.91072878131017],[-123.96508397198035,45.91073024233658],[-123.96508407470228,45.91073036265313],[-123.96508519548595,45.91073170531218],[-123.96508595455809,45.91073261207227],[-123.96508641770416,45.91073316832576],[-123.96508763493559,45.91073463418727],[-123.9650878269067,45.910734865313955],[-123.96508884578408,45.91073610113727],[-123.96508968783122,45.910737121593385],[-123.96509005545386,45.910737569922624],[-123.96509126008253,45.91073904065728],[-123.96509154001534,45.910739382632016],[-123.96509246090316,45.91074051240446],[-123.9650933833504,45.91074164663252],[-123.96509365797023,45.9107419860629],[-123.96509484999615,45.910743461670606],[-123.96509521660322,45.91074391453145],[-123.96509603950155,45.910744938252975],[-123.96509704111568,45.91074618718963],[-123.96509722519889,45.910746415847825],[-123.96509840462205,45.91074789632866],[-123.9650988554372,45.91074846194883],[-123.96509958152471,45.91074937778407],[-123.96510066101833,45.91075074146727],[-123.96510192143971,45.91075234560598],[-123.96510245522981,45.91075302492216],[-123.96510308702698,45.91075383189654],[-123.96510424187956,45.91075531130095],[-123.96510540296957,45.910756808527914],[-123.96510601715971,45.910757601616076],[-123.96510655589972,45.91075829879286],[-123.96510778487821,45.91075989485512],[-123.96510884797861,45.91076128603124],[-123.96510953999388,45.910762192967226],[-123.96510998825167,45.91076278027058],[-123.96511112482546,45.91076427731988],[-123.96511128883539,45.91076449396527],[-123.96511225507062,45.910765776356385],[-123.9651130250197,45.91076679893766],[-123.9651133840283,45.910767275430835],[-123.96511450671188,45.91076877739126],[-123.96511475364242,45.910769106833904],[-123.96511562558739,45.91077028036416],[-123.96511647089544,45.91077141866664],[-123.96511674194234,45.910771784311734],[-123.96511785325619,45.91077329020857],[-123.96511818058679,45.91077373342317],[-123.96511896081637,45.910774798016625],[-123.96511987890841,45.91077605211615],[-123.96512006451424,45.91077630593855],[-123.9651211619378,45.91077781674645],[-123.96512156714788,45.910778374707604],[-123.9651222568408,45.91077932852888],[-123.96512324782564,45.91078070022292],[-123.96512334922332,45.91078084128597],[-123.96512443398981,45.91078235606822],[-123.96512491579195,45.910783028813896],[-123.96512551752318,45.91078387178713],[-123.96512657753836,45.91078536118954],[-123.96512766946655,45.910786909072634],[-123.96512822534018,45.9107876975775],[-123.96512874034278,45.91078842876595],[-123.96512986681336,45.9107900359526],[-123.96513086697186,45.91079147400024],[-123.9651314956838,45.910792379200835],[-123.96513192524527,45.91079299856666],[-123.96513297842326,45.91079452418353],[-123.96513311693819,45.91079472447421],[-123.96513402656002,45.91079605174966],[-123.96513472682294,45.910797073684066],[-123.9651350721763,45.91079758029044],[-123.96513611403894,45.910799110742495],[-123.96513632791282,45.91079942675441],[-123.96513714951861,45.91080064228304],[-123.96513791881185,45.9108017819258],[-123.96513818247772,45.91080217479823],[-123.96513921039573,45.91080370926257],[-123.96513949962856,45.910804140995644],[-123.96514023456004,45.91080524563826],[-123.9651410703087,45.91080650306529],[-123.96514125614951,45.91080678208989],[-123.9651422701228,45.9108083205666],[-123.96514263219404,45.91080886899546],[-123.96514328157562,45.91080986001793],[-123.96514418260094,45.91081123706464],[-123.96514429056225,45.91081140134265],[-123.96514529187841,45.91081294379376],[-123.9651457242131,45.910813608994324],[-123.96514629196155,45.91081448718155],[-123.96514725563428,45.910815983025074],[-123.96514827566254,45.9108175789441],[-123.96514877574,45.910818361891],[-123.96514926308849,45.910819126306265],[-123.96515028822981,45.91082074278202],[-123.96515122147511,45.910822226017586],[-123.96515178929552,45.91082312671078],[-123.96515219624388,45.910823777354125],[-123.96515316597151,45.910825330639945],[-123.9651532802246,45.91082551363934],[-123.96515413060365,45.91082688497629],[-123.96515476107142,45.91082790446633],[-123.96515509142782,45.91082844032521],[-123.96515604844387,45.91082999668667],[-123.96515623301474,45.91083029735647],[-123.9651570004188,45.9108315549974],[-123.96515769358835,45.91083269418303],[-123.96515794858576,45.91083311432069],[-123.9651588916572,45.91083467469448],[-123.96515914525841,45.91083509307267],[-123.96515983097494,45.91083623697962],[-123.96516058550439,45.91083749500007],[-123.96516076771783,45.91083779934062],[-123.9651616981321,45.91083936368885],[-123.96516201695559,45.91083990078794],[-123.96516318971007,45.91084188924821],[-123.96516343692838,45.91084230871486],[-123.96516467109713,45.91084441690863],[-123.96516484805194,45.910844719603595],[-123.9651661424019,45.91084694846755],[-123.96516624903887,45.91084713349207],[-123.96516760228255,45.910849483064204],[-123.96516904945167,45.9108520207365],[-123.96517038983815,45.910854392295434],[-123.96517048519671,45.91085456144656],[-123.96517174893675,45.910856817322234],[-123.96517191080507,45.910857105156374],[-123.96517309789877,45.910859245348846],[-123.96517332498938,45.910859651903905],[-123.96517443801159,45.910861676337205],[-123.96517472651642,45.91086220262584],[-123.96517576664591,45.9108641094646],[-123.96517611785254,45.9108647554488],[-123.96517708514364,45.91086654559181],[-123.96517749905199,45.91086731127156],[-123.96517839479219,45.91086898468081],[-123.96517886753986,45.91086987016995],[-123.96517969296225,45.910871425908816],[-123.96518022460361,45.910872432106125],[-123.9651809809957,45.91087387013659],[-123.96518157147642,45.9108749961433],[-123.96518225883807,45.91087631646538],[-123.9651829069794,45.91087756411695],[-123.96518352783137,45.91087876575607],[-123.96518423100397,45.91088013422962],[-123.96518478540048,45.91088121808445],[-123.96518554360436,45.91088270737998],[-123.96518603277859,45.91088367251384],[-123.96518684478072,45.91088528356811],[-123.96518726996571,45.91088612904433],[-123.9651881358204,45.91088786275597],[-123.9651884970162,45.91088858857458],[-123.96518941409408,45.9108904441208],[-123.96518971387569,45.91089105020589],[-123.96519068217683,45.91089302758668],[-123.96519091931097,45.91089351487496],[-123.9651919376023,45.91089561502698],[-123.96519211584274,45.91089598160708],[-123.96519318283677,45.91089820456832],[-123.96519330095042,45.91089845137698],[-123.96519447710016,45.910900922311214],[-123.96519563897895,45.91090339186547],[-123.96519684854485,45.91090598876049],[-123.96519793823772,45.91090835240362],[-123.96519804674094,45.910908589592005],[-123.96519907115714,45.91091083361549],[-123.96519923474608,45.91091119252455],[-123.96520019393989,45.91091331782708],[-123.96520040998517,45.91091379763408],[-123.9652013051898,45.91091580327897],[-123.96520157374579,45.91091640488254],[-123.96520240759052,45.91091829169269],[-123.96520272608227,45.910919015168794],[-123.96520349851278,45.9109207822454],[-123.96520386699461,45.91092162849277],[-123.96520457924393,45.9109232748992],[-123.9652049976616,45.91092424301908],[-123.96520564978408,45.91092576965403],[-123.9652061156169,45.910926860621124],[-123.96520671013316,45.910928266509906],[-123.96520722214811,45.910929481260816],[-123.96520776029124,45.910930765466844],[-123.96520831714648,45.91093210314085],[-123.96520879897076,45.91093326656285],[-123.96520940072061,45.910934728058585],[-123.96520982874684,45.91093576972191],[-123.96521047410377,45.91093735507738],[-123.96521084704432,45.91093827501997],[-123.9652115347209,45.91093998427316],[-123.96521185515071,45.91094078241915],[-123.96521258385961,45.91094261560792],[-123.96521285177862,45.91094329195731],[-123.9652136215197,45.91094524908174],[-123.96521383950301,45.910945803558555],[-123.96521464770129,45.91094788469454],[-123.96521481574885,45.910948317298825],[-123.96521566245876,45.91095052334508],[-123.96521578180364,45.91095083314012],[-123.96521666568334,45.910953163235874],[-123.96521673632547,45.9109533502218],[-123.96521765742932,45.91095580526573],[-123.96521863646377,45.91095845037128],[-123.9652195375117,45.91096091500969],[-123.96521960396525,45.91096109671708],[-123.96522044992757,45.91096343963479],[-123.9652205599882,45.910963745201904],[-123.96522135091921,45.91096596729763],[-123.96522150329956,45.91096639676247],[-123.96522224166547,45.9109684961628],[-123.96522243636547,45.910969049525306],[-123.96522312222066,45.91097102712904],[-123.96522335661098,45.91097170356643],[-123.96522399253043,45.91097355929762],[-123.9652242654324,45.91097436064527],[-123.96522485136161,45.91097609360523],[-123.96522516400827,45.910977018926424],[-123.96522570000174,45.910978630013894],[-123.96522604858508,45.9109796803213],[-123.96522653839651,45.910981167624854],[-123.96522692286212,45.91098234201971],[-123.9652273665458,45.91098370643819],[-123.96522778571492,45.9109850067559],[-123.96522818327085,45.91098624828928],[-123.96522863703488,45.91098767273237],[-123.96522898969616,45.91098879044397],[-123.96522947558879,45.91099034088585],[-123.96522978593046,45.910991334699744],[-123.96523030260977,45.91099301027957],[-123.96523057068613,45.91099388109453],[-123.96523111815226,45.910995681812345],[-123.96523134519636,45.91099642869164],[-123.96523192221612,45.910998355484125],[-123.96523210817367,45.910998977529054],[-123.96523271474709,45.911001030396164],[-123.9652328622474,45.911001528429566],[-123.96523349574515,45.91100370654854],[-123.96523360478822,45.911004080570365],[-123.9652342639772,45.91100638487787],[-123.96523433579615,45.91100663395151],[-123.96523505661291,45.911009189433706],[-123.96523576718428,45.9110117461182],[-123.9654619119817,45.911010567786676],[-123.96585475617083,45.91100851930941],[-123.96595297052758,45.911008008462986],[-123.96605117956952,45.91100749499016],[-123.9664440237165,45.91100544454478],[-123.96644475999632,45.91107400155329],[-123.96846709604037,45.911063423943446],[-123.96849742347894,45.91106326555382],[-123.96869429308613,45.91106223356224],[-123.96886892227015,45.91106131825776],[-123.96944610990656,45.91105828963211],[-123.96965042687246,45.91105721629765],[-123.96963234943517,45.9110208949789],[-123.96961829802267,45.910984263954695],[-123.96961627441992,45.910951389708615],[-123.96959608407754,45.91091082628295],[-123.96958253957573,45.91088241378535],[-123.96958109275505,45.91088031100944],[-123.96956310760916,45.910854177760534],[-123.96954905756931,45.910817546685934],[-123.96954165210744,45.91079306748105],[-123.96952658968083,45.91073999929496],[-123.96952380771292,45.91069479583431],[-123.96952102451637,45.91064959330889],[-123.96950697455355,45.91061296222405],[-123.96948114976342,45.91057668497741],[-123.96946785820164,45.910552382196414],[-123.96946558184214,45.91051539730278],[-123.96942798352946,45.9104794729433],[-123.96941342683542,45.91043462330621],[-123.96938836304395,45.91041067337196],[-123.96938121050037,45.91039030388717],[-123.9693796925395,45.91036564730033],[-123.96936026084809,45.91033741123202],[-123.96935849015689,45.91030864580544],[-123.96934469317556,45.910276124430084],[-123.96934271338846,45.91027363313407],[-123.9693423564249,45.91026782485184],[-123.96934109454368,45.91024733192321],[-123.96932684231406,45.91022607537662],[-123.96930698022601,45.91019775926801],[-123.96930856412632,45.91018144900103],[-123.96930948351412,45.91015431659981],[-123.9693104016136,45.91012718423608],[-123.96930339486957,45.91011437409479],[-123.96927342781395,45.91014349371689],[-123.96924112805847,45.91018627172203],[-123.9692093616838,45.91022412178629],[-123.96919463508361,45.910241668040676],[-123.96916688744537,45.91027734403732],[-123.96915798617927,45.910283808194315],[-123.9691400464475,45.91029683508953],[-123.96911433958984,45.91031550307649],[-123.96908562962295,45.91033552554554],[-123.96905756058821,45.91036598189374],[-123.96902981644918,45.910401654146085],[-123.96899159135504,45.91044181591603],[-123.96898204516104,45.910450920843616],[-123.96894469598281,45.91047783994014],[-123.96890538521549,45.91050625293271],[-123.9688941569391,45.91051414073043],[-123.96889006909232,45.91013428177295],[-123.96879186012144,45.91013479495826],[-123.96839901816396,45.9101368533605],[-123.96822771565967,45.910137749126505],[-123.96800618132808,45.91013891029871],[-123.96800470790586,45.91000180062777],[-123.96800323556047,45.90986468731097],[-123.96800176198907,45.90972757491804],[-123.96800028987545,45.90959046517035],[-123.9682831858795,45.90958898439154],[-123.9683931229523,45.909588408251004],[-123.9687859571252,45.90958634728547],[-123.96886536915598,45.90958593322108],[-123.96898237554299,45.909585317171405],[-123.96970377770296,45.9095815258277],[-123.96971361124129,45.90955193798117],[-123.96972445478143,45.90952548227282],[-123.96974245441706,45.90949358532142],[-123.96975839068497,45.90946871871477],[-123.96976489938507,45.90945284557005],[-123.96976881018645,45.90943530607459],[-123.96976513982104,45.90941625452914],[-123.96975997534616,45.90937285719021],[-123.96977050280174,45.909341184396354],[-123.96977305680994,45.90930693163748],[-123.96974761947858,45.90930706487985],[-123.9696963374387,45.90930733436972],[-123.96971120113159,45.90930021248739],[-123.96973109531581,45.90928696663259],[-123.96975368259747,45.90927544733736],[-123.9697662687735,45.909269648634094],[-123.96978380019186,45.90926008733347],[-123.96979110689074,45.90925264021139],[-123.96980099743077,45.909245115916825],[-123.9698084159642,45.90923947245161],[-123.9698260579181,45.909231714840566],[-123.96983336589531,45.9092242676777],[-123.96985595313167,45.90921274836235],[-123.96987370691168,45.90920679440194],[-123.9698805701452,45.90919213342677],[-123.96988518242901,45.90918295977627],[-123.96988440469177,45.90917033401813],[-123.96989946282939,45.90916265446823],[-123.96989975657162,45.90914638316122],[-123.96990953647034,45.909137054262175],[-123.96991953752942,45.90913133365311],[-123.96992695603647,45.909125690180005],[-123.96993954216207,45.90911989145757],[-123.96995212699773,45.90911409277182],[-123.96997257512997,45.90910986531673],[-123.9699854942047,45.90910947763937],[-123.97000358095252,45.90910893560771],[-123.97002088987932,45.909095766916664],[-123.9700279754107,45.90908471238704],[-123.97004842352685,45.909080484918654],[-123.9700610096847,45.909074687081805],[-123.97006698317774,45.909045595779695],[-123.97006309693356,45.908982467810674],[-123.97005345833085,45.90895203853533],[-123.97004943080624,45.90892866785295],[-123.9700455138974,45.90890710176489],[-123.97004182068224,45.9088891429929],[-123.97003262556994,45.90886592756225],[-123.97003432107199,45.908851420928904],[-123.97003365520587,45.90884059972589],[-123.97002826515455,45.90883714672556],[-123.97001209645525,45.908826790381205],[-123.97000637350342,45.90881792722756],[-123.96999626066383,45.9088218441869],[-123.96999153658322,45.90882921418566],[-123.96998648083301,45.90883117309512],[-123.96997367232231,45.90883336357028],[-123.96996355953225,45.9088372814255],[-123.96995861433565,45.908841044030126],[-123.96995658586168,45.90885013961145],[-123.96995725176781,45.90886096171355],[-123.96995241706935,45.90886652711546],[-123.9699474718695,45.90887028971959],[-123.9699346646904,45.90887248105114],[-123.96992971948885,45.90887624365447],[-123.96992746861302,45.9088817318804],[-123.96991993958346,45.90888557165812],[-123.96991746631082,45.90888745252914],[-123.96991240926553,45.90888941147338],[-123.9698970182538,45.90889167997531],[-123.96989185065426,45.90889183522229],[-123.96988409922763,45.90889206764296],[-123.96988454401449,45.90889928235239],[-123.9698824036863,45.90890657427374],[-123.96988015280475,45.90891206249867],[-123.9698804870383,45.90891747351169],[-123.96988362491906,45.908926414781526],[-123.96988676403372,45.90893535511447],[-123.96987967978107,45.9089464095987],[-123.96986687129491,45.90894860096079],[-123.96984789637288,45.90893471441346],[-123.9698448690491,45.908927576839105],[-123.96984195233217,45.90892224385971],[-123.96983892372238,45.90891510632316],[-123.96982297742491,45.90890835730813],[-123.96981028078326,45.90891235232252],[-123.96980275174188,45.90891619209264],[-123.96979522269946,45.908920031862316],[-123.96978713833124,45.908914853225326],[-123.96977916451421,45.908911478284196],[-123.9697658007106,45.90890465122908],[-123.96975513386155,45.908899550621854],[-123.96974974387591,45.908896098507604],[-123.96974457622112,45.908896252849395],[-123.9697316571928,45.908896640500316],[-123.96972457162761,45.90890769501351],[-123.96971995934021,45.90891686865941],[-123.96970479069572,45.90892274449114],[-123.96969445548989,45.90892305496796],[-123.96969098342318,45.90890870267949],[-123.9696879548873,45.908901566037656],[-123.96968673372285,45.90888172552756],[-123.96968359464229,45.908872785188905],[-123.96967539974449,45.90886580284748],[-123.96965967451723,45.90886266030461],[-123.96964945115492,45.908864774436125],[-123.96963944882802,45.90887049506129],[-123.96963203032568,45.908876138517215],[-123.96962472365419,45.908883585631315],[-123.96960901862805,45.90890338916163],[-123.969598300578,45.908916904346384],[-123.96959627204424,45.90892599992101],[-123.96959671550766,45.90893321466939],[-123.96958490822337,45.90893247378848],[-123.96955773730873,45.908930770175886],[-123.96953448429618,45.90893146733237],[-123.96950842385085,45.90892863523123],[-123.96948775338036,45.908929255250776],[-123.96946675000227,45.90892446421455],[-123.96944574791513,45.90891967313648],[-123.96943238414934,45.908912846043506],[-123.96941621553637,45.908902489617766],[-123.9694003797755,45.90889754334346],[-123.96938465584208,45.90889440072587],[-123.96936579159144,45.908882317797115],[-123.96934995584049,45.908877371516],[-123.9693337872524,45.90886701507861],[-123.96932559239798,45.90886003271281],[-123.96930683999327,45.90884975343326],[-123.96929358808212,45.90884472998319],[-123.96928303053275,45.90884143306789],[-123.9692694457376,45.908830998561996],[-123.96925080383093,45.90882252207163],[-123.96924013575551,45.908817421455424],[-123.96922666150593,45.908808790641494],[-123.96921318854793,45.90880015978801],[-123.96917893335151,45.90879034523907],[-123.96914973528327,45.90877857266749],[-123.96912559294655,45.90876484031742],[-123.96911178585397,45.908750798436266],[-123.96909808935048,45.908738561149406],[-123.96908967220034,45.908727971409924],[-123.96907630980917,45.90872114423758],[-123.96905475133413,45.90870733471626],[-123.96904083374663,45.908691489128834],[-123.96904066934029,45.908691074427765],[-123.9690316391259,45.90866827451546],[-123.96902827905362,45.90865572586441],[-123.96902772390526,45.90864670835173],[-123.96902672402581,45.9086304752263],[-123.96902583595973,45.90861604576018],[-123.96903819972553,45.90860663977515],[-123.96904831259258,45.908602722897584],[-123.96905753738474,45.90858437655299],[-123.9690569834655,45.90857535810329],[-123.9690558730527,45.90855732127974],[-123.96905531784653,45.90854830286792],[-123.96906498730858,45.908537171236375],[-123.96906657123189,45.90852086095408],[-123.96907343453529,45.908506199120424],[-123.96907793642062,45.90849522269838],[-123.96908199356722,45.90847703066282],[-123.96907852173528,45.90846267925059],[-123.96907257662353,45.90845020869191],[-123.96906157571273,45.90843969610439],[-123.96905596476002,45.90843263656184],[-123.96905552008107,45.90842542184695],[-123.96905496493075,45.908416404332975],[-123.96905452153943,45.90840918958001],[-123.96906721812233,45.90840519464584],[-123.96908002523017,45.90840300340805],[-123.96909586082673,45.90840794972713],[-123.96910169412428,45.90841861662529],[-123.96911786254392,45.908428973097685],[-123.96915122941921,45.908424358199824],[-123.9691534803515,45.90841886998699],[-123.96916887255303,45.90841660154363],[-123.96918448581351,45.90841794049351],[-123.96920257229625,45.908417397686016],[-123.96921807373919,45.90841693297179],[-123.96923132554481,45.908421956431894],[-123.96924771634042,45.908435920243555],[-123.96926860898847,45.90843890762303],[-123.96928119374242,45.908433109006296],[-123.96928614029017,45.90842934728983],[-123.9693014206137,45.908425274270904],[-123.96932164619206,45.90841743956997],[-123.96934445557082,45.908409527703476],[-123.96935726395647,45.908407336397474],[-123.96936457060202,45.908399889297584],[-123.96937165617395,45.908388834802224],[-123.969373572901,45.908377935568645],[-123.96936504521729,45.908365542148715],[-123.96935415485885,45.9083568341842],[-123.9693487649484,45.90835338205031],[-123.96934809916304,45.90834255994099],[-123.96935035007324,45.90833707172417],[-123.96936529752792,45.90832758854068],[-123.96937002036033,45.908320218602526],[-123.96937463271007,45.9083110458653],[-123.96937957789929,45.90830728328385],[-123.96939474770168,45.90830140745359],[-123.96939991524935,45.9083012522284],[-123.96942025259509,45.9082952211694],[-123.96942205877255,45.90828251823676],[-123.9694240873112,45.9082734226611],[-123.9694210600751,45.90826628507265],[-123.96941297454548,45.90826110644561],[-123.969397140304,45.90825616102944],[-123.96938399905818,45.908252941285106],[-123.96937366391694,45.90825325083517],[-123.96936332883007,45.90825356128308],[-123.96935299368862,45.908253870831295],[-123.96935085460437,45.908261162708186],[-123.96934343620696,45.90826680704702],[-123.9693280453399,45.90826907547544],[-123.96932265543929,45.90826562334017],[-123.969317044417,45.90825856291048],[-123.96931659976097,45.90825134909445],[-123.96930593173158,45.90824624758347],[-123.96930087472202,45.90824820650228],[-123.96929256942694,45.90823942043346],[-123.9692947085178,45.90823212855753],[-123.9693123502312,45.908224371018086],[-123.9693252691652,45.90822398431177],[-123.96933235472297,45.90821292981751],[-123.96933179947659,45.908203911404776],[-123.96933899556507,45.90819466060766],[-123.96934641400804,45.90818901716758],[-123.96935383244956,45.90818337372697],[-123.96935822237894,45.90817059273332],[-123.96936305702192,45.9081650264544],[-123.96937564176069,45.908159228725246],[-123.96937800442963,45.9081555432682],[-123.96938564393544,45.908153507221],[-123.96941631635222,45.90814716661093],[-123.96942406768,45.90814693422096],[-123.96943429092256,45.90814482010801],[-123.96944462604388,45.90814451055259],[-123.9694547387472,45.90814059274012],[-123.96946721287844,45.90813299040461],[-123.96946665766612,45.908123972890806],[-123.96946621422532,45.90811675813792],[-123.96946576949716,45.90810954342303],[-123.96945510153535,45.908104442823756],[-123.9694447677087,45.90810475234212],[-123.96943173703217,45.90810333630054],[-123.96942409753464,45.908105372350825],[-123.96941106814593,45.90810395626895],[-123.96940545589565,45.908096896779476],[-123.9693998449341,45.90808983725169],[-123.96939445504601,45.90808638511927],[-123.96938142560785,45.90808496813538],[-123.96937625807962,45.908085123359804],[-123.96936333923165,45.90808551097046],[-123.96935861641774,45.90809288090949],[-123.96934839183982,45.90809499415524],[-123.96933547298946,45.908095381762905],[-123.96932513793087,45.90809569220744],[-123.96932041505674,45.9081030612462],[-123.96931288608879,45.9081069009871],[-123.96931052470508,45.90811058640496],[-123.96929760585098,45.908110974008395],[-123.96928985452755,45.90811120639007],[-123.96928177031903,45.908106027715476],[-123.96927604755216,45.90809716452189],[-123.969272797992,45.9080864195708],[-123.96928257786634,45.90807709161588],[-123.9692795494253,45.90806995495951],[-123.96927404895963,45.908064698224784],[-123.9692710218077,45.908057561530164],[-123.96927079945617,45.90805395417218],[-123.96927316089452,45.9080502696537],[-123.96927799553563,45.908044703377854],[-123.9692854139652,45.908039059941004],[-123.96928485872792,45.90803004152703],[-123.96928452584318,45.908024630471026],[-123.96927666271175,45.9080230591918],[-123.96926902321948,45.90802509523208],[-123.96925621491592,45.908027286529034],[-123.9692565490854,45.908032697547135],[-123.96925171444327,45.90803826382213],[-123.96924440654172,45.908045710954895],[-123.96923698939469,45.908051354351144],[-123.969219125376,45.90805550452205],[-123.96921148458993,45.908057540596616],[-123.96920126001291,45.908059653829596],[-123.96918867533289,45.90806545243922],[-123.9691839512107,45.908072822409366],[-123.96917900597444,45.90807658408448],[-123.9691687827347,45.90807869817536],[-123.96915878049693,45.90808441876273],[-123.96915372349658,45.908086377675374],[-123.96913574887863,45.90808872323684],[-123.96912799761199,45.90808895650655],[-123.96912057916046,45.90809459993327],[-123.96911563391816,45.90809836160566],[-123.96910810493719,45.908102201333456],[-123.96909821455785,45.90810972647438],[-123.96908821230762,45.90811544705563],[-123.96908101618861,45.90812469783789],[-123.9690815713947,45.90813371625226],[-123.96907223486934,45.90815025894439],[-123.96905739922548,45.908161545751796],[-123.96905300794222,45.90817432677235],[-123.96905345261891,45.908181541488474],[-123.96905411834665,45.90819236360065],[-123.96905478402029,45.90820318481399],[-123.96904703397081,45.90820341714166],[-123.96902591913792,45.90819682326299],[-123.96900458320751,45.90818662108561],[-123.96900144421704,45.908177679825805],[-123.96899594382101,45.90817242397724],[-123.96898235923668,45.90816198943343],[-123.9689766365105,45.90815312622557],[-123.96896855232436,45.908147947529635],[-123.96895519008284,45.90814112034086],[-123.96894227121942,45.90814150790524],[-123.96893710368491,45.90814166311033],[-123.96892418482123,45.908142050672794],[-123.96891621244991,45.90813867563341],[-123.96890251608009,45.90812643741988],[-123.96889679336975,45.908117574207935],[-123.96888793303454,45.908099770593125],[-123.96885087219496,45.90808642573733],[-123.96883998196759,45.90807771772355],[-123.96881336806874,45.90806586701291],[-123.96879506065899,45.90806280236384],[-123.96877439049307,45.90806342225834],[-123.96876652865772,45.908061850907096],[-123.96875327697609,45.90805682739341],[-123.96874271954854,45.908053529529106],[-123.96873216217654,45.90805023256259],[-123.96871654902685,45.908048893552355],[-123.96870329735259,45.90804387003299],[-123.96869499089132,45.90803508395873],[-123.96868904719483,45.908022613339064],[-123.96868018565141,45.90800480974543],[-123.96865165368096,45.90800385826076],[-123.96863615105767,45.908004322938446],[-123.96862087079914,45.9080083958721],[-123.96860806370749,45.90801058616179],[-123.96858255885304,45.90801677227107],[-123.96855435969397,45.90802123182083],[-123.96854402464447,45.90802154219677],[-123.96852874432035,45.9080256142197],[-123.96851604778402,45.90802960909679],[-123.96850593498169,45.908033525930115],[-123.96849334894961,45.90803932450343],[-123.96848840372536,45.90804308704831],[-123.96848109701142,45.9080505340956],[-123.96847345619982,45.9080525701222],[-123.96846592718182,45.908056409809014],[-123.96845873096979,45.908065660553575],[-123.96844872866342,45.90807138108063],[-123.96844131143474,45.908077024426554],[-123.96843389291718,45.908082667810014],[-123.96842647439811,45.90808831119299],[-123.96840849980426,45.908090657541976],[-123.96839580324516,45.90809465240591],[-123.96838827292895,45.9080984921256],[-123.96837277156544,45.90809895673058],[-123.9683594081189,45.908092129511836],[-123.96834604596293,45.90808530225356],[-123.96833515581248,45.90807659419303],[-123.96831932037308,45.908071647770356],[-123.96830865252038,45.908066547067],[-123.96830068019581,45.90806317198572],[-123.96827989823603,45.90806198813245],[-123.96825653377284,45.90806088137572],[-123.96823339165127,45.90806338287303],[-123.96822305653804,45.90806369232205],[-123.96821530521665,45.908063924632856],[-123.96820777617987,45.90806776430312],[-123.96820294143288,45.90807333053492],[-123.96819810668494,45.90807889676647],[-123.96819349416556,45.90808806945899],[-123.96817799285766,45.90808853493699],[-123.96815215514388,45.908089309893704],[-123.96813890345535,45.908084285412166],[-123.9681331808673,45.90807542216282],[-123.96812251303047,45.90807032144259],[-123.9681172350043,45.908068672912655],[-123.96809731276404,45.90806926972006],[-123.96809656482895,45.90806929268806],[-123.96808892400121,45.90807132868961],[-123.96808150673704,45.90807697201291],[-123.96806947569891,45.90809178896002],[-123.96804153820345,45.908092625845505],[-123.96803261453792,45.90810470234112],[-123.96802098841516,45.90811579078015],[-123.96800348369251,45.90813135172815],[-123.967869360094,45.90799293541012],[-123.96785579544822,45.90798659664819],[-123.96784397228106,45.90798030644281],[-123.96781576802847,45.90796308065528],[-123.96776332205735,45.90792716706732],[-123.96773801881103,45.90790939380778],[-123.96771572803245,45.907892744412614],[-123.96769601072668,45.907877125595626],[-123.96768189380526,45.907864965378195],[-123.96766188676229,45.907847734512316],[-123.96763477998779,45.90782181334659],[-123.96761292378332,45.907798898331656],[-123.96759506004486,45.90777861693598],[-123.96756621510207,45.90774247428512],[-123.96754623590802,45.907714708736364],[-123.96751820639948,45.90767177424966],[-123.96749159961553,45.90762700973369],[-123.9674722045401,45.907592614928745],[-123.96745593065901,45.90756252525071],[-123.96742966598066,45.90750973230274],[-123.9674123854522,45.907469893845956],[-123.96740110292056,45.90743980637268],[-123.96739371923829,45.90741709191761],[-123.96738457718573,45.907382735865156],[-123.96737800592062,45.90734798165798],[-123.96737208509074,45.90729727604789],[-123.96736905514624,45.907252802763615],[-123.96736533368495,45.907096851372486],[-123.96736171429097,45.90701901128048],[-123.96735805213848,45.90698020079887],[-123.96735261375203,45.906941491331324],[-123.96730138411733,45.90663790630118],[-123.96727106968805,45.90648649368056],[-123.96725348129728,45.90641102924155],[-123.96723379369116,45.90633578337814],[-123.967119551981,45.9059380404093],[-123.96707162740428,45.905734455369426],[-123.96704451271688,45.90563312180606],[-123.96702851706303,45.9055828132483],[-123.96701026915302,45.90553283671929],[-123.96696888935615,45.90543130448068],[-123.96689100581855,45.90525490974455],[-123.9666455543568,45.904728565354475],[-123.9664383765571,45.904260477375715],[-123.96637201894832,45.904111573320925],[-123.96634068193497,45.90403684547828],[-123.96632613778625,45.90399936061159],[-123.96631259862436,45.90396177497779],[-123.96630700625794,45.90394275477129],[-123.96630336580947,45.90392479070732],[-123.96630123385764,45.90390784364422],[-123.96630017010945,45.903875834965234],[-123.96630187543167,45.90384762414377],[-123.96630244534501,45.90384306156866],[-123.96630496838375,45.90382282336367],[-123.96631290368394,45.90377926454439],[-123.96632732069436,45.90371388322788],[-123.96633398891005,45.90368133229724],[-123.96633926688375,45.9036489727218],[-123.96634687218018,45.90360552356274],[-123.96635581536917,45.90356749724865],[-123.96639187726578,45.903434643315066],[-123.96639925568951,45.90340155463674],[-123.96640367376361,45.90337678768966],[-123.96640795293666,45.90333972992403],[-123.96640872693597,45.903302799844205],[-123.96640512523186,45.90327096233886],[-123.96640193324237,45.90325659446916],[-123.96639361550612,45.90322978754884],[-123.96638411819582,45.90320648259002],[-123.96637434292263,45.90318621364025],[-123.96636481973502,45.903168576124095],[-123.96634637786046,45.90313794157204],[-123.96631576472542,45.9030925800352],[-123.9662836414737,45.90304798509213],[-123.96622471356996,45.90296926222866],[-123.96613479704565,45.90285337283287],[-123.96609037402833,45.90279543753434],[-123.96604705905874,45.90273690863679],[-123.96594187669909,45.90259044749031],[-123.96589112062676,45.90251654243884],[-123.9658428794414,45.90244161515659],[-123.96581233680143,45.90239013726392],[-123.96578726775775,45.902344721944246],[-123.96574659971178,45.90226451504444],[-123.96571832027169,45.902203846435356],[-123.96567856729624,45.90211220173158],[-123.96564088809194,45.902020024089396],[-123.96559731000977,45.90190969773424],[-123.96556583294067,45.90182681946872],[-123.96552136422879,45.901702085231676],[-123.96548120789437,45.90157660258954],[-123.96545574626516,45.901484268099956],[-123.96542166766935,45.901345265109704],[-123.96538570937368,45.901206480484944],[-123.96535888657672,45.9011170500495],[-123.96533728102689,45.90105023245687],[-123.96530290357299,45.9009502819973],[-123.96526669869273,45.90085049794672],[-123.96523912369155,45.900780583631445],[-123.96521259692378,45.900720045967425],[-123.96511941689536,45.900537507713956],[-123.96506028088695,45.90007133527804],[-123.96508771152729,45.8996302335113],[-123.96501635701127,45.89934511237098],[-123.96494071063206,45.8990383962658],[-123.96486326007924,45.89870183501401],[-123.9648506253593,45.89849292155714],[-123.96479705156621,45.898315112398826],[-123.96486107314452,45.898193632768646],[-123.96484872768494,45.897961440703526],[-123.96487881740299,45.89791126303572],[-123.96490235217236,45.89786685618173],[-123.96492104764127,45.89782765457316],[-123.96495010834094,45.897758375133996],[-123.96496938283525,45.89770593504533],[-123.96499529567586,45.89762667546589],[-123.9650189328347,45.89754690945863],[-123.96503093116088,45.89749799530742],[-123.96503877886354,45.89745490534425],[-123.96505921479601,45.8973034708078],[-123.9650655017836,45.89726581084849],[-123.96507123441232,45.897237704467976],[-123.96508203920612,45.89719583638807],[-123.96509620361712,45.89715440404519],[-123.96513351246072,45.89706476335474],[-123.96516371163047,45.896998008088026],[-123.96521125174677,45.89689840419537],[-123.96525983363779,45.89679914229169],[-123.96526874522723,45.89678213150342],[-123.9652879055085,45.89675068866832],[-123.96536312951014,45.89664225269128],[-123.96537949902749,45.89661474916035],[-123.96539005129223,45.89659382484392],[-123.9653967486635,45.89657792012054],[-123.96540447245414,45.89655365883791],[-123.96540714846252,45.896541321876136],[-123.96540804851728,45.89653507582585],[-123.96540894862619,45.896528830674285],[-123.96541245394545,45.896482749935885],[-123.9654134740042,45.896442481212965],[-123.96541172363412,45.89637209966908],[-123.96539614520655,45.896161208233025],[-123.96535948638015,45.8955929184733],[-123.96534440660527,45.895487350515054],[-123.96531925934163,45.89532915142599],[-123.96530796658902,45.89521036289782],[-123.96530833453743,45.89513330227053],[-123.96531573939365,45.89506343488935],[-123.96532670250818,45.89500251274678],[-123.96535258677989,45.89489620316092],[-123.96539628230894,45.89473688507453],[-123.96541502464689,45.89465701643034],[-123.96542843982611,45.894576840298456],[-123.96546941075606,45.89422306514947],[-123.96550428577221,45.89386851530066],[-123.9655219342119,45.89367190975089],[-123.96553347484368,45.89352437975273],[-123.9655397094258,45.89341379035674],[-123.96554296767793,45.89324815212708],[-123.96554077883346,45.89316146206241],[-123.96553616209866,45.893083000642314],[-123.96552688722782,45.89300283990489],[-123.9655145519717,45.89293287839575],[-123.96548639448699,45.8928107246052],[-123.96543804757194,45.89262773982591],[-123.96541568108765,45.892536159022434],[-123.96539732271631,45.89244439788788],[-123.96538940220815,45.89238961008091],[-123.96537157724754,45.89219662002996],[-123.96536606693421,45.89214846774713],[-123.96536080859529,45.89211247608654],[-123.9653504247411,45.89205876298636],[-123.96533619226545,45.892005477597],[-123.96521688635282,45.89162480400385],[-123.96507726329071,45.891181062893644],[-123.96506656730438,45.891142542242285],[-123.96505233857407,45.89106980219703],[-123.96504525268422,45.89100569553546],[-123.96504242521625,45.89094932414633],[-123.96504320086333,45.89085023802912],[-123.96506008532138,45.890552592676954],[-123.96507691544592,45.89001914221434],[-123.96512803196187,45.88920286458362],[-123.9653286634642,45.888334154771684],[-123.96534754363564,45.88805539038797],[-123.96538693232472,45.88763748672543],[-123.96540275979244,45.88742844630741],[-123.96541056492049,45.887219226501045],[-123.96540992222194,45.88702982200833],[-123.96539579734196,45.886461703409616],[-123.96539617514203,45.88633605245012],[-123.96539929814682,45.88614751905322],[-123.96539937690412,45.886053314083796],[-123.9653968454732,45.88595920229847],[-123.96539039267323,45.88587558619226],[-123.96538094623727,45.885802585160185],[-123.96534707534016,45.88559185815996],[-123.96530955883175,45.88535495138909],[-123.9653020516665,45.885295617935334],[-123.96529443701228,45.88520659979928],[-123.96529277461809,45.885162096344544],[-123.96529285474669,45.88511760632044],[-123.9652950385628,45.885073623266145],[-123.96530478208977,45.88499145525824],[-123.96531826393442,45.884919813620925],[-123.96534953896632,45.88479480705021],[-123.96540341416863,45.88460747848848],[-123.96542807356116,45.88451356761161],[-123.96536038962982,45.88426628359618],[-123.96537947181645,45.88415444122995],[-123.96522909009393,45.88400476955013],[-123.96524776433094,45.883865519307335],[-123.96526975501719,45.883703108068254],[-123.96527552837104,45.883633507907625],[-123.96527953241704,45.883547866310195],[-123.96527961618067,45.88347265105151],[-123.96527692099889,45.883406739056916],[-123.96527234175508,45.88334906763996],[-123.96525908683729,45.88324833662996],[-123.96524454511112,45.88317312055523],[-123.96523092799382,45.883116989675145],[-123.96520595670158,45.883033388391475],[-123.96517529875324,45.88295067779375],[-123.96510969405102,45.88279352755659],[-123.96500799339375,45.8825597656666],[-123.96490377586407,45.882326685633515],[-123.96485871218692,45.882230321121995],[-123.96469073675017,45.881895315227396],[-123.96465048136074,45.88181119755187],[-123.96459475856393,45.88168401700251],[-123.96456974964923,45.881619811847735],[-123.96454710755245,45.88155509392317],[-123.96452506091147,45.88148141712639],[-123.96450871350096,45.88141663241484],[-123.96442077867405,45.880960298893825],[-123.96436187655607,45.880684070056446],[-123.96432982893262,45.880546255915064],[-123.96431156555595,45.88047761835447],[-123.96429120210338,45.88040923358735],[-123.96423082257851,45.88022978111486],[-123.96403347284468,45.879694546651386],[-123.96389849425239,45.87931285060302],[-123.96376765265104,45.87893042734967],[-123.9637482259212,45.87886276212011],[-123.96373526943586,45.87880305964018],[-123.96371858767269,45.87869784203722],[-123.96369767305896,45.8785394776406],[-123.96368421495741,45.878460637805674],[-123.96366577283374,45.87838238517833],[-123.96361909147946,45.87821893898422],[-123.9635453195592,45.877974282648054],[-123.96346801799112,45.8777301444621],[-123.96341241217262,45.87756778056805],[-123.96332421943659,45.87732507076362],[-123.96328182806674,45.87720334234215],[-123.96324294648744,45.877080903599335],[-123.96321425742883,45.87697988429349],[-123.96317006269862,45.876802469502856],[-123.96314165026321,45.87666894764814],[-123.96310607240788,45.876468057077545],[-123.9630782319386,45.87626659985561],[-123.96300265691727,45.875633532935296],[-123.9629696531156,45.87538812075172],[-123.96295468712485,45.875265350460694],[-123.96294888462647,45.87520389551498],[-123.96294469444469,45.87514237323049],[-123.96292843344047,45.87481817239012],[-123.96293226849218,45.8747409284589],[-123.96293387480486,45.87467068019064],[-123.96294258417885,45.87434015200065],[-123.96295129479344,45.874009624597136],[-123.96297180092823,45.873581738784246],[-123.96298388769544,45.87326086603631],[-123.96298729917788,45.87310038927722],[-123.9629888102358,45.87293990369976],[-123.96299089976142,45.872298234460786],[-123.96288891043766,45.87102625695342],[-123.96287851232672,45.87094237998572],[-123.9628627527336,45.87086407486784],[-123.96282067235661,45.870717977812795],[-123.96262201746818,45.870210789032996],[-123.9625799455083,45.87008414365476],[-123.9625553169497,45.869988987873406],[-123.96254185667667,45.86991747736529],[-123.9625313943912,45.869809909525856],[-123.96253469808586,45.86970188906874],[-123.9625534232615,45.8695500720862],[-123.96275628486237,45.8684862330511],[-123.96286776427677,45.86778710438579],[-123.96291685097684,45.867436667740684],[-123.96295331009698,45.86708523834089],[-123.96295806645536,45.866997717229545],[-123.96284330990822,45.86568698167385],[-123.96286808342892,45.864841064573646],[-123.96287174717156,45.86478744860745],[-123.96287921404485,45.86473423911236],[-123.96288924718543,45.86468464179569],[-123.9629149597959,45.864592302527505],[-123.96294360887458,45.86451209445198],[-123.9631975515642,45.863956151470774],[-123.96328282756491,45.863753924183314],[-123.963290009399,45.86373890339774],[-123.96361828817246,45.863052336010725],[-123.96369536121585,45.86287595709833],[-123.96374750595089,45.86274280190096],[-123.96381350766868,45.86254118020578],[-123.96383982241626,45.86243933123607],[-123.96386094893548,45.86233667368965],[-123.96393084832634,45.86179690143264],[-123.96401699464876,45.86073572843143],[-123.96415227626233,45.859506957947765],[-123.9641685169761,45.85922702898867],[-123.96417524560955,45.85895945793819],[-123.96405089359756,45.858978335688576],[-123.96355629406833,45.858967566909186],[-123.96307257861311,45.8589572061907],[-123.96301292330591,45.85895591940226],[-123.9621954407488,45.8589382664772],[-123.96211929699795,45.85913401295521],[-123.9619222174194,45.859453514611275],[-123.96181508457201,45.8596271954093],[-123.96173322735541,45.859759897776186],[-123.9616522923146,45.859891104402614],[-123.96157135556294,45.860022310100895],[-123.96146657975932,45.8601921646995],[-123.9613944885424,45.86017046250399],[-123.96123161791542,45.860434496374296],[-123.96121605743949,45.860459723715834],[-123.96116838980319,45.86053700140427],[-123.96115371046287,45.86056079461204],[-123.96112103404133,45.860613769277435],[-123.96108839307328,45.8606667131736],[-123.96105581837728,45.86071962449191],[-123.9610233237779,45.860772497423],[-123.9609865985912,45.86083237371921],[-123.9609295802533,45.860927695317265],[-123.96078556615124,45.86088402774175],[-123.96076983493055,45.86090935637654],[-123.96076973090129,45.860911134039455],[-123.96076963073111,45.86091291158866],[-123.96076953184728,45.86091468909996],[-123.96076943682256,45.86091646649752],[-123.96076934308422,45.860918243857206],[-123.96076925197283,45.86092002203979],[-123.96076883366605,45.86092891095477],[-123.96049377735962,45.86137327409195],[-123.96046813382499,45.86141803624935],[-123.96043795338065,45.86147119732013],[-123.96040789917927,45.86152467878717],[-123.96040648965317,45.86152720259172],[-123.96040508141327,45.861529726358384],[-123.96040367322753,45.86153225102381],[-123.96040226627383,45.861534774752535],[-123.96040085937422,45.861537299379954],[-123.9603994538151,45.86153982486826],[-123.96039804820165,45.86154234945776],[-123.96039664258805,45.861544874047226],[-123.96039523831497,45.86154739949754],[-123.96039383532813,45.86154992490993],[-123.96039243239544,45.86155245122104],[-123.96039102940837,45.861554976633414],[-123.96038962776176,45.861557502906585],[-123.9603882273472,45.8615600282431],[-123.9603868269867,45.86156255447834],[-123.96038542668039,45.86156508161231],[-123.96038402760605,45.8615676078096],[-123.96038262987221,45.861570134867705],[-123.96038123213836,45.86157266192579],[-123.96037983440426,45.86157518898391],[-123.96037843795646,45.861577716004064],[-123.96037704156277,45.86158024392296],[-123.96037564640113,45.86158277090517],[-123.96037425129359,45.86158529878614],[-123.96037285752651,45.86158782752791],[-123.96037146370506,45.86159035537088],[-123.96037007116996,45.861592883175994],[-123.96036867868892,45.86159541187982],[-123.96036728749415,45.86159794054572],[-123.96036589629922,45.86160046921159],[-123.96036450644485,45.861602998738284],[-123.96036311653612,45.86160552736625],[-123.96036172796788,45.86160805685501],[-123.96036033939943,45.86161058634372],[-123.96035895088521,45.86161311673122],[-123.96035756360293,45.861615646182],[-123.96035617766125,45.86161817649366],[-123.96035479171937,45.86162070680529],[-123.96035340706376,45.861623237078945],[-123.96035202240805,45.861625767352635],[-123.96035063775221,45.86162829762629],[-123.96034925443688,45.86163082876076],[-123.9603478711214,45.86163335989526],[-123.9603464890922,45.8616358909918],[-123.96034510834922,45.8616384220504],[-123.96034372766042,45.86164095400773],[-123.9603423469715,45.8616434859651],[-123.96034096756877,45.86164601788449],[-123.96033958816595,45.861648549803874],[-123.96033821004944,45.86165108168536],[-123.96033683198701,45.8616536144656],[-123.96033545515658,45.861656146309095],[-123.96033407966675,45.86165867901347],[-123.96033270294456,45.86166121265444],[-123.96033132874079,45.86166374532083],[-123.96032995330475,45.86166627892393],[-123.96032857910076,45.86166881159027],[-123.96032720623731,45.86167134511749],[-123.96032583342793,45.86167387954346],[-123.96032446185056,45.86167641303273],[-123.96032309032732,45.86167894742071],[-123.96032172009035,45.861681481770816],[-123.96032034985325,45.86168401612084],[-123.96031897961603,45.861686550470885],[-123.96031761066507,45.86168908478304],[-123.96031624305463,45.86169161995599],[-123.96031487544406,45.8616941551289],[-123.96031350911974,45.86169669026393],[-123.96031214279536,45.8616992253989],[-123.96031077652502,45.86170176143265],[-123.96030941148675,45.861704296529695],[-123.96030804650258,45.86170683252547],[-123.9603066828047,45.86170936848334],[-123.9603053204473,45.861711905302045],[-123.96030395803557,45.861714441221984],[-123.96030259567789,45.86171697804062],[-123.96030123460653,45.861719514821345],[-123.96029987353502,45.86172205160209],[-123.96029851374986,45.86172458834484],[-123.96029715401872,45.8617271259864],[-123.96029579551967,45.86172966269127],[-123.96029443836109,45.86173220025693],[-123.96029307997023,45.86173473875925],[-123.96029172409783,45.861737276287016],[-123.96029036693889,45.86173981385262],[-123.96028901112044,45.86174235227911],[-123.9602876565883,45.86174489066764],[-123.96028630205603,45.861747429056145],[-123.96028494886424,45.86174996830552],[-123.96028359561812,45.8617525066561],[-123.96028224371248,45.86175504586754],[-123.96028089180676,45.86175758507891],[-123.9602795411872,45.861760124252385],[-123.96027819062189,45.86176266432457],[-123.9602768400022,45.86176520349806],[-123.96027549072296,45.86176774353232],[-123.96027414272997,45.86177028352865],[-123.96027279473694,45.861772823524966],[-123.96027144679799,45.86177536442002],[-123.96027010009107,45.861777904378435],[-123.96026875472465,45.86178044519763],[-123.96026740935811,45.861782986016884],[-123.96026606399144,45.86178552683607],[-123.96026471996534,45.86178806851605],[-123.96026337717123,45.8617906092594],[-123.96026203314483,45.8617931509394],[-123.96026069169109,45.86179569254354],[-123.96025935023721,45.86179823414771],[-123.96025800883757,45.86180077665058],[-123.96025666866983,45.86180331821676],[-123.9602553285563,45.861805860681706],[-123.96025398972895,45.86180840310873],[-123.96025265090151,45.86181094553573],[-123.9602513134146,45.861813488823564],[-123.96024997592762,45.86181603211135],[-123.96024863967256,45.86181857446251],[-123.96024730347172,45.86182111771235],[-123.96024596861133,45.86182366182309],[-123.96024463369656,45.861826205035],[-123.9602433001224,45.86182874910779],[-123.96024196654803,45.86183129318052],[-123.96024063425993,45.86183383721538],[-123.96023930197175,45.86183638125016],[-123.96023796968346,45.861838925284964],[-123.96023663873562,45.86184147018059],[-123.96023530907415,45.86184401503829],[-123.96023397941245,45.861846559895945],[-123.9602326510371,45.861849104715716],[-123.96023132271584,45.86185165043425],[-123.96022999434021,45.861854195253954],[-123.96022866730513,45.861856740934535],[-123.96022734155629,45.86185928657717],[-123.96022601580731,45.8618618322198],[-123.96022469011253,45.86186437876115],[-123.96022336570392,45.86186692526458],[-123.9602220425274,45.86186947083134],[-123.96022071940499,45.861872017296854],[-123.96021939633673,45.86187456466109],[-123.96021807450045,45.86187711108867],[-123.96021675271835,45.861879658414935],[-123.96021543222245,45.86188220570332],[-123.9602141117265,45.86188475299168],[-123.9602127925168,45.86188730024214],[-123.96021147459332,45.861889847454634],[-123.96021015543764,45.86189239560379],[-123.96020883885464,45.861894943677164],[-123.9602075222715,45.86189749175046],[-123.9602062056882,45.861900039823766],[-123.96020489044541,45.86190258875793],[-123.96020357514828,45.86190513679326],[-123.96020226119174,45.861907685689474],[-123.96020094723498,45.86191023458564],[-123.96019963327818,45.86191278348183],[-123.96019832194823,45.861915333200905],[-123.96019700927751,45.86191788205912],[-123.96019569794734,45.861920431778174],[-123.96019438790347,45.8619229814593],[-123.96019307791369,45.86192553203919],[-123.96019176915594,45.861928081682365],[-123.96019046045235,45.86193063222435],[-123.9601891516944,45.86193318186752],[-123.96018784556331,45.8619357323336],[-123.96018653819998,45.86193828373635],[-123.9601852320686,45.86194083420241],[-123.96018392727785,45.861943385529315],[-123.96018262248694,45.86194593685615],[-123.96018131769594,45.861948488183046],[-123.9601800141912,45.861951039471954],[-123.9601787119727,45.86195359072301],[-123.96017740980838,45.86195614287276],[-123.96017610764389,45.861958695022516],[-123.96017480676568,45.861961247134325],[-123.96017350588743,45.861963799246155],[-123.96017220629537,45.86196635132003],[-123.96017090804386,45.861968904254745],[-123.96016960973796,45.86197145629069],[-123.96016831148624,45.86197400922538],[-123.96016701457502,45.861976563020896],[-123.96016571760939,45.861979115917684],[-123.96016442198435,45.86198166967522],[-123.96016312630492,45.861984222534055],[-123.96016183196598,45.8619867762537],[-123.96016053762696,45.861989329973355],[-123.96015924462846,45.8619918845538],[-123.96015795286198,45.861994438197634],[-123.96015665986324,45.86199699277803],[-123.96015536943712,45.861999547282636],[-123.96015407772458,45.86200210182513],[-123.96015278729826,45.86200465632972],[-123.96015149821247,45.862007211695115],[-123.96015020912657,45.862009767060506],[-123.96014892132692,45.862012322387976],[-123.96014763352714,45.86201487771544],[-123.96014634701372,45.862017433004986],[-123.96014506055438,45.86201998919327],[-123.96014377532707,45.86202254444489],[-123.96014249015391,45.862025100595204],[-123.96014120498053,45.86202765674555],[-123.96013992109359,45.86203021285795],[-123.96013863854705,45.86203276983121],[-123.96013735600046,45.86203532680442],[-123.96013607468586,45.862037882840944],[-123.96013479347965,45.86204044067501],[-123.96013351221909,45.86204299761029],[-123.96013223224477,45.862045554507624],[-123.960130953611,45.86204811226579],[-123.96012967497715,45.86205067002399],[-123.96012839634311,45.8620532277821],[-123.9601271189954,45.86205578550233],[-123.96012584293396,45.8620583431847],[-123.96012456564026,45.86206090180366],[-123.9601232909192,45.86206346034674],[-123.96012201619806,45.86206601888986],[-123.96012074147683,45.862068577433],[-123.96011946804181,45.86207113593814],[-123.96011819594732,45.86207369530418],[-123.96011692256634,45.862076254708114],[-123.96011565175803,45.86207881403619],[-123.96011438094968,45.86208137336426],[-123.9601131101411,45.86208393269232],[-123.96011184067308,45.862086492881176],[-123.96011057115071,45.862089052171264],[-123.96010930296887,45.86209161232226],[-123.96010803478688,45.86209417247318],[-123.96010676794548,45.86209673348496],[-123.96010550104968,45.86209929359794],[-123.96010423549443,45.8621018545718],[-123.96010296993903,45.86210441554563],[-123.96010170566989,45.86210697648154],[-123.9601004414007,45.86210953741739],[-123.96009917841778,45.86211209831536],[-123.9600979154889,45.862114660112056],[-123.96009665384636,45.86211722187086],[-123.96009539220378,45.86211978362963],[-123.96009413184738,45.86212234535049],[-123.96009287154519,45.86212490797009],[-123.96009161118857,45.86212746969089],[-123.96009035217251,45.86213003227256],[-123.9600890944427,45.86213259481629],[-123.96008783671277,45.86213515735997],[-123.96008658032345,45.862137720764565],[-123.96008532387968,45.862140283270364],[-123.9600840674901,45.86214284667488],[-123.96008281367315,45.86214541000357],[-123.96008155856977,45.86214797337019],[-123.9600803047526,45.86215053669886],[-123.9600790522759,45.862153100888364],[-123.96007779979922,45.862155665077864],[-123.96007654726809,45.862158228368585],[-123.96007529613173,45.86216079341887],[-123.96007404622749,45.86216335753257],[-123.9600727963231,45.86216592164618],[-123.9600715464728,45.86216848665853],[-123.96007029790884,45.86217105163299],[-123.9600690493447,45.862173616607414],[-123.96006780206689,45.86217618154395],[-123.96006655607533,45.86217874644252],[-123.96006531013798,45.86218131223987],[-123.96006406420044,45.86218387803717],[-123.96006281954917,45.862186443796595],[-123.96006157489784,45.862189009555955],[-123.96006033153279,45.86219157527741],[-123.96005908950822,45.86219414185974],[-123.96005784619717,45.86219670847994],[-123.96005660545883,45.862199275024324],[-123.96005536472032,45.86220184156867],[-123.96005412398175,45.862204408112994],[-123.96005288452943,45.86220697461941],[-123.96005164513126,45.86220954202457],[-123.96005040701934,45.86221210939181],[-123.96004916890739,45.86221467675906],[-123.96004793208161,45.86221724408834],[-123.96004669531004,45.86221981231641],[-123.9600454597705,45.86222237960781],[-123.96004422428507,45.8622249477979],[-123.9600429900859,45.86222751595007],[-123.9600417558867,45.862230084102286],[-123.96004052302794,45.8622326531153],[-123.9600392901149,45.86223522122953],[-123.96003805854235,45.862237790204624],[-123.9600368269697,45.86224035917973],[-123.96003559668337,45.862242928116885],[-123.96003436639685,45.86224549705402],[-123.96003313616448,45.862248066889904],[-123.96003190850483,45.86225063664995],[-123.96003067955866,45.8622532064479],[-123.96002945189876,45.86225577620793],[-123.96002822552519,45.862258345930044],[-123.96002699915145,45.86226091565213],[-123.96002577411828,45.86226348623508],[-123.96002454908499,45.862266056818],[-123.96002332405156,45.86226862740088],[-123.96002210030443,45.86227119794589],[-123.96002087784363,45.86227376845297],[-123.9600196554369,45.86227633985877],[-123.96001843303011,45.862278911264546],[-123.96001721185532,45.862281481733675],[-123.96001599207537,45.86228405396242],[-123.96001477224102,45.86228662529235],[-123.96001355240655,45.862289196622264],[-123.96001233391259,45.86229176881305],[-123.96001111670495,45.86229434096587],[-123.96000989949724,45.862296913118755],[-123.96000868228936,45.862299485271535],[-123.96000746642203,45.862302058285174],[-123.9600062517867,45.86230463036218],[-123.96000503720559,45.86230720333795],[-123.9600038226243,45.86230977631365],[-123.96000260932932,45.86231234925146],[-123.9600013973207,45.862314922151334],[-123.96000018407969,45.862317495987824],[-123.95999897341144,45.86232006974853],[-123.95999776274306,45.862322643509216],[-123.95999655207459,45.86232521726988],[-123.95999534269241,45.86232779099266],[-123.9599941333101,45.86233036471539],[-123.95999292526831,45.86233293929899],[-123.95999171722642,45.86233551388252],[-123.95999051047082,45.862338088428174],[-123.95998930500153,45.86234066293593],[-123.9599880982457,45.86234323748153],[-123.95998689411684,45.86234581285006],[-123.95998568998785,45.86234838821861],[-123.95998448585874,45.862350963587154],[-123.95998328301594,45.862353538917745],[-123.95998208017298,45.862356114248364],[-123.95998087861636,45.86235868954103],[-123.95997967711385,45.86236126573244],[-123.95997847689765,45.86236384188591],[-123.95997727668137,45.86236641803945],[-123.95997607775128,45.86236899415501],[-123.95997487887544,45.86237157116932],[-123.9599736812316,45.86237414724695],[-123.95997248364188,45.86237672422334],[-123.95997128733845,45.86237930116179],[-123.95997009103496,45.862381878100244],[-123.95996889473133,45.86238445503869],[-123.9599677010546,45.86238703280009],[-123.95996650603718,45.86238960970055],[-123.95996531236028,45.86239218746189],[-123.95996411996961,45.86239476518533],[-123.9599629276331,45.86239734380748],[-123.95996173652868,45.862399921492994],[-123.9599605454784,45.86240250007724],[-123.95995935566012,45.86240507772481],[-123.95995816589601,45.86240765627111],[-123.95995697613175,45.862410234817375],[-123.95995578770805,45.86241281422452],[-123.9599546005164,45.86241539269497],[-123.9599534133789,45.862417972064186],[-123.95995222752771,45.862420551395495],[-123.95995104167635,45.862423130726725],[-123.95994985582493,45.86242571005799],[-123.95994867125975,45.862428289351335],[-123.95994748803517,45.86243086950554],[-123.95994630481049,45.862433449659704],[-123.95994512287201,45.86243602977595],[-123.95994394093348,45.862438609892195],[-123.95994275899484,45.86244119000839],[-123.95994157839677,45.86244377098546],[-123.95994039903067,45.86244635102585],[-123.9599392197188,45.862448931965],[-123.95993804040677,45.86245151290411],[-123.95993686238104,45.8624540938053],[-123.95993568569588,45.86245667556733],[-123.95993450895632,45.86245925643059],[-123.95993333227088,45.86246183819263],[-123.95993215687179,45.86246441991674],[-123.95993098147258,45.862467001640795],[-123.95992980735966,45.86246958332697],[-123.95992863458727,45.862472165873974],[-123.95992746176053,45.86247474752222],[-123.95992628898796,45.8624773300692],[-123.95992511750165,45.862479912578266],[-123.9599239460152,45.86248249508731],[-123.95992277586936,45.86248507845718],[-123.95992160695552,45.862487660890395],[-123.95992043809588,45.8624902442224],[-123.95991926923605,45.86249282755433],[-123.95991810166254,45.862495410848375],[-123.95991693408898,45.86249799414238],[-123.95991576785589,45.86250057829724],[-123.95991460156853,45.86250316155332],[-123.95991343662162,45.86250574567027],[-123.95991227296103,45.86250832974931],[-123.959911108014,45.86251091386616],[-123.95990994569384,45.86251349880599],[-123.9599087833193,45.86251608284707],[-123.95990762099893,45.862518667786865],[-123.95990645996493,45.86252125268879],[-123.95990529893076,45.86252383759065],[-123.95990413918291,45.86252642245461],[-123.95990297943489,45.86252900731857],[-123.95990182102749,45.862531593043386],[-123.95990066261993,45.86253417876816],[-123.95989950549871,45.86253676445505],[-123.95989834837732,45.862539350141894],[-123.9598971925423,45.862541935790844],[-123.95989603676138,45.862544522338496],[-123.95989488221258,45.862547107949524],[-123.95989372771784,45.862549694459304],[-123.9598925745094,45.8625522809311],[-123.95989142130088,45.86255486740293],[-123.95989026943288,45.86255745473559],[-123.95988911751054,45.86256004116949],[-123.95988796692879,45.862562628464225],[-123.95988681634687,45.862565215758956],[-123.9598856670513,45.86256780301575],[-123.95988451775554,45.86257039027252],[-123.95988336974614,45.86257297749141],[-123.95988222179085,45.86257556560906],[-123.95988107512197,45.86257815368873],[-123.95987992845285,45.86258074176844],[-123.95987878178373,45.86258332984813],[-123.95987763768724,45.862585917852],[-123.95987649235846,45.862588506792456],[-123.95987534826182,45.862591094796365],[-123.95987420550564,45.86259368366102],[-123.95987306274937,45.86259627252569],[-123.95987192127944,45.86259886135242],[-123.9598707798094,45.862601450179156],[-123.95986969736721,45.86260390671588],[-123.95986861621131,45.86260636321468],[-123.95986753505525,45.862608819713486],[-123.95986645518556,45.862611276174384],[-123.95986537531579,45.862613732635225],[-123.9598642967323,45.862616189058194],[-123.95986321820294,45.86261864637989],[-123.9598621396735,45.86262110370158],[-123.95986106243043,45.86262356098538],[-123.95985998518725,45.86262601826911],[-123.95985890923035,45.86262847551496],[-123.95985783327333,45.86263093276079],[-123.95985675865695,45.862633390867494],[-123.95985568398613,45.86263584807537],[-123.95985461065592,45.862638306144184],[-123.9598535373256,45.86264076421292],[-123.95985246399522,45.862643222281626],[-123.95985139200539,45.862645681211234],[-123.95985031996116,45.86264813924203],[-123.95984924925759,45.86265059813368],[-123.95984817855386,45.86265305702534],[-123.95984710913646,45.862655515879055],[-123.95984603971894,45.862657974732784],[-123.95984497158774,45.86266043354858],[-123.95984390345649,45.86266289236437],[-123.95984283537933,45.86266535207891],[-123.95984176858855,45.862667811755486],[-123.95984070174339,45.862670270533364],[-123.95983963623881,45.86267273017209],[-123.95983857078836,45.8626751907095],[-123.95983750656995,45.8626776503103],[-123.9598364423515,45.862680109911054],[-123.95983537947362,45.86268257037266],[-123.95983431659558,45.86268503083424],[-123.95983325371748,45.86268749129584],[-123.9598321921257,45.8626899517195],[-123.95983113053383,45.86269241214315],[-123.95983007028254,45.86269487342766],[-123.9598290112633,45.8626973337755],[-123.95982795101177,45.86269979505998],[-123.95982689204658,45.86270225630655],[-123.95982583436772,45.86270471751521],[-123.95982477668872,45.86270717872383],[-123.95982371906399,45.8627096408312],[-123.95982266267121,45.862712102001936],[-123.95982160761902,45.862714564033524],[-123.95982055251253,45.86271702516631],[-123.95981949746015,45.86271948719784],[-123.95981844374836,45.86272195009023],[-123.95981738998219,45.86272441208384],[-123.95981633621594,45.86272687407744],[-123.9598152837903,45.862729336931885],[-123.95981423265093,45.86273179974844],[-123.9598131815115,45.86273426256493],[-123.95981213037194,45.86273672538146],[-123.95981108051873,45.862739188160084],[-123.9598100306654,45.862741650938624],[-123.95980898215264,45.862744114578085],[-123.95980793358554,45.86274657731875],[-123.959806886359,45.862749040920264],[-123.95980583913237,45.86275150452178],[-123.95980479190565,45.86275396812323],[-123.95980374601949,45.8627564325856],[-123.95980270136543,45.86275889611126],[-123.95980165676548,45.86276136053567],[-123.95980061211121,45.8627638240613],[-123.95979956879752,45.86276628844779],[-123.95979852548372,45.86276875283428],[-123.95979748345623,45.86277121718282],[-123.95979644148295,45.862773682430124],[-123.95979539945527,45.862776146778664],[-123.95979435876822,45.862778611988055],[-123.9597933193674,45.862781077159546],[-123.95979227868008,45.86278354236888],[-123.95979124056554,45.86278600750244],[-123.95979020245092,45.862788472635984],[-123.95978916433616,45.862790937769525],[-123.95978812627557,45.862793403801795],[-123.9597870907877,45.86279586975826],[-123.95978605401336,45.8627983357526],[-123.95978501852534,45.862800801709035],[-123.95978398432366,45.86280326762755],[-123.95978294883541,45.86280573358396],[-123.95978191597415,45.86280820036334],[-123.95978088305858,45.86281066624394],[-123.9597798501972,45.86281313302327],[-123.95977881862204,45.86281559976469],[-123.95977778704686,45.86281806650614],[-123.95977675547158,45.86282053324752],[-123.95977572523682,45.862823000849765],[-123.95977469623418,45.862825467515336],[-123.9597736672857,45.862827935079665],[-123.95977263833709,45.862830402643986],[-123.95977161067488,45.862832870170394],[-123.9597705830125,45.86283533769675],[-123.95976955663643,45.862837805185265],[-123.95976853031453,45.86284027357248],[-123.95976750522475,45.862842741023066],[-123.95976648018912,45.86284520937237],[-123.95976545515336,45.862847677721646],[-123.95976443140398,45.862850146033026],[-123.95976340894082,45.862852614306505],[-123.95976238519123,45.86285508261786],[-123.95976136406863,45.86285755175218],[-123.95976034165952,45.86286002092436],[-123.95975932176889,45.862862489121966],[-123.95975830064599,45.86286495825628],[-123.9597572808094,45.862867427352604],[-123.95975626231338,45.862869897309835],[-123.95975524376307,45.862872366368286],[-123.95975422526685,45.86287483632546],[-123.95970977531147,45.86298420688226],[-123.95970879089349,45.862986665030654],[-123.95970780642128,45.862989122280304],[-123.95970682328961,45.862991580390805],[-123.95970584015787,45.8629940385013],[-123.95970485702611,45.862996496611714],[-123.95970387518058,45.86299895468429],[-123.95970289462143,45.863001412718944],[-123.95970191406217,45.863003870753545],[-123.95970093355703,45.86300632968692],[-123.95969995428406,45.86300878768364],[-123.95969897635159,45.86301124654123],[-123.95969799713264,45.863013705436664],[-123.95969701920006,45.8630161642942],[-123.95969604260803,45.86301862401258],[-123.95969506596158,45.8630210828322],[-123.95969409065584,45.86302354251267],[-123.95969311529572,45.86302600129437],[-123.95969213998973,45.86302846097482],[-123.95969116597007,45.86303092061734],[-123.95969019195036,45.86303338025989],[-123.95968921921697,45.8630358398645],[-123.95968824653772,45.863038300367855],[-123.95968727509059,45.86304075993457],[-123.95968630369758,45.8630432204],[-123.9596853323045,45.8630456808654],[-123.95968436219778,45.86304814129295],[-123.95968339209091,45.863050601720474],[-123.95968242327042,45.86305306211011],[-123.95968145579052,45.86305552336057],[-123.9596804869698,45.86305798375011],[-123.95967951948974,45.86306044500054],[-123.95967855329593,45.86306290621308],[-123.95967758704786,45.86306536652682],[-123.95967662219458,45.86306782860018],[-123.95967565600053,45.863070289812654],[-123.95967469237931,45.86307275094936],[-123.95967372881215,45.863075212984825],[-123.95967276519072,45.86307767412147],[-123.95967180290988,45.86308013611897],[-123.95967084062889,45.8630825981165],[-123.95966987834787,45.86308506011398],[-123.9596689174074,45.86308752297231],[-123.95966795769898,45.86308998489397],[-123.95966699799061,45.863092446815635],[-123.95966603833624,45.86309490963606],[-123.95966507996833,45.86309737241855],[-123.95966412160023,45.86309983520106],[-123.9596631645185,45.86310229794563],[-123.95966220743671,45.863104760690206],[-123.95966125164126,45.86310722339689],[-123.95966029589995,45.863109687002286],[-123.95965934015854,45.86311215060768],[-123.95965838564925,45.86311461327644],[-123.9596574311941,45.86311707684391],[-123.9596564780253,45.863119540373475],[-123.95965552491066,45.86312200480179],[-123.95965457302805,45.86312446829343],[-123.95965362114538,45.86312693178506],[-123.95965267060333,45.8631293961376],[-123.95965172006119,45.86313186049005],[-123.95965076951899,45.863134324842555],[-123.95964982026308,45.86313678915712],[-123.95964887229346,45.86313925343373],[-123.9596479230374,45.863141717748306],[-123.95964697640832,45.86314418288581],[-123.95964602843848,45.86314664716241],[-123.95964508309565,45.863149112262],[-123.95964413646634,45.86315157739943],[-123.95964319112333,45.86315404249901],[-123.95964224706671,45.86315650756068],[-123.95964130306419,45.86315897352106],[-123.95964035900735,45.863161438582694],[-123.9596394162911,45.863163904505186],[-123.95963847352057,45.86316636952889],[-123.95963753209055,45.86316883541345],[-123.95963659066047,45.86317130129798],[-123.95963564923032,45.863173767182516],[-123.95963470914074,45.863176233927895],[-123.95963377028326,45.86317869973661],[-123.95963283142564,45.863181165545384],[-123.95963189262226,45.8631836322528],[-123.95963095510515,45.86318609892234],[-123.959630017588,45.8631885655919],[-123.95962908135722,45.863191032223526],[-123.95962814512629,45.86319349885515],[-123.95962721023596,45.863195966347654],[-123.95962627529133,45.863198432941324],[-123.95962534040083,45.863200900433796],[-123.95962440679666,45.863203367888346],[-123.95962347319245,45.86320583534285],[-123.95962254087458,45.86320830275948],[-123.95962160855655,45.86321077017612],[-123.95962067752494,45.86321323755483],[-123.95961974654745,45.86321570583229],[-123.95961881680202,45.863218173173074],[-123.95961788711082,45.8632206414126],[-123.95961695741953,45.863223109652125],[-123.95961602901455,45.863225577853775],[-123.95961510189592,45.86322804601749],[-123.95961417354503,45.86323051511787],[-123.95961324771267,45.863232983243655],[-123.95961232064802,45.86323545230605],[-123.95961139481544,45.86323792043184],[-123.95961047032354,45.86324038941848],[-123.95960954583143,45.86324285840508],[-123.95960862262577,45.8632453273538],[-123.95960769947419,45.86324779720129],[-123.95960677626836,45.86325026614994],[-123.95960585434881,45.86325273506076],[-123.95960493248347,45.863255204870256],[-123.95960401190439,45.86325767464189],[-123.95960309582011,45.863260133476885],[-123.95960217973574,45.86326259231188],[-123.95960126493776,45.86326505110892],[-123.95960035013962,45.86326750990599],[-123.95959943662785,45.863269968665165],[-123.95959852311597,45.86327242742428],[-123.95959760965829,45.86327488708217],[-123.9595966974327,45.863277345803404],[-123.95959578654767,45.8632798053855],[-123.95959487437615,45.86328226500545],[-123.95959396477744,45.86328472454962],[-123.95959305389222,45.86328718413168],[-123.95959214563398,45.86328964453669],[-123.95959123603492,45.863292104080806],[-123.95959032777654,45.8632945644858],[-123.9595894208045,45.86329702485285],[-123.95958851377807,45.86329948432118],[-123.95958760680591,45.86330194468827],[-123.9595867011742,45.863304405916125],[-123.95958579548828,45.86330686624529],[-123.95958489108864,45.86330932653652],[-123.9595839867432,45.863311787726495],[-123.95958308362987,45.863314247979815],[-123.95958218057065,45.86331670913188],[-123.9595812775114,45.863319170283944],[-123.95958037573841,45.86332163139807],[-123.95957947525183,45.86332409247433],[-123.95957857481945,45.8633265544493],[-123.9595776743327,45.86332901552555],[-123.9595767739001,45.8633314775005],[-123.95957587598605,45.863333938500936],[-123.9595749768397,45.863336400437994],[-123.95957407897976,45.86333886233714],[-123.9595731824061,45.86334132419836],[-123.95957228588661,45.86334378695837],[-123.9595713893128,45.86334624881956],[-123.95957049407963,45.86334871154166],[-123.95956959879206,45.86335117336497],[-123.95956870484514,45.863353636049126],[-123.95956781089814,45.863356098733284],[-123.95956691695105,45.86335856141739],[-123.95956602429028,45.86336102406366],[-123.95956513297011,45.86336348757074],[-123.95956424159563,45.86336595017908],[-123.9595633502753,45.863368413686096],[-123.95956246018702,45.86337087625654],[-123.95956157015297,45.86337333972567],[-123.95956068140528,45.86337580315689],[-123.95955979265749,45.86337826658815],[-123.95955890396387,45.86338073091812],[-123.95955801650237,45.863383194311446],[-123.95955713032713,45.86338565766686],[-123.95955624420611,45.86338812192101],[-123.95955535808501,45.86339058617516],[-123.95955447325024,45.863393050391394],[-123.95955358841547,45.86339551460765],[-123.95955270358053,45.86339797882386],[-123.95955182131843,45.86340044296429],[-123.95955093782402,45.86340290804136],[-123.95955005556169,45.86340537218176],[-123.95954917335355,45.863407837220905],[-123.95954829243182,45.86341030222216],[-123.95954741279634,45.86341276718548],[-123.95954653187445,45.86341523218673],[-123.95954565352527,45.86341769711214],[-123.95954477388959,45.86342016207547],[-123.95954389559448,45.863422627899624],[-123.95954301853149,45.86342509278714],[-123.95954214152275,45.863427558573385],[-123.9595412645138,45.863430024359594],[-123.9595403887913,45.86343249010796],[-123.95953951306862,45.8634349558563],[-123.95953863863235,45.863437421566694],[-123.95953776425024,45.86343988817586],[-123.95953689110027,45.86344235384838],[-123.95953601800443,45.863444820419645],[-123.95953514485426,45.863447286092125],[-123.9595342730447,45.86344975262544],[-123.95953340252147,45.86345221912089],[-123.95953253076601,45.86345468655293],[-123.95953166152904,45.863457153010444],[-123.95953079100558,45.86345961950584],[-123.95952992182275,45.86346208686213],[-123.95952905387198,45.86346455328171],[-123.95952818597539,45.86346702060008],[-123.95952731936515,45.863469487880494],[-123.95952645275484,45.86347195516094],[-123.95952558614445,45.863474422441335],[-123.95952472087467,45.86347689058261],[-123.9595238555505,45.863479357825085],[-123.959522991567,45.86348182592847],[-123.95952212752911,45.86348429313306],[-123.95952126354545,45.86348676123637],[-123.95952040084809,45.86348922930181],[-123.95951953943714,45.86349169732935],[-123.95951867802607,45.863494165356855],[-123.95951781666919,45.863496634283116],[-123.95951695654436,45.86349910227275],[-123.95951609647375,45.86350157116107],[-123.95951523768947,45.86350404001153],[-123.95951437885087,45.863506507963216],[-123.95951352135289,45.86350897677572],[-123.95951266390904,45.86351144648704],[-123.95951180641093,45.86351391529953],[-123.95951095019915,45.86351638407414],[-123.95951009404143,45.863518853747486],[-123.95950923911597,45.86352132248422],[-123.95950838424463,45.86352379211963],[-123.95950753065958,45.86352626171719],[-123.95950667707453,45.86352873131468],[-123.9595058235436,45.86353120181096],[-123.9595024169303,45.86364087314843],[-123.9594998347407,45.863810888763396],[-123.95949825439142,45.86391509607459],[-123.95949408773647,45.864189315468835],[-123.95949242187862,45.86429900390858],[-123.95948825522214,45.864573224130666],[-123.95936055023421,45.86457227583842],[-123.95936252645261,45.86473775255263],[-123.95936383676752,45.8648474532225],[-123.95936458897542,45.86491053215301],[-123.9593671089073,45.865121708121116],[-123.9593710887158,45.86545509965447],[-123.95936073920848,45.86553299307869],[-123.95934073875614,45.86553290328835],[-123.95934253130969,45.86567002967248],[-123.95932441929746,45.86580656372977],[-123.9593063070906,45.86594309597422],[-123.95928819474325,45.866079627304615],[-123.95927008247236,45.866216161315954],[-123.95925196995255,45.8663526926157],[-123.95924291183906,45.866420960114155],[-123.95923385750926,45.86648922659635],[-123.95921574481697,45.866625757865464],[-123.95920139016219,45.86673394887736],[-123.95918327747803,45.86687048281521],[-123.9591651647077,45.867007016737794],[-123.95914705168842,45.86714354794877],[-123.95913980748577,45.86719816039855],[-123.95912893879981,45.86728008273945],[-123.95890848874215,45.86741657803692],[-123.95830606195318,45.86737098006732],[-123.95836703238854,45.86670640375582],[-123.95837233012786,45.86664876136964],[-123.95837764686804,45.86659109231109],[-123.95838299208756,45.866533382795815],[-123.95838840191651,45.866475633560775],[-123.95839387700526,45.86641785539078],[-123.95839943161359,45.86636004966685],[-123.95840508712334,45.866302207656084],[-123.95841086353644,45.86624434047416],[-123.9584167665801,45.866186436247844],[-123.9584228088624,45.86612851171245],[-123.95842902263857,45.86607054611056],[-123.95843541602136,45.86601256711402],[-123.95844200149544,45.86595456805275],[-123.95844878424552,45.86589652806603],[-123.95845581751934,45.8658384752974],[-123.95846307375795,45.8657804015548],[-123.95847059492624,45.86572229749933],[-123.95847838547934,45.865664172903614],[-123.95848641677036,45.865606386049976],[-123.95848681296266,45.86560351127101],[-123.95848720781426,45.865600635631154],[-123.95848726184941,45.86560024959061],[-123.95848760529296,45.86559776081429],[-123.95848800277159,45.865594885997375],[-123.95848810950127,45.86559411305546],[-123.9584884002502,45.86559201118054],[-123.95848879901526,45.86558913632576],[-123.95848895978011,45.865587977343274],[-123.95848919906672,45.86558626143307],[-123.95848959911817,45.86558338654041],[-123.95848981515039,45.865581840580745],[-123.95849000045605,45.86558051160982],[-123.95849040179385,45.865577636679305],[-123.95849067191541,45.86557570557785],[-123.95849080447236,45.86557476260958],[-123.95849120838304,45.86557188760325],[-123.95849153377195,45.86556956952461],[-123.9584916122937,45.865569012596865],[-123.95849201625853,45.86556613848928],[-123.95849239825539,45.86556343429438],[-123.95849242150975,45.865563264343805],[-123.95849282799323,45.865560389261695],[-123.95849323581733,45.86555751504041],[-123.95849326531163,45.865557298988286],[-123.95849364364142,45.865554640819155],[-123.95849405146544,45.86555176659788],[-123.95849413756778,45.865551164429434],[-123.95849446186239,45.865548892300815],[-123.95849487097279,45.86554601804164],[-123.95849501239668,45.865545029794774],[-123.95849528271037,45.86554314460546],[-123.95849569310714,45.865540270308394],[-123.95849589108481,45.86553889504645],[-123.9584961060769,45.865537395935554],[-123.95849651910072,45.865534522461445],[-123.9584967723999,45.865532761121045],[-123.9584969320704,45.865531648088584],[-123.95849734766713,45.865528774538696],[-123.95849765757421,45.86552662708203],[-123.95849776197737,45.86552590102675],[-123.95849817880627,45.865523026540245],[-123.9584985453755,45.86552049386591],[-123.95849859440285,45.865520152990335],[-123.95849901257236,45.86551727936467],[-123.95849943703598,45.86551436053616],[-123.95849985019773,45.865511532075466],[-123.9585002697078,45.865508659310635],[-123.95850033255572,45.86550822709275],[-123.95850069045012,45.865505785609216],[-123.95850111119235,45.865502911907775],[-123.95850123070237,45.86550209447225],[-123.95850153327522,45.86550003906717],[-123.95850195530384,45.8654971653278],[-123.95850213270829,45.86549596173807],[-123.95850237995957,45.86549429241145],[-123.95850280332883,45.86549141953294],[-123.9585030385734,45.86548982889026],[-123.9585032292709,45.8654885465787],[-123.95850365392656,45.865485673662334],[-123.95850394706545,45.8654836968654],[-123.95850408115504,45.86548280067013],[-123.95850450838348,45.86547992767799],[-123.95850485941672,45.86547756472683],[-123.95850493561196,45.8654770546858],[-123.95850536412678,45.86547418165575],[-123.95850577439498,45.865471433411265],[-123.95850622378349,45.8654684364186],[-123.95850665487114,45.86546556331275],[-123.95850669451889,45.86546530194413],[-123.95850708729945,45.86546269106777],[-123.958507518387,45.86545981796192],[-123.95850761721553,45.8654591704012],[-123.95850795210168,45.86545694567905],[-123.95850838581632,45.86545407339617],[-123.95850854253916,45.86545303968121],[-123.95850882081737,45.86545120107538],[-123.9585092558184,45.86544832875461],[-123.95850947172197,45.865446908847545],[-123.95850969210582,45.86544545639597],[-123.95851012967967,45.865442583999396],[-123.95851040481824,45.865440778798984],[-123.95851056725351,45.865439711602846],[-123.95851100616802,45.86543684006714],[-123.95851134048716,45.8654346486746],[-123.95851144502818,45.86543396763267],[-123.95851188522906,45.86543109605913],[-123.95851228001534,45.86542851843656],[-123.9585123253756,45.86542822358677],[-123.9585127668628,45.86542535197528],[-123.95851322217047,45.865422389021475],[-123.95851365112364,45.86541960871441],[-123.95851409518359,45.86541673702713],[-123.9585141681848,45.86541625949267],[-123.95851453924361,45.86541386533984],[-123.95851498458998,45.86541099361469],[-123.95851511811254,45.865410130749],[-123.9585154312228,45.86540812185163],[-123.9585158765691,45.86540525012643],[-123.95851607189955,45.86540400189165],[-123.95851632454253,45.86540237922426],[-123.9585167724617,45.865399507423305],[-123.95851702825917,45.86539787295846],[-123.9585172217215,45.86539663648322],[-123.95851767092702,45.86539376464435],[-123.95851798724581,45.865391744848296],[-123.95851812147316,45.86539089366637],[-123.95851857330575,45.86538802265049],[-123.9585189513781,45.865385616586515],[-123.95851902385189,45.865385151672456],[-123.95851947697086,45.86538228061873],[-123.95851991679663,45.86537948828684],[-123.95852038449509,45.86537653847325],[-123.95852083890043,45.865373667381604],[-123.95852088741508,45.86537336073434],[-123.9585212946463,45.86537079715077],[-123.958521750338,45.86536792602122],[-123.95852186066041,45.86536723400483],[-123.9585222086568,45.86536505571464],[-123.95852266563483,45.86536218454714],[-123.95852283771073,45.86536110626287],[-123.95852312523999,45.86535931420265],[-123.95852358355862,45.86535644389606],[-123.95852381867445,45.865354979305984],[-123.95852404445012,45.8653535735137],[-123.95852450534169,45.86535070313131],[-123.95852480226519,45.86534885317204],[-123.95852496623309,45.8653478327489],[-123.95852542841091,45.865344962328635],[-123.95852578842856,45.86534272696234],[-123.95852589187518,45.865342091870474],[-123.95852635539364,45.86533922231101],[-123.95852677973758,45.86533660060108],[-123.95852682014429,45.86533635181496],[-123.95852728489487,45.865333481318864],[-123.95852775098614,45.86533061168365],[-123.95852777238717,45.86533047510061],[-123.95852821836378,45.86532774201058],[-123.95852868574138,45.86532487233744],[-123.95852877018234,45.86532434944861],[-123.95852915435118,45.865322001727705],[-123.95852962301518,45.86531913201666],[-123.95852977060441,45.86531822461958],[-123.95853009296559,45.865316262267825],[-123.95853056297013,45.86531339341767],[-123.95853077488573,45.86531209967685],[-123.95853103420689,45.86531052363089],[-123.95853150544362,45.86530765384408],[-123.95853178302615,45.86530597462045],[-123.95853197930748,45.86530478488026],[-123.95853245183054,45.865301915055554],[-123.95853279379352,45.865299850387046],[-123.95853292698072,45.86529904605387],[-123.95853340207664,45.86529617615338],[-123.95853380713366,45.86529372607776],[-123.95853387722674,45.86529330715166],[-123.95853435366325,45.86529043811208],[-123.95853482438716,45.86528760255362],[-123.95853530910905,45.865284699957066],[-123.95853578683189,45.86528183087955],[-123.95853584549985,45.86528147891577],[-123.95853626718181,45.865278962625],[-123.95853674747754,45.86527609347173],[-123.95853687052592,45.86527535606304],[-123.95853722777309,45.86527322431839],[-123.95853770940936,45.865270356026],[-123.95853789812472,45.865269233134455],[-123.9585381922778,45.865267486796895],[-123.95853867520046,45.86526461846654],[-123.95853892958269,45.865263110092194],[-123.95853915940947,45.865261750098334],[-123.95853964361841,45.86525888173009],[-123.95853996366753,45.86525698787292],[-123.95854012911386,45.86525601332396],[-123.95854061589566,45.86525314487995],[-123.95854100161164,45.86525086553994],[-123.95854110267742,45.86525027643597],[-123.95854158945913,45.86524740799196],[-123.95854204341481,45.8652447430933],[-123.95854207758153,45.865244540408774],[-123.95854256693602,45.86524167188898],[-123.9585430576312,45.86523880423002],[-123.95854308784494,45.86523862146964],[-123.95854354827212,45.86523593567233],[-123.95854403896718,45.86523306801339],[-123.9585441361885,45.86523250063101],[-123.95854453223515,45.865230200278674],[-123.95854502421663,45.86522733258184],[-123.9585451883912,45.86522637967876],[-123.95854551748445,45.86522446484708],[-123.95854601203872,45.86522159707444],[-123.95854624316655,45.865220258650616],[-123.95854650787945,45.86521872926394],[-123.95854700372006,45.86521586145341],[-123.95854730185535,45.86521413840764],[-123.95854749961491,45.86521299454164],[-123.9585479967419,45.865210126693206],[-123.95854836311676,45.86520801808879],[-123.95854849520953,45.865207259705656],[-123.9585489936771,45.8652043927181],[-123.95854942829165,45.86520189855505],[-123.95854949337686,45.86520152479388],[-123.95854999441725,45.86519865773053],[-123.95855049732566,45.865195778907626],[-123.95855099649792,45.86519292360381],[-123.95855149882465,45.86519005650258],[-123.95855156893235,45.86518965918441],[-123.95855200249203,45.865187190262205],[-123.9585525061051,45.86518432312306],[-123.95855264445245,45.865183540246264],[-123.9585530110046,45.865181455946015],[-123.95855351724468,45.86517858962986],[-123.95855372254523,45.86517742123233],[-123.95855402343054,45.86517572241494],[-123.9585545296706,45.86517285609875],[-123.95855480455138,45.86517130300348],[-123.95855503848345,45.86516998970679],[-123.95855554600985,45.86516712335271],[-123.95855589041665,45.86516518466089],[-123.95855605610909,45.865164256922846],[-123.95855656620829,45.86516139049297],[-123.95855697890887,45.8651590671413],[-123.95855707630747,45.86515852406311],[-123.95855758774724,45.86515565849413],[-123.95855807126024,45.86515294950802],[-123.95855810041921,45.865152791988486],[-123.95855861309111,45.86514992548282],[-123.95855912710367,45.865147059838016],[-123.95855916752498,45.86514683265986],[-123.95855964111621,45.86514419419323],[-123.95856015636086,45.865141327611795],[-123.95856026636237,45.86514071573585],[-123.95856067294616,45.865138461891206],[-123.95856118953145,45.86513559617063],[-123.95856136905898,45.86513459869817],[-123.9585617074031,45.86513273041214],[-123.95856222532898,45.86512986555242],[-123.95856247566891,45.865128482445506],[-123.95856274448697,45.86512699975603],[-123.95856326364499,45.865124133959675],[-123.9585635848515,45.86512236611714],[-123.95856378414358,45.865121269024115],[-123.95856430587435,45.86511840315199],[-123.95856469666103,45.86511625061169],[-123.95856482765934,45.86511553817859],[-123.95856534944426,45.865112673205125],[-123.95856581361616,45.86511013495468],[-123.95856587246136,45.86510980729509],[-123.95856639681911,45.8651069422459],[-123.9585669319117,45.865104020158505],[-123.9585674481615,45.865101212970416],[-123.95856797380557,45.86509834788333],[-123.95856805535291,45.865097905210746],[-123.95856850202244,45.865095482720456],[-123.95856902900702,45.8650926184942],[-123.95856918136674,45.86509179018717],[-123.95856955851032,45.86508975329345],[-123.95857008678125,45.86508688902927],[-123.95857031129395,45.86508567594872],[-123.95857061762511,45.86508402468935],[-123.95857114841462,45.865081159450675],[-123.95857144384809,45.86507956253319],[-123.95857168054475,45.865078295072855],[-123.95857221267491,45.865075430695036],[-123.95857258026129,45.865073449004],[-123.95857274480504,45.86507256631721],[-123.95857327956213,45.865069702762376],[-123.95857372053368,45.86506733536115],[-123.95857381297859,45.865066838346635],[-123.9585743490221,45.86506397475385],[-123.95857486343291,45.86506122254121],[-123.95857542234116,45.86505824663171],[-123.95857595961677,45.86505538210232],[-123.95857601019135,45.86505510960759],[-123.95857649823299,45.86505251843373],[-123.9585770368491,45.86504965476519],[-123.95857716086311,45.86504899745907],[-123.95857757675172,45.865046791058745],[-123.95857811665422,45.865043927352325],[-123.95857831410753,45.86504288523473],[-123.95857865918383,45.86504106446886],[-123.95857920037268,45.86503820072449],[-123.95857947126531,45.86503677379547],[-123.95857974284796,45.86503533694223],[-123.9585802866638,45.865032474020886],[-123.95858063099574,45.8650306622804],[-123.95858083047965,45.86502961109949],[-123.95858137552771,45.8650267472415],[-123.95858179458531,45.86502455065163],[-123.95858192191635,45.86502388424429],[-123.95858246830488,45.865021021247124],[-123.95858296080176,45.865018439845855],[-123.95858301469345,45.865018158249974],[-123.95858356365484,45.86501529517702],[-123.9585841309316,45.865012329825134],[-123.95858466163168,45.86500956992986],[-123.95858521187937,45.86500670681895],[-123.95858530492049,45.86500621969075],[-123.95858576218123,45.865003844606875],[-123.95858631376949,45.865000982356875],[-123.95858648276858,45.86500010944261],[-123.95858686658988,45.86499811917023],[-123.95858741946454,45.864995256882324],[-123.95858766324349,45.86499400001747],[-123.95858797362553,45.864992394556545],[-123.95858852907291,45.86498953219285],[-123.9585888475776,45.86498789047868],[-123.9585890845203,45.864986669829136],[-123.95858964002181,45.8649838083642],[-123.95859003453856,45.86498178176279],[-123.95859019675547,45.86498094596263],[-123.95859075477557,45.86497808352317],[-123.9585912253586,45.86497567293325],[-123.95859131284983,45.864975221982405],[-123.95859187221056,45.864972360403776],[-123.9585924188055,45.86496956492666],[-123.95859299216396,45.8649666363099],[-123.95859355409736,45.86496377465548],[-123.95859361611159,45.86496345680636],[-123.95859411603067,45.86496091300108],[-123.95859467930468,45.864958052207484],[-123.95859481733102,45.86495734947117],[-123.95859524252438,45.86495519051518],[-123.9585958070305,45.864952328784966],[-123.95859602112303,45.86495124206016],[-123.95859637287721,45.86494946791561],[-123.95859693743745,45.86494660708414],[-123.95859722882844,45.86494513543416],[-123.95859750451625,45.86494374527819],[-123.95859807164925,45.8649408843709],[-123.95859844039289,45.86493902869455],[-123.95859864006867,45.86493802342576],[-123.95859920848804,45.864935162480634],[-123.95859965453009,45.86493292187911],[-123.95859977819377,45.864932301497575],[-123.95860034918593,45.864929440476665],[-123.95860087258053,45.86492681584878],[-123.95860091894576,45.86492658039235],[-123.95860149122429,45.86492371933353],[-123.95860206355694,45.86492085917346],[-123.9586020932579,45.86492071064139],[-123.95860263712176,45.86491799807672],[-123.95860321074075,45.864915137878725],[-123.95860331779436,45.86491460532027],[-123.95860378564613,45.86491227764285],[-123.95860436183794,45.86490941736908],[-123.95860454624413,45.864908500784225],[-123.9586049380297,45.8649065570953],[-123.95860551422135,45.864903696821564],[-123.9586057772666,45.86490239617242],[-123.95860609304012,45.86490083737072],[-123.95860667051814,45.864897977059044],[-123.95860701214811,45.864896291446904],[-123.95860725056899,45.86489511667162],[-123.95860783067405,45.8648922571829],[-123.95860824965654,45.86489018754431],[-123.95860841077898,45.86488939769419],[-123.95860899217041,45.86488653816757],[-123.95860949102399,45.864884083528096],[-123.9586095735617,45.86488367864098],[-123.9586101575259,45.86488081903856],[-123.95861073630489,45.86487798029693],[-123.958611325454,45.86487509983376],[-123.95861191070446,45.86487224019349],[-123.95861198421254,45.864871877888696],[-123.95861249600911,45.86486938145195],[-123.95861308254587,45.86486652177373],[-123.95861323592511,45.86486577446801],[-123.95861367042328,45.864863662956395],[-123.95861425830061,45.864860804139084],[-123.95861449160522,45.864859672731164],[-123.95861484746437,45.86485794528382],[-123.95861543662804,45.864855086428626],[-123.95861574985797,45.86485357091854],[-123.95861602707812,45.864852227535444],[-123.95861661881462,45.864849368604425],[-123.95861701196982,45.86484746899219],[-123.95861721055104,45.864846509673406],[-123.95861780362803,45.864843651603216],[-123.95861827670856,45.86484136788883],[-123.95861839665079,45.8648407926343],[-123.95861899101418,45.86483793452622],[-123.9586195453063,45.86483526667176],[-123.95861958537743,45.864835076418196],[-123.95862018102716,45.86483221827222],[-123.95862077667678,45.86482936012625],[-123.95862081653101,45.86482916627761],[-123.95862137361283,45.864826501942375],[-123.95862197183527,45.86482364372062],[-123.95862209290117,45.86482306573194],[-123.95862257005763,45.864820785498864],[-123.95862316956637,45.86481792723921],[-123.95862337189826,45.86481696600922],[-123.95862377041576,45.864815069840375],[-123.95862436997866,45.86481221247948],[-123.95862465346794,45.86481086621068],[-123.95862497206008,45.86480935414402],[-123.95862557419575,45.864806496707345],[-123.95862593895095,45.86480476719719],[-123.9586261776178,45.86480363923272],[-123.95862678103981,45.86480078175816],[-123.958627228293,45.864798668070065],[-123.95862738574817,45.86479792424565],[-123.95862799051072,45.8647950676319],[-123.95862852026194,45.864792569765825],[-123.95862859650542,45.864792210081525],[-123.95862920384073,45.864789353392005],[-123.95862981609,45.864786471347955],[-123.95863041845695,45.86478363911414],[-123.95863102707861,45.8647807823867],[-123.9586311145449,45.864780373753],[-123.95863163827303,45.8647779255835],[-123.95863224818093,45.86477506881818],[-123.95863241691305,45.8647742769431],[-123.9586328593753,45.86477221201494],[-123.95863347056957,45.86476935521173],[-123.9586337230861,45.86476817912079],[-123.9586340843366,45.864766498332735],[-123.95863469687146,45.86476364239033],[-123.95863503194019,45.86476208302017],[-123.95863531197908,45.864760786372145],[-123.95863592574601,45.86475792949311],[-123.9586363446534,45.86475598680589],[-123.95863654213997,45.86475507343707],[-123.95863715853389,45.864752217380996],[-123.9586376599392,45.86474989051578],[-123.95863777492775,45.864749361324925],[-123.95863839260804,45.86474650523097],[-123.95863898042477,45.86474379497287],[-123.95863901157466,45.864743649099104],[-123.95863963059546,45.86474079386601],[-123.9586402508484,45.86473793769625],[-123.95864030219647,45.864737699392],[-123.95864087244199,45.86473508238738],[-123.95864149274908,45.86473222711634],[-123.95864162916793,45.86473160455833],[-123.95864211562899,45.86472937176956],[-123.95864273845459,45.86472651552398],[-123.95864295871205,45.86472550964885],[-123.95864336262079,45.864723660139326],[-123.95864398684124,45.864720805653356],[-123.95864429088294,45.86471941556232],[-123.9586446122938,45.864717950230734],[-123.95864523774624,45.86471509480815],[-123.95864562691301,45.864713321362125],[-123.95864586453938,45.864712240246405],[-123.95864649256465,45.86470938474801],[-123.95864696685625,45.86470722794699],[-123.9586471206441,45.86470653014837],[-123.95864775000994,45.864703675510846],[-123.95864830942644,45.864701135354764],[-123.95864837937565,45.864700820873296],[-123.95864901002786,45.86469796619787],[-123.95864965585561,45.86469504264889],[-123.95865027261834,45.8646922568091],[-123.95865090589744,45.8646894029566],[-123.95865100614387,45.86468894982932],[-123.95865153912224,45.8646865482054],[-123.95865217368764,45.86468369431499],[-123.95865235905896,45.864682857832705],[-123.95865280825305,45.864680840424654],[-123.95865344410473,45.86467798649637],[-123.95865371583314,45.864676765722415],[-123.95865407995642,45.864675132568074],[-123.95865471709449,45.864672278601894],[-123.95865507523413,45.864670674435025],[-123.95865535551889,45.86466942459784],[-123.95865599394325,45.864666570593776],[-123.95865643854845,45.86466458393271],[-123.9586566337083,45.86466371745056],[-123.95865727341896,45.864660863408595],[-123.9586578057218,45.86465849331671],[-123.95865791447024,45.86465801022745],[-123.95865855552151,45.864655157046336],[-123.9586591754677,45.86465240262492],[-123.95865984142891,45.86464944967169],[-123.9586604850529,45.86464659641479],[-123.95866054912698,45.86464631271819],[-123.95866113001743,45.8646437440187],[-123.95866177492772,45.864640890723905],[-123.95866192541304,45.86464022363442],[-123.95866242117859,45.86463803828995],[-123.95866306737524,45.864635184957244],[-123.95866330555813,45.864634134436926],[-123.95866371491239,45.8646323324854],[-123.95866436373598,45.86462947997564],[-123.9586646896165,45.864628046024535],[-123.95866501255949,45.864626627465896],[-123.95866566266945,45.86462377491824],[-123.9586660762475,45.86462195753629],[-123.95866631277927,45.86462092237056],[-123.95866696417549,45.864618069785],[-123.95866746679178,45.86461586983313],[-123.95866761557167,45.86461521719943],[-123.95866826830843,45.864612365474805],[-123.95866885990868,45.86460978205418],[-123.95866892233157,45.864609513712175],[-123.95866957630042,45.86460666105084],[-123.95867025693883,45.864603695060296],[-123.95867088691931,45.86460095744988],[-123.9586715435151,45.86459810561146],[-123.958671657828,45.86459760795268],[-123.95867220011083,45.86459525377305],[-123.95867285804711,45.86459240279552],[-123.95867306134404,45.86459152166808],[-123.95867351721562,45.86458955088131],[-123.95867417643827,45.864586699865896],[-123.95867446871908,45.86458543526973],[-123.95867483689307,45.86458384791382],[-123.95867549740204,45.8645809968605],[-123.95867587872095,45.864579349694345],[-123.9586761591974,45.86457814576924],[-123.95867682099264,45.864575294678],[-123.95867729258192,45.864573264005244],[-123.95867748407433,45.86457244354888],[-123.95867814844235,45.86456959238183],[-123.95867871035608,45.86456717910124],[-123.95867881286455,45.86456674211355],[-123.95867947851895,45.86456389090863],[-123.95868013075713,45.86456109502017],[-123.95868081122235,45.864558190258364],[-123.95868147816293,45.86455533901557],[-123.95868155501717,45.86455501082539],[-123.95868214649836,45.86455248953232],[-123.9586828147795,45.86454963915033],[-123.95868298319047,45.86454892741572],[-123.95868348563349,45.86454678869257],[-123.95868415520097,45.864543938272696],[-123.95868441393635,45.86454284393022],[-123.95868482739546,45.864541088675736],[-123.95868549953566,45.86453823818011],[-123.95868584725487,45.86453676036889],[-123.95868617173005,45.86453538858319],[-123.95868684521082,45.86453253894836],[-123.95868728454084,45.86453067849136],[-123.95868751997797,45.864529689275614],[-123.95868819474504,45.86452683960293],[-123.95868872563162,45.86452459560146],[-123.958688869512,45.864523989930206],[-123.9586895468518,45.86452114018169],[-123.95869017068989,45.86451851439532],[-123.9586902229051,45.86451829047107],[-123.95869090158548,45.86451544158339],[-123.95869158021155,45.86451259179699],[-123.95869161826654,45.86451243221462],[-123.95869226017822,45.864509742871405],[-123.95869293885839,45.864506893983744],[-123.95869306852418,45.86450635175561],[-123.95869362011139,45.86450404502029],[-123.95869430136432,45.86450119605679],[-123.95869452392735,45.86450027114507],[-123.95869498519004,45.864498347017566],[-123.95869566778352,45.86449549891495],[-123.95869598190306,45.86449419045868],[-123.95869635160908,45.8644926498757],[-123.95869703548884,45.86448980173518],[-123.95869744250554,45.86448811059526],[-123.95869772194142,45.8644869535189],[-123.95869840705328,45.86448410444167],[-123.95869890702136,45.86448203151684],[-123.95869909350573,45.86448125622538],[-123.95869978129875,45.86447840886995],[-123.95870037539613,45.86447595232478],[-123.95870047032399,45.86447556057787],[-123.95870115934912,45.86447271228574],[-123.95870184634354,45.86446987305691],[-123.95870253873989,45.86446701656235],[-123.9587032303919,45.864464169093225],[-123.9587033212584,45.864463795472865],[-123.95870392204385,45.86446132162404],[-123.95870461492802,45.86445847321823],[-123.95870479874584,45.864457717812996],[-123.95870530920692,45.86445562657207],[-123.95870600214516,45.864452779064976],[-123.95870628009226,45.86445164003942],[-123.9587066976562,45.864449931482135],[-123.95870739316719,45.864447083899286],[-123.95870776535199,45.86444556305092],[-123.9587080900187,45.864444237177295],[-123.95870878687022,45.864441390455276],[-123.95870925318424,45.86443948598659],[-123.95870948495386,45.86443854279665],[-123.95871018309164,45.86443569603669],[-123.95871074492979,45.864433409707374],[-123.95871088251585,45.864432849238916],[-123.95871158322636,45.864430002403225],[-123.95871223930207,45.86442733425105],[-123.95871228399109,45.864427156466284],[-123.9587129847015,45.86442430963057],[-123.95871368675252,45.864421463655745],[-123.95871373753343,45.86442125868102],[-123.95871439132212,45.86441861670631],[-123.95871509465942,45.86441577069357],[-123.95871523967799,45.86441518389609],[-123.95871579928311,45.86441292464291],[-123.95871650390674,45.864410078592236],[-123.95871674439515,45.864409109035314],[-123.95871720981673,45.86440723250372],[-123.95871791701312,45.86440438637728],[-123.95871825302551,45.864403034959594],[-123.95871862426361,45.86440154114956],[-123.95871933274631,45.86439869498521],[-123.95871976422843,45.86439696080813],[-123.95872004128314,45.8643958497196],[-123.95872075110633,45.864393004416144],[-123.95872127934462,45.86439088744165],[-123.95872146221586,45.864390159074716],[-123.95872217332538,45.86438731373335],[-123.95872279837404,45.86438481486027],[-123.95872288443483,45.86438446839194],[-123.95872359811709,45.86438162297472],[-123.958724319976,45.86437874220305],[-123.95872502553554,45.86437593303912],[-123.95872574050404,45.864373087583985],[-123.95872584543694,45.86437266943218],[-123.95872645552667,45.864370243027665],[-123.95872717183565,45.86436739843338],[-123.95872737357897,45.864366598382965],[-123.95872788943102,45.864364553801245],[-123.95872860702637,45.864361709169096],[-123.95872890552573,45.86436052632134],[-123.95872932596224,45.86435886539781],[-123.95873004484385,45.864356020727755],[-123.95873044143998,45.86435445594349],[-123.95873076501184,45.86435317601984],[-123.95873148652038,45.86435033217274],[-123.95873197992675,45.86434838548983],[-123.95873220802886,45.86434748832565],[-123.95873292953733,45.864344644478535],[-123.95873352227252,45.86434231492248],[-123.9587336523321,45.86434180059353],[-123.95873437641326,45.86433895667064],[-123.9587350672451,45.86433624517807],[-123.95873582720252,45.86433326964779],[-123.95873655256989,45.864330425687015],[-123.9587366161309,45.86433017621875],[-123.95873727927791,45.86432758258704],[-123.95873800593155,45.86432473858832],[-123.9587381688757,45.864324107145706],[-123.95873873521234,45.86432189541262],[-123.95873946320654,45.864319052274745],[-123.95873972424728,45.86431803889561],[-123.95874019382774,45.864316209959874],[-123.95874092439473,45.86431336674621],[-123.95874128219138,45.86431197056969],[-123.9587416549616,45.86431052353259],[-123.95874238686906,45.864307681179746],[-123.95874284533518,45.86430590299093],[-123.9587431200087,45.864304837890316],[-123.95874385320248,45.864301995499645],[-123.95874441110571,45.86429983623514],[-123.95874458768259,45.86429915307101],[-123.95874532216268,45.864296310642416],[-123.95874597944884,45.86429376940352],[-123.95874605792909,45.864293468175916],[-123.95874679374968,45.86429062660815],[-123.95874755170514,45.86428770335696],[-123.95874826919572,45.86428494246022],[-123.95874900753478,45.86428209991792],[-123.95874912782052,45.864281637196704],[-123.95874974721438,45.864279258236486],[-123.9587504868939,45.86427641655503],[-123.95875070656255,45.864275571859416],[-123.95875122785985,45.864273574835636],[-123.95875196882568,45.864270733116285],[-123.95875228916364,45.864269506408384],[-123.9587527111321,45.86426789225781],[-123.9587534546707,45.86426505046265],[-123.95875387439153,45.86426344178034],[-123.95875419826339,45.864262209566235],[-123.95875494308827,45.86425936773319],[-123.95875546481905,45.86425737789941],[-123.9587556879673,45.86425652679888],[-123.95875643413268,45.864253685826654],[-123.95875705653265,45.86425131398059],[-123.95875718029801,45.86425084485446],[-123.95875792774967,45.86424800384435],[-123.95875865215943,45.86424525084682],[-123.95875942527991,45.86424232264708],[-123.958760174072,45.86423948249783],[-123.95876025164529,45.86423918759933],[-123.9587609241505,45.86423664231066],[-123.95876167551532,45.86423380208564],[-123.95876185504424,45.86423312513693],[-123.95876242816657,45.864230961822685],[-123.95876317953129,45.86422812159756],[-123.95876346107002,45.864227063497474],[-123.95876393346877,45.86422528129672],[-123.9587646874062,45.86422244099586],[-123.95876506966835,45.864221001782184],[-123.95876544268422,45.864219601555845],[-123.95876619796215,45.864216762115845],[-123.95876668217987,45.864214940851944],[-123.95876695447228,45.86421392173917],[-123.95876771103647,45.86421108226125],[-123.95876829855031,45.86420887980802],[-123.95876846888707,45.864208242745434],[-123.95876922807825,45.86420540409047],[-123.9587699175476,45.86420281958702],[-123.95876998592871,45.864202564574654],[-123.95877074635199,45.86419972498303],[-123.95877154045802,45.86419676015108],[-123.95877226859311,45.864194047559394],[-123.9587730303026,45.86419120792986],[-123.95877316722746,45.864190700601426],[-123.95877379335268,45.8641883691612],[-123.95877455768908,45.86418553035462],[-123.95877479662364,45.86418464187473],[-123.95877532207965,45.86418269244683],[-123.95877603920864,45.864180032399574],[-123.95877642987882,45.86417858303431],[-123.95877675633757,45.86417737235234],[-123.95877747475292,45.86417471226717],[-123.95877806576077,45.86417252501686],[-123.95877819316811,45.86417205218201],[-123.95877891415617,45.86416939202108],[-123.95877963391196,45.864166732796775],[-123.95877970555586,45.86416646778447],[-123.95878035495411,45.86416407353455],[-123.95878107594201,45.864161413373616],[-123.95878134792348,45.864160410476245],[-123.95878179827044,45.8641587540735],[-123.95878252188525,45.86415609473552],[-123.95878299420431,45.86415435395305],[-123.95878324421354,45.864153435435355],[-123.95878396916892,45.86415077695822],[-123.95878464434412,45.8641482973162],[-123.95878469278355,45.86414811762022],[-123.95878541897096,45.864145458206444],[-123.95878614521256,45.864142799691344],[-123.95878629711066,45.86414224150227],[-123.95878687145405,45.864140141176264],[-123.95878759892771,45.86413748172458],[-123.95878795379042,45.86413618647339],[-123.95878832774197,45.864134823133725],[-123.95878905655621,45.864132164542866],[-123.95878961304267,45.864130131368704],[-123.95878978537031,45.86412950595199],[-123.95879051552501,45.864126848221964],[-123.95879127620812,45.86412407704905],[-123.95879197706647,45.86412153182529],[-123.95879270845322,45.864118873158624],[-123.9587929432325,45.86411802261571],[-123.95879344118052,45.86411621535279],[-123.95879417519423,45.864113557509086],[-123.9587946128837,45.86411196900531],[-123.95879490920782,45.86411089966537],[-123.9587956432214,45.86410824182164],[-123.95879628644802,45.86410591617994],[-123.95879637852134,45.86410558393999],[-123.95879711382119,45.86410292605838],[-123.95879785046162,45.8641002690376],[-123.95879796258492,45.864099863278746],[-123.95879858833422,45.864097611080155],[-123.95879932497454,45.86409495405939],[-123.95879964263494,45.86409381116264],[-123.95880006418766,45.86409229696283],[-123.95880080340069,45.864089639866236],[-123.95880132659818,45.86408775983159],[-123.95880154261368,45.86408698276966],[-123.95880228311307,45.86408432563514],[-123.95880301313387,45.864081708424706],[-123.95880376545223,45.864079012227066],[-123.95880450723779,45.86407635505466],[-123.95880470224215,45.86407565694201],[-123.95880525036395,45.864073698743155],[-123.95880599472233,45.864071041494924],[-123.95880639660429,45.864069607105236],[-123.95880673913476,45.8640683851455],[-123.95880748354715,45.86406572879604],[-123.95880809225248,45.86406355723054],[-123.95880822924593,45.864063072408726],[-123.95880897499887,45.8640604169201],[-123.95880972198395,45.86405776049483],[-123.95880979304604,45.8640575072042],[-123.95881046896895,45.86405510406959],[-123.95881121729451,45.864052448505205],[-123.95881149652057,45.86405145889962],[-123.95881196562004,45.86404979294083],[-123.95881271523193,45.86404713733853],[-123.95881320251335,45.864045409620424],[-123.95881346613022,45.86404448169831],[-123.95881421574192,45.86404182609602],[-123.9588149124736,45.86403936202502],[-123.95881496792649,45.86403917041793],[-123.95881572011098,45.864036514739816],[-123.95881647229542,45.86403385906171],[-123.95881662629272,45.86403331431597],[-123.95881722582038,45.86403120424443],[-123.95881797934533,45.864028549427196],[-123.95881834402506,45.864027267391904],[-123.95881873415661,45.864025894571995],[-123.9588194889136,45.86402323881812],[-123.95882006304346,45.86402122042995],[-123.95882024501124,45.864020583925026],[-123.95882100116296,45.8640179299307],[-123.95882178726144,45.864015174215176],[-123.95882251593069,45.86401262006879],[-123.95882327465509,45.8640099659987],[-123.95882351410619,45.86400912882332],[-123.95882403461167,45.8640073109919],[-123.9588247933359,45.86400465692176],[-123.95882524480992,45.86400308331771],[-123.958825554633,45.864002002775855],[-123.95882631464353,45.86399934866781],[-123.9588269781403,45.863997038635084],[-123.95882707722689,45.86399669448399],[-123.95882783986441,45.86399404119888],[-123.95882860244768,45.86399138701507],[-123.95882871532964,45.86399099383879],[-123.95882936631723,45.863988732793345],[-123.958830130241,45.863986079470386],[-123.95883045514574,45.863984949865355],[-123.9588308954511,45.86398342610949],[-123.95883166066109,45.8639807727486],[-123.95883219887493,45.86397890667701],[-123.95883242715752,45.86397811934984],[-123.95883319365383,45.863975465951],[-123.95883394517666,45.86397286341283],[-123.95883472921915,45.86397015907767],[-123.95883549834232,45.86396750650178],[-123.95883569667804,45.86396682089584],[-123.95883626741127,45.8639648530272],[-123.95883703782074,45.86396220041342],[-123.95883744951963,45.86396077923962],[-123.95883780823014,45.86395954779969],[-123.95883857992597,45.863956895148036],[-123.95883920750663,45.86395473743187],[-123.95883935162163,45.86395424249636],[-123.95884012460374,45.86395158980684],[-123.95884089758573,45.863948937117286],[-123.9588409668339,45.86394869648491],[-123.95884167190837,45.863946285288584],[-123.95884244617666,45.86394363256108],[-123.95884273136079,45.86394265628513],[-123.9588432217855,45.86394098069447],[-123.95884399739437,45.863938328827864],[-123.95884449846007,45.8639366160095],[-123.95884477428953,45.86393567692334],[-123.95884555118461,45.86393302501883],[-123.95884626818619,45.86393057655677],[-123.95884632807964,45.863930373114286],[-123.95884710760171,45.86392772203275],[-123.95884788578304,45.863925070090325],[-123.95884804305763,45.863924536952545],[-123.95884866659136,45.863922418970844],[-123.958849446059,45.8639197669905],[-123.95884982061,45.86391849906994],[-123.95885022815361,45.86391711583312],[-123.95885100896172,45.86391446471366],[-123.95885160068063,45.86391246021277],[-123.95885179105619,45.863911813556264],[-123.95885257443707,45.863909162361004],[-123.95885338471864,45.86390642303944],[-123.9588541425392,45.86390386083127],[-123.9588549272605,45.863901210496806],[-123.95885517132915,45.8639003857902],[-123.9588557132139,45.86389855922573],[-123.95885649922144,45.863895908853365],[-123.95885696185282,45.8638943493261],[-123.9588572865154,45.86389325844313],[-123.95885807380925,45.8638906080329],[-123.95885875623539,45.86388831274826],[-123.95885886110308,45.863887957622595],[-123.95885965102386,45.86388530803533],[-123.95886043960392,45.86388265758716],[-123.9588605532447,45.86388227699332],[-123.95886123081104,45.86388000796197],[-123.95886202067737,45.86387735747589],[-123.95886235416708,45.86387624202347],[-123.95886281188432,45.86387470785069],[-123.95886360437763,45.86387205818759],[-123.95886415766199,45.863870206977786],[-123.95886439687084,45.863869408524444],[-123.95886519065046,45.86386675882345],[-123.95886596507007,45.86386417271712],[-123.95886677955008,45.863861460282266],[-123.9588675746701,45.8638588114421],[-123.95886777639123,45.86385813924156],[-123.95886836973577,45.86385616170315],[-123.95886916614215,45.86385351282503],[-123.95886959028495,45.86385210569016],[-123.95886996383479,45.86385086390911],[-123.95887076152734,45.8638482149931],[-123.95887140680532,45.86384607296164],[-123.95887156050631,45.863845566039195],[-123.95887235953943,45.86384291798407],[-123.95887315851826,45.863840269030185],[-123.95887322847105,45.86384004008159],[-123.95887396012404,45.86383762089923],[-123.95887476038918,45.86383497190747],[-123.9588750515313,45.86383400896106],[-123.95887556199483,45.86383232377647],[-123.95887636488685,45.863829675607654],[-123.95887687973688,45.86382797768899],[-123.9588771677788,45.8638270274388],[-123.95887797201134,45.863824380130794],[-123.95887871051488,45.86382194634105],[-123.95887877490316,45.86382173196195],[-123.9588795803677,45.86381908371725],[-123.95888038588649,45.86381643637141],[-123.95888054391963,45.86381591581603],[-123.95888119269156,45.863813788987585],[-123.95888199949661,45.863811141603755],[-123.95888238123752,45.863809886076076],[-123.9588828063015,45.86380849421993],[-123.95888361567928,45.86380584676031],[-123.95888422246851,45.863803857121205],[-123.9588844237705,45.8638031993386],[-123.95888523314811,45.863800551878946],[-123.95888606627199,45.863797828090476],[-123.95888685453015,45.86379525778264],[-123.95888766524813,45.863792611183875],[-123.95888791398859,45.86379179984479],[-123.95888847725254,45.863789964547166],[-123.95888929054324,45.86378731787259],[-123.95888976561835,45.86378577238416],[-123.9588901038339,45.86378467119801],[-123.95889091712453,45.8637820245234],[-123.95889161853408,45.86377974488558],[-123.95889173175563,45.863779378709644],[-123.95889254761894,45.86377673195928],[-123.95889336353638,45.86377408610758],[-123.95889347664942,45.86377371813415],[-123.95889417945374,45.86377144025596],[-123.95889499665746,45.863768794366386],[-123.95889533733724,45.86376769130694],[-123.95889581514751,45.86376614843896],[-123.95889663363754,45.86376350251151],[-123.95889720193816,45.863761665264725],[-123.95889745212743,45.863760856583994],[-123.95889827195792,45.863758211517364],[-123.95889906916577,45.86375564004545],[-123.95889991413733,45.863752920409596],[-123.95890073525403,45.86375027530506],[-123.95890094030649,45.863749615611226],[-123.95890155765711,45.86374763016262],[-123.95890238006008,45.863744985020226],[-123.9589028140197,45.863743591101176],[-123.9589032037494,45.863742339839895],[-123.9589040287251,45.86373969462168],[-123.95890469164601,45.86373756737618],[-123.95890485375496,45.86373705030216],[-123.95890567873049,45.8637344050839],[-123.95890650504661,45.86373176072654],[-123.95890657318546,45.86373154443622],[-123.95890733264908,45.863729116331236],[-123.95890815896502,45.863726471973834],[-123.95890845729738,45.86372552142043],[-123.9589089878538,45.86372382754062],[-123.9589098167424,45.86372118310744],[-123.95891034403593,45.863719499227535],[-123.95891064568524,45.86371853957292],[-123.95891147586016,45.863715895101876],[-123.95891223591988,45.863713476883134],[-123.95891230608927,45.8637132515295],[-123.9589131375505,45.86371060702046],[-123.95891397035224,45.863707963372306],[-123.95891412919826,45.863707456298215],[-123.958914803154,45.86370531972413],[-123.95891563595563,45.86370267607591],[-123.95891602762194,45.86370143556172],[-123.95891647009785,45.863700033288644],[-123.95891730418577,45.86369738960252],[-123.95891792861809,45.86369541474941],[-123.95891813961428,45.863694746777306],[-123.95891897627486,45.86369210301542],[-123.95891983229518,45.86368939565878],[-123.95892064970435,45.86368681728914],[-123.95892148641894,45.863684174425984],[-123.95892173983113,45.86368337645443],[-123.95892232576054,45.86368153238579],[-123.9589231650479,45.863678889446824],[-123.95892365128022,45.86367735803513],[-123.95892400433509,45.86367624650786],[-123.95892484496292,45.86367360442977],[-123.95892556530175,45.86367133954001],[-123.95892568559067,45.86367096235164],[-123.95892652750476,45.863668320235654],[-123.95892736936452,45.863665677220844],[-123.95892748323634,45.863665321829934],[-123.95892821261907,45.8636630359657],[-123.95892905581938,45.86366039381177],[-123.95892940379758,45.86365930494274],[-123.95892990030602,45.863657751619954],[-123.95893074484678,45.86365511032688],[-123.95893132821782,45.86365328794187],[-123.95893159067388,45.86365246899586],[-123.95893243773313,45.863649826728256],[-123.95893325526465,45.86364727176392],[-123.95893413195982,45.86364454399049],[-123.95893497912732,45.863641903520325],[-123.95893518751103,45.86364125633316],[-123.95893582881332,45.86363926207564],[-123.95893667721285,45.8636366206688],[-123.95893712109768,45.86363524176318],[-123.95893752823936,45.86363398008498],[-123.95893837797938,45.863631339539],[-123.95893905854312,45.86362922707949],[-123.9589392290057,45.86362869895511],[-123.95894008131842,45.86362605833336],[-123.95894093363101,45.86362341771158],[-123.95894099990177,45.86362321318084],[-123.95894178723003,45.8636207770519],[-123.95894264082894,45.86361813639224],[-123.95894294383282,45.86361719920634],[-123.95894349576837,45.86361549659339],[-123.95894435070775,45.86361285679458],[-123.95894489173116,45.863611186915655],[-123.95894520687928,45.8636102160591],[-123.95894606310496,45.86360757622233],[-123.95894684348845,45.86360517451126],[-123.95894692061692,45.86360493634772],[-123.95894777818306,45.863602297371834],[-123.95894863569495,45.86359965749714],[-123.95894879781811,45.863599162031036],[-123.95894949577959,45.86359701754673],[-123.9589503546319,45.86359437853292],[-123.95895075482869,45.86359315127244],[-123.95895121605703,45.86359173944327],[-123.95895207619563,45.863589100391565],[-123.95895271569813,45.86358714040021],[-123.95895293762058,45.863586461301956],[-123.95895380033191,45.863583822174434],[-123.95895468048067,45.86358113031297],[-123.95895552704062,45.863578543881474],[-123.95895639109234,45.863575905614795],[-123.95895664783562,45.86357512014993],[-123.95895725643047,45.86357326731022],[-123.95895812171418,45.86357062810687],[-123.9589586191037,45.863569110771884],[-123.95895898705207,45.863567989802256],[-123.95895985373055,45.86356535235855],[-123.9589605929984,45.86356310221682],[-123.95896072164115,45.863562713978126],[-123.95896158955165,45.86356007559772],[-123.95896245751632,45.86355743811607],[-123.95896257080625,45.863557094446755],[-123.95896332799953,45.86355479965986],[-123.95896419725044,45.863552162140245],[-123.9589645524729,45.863551086563],[-123.9589650677877,45.86354952458282],[-123.9589659396113,45.86354688698742],[-123.95896653676624,45.86354507950211],[-123.95896681143485,45.86354424939207],[-123.95896768325832,45.86354161179669],[-123.95896852368622,45.86353907326423],[-123.95896943087268,45.863536338289705],[-123.95897030526875,45.86353370061854],[-123.9589705144651,45.86353306691257],[-123.95897117971897,45.863531063846075],[-123.95897205545552,45.86352842703573],[-123.95897250915704,45.86352706134597],[-123.95897293247836,45.86352579018748],[-123.95897380950122,45.86352315333921],[-123.95897450647558,45.86352105660231],[-123.95897468657816,45.86352051738973],[-123.95897556488724,45.86351788050351],[-123.95897644325046,45.863515244516115],[-123.95897650770728,45.86351505264363],[-123.95897732418643,45.863512608452915],[-123.95897820383593,45.86350997242757],[-123.95897851279783,45.863509048571274],[-123.95897908477176,45.863507336364314],[-123.95897996699394,45.86350470026322],[-123.95898052051498,45.86350304532185],[-123.95898084798382,45.863502065098714],[-123.95898173149224,45.86349942895964],[-123.95898253080459,45.86349704199659],[-123.95898261505482,45.863496793719364],[-123.95898349861736,45.8634941584791],[-123.95898438341194,45.863491522302134],[-123.9589845450615,45.86349104035512],[-123.95898526954713,45.86348888698599],[-123.95898615445,45.86348625260654],[-123.95898656317726,45.86348503859991],[-123.95898704187148,45.86348361725256],[-123.95898792929283,45.8634809818985],[-123.95898858391968,45.86347903766763],[-123.95898881676831,45.86347834744323],[-123.9589897055302,45.86347571295006],[-123.95899060852095,45.86347303662163],[-123.95899148434003,45.86347044392579],[-123.95899237438806,45.8634678093947],[-123.95899263580304,45.86346703729734],[-123.95899326572243,45.86346517482571],[-123.95899415839739,45.86346254111756],[-123.95899466694404,45.863461037859324],[-123.95899505101798,45.863459906510656],[-123.95899594369276,45.8634572728025],[-123.95899670065741,45.86345503834545],[-123.9589968363674,45.86345463909435],[-123.9589977316149,45.863452005310364],[-123.9589986255758,45.863449371564286],[-123.95899873833811,45.86344904051535],[-123.95899952210951,45.8634467377424],[-123.95900041869739,45.86344410481928],[-123.9590007798776,45.863443042571554],[-123.95900131523089,45.863441470997394],[-123.95900221310502,45.863438838036394],[-123.95900282404378,45.86343704545071],[-123.95900311097904,45.86343620507535],[-123.95900401013938,45.86343357207638],[-123.9590048720688,45.8634310482161],[-123.9590058097463,45.863428306040554],[-123.95900671019285,45.86342567300372],[-123.95900692277469,45.863425052703185],[-123.95900761197996,45.863423040827705],[-123.95900851376697,45.863420408651706],[-123.95900897733938,45.86341905707658],[-123.95900941678612,45.86341777553901],[-123.95901031985943,45.86341514332508],[-123.95901103447656,45.86341306137408],[-123.95901122421901,45.86341251107326],[-123.95901212863278,45.863409879720194],[-123.95901303299226,45.863407247468366],[-123.95901309558094,45.863407067355425],[-123.95901393997868,45.86340461603946],[-123.9590148456244,45.863401983749704],[-123.95901515925775,45.8634010732609],[-123.9590157538971,45.8633993522829],[-123.95901666088326,45.86339672085396],[-123.95901722684765,45.86339507995141],[-123.95901756915583,45.86339408938718],[-123.95901847871468,45.86339145788244],[-123.95901929835064,45.86338908742698],[-123.9590193883277,45.8633888272765],[-123.95902029917278,45.86338619573387],[-123.95902121007202,45.86338356509],[-123.95902137242595,45.86338309482669],[-123.95902212097123,45.86338093444606],[-123.95902303310255,45.86337830286556],[-123.95902345041438,45.86337710301142],[-123.95902394662865,45.86337567304463],[-123.95902486010039,45.86337304232487],[-123.95902553102947,45.86337111201912],[-123.95902577485847,45.86337041156731],[-123.95902668967078,45.86336778170846],[-123.95902761427111,45.86336512184966],[-123.95902852052721,45.86336252105404],[-123.95902943791202,45.863359891119366],[-123.95902970265806,45.86335913152867],[-123.95903035529676,45.863357261184696],[-123.95903127268143,45.86335463125],[-123.95903179367163,45.86335314203059],[-123.95903219135243,45.863352001277434],[-123.95903311136401,45.863349372165715],[-123.95903388731179,45.86334715335541],[-123.95903403137551,45.863346743053945],[-123.95903495133268,45.86334411304344],[-123.95903587263041,45.86334148389378],[-123.95903598486507,45.86334116546526],[-123.95903679521447,45.86333885470625],[-123.95903771779848,45.86333622551867],[-123.95903808499071,45.86333517749929],[-123.95903864043657,45.86333359722987],[-123.95903956430682,45.86333096800438],[-123.9590401903158,45.863329190280425],[-123.9590404895176,45.86332833963977],[-123.9590414147284,45.863325711275095],[-123.95904229698111,45.86332320392241],[-123.95904326643596,45.86332045450793],[-123.9590441929329,45.86331782610536],[-123.95904440750529,45.863317217450614],[-123.95904512071611,45.8633151976649],[-123.95904604983987,45.8633125700853],[-123.95904652199667,45.86331123266269],[-123.95904697890933,45.86330994160695],[-123.95904790803291,45.86330731402733],[-123.95904863906048,45.86330524779886],[-123.95904883844288,45.86330468640981],[-123.95904976885268,45.86330205879226],[-123.9590507005489,45.86329943113683],[-123.95905075998314,45.86329926282133],[-123.95905163229924,45.86329680438012],[-123.95905256528165,45.86329417668679],[-123.95905288358662,45.863293279565475],[-123.9590534996047,45.863291549854274],[-123.95905443264118,45.86328892305969],[-123.95905501104889,45.86328729619589],[-123.9590553681962,45.86328629529053],[-123.95905630385961,45.86328366931889],[-123.95905714242416,45.863281313611324],[-123.95905723946868,45.863281042448435],[-123.95905817636405,45.86327841554009],[-123.95905911331361,45.86327578953053],[-123.95905927642615,45.863275331849714],[-123.95906005149529,45.86327316258427],[-123.95906098973103,45.8632705365368],[-123.9590614130547,45.863269350911],[-123.9590619292532,45.86326791045139],[-123.95906286877523,45.86326528436598],[-123.9590635535421,45.86326336985856],[-123.95906380829722,45.86326265828058],[-123.95906475044616,45.86326003301813],[-123.95906569794249,45.863257389591126],[-123.95906663468952,45.86325478159443],[-123.95906757683822,45.86325215633195],[-123.95906784496948,45.86325141014666],[-123.95906852155964,45.86324953099368],[-123.95906946499456,45.863246905693266],[-123.95906999585532,45.86324543058844],[-123.95907040971578,45.86324428035498],[-123.9590713557234,45.86324165497877],[-123.9590721493678,45.863239451853126],[-123.95907230178514,45.8632390305013],[-123.95907324913323,45.863236405985965],[-123.95907419642694,45.863233780571846],[-123.95907430679327,45.86323347390284],[-123.9590751450612,45.863231156018564],[-123.95907609369543,45.863228531465325],[-123.95907646684539,45.86322749677549],[-123.9590770423838,45.86322590781075],[-123.95907799230427,45.86322328321958],[-123.95907863081047,45.86322152043316],[-123.9590789435653,45.86322065948926],[-123.95907989477199,45.86321803486012],[-123.95908079863446,45.863215543977084],[-123.95908179986638,45.86321278732362],[-123.9590827524135,45.86321016355533],[-123.95908296908495,45.86320956834393],[-123.9590837063011,45.86320754064791],[-123.95908466142092,45.86320491680386],[-123.95908514216208,45.863203593533726],[-123.95908561659479,45.86320229385852],[-123.9590865717686,45.86319967091316],[-123.95908731915227,45.86319761950851],[-123.95908752817446,45.863197047031186],[-123.95908848592094,45.86319442401003],[-123.95908944243509,45.86319180192551],[-123.95908950000121,45.863191645369575],[-123.95909040146779,45.86318917886646],[-123.9590913605004,45.86318655580739],[-123.95909168347681,45.86318567205359],[-123.95909232087361,45.863183933609186],[-123.95909328124665,45.86318131141094],[-123.95909387086543,45.86317969952259],[-123.9590942416197,45.86317868921271],[-123.959095203279,45.86317606697657],[-123.95909606088061,45.863173727814505],[-123.9590961649382,45.86317344474045],[-123.95909712788381,45.86317082246637],[-123.9590980908835,45.863168201091085],[-123.95909825475464,45.863167755992755],[-123.95909905645588,45.86316557963999],[-123.95910002068766,45.86316295732799],[-123.95910045254159,45.863161784955956],[-123.95910098625993,45.863160335876884],[-123.95910195183211,45.86315771442571],[-123.95910265166881,45.863155814779994],[-123.95910291874483,45.86315509383547],[-123.95910388560326,45.863152472346385],[-123.95910485599545,45.86314984535114],[-123.95910582194688,45.863147230191224],[-123.9591067914321,45.863144609525115],[-123.95910706294868,45.86314387674525],[-123.95910776220364,45.86314198882112],[-123.95910873168867,45.86313936815503],[-123.95910927247431,45.863137908063464],[-123.95910970380066,45.863136748311845],[-123.95911067457197,45.8631341276078],[-123.9591114859129,45.86313194016676],[-123.95911164668378,45.863131507764614],[-123.95911262002771,45.86312888698478],[-123.95911359342578,45.86312626710364],[-123.95911370326453,45.863125973055034],[-123.95911456811015,45.86312364718466],[-123.95911554279446,45.86312102726562],[-123.95911592318852,45.863120005867486],[-123.95911651881934,45.86311840820747],[-123.95911749478992,45.863115788250525],[-123.9591181470798,45.86311404036371],[-123.95911847210095,45.863113169154474],[-123.95911944941197,45.86311055005838],[-123.95912037354337,45.86310807478411],[-123.95912042795509,45.86310793002561],[-123.95912140660657,45.86310531179034],[-123.9591223864901,45.86310269261846],[-123.95912260392,45.863102109989505],[-123.95912336637357,45.863100073446546],[-123.95912434631123,45.863097455173396],[-123.95912483692321,45.863096146017845],[-123.9591253288216,45.86309483682441],[-123.95912630999119,45.863092217614586],[-123.95912707378515,45.86309018193243],[-123.95912729250136,45.86308959926557],[-123.9591282762979,45.86308698087867],[-123.95912926014847,45.86308436339055],[-123.95912931327379,45.86308421866993],[-123.95913024394483,45.86308174500364],[-123.9591312290817,45.86307912747754],[-123.9591315579618,45.86307825615457],[-123.9591322155049,45.8630765099136],[-123.9591332018738,45.863073891450895],[-123.95913380398993,45.86307229450003],[-123.95913418958321,45.863071273849016],[-123.9591351773468,45.86306865714585],[-123.9591360539311,45.86306633363049],[-123.9591361650561,45.863066039543966],[-123.95913715410589,45.86306342280293],[-123.95913814310137,45.86306080516309],[-123.95913830644463,45.86306037268513],[-123.95913913472377,45.86305818834624],[-123.95914012505978,45.863055571567294],[-123.95914056415764,45.86305441248688],[-123.95914111668205,45.86305295475041],[-123.95914210830419,45.863050337933515],[-123.95914282321071,45.86304845314942],[-123.95914310126692,45.86304772197749],[-123.95914409546178,45.86304510508479],[-123.95914508617687,45.86304249459701],[-123.95914608395958,45.86303987309688],[-123.9591470794948,45.86303725706501],[-123.95914735305601,45.86303653682962],[-123.9591480750299,45.86303464103311],[-123.95914907185131,45.86303202496334],[-123.95914962250747,45.86303057898636],[-123.9591500687269,45.86302940979232],[-123.95915106683452,45.863026793684604],[-123.95915189587195,45.86302462192815],[-123.95915206499637,45.8630241784757],[-123.95915306444451,45.8630215632288],[-123.95915406389247,45.86301894798197],[-123.95915417186303,45.86301866569285],[-123.95915506462683,45.86301633269718],[-123.95915606670175,45.863013718273265],[-123.95915645176707,45.86301271024254],[-123.95915706743592,45.86301110298844],[-123.95915807079706,45.86300848852661],[-123.95915873558411,45.86300675557728],[-123.95915907287166,45.863005874102676],[-123.95916007751899,45.86300325960292],[-123.9591610206871,45.86300080087408],[-123.95916108087987,45.86300064514107],[-123.95916208681349,45.862998030603414],[-123.95916309151478,45.86299541700237],[-123.9591633109895,45.86299484691799],[-123.9591640975024,45.86299280336345],[-123.95916510472213,45.862990188787876],[-123.95916560391844,45.8629888937848],[-123.95916611199601,45.862987575111006],[-123.95916712055616,45.86298496139625],[-123.95916789947395,45.862982941474556],[-123.95916812917048,45.862982348580275],[-123.95916913901692,45.86297973482759],[-123.95917019888827,45.862976989050544],[-123.9591711587637,45.862974508220994],[-123.95917216995048,45.86297189532914],[-123.95917250221554,45.862971037411555],[-123.95917318242357,45.862969282399405],[-123.95917419489655,45.862966669469685],[-123.95917480822364,45.8629650874942],[-123.95917520865588,45.86296405650202],[-123.95917622246931,45.862961444433125],[-123.95917711803624,45.86295913656443],[-123.95917723628271,45.862958832364185],[-123.95917825132817,45.86295621935859],[-123.95917926642772,45.86295360725177],[-123.95917943052969,45.86295318735626],[-123.95918028410006,45.86295099506912],[-123.9591813005401,45.86294838382312],[-123.95918174693608,45.862947238933124],[-123.95918231821227,45.862945771640454],[-123.95918333722494,45.862943160318686],[-123.95918406591481,45.86294129043417],[-123.95918435618333,45.8629405480981],[-123.95918537519584,45.862937936776284],[-123.95918638880656,45.862935342720164],[-123.95918741579334,45.86293271405678],[-123.95918843743264,45.8629301035579],[-123.95918871432484,45.86292939582918],[-123.95918946030402,45.862927492122324],[-123.95919048194307,45.862924881623435],[-123.95919104375609,45.86292344972313],[-123.9591915061549,45.86292227104868],[-123.95919253036661,45.86291966047397],[-123.9591933757597,45.86291750354127],[-123.95919355457822,45.862917049899224],[-123.9591945800762,45.86291443928662],[-123.959195605574,45.86291182867394],[-123.95919571173053,45.86291155904316],[-123.95919663241241,45.862909218922134],[-123.95919765925069,45.862906609170295],[-123.95919805027368,45.862905614469184],[-123.95919868737535,45.86290399938059],[-123.95919971549988,45.86290138959088],[-123.9592003927298,45.862899670680235],[-123.95920074491073,45.86289877976324],[-123.95920177432143,45.862896169935574],[-123.95920273909893,45.86289372767632],[-123.95920280507274,45.862893560968786],[-123.95920383576973,45.862890951103225],[-123.95920486780727,45.86288834209851],[-123.95920508804038,45.862887784596566],[-123.95920589984468,45.862885733093826],[-123.95920693316842,45.86288312405117],[-123.95920743966259,45.86288184323849],[-123.95920796654632,45.86288051590729],[-123.95920900115627,45.862877906826725],[-123.95920979514358,45.86287590176663],[-123.95921003582038,45.86287529864491],[-123.95921107048436,45.86287269046313],[-123.95921210638043,45.86287008134462],[-123.95902772045726,45.862868680997245],[-123.95892921672323,45.862770263664174],[-123.95892699209503,45.86276801527718],[-123.95892480261874,45.862765751449245],[-123.95892264941808,45.862763469446215],[-123.9589205326016,45.862761171065685],[-123.95891845222337,45.86275885720628],[-123.9589164082293,45.86275652696935],[-123.9589144019599,45.86275418121569],[-123.9589124334153,45.86275181994539],[-123.95891050130902,45.862749443196286],[-123.9589086070359,45.86274705272801],[-123.9589067517739,45.862744646705146],[-123.95890493434507,45.86274222696315],[-123.95890315469516,45.86273979260318],[-123.95890141421908,45.86273734538496],[-123.95889971291682,45.86273488530843],[-123.95889805073406,45.862732411474866],[-123.95889642643876,45.86272992482089],[-123.95889484394424,45.86272742613157],[-123.958893299337,45.86272491462187],[-123.95889179529853,45.862722392013524],[-123.9588903318286,45.86271985830652],[-123.9588889075867,45.86271731263999],[-123.95888752396766,45.862714756773535],[-123.95888618091718,45.862712189808434],[-123.95888487977597,45.862709612605556],[-123.9588836180254,45.862707026139404],[-123.95888239818403,45.86270442943549],[-123.95888121901976,45.8627018234304],[-123.95888008187312,45.86269920898505],[-123.95887898668998,45.86269658520069],[-123.95887793229231,45.86269395391269],[-123.95887691991224,45.86269131418446],[-123.95887594831767,45.86268866695255],[-123.95887502008136,45.86268601214128],[-123.95887413391699,45.86268334978848],[-123.95887328993287,45.862680681691636],[-123.95887248807483,45.86267800695212],[-123.95887172839709,45.86267532646859],[-123.95887101084544,45.862672639342314],[-123.95887033681467,45.86266994733286],[-123.95886970501844,45.86266725047823],[-123.95886911674316,45.862664548740455],[-123.95886857075656,45.86266184305616],[-123.95886806829081,45.86265913248876],[-123.95886760816805,45.86265641887365],[-123.95886719033398,45.862653701312034],[-123.95886681746993,45.862650981525725],[-123.95886648566233,45.86264825872953],[-123.95886619877047,45.86264553280986],[-123.95886595432995,45.862642805639965],[-123.95886575357295,45.86264007628318],[-123.95886559526734,45.862637345676205],[-123.95886548069949,45.862634613781154],[-123.9588654086371,45.86263188153465],[-123.95886538165317,45.862629148860876],[-123.95886539588837,45.86262641587351],[-123.95886545525612,45.8626236833577],[-123.95886555718363,45.8626209513892],[-123.95886570172507,45.862618220866736],[-123.95886589011276,45.862615490853685],[-123.95886612245503,45.86261276314756],[-123.95886639741121,45.862610036887496],[-123.95886671503558,45.86260731297219],[-123.9588670766688,45.86260459226258],[-123.95886748097014,45.86260187389775],[-123.9588679279939,45.862599158776526],[-123.95886841908067,45.8625964477597],[-123.9588689528898,45.86259373998643],[-123.95886952824337,45.86259103729213],[-123.95887014765994,45.86258833870225],[-123.95887080990727,45.86258564515339],[-123.95887151375328,45.86258295758228],[-123.95887226043004,45.86258027505221],[-123.95887304999188,45.86257759846201],[-123.95887388243868,45.862574927811565],[-123.95887475653834,45.862572264037624],[-123.95887567229079,45.862569607140074],[-123.95887663103676,45.86256695797988],[-123.95887763143548,45.86256431569618],[-123.95887867225485,45.8625616812255],[-123.9588797561219,45.862559055390975],[-123.95888088175016,45.86255643823037],[-123.95888204785325,45.86255382978161],[-123.95888325577184,45.86255123090555],[-123.95888450545172,45.86254864070346],[-123.95888579571478,45.862546061010704],[-123.95888712650697,45.86254349092859],[-123.9588884979366,45.86254093225452],[-123.9588899098953,45.86253838319109],[-123.95889136249144,45.86253584553573],[-123.9588928544387,45.86253331932636],[-123.95889438707765,45.86253080542384],[-123.95889595906769,45.862528302967306],[-123.95889757046305,45.8625258128555],[-123.95889922126365,45.86252333508846],[-123.95890091152378,45.86252087056482],[-123.95890263995697,45.862518419322654],[-123.95890440784972,45.86251598132394],[-123.95890621525622,45.86251355746741],[-123.95890805960364,45.86251114782896],[-123.95890994217827,45.86250875237057],[-123.95891186303454,45.8625063719911],[-123.95891382083173,45.86250400582959],[-123.95891581696463,45.86250165564573],[-123.9589178488063,45.862499320616465],[-123.95891991898367,45.862497001564876],[-123.95892202492404,45.86249469856666],[-123.95892416796798,45.86249241248269],[-123.95892634677489,45.86249014245213],[-123.95892856016678,45.86248789031031],[-123.9590089761379,45.8624069959384],[-123.95922130833416,45.86225073989446],[-123.95931155428246,45.86214758174979],[-123.95931227275999,45.86214676017412],[-123.95931298464286,45.862145936091544],[-123.95931369255806,45.862145110325244],[-123.95931439650556,45.86214428287498],[-123.95931509648544,45.86214345374096],[-123.9593157924976,45.86214262292302],[-123.95931648320156,45.86214178956045],[-123.95931716999199,45.86214095541273],[-123.95931785281482,45.86214011958119],[-123.95931853032936,45.86213928120494],[-123.9593192039305,45.86213844204359],[-123.9593198735097,45.862137600299654],[-123.95932053917547,45.86213675777063],[-123.95932120081936,45.86213591265902],[-123.9593218572634,45.86213506680018],[-123.95932250968563,45.862134218358726],[-123.95932315690797,45.86213336917012],[-123.95932380016264,45.86213251829768],[-123.95932443939549,45.86213166484261],[-123.95932507471481,45.862130810602444],[-123.95932570478016,45.86212995471631],[-123.95932633087781,45.862129097146386],[-123.95932695300777,45.86212823789256],[-123.95932756993798,45.8621273778916],[-123.95932818284626,45.86212651530799],[-123.95932879184116,45.862125651939344],[-123.95932939558196,45.86212478692471],[-123.9593299953551,45.862123920226225],[-123.95933058987417,45.86212305188181],[-123.95933118042564,45.862122181853515],[-123.95933176706363,45.862121311040156],[-123.95933234844763,45.86212043858088],[-123.95933292586392,45.862119564437684],[-123.95933349802614,45.86211868864859],[-123.95933406627498,45.86211781207444],[-123.95933463050194,45.862116932917644],[-123.95933518958326,45.86211605391238],[-123.95933574464273,45.862115172324565],[-123.95933629450238,45.862114289989535],[-123.95933684039437,45.862113405970646],[-123.95933738103233,45.862112520305814],[-123.95933791775684,45.86211163385595],[-123.95933845051374,45.862110745722205],[-123.95933897807075,45.862109856841236],[-123.95933950037372,45.86210896631435],[-123.95934001870904,45.86210807410361],[-123.95934053313103,45.8621071811078],[-123.95934104229885,45.862106286466],[-123.9593415462669,45.86210539107705],[-123.95934204626731,45.86210449400423],[-123.95934254230006,45.86210359524754],[-123.95934303318717,45.862102696642445],[-123.95934351876608,45.862101795492684],[-123.95934400043154,45.86210089355777],[-123.95934447818354,45.86209999083778],[-123.95934494939515,45.86209908650974],[-123.9593454179255,45.86209818046],[-123.95934587996962,45.86209727370088],[-123.9593463393867,45.86209636611885],[-123.95934679231758,45.862095457827486],[-123.95934724122661,45.86209454695352],[-123.95934768627642,45.862093636193286],[-123.95934812607219,45.862092723787036],[-123.95934856066816,45.86209181063358],[-123.9593489912965,45.86209089579634],[-123.95934941672499,45.86208998021186],[-123.95934983824004,45.86208906384231],[-123.95935025450109,45.86208814582682],[-123.95935066561653,45.86208722796286],[-123.9593510727101,45.86208630751633],[-123.95935147465812,45.86208538722135],[-123.95935187263846,45.862084465242546],[-123.95935226413258,45.86208354255442],[-123.95935265299968,45.862082619043306],[-123.95935303538063,45.86208169482292],[-123.95935341379389,45.862080768918666],[-123.9593537882937,45.86207984222935],[-123.95935415759375,45.86207891479284],[-123.95935452169395,45.862077986609094],[-123.95935488054016,45.86207705677943],[-123.95935523552711,45.86207612706343],[-123.95935558526011,45.862075195701465],[-123.95935592984749,45.862074264491106],[-123.95935627046724,45.86207333159686],[-123.95935660588711,45.86207239795542],[-123.95935693739365,45.86207146352892],[-123.95935726364615,45.86207052745652],[-123.95935758475302,45.86206959153561],[-123.95935790066014,45.862068654867535],[-123.9593582126538,45.86206771741432],[-123.9593585193934,45.86206677831521],[-123.9593588209875,45.86206583936766],[-123.9593591186681,45.86206489963498],[-123.95935940986257,45.862063959193044],[-123.95935969837578,45.862063017029385],[-123.95935998045702,45.86206207505512],[-123.95936025862483,45.86206113229581],[-123.95936053159285,45.8620601887893],[-123.95936079936106,45.862059244535565],[-123.95936106321582,45.86205829949684],[-123.9593613219251,45.86205735460959],[-123.95936157538024,45.86205640807642],[-123.95936182368986,45.86205546169479],[-123.95936206803182,45.862054513629346],[-123.95936230722822,45.86205356571545],[-123.95936254122483,45.86205261705437],[-123.95936136761847,45.8619575671926],[-123.9593606328179,45.861954914789045],[-123.95935985964265,45.86195226711723],[-123.959359048147,45.86194962507591],[-123.95935819967156,45.86194698952592],[-123.95935731287574,45.861944359606376],[-123.95935638781378,45.8619417362161],[-123.95935542577199,45.861939119317185],[-123.95935442546406,45.86193650894751],[-123.95935338694426,45.8619339060058],[-123.9593523127853,45.86193131041631],[-123.95935120046869,45.86192872315354],[-123.95935004994017,45.86192614331877],[-123.95934886382679,45.861923571734984],[-123.95934764084204,45.86192100844],[-123.95934637975397,45.86191845437056],[-123.95934508308098,45.86191590855203],[-123.95934374959099,45.86191337192112],[-123.95934237933821,45.86191084537657],[-123.95934097232262,45.86190832891834],[-123.95933953106284,45.86190582157193],[-123.95933805180813,45.86190332524854],[-123.95933653707701,45.86190083897362],[-123.95933498821007,45.861898363608],[-123.9593334026347,45.86189589922747],[-123.95933178163713,45.86189344579418],[-123.95933012527166,45.861891004206825],[-123.95932843353832,45.861888574465446],[-123.95932670772342,45.861886156532094],[-123.9593249465949,45.86188375134354],[-123.95932315138488,45.86188135796297],[-123.95932132214756,45.86187897728927],[-123.95931945765085,45.86187661025904],[-123.9593175604132,45.861874255897725],[-123.9593156292026,45.86187191514196],[-123.95931366401894,45.86186958799177],[-123.9593116649165,45.86186727534591],[-123.9593096331274,45.861864976267746],[-123.95930756870592,45.86186269165597],[-123.95930547165206,45.86186042151065],[-123.95930334067933,45.86185816586964],[-123.95930117846918,45.8618559264547],[-123.95929898491292,45.86185370146826],[-123.95929675749214,45.86185149188488],[-123.95929450012025,45.86184929848967],[-123.95929221022449,45.86184712135839],[-123.95928988903685,45.86184495955438],[-123.9592875379523,45.8618428148373],[-123.95928515563031,45.86184068634621],[-123.95928274212497,45.86183857497996],[-123.95928029872273,45.86183648070059],[-123.95927782542351,45.8618344035081],[-123.95927532356811,45.86183234426332],[-123.95927279052933,45.86183030214339],[-123.95927022893427,45.86182827797117],[-123.95926763749657,45.861826271784615],[-123.95926501884317,45.86182428440666],[-123.9592623703471,45.86182231501432],[-123.9592596946354,45.861820364430635],[-123.95925699042158,45.861818432693454],[-123.95925425775998,45.861816520701495],[-123.95925149916911,45.86181462748025],[-123.95924871336248,45.861812753067646],[-123.95924590044874,45.8618108992611],[-123.95924306037347,45.86180906516197],[-123.95924019442317,45.86180725073227],[-123.95923730265207,45.86180545687081],[-123.95923438506013,45.86180368357751],[-123.95923144293377,45.86180193081461],[-123.95922847498656,45.86180019861991],[-123.95922548121847,45.86179848699339],[-123.95922246425664,45.86179679675805],[-123.95921942281453,45.861795127951815],[-123.9592163581786,45.86179348053674],[-123.95921326906247,45.861791854550766],[-123.95921015680672,45.861790250854696],[-123.95920702264353,45.861788668511934],[-123.95920386534067,45.86178710845905],[-123.95920068489824,45.86178557069615],[-123.95919748260259,45.86178405518529],[-123.95919425979439,45.8617825627873],[-123.95919101513287,45.86178109264136],[-123.95918774867233,45.861779645646195],[-123.95918446293139,45.86177822082732],[-123.959181156732,45.86177682002009],[-123.95917783002004,45.861775442325715],[-123.95917448279533,45.861774087744266],[-123.95917111768513,45.861772757098684],[-123.95916773340284,45.86177145042686],[-123.9591643298943,45.86177016683005],[-123.95916090726796,45.86176890810573],[-123.95915746798813,45.86176767238062],[-123.95915401087687,45.861766461490156],[-123.95915053722057,45.861765275396394],[-123.95914704567862,45.861764113238486],[-123.95914353759167,45.861762975877305],[-123.95914001424602,45.861761863274936],[-123.95913647430108,45.86176077457063],[-123.95913291915166,45.86175971152383],[-123.95912934751144,45.86175867417252],[-123.9591257631311,45.86175766060552],[-123.95912216354627,45.86175667269606],[-123.95911855004339,45.86175571040637],[-123.9591149226224,45.861754773736344],[-123.95911128128334,45.861753862685994],[-123.95910762854476,45.86175297628079],[-123.95910396194226,45.86175211639408],[-123.95910028399445,45.86175128205126],[-123.9590965934692,45.861750474189],[-123.95909289288495,45.86174969183271],[-123.95908917966894,45.86174893505827],[-123.95908545644826,45.861748204688624],[-123.9590817232228,45.86174750072372],[-123.95907797870625,45.861746823201486],[-123.95907422541708,45.861746171147374],[-123.95907046346375,45.86174554635894],[-123.95906669279208,45.86174494793734],[-123.95906291334778,45.86174437498392],[-123.95905912529354,45.861743830194854],[-123.95905532975307,45.86174331083601],[-123.95852670329407,45.86167294580147],[-123.95800036823124,45.861651590952334],[-123.95809221736458,45.86211778537903],[-123.9541459893944,45.862012232397106],[-123.95414565270593,45.862012633051215],[-123.95336530519536,45.86293998823328],[-123.95336206787175,45.867400075336995],[-123.95466749281167,45.867392413429265],[-123.95466735309577,45.867533631573494],[-123.95466728180666,45.86760599185752],[-123.95466722284824,45.86766360859428],[-123.95466708285966,45.86780758088175],[-123.9546669382923,45.867951691043004],[-123.95466680283833,45.8680958027229],[-123.95466665826956,45.868239912856254],[-123.95466660366262,45.86829642561552],[-123.95466651493247,45.868384022038995],[-123.95466637454687,45.86852813742332],[-123.95466623126251,45.86867224747689],[-123.95466609049635,45.86881635654203],[-123.95466594335092,45.86896046668113],[-123.95466580660546,45.869104578301055],[-123.95466570950185,45.86920044009951],[-123.95466566312199,45.86924733778551],[-123.95476235680539,45.869247895384156],[-123.95475979308178,45.86946592743837],[-123.9547578640599,45.869630465655284],[-123.95475721929866,45.86968531117478],[-123.95475577181459,45.86980871911837],[-123.95475464576671,45.86990469937249],[-123.95475416325094,45.869945835049165],[-123.95474831919991,45.87044370258799],[-123.95474144118509,45.87103001334138],[-123.95495323487498,45.87102873872504],[-123.95574643418217,45.87102396029207],[-123.95609974659754,45.87102183160065],[-123.95613901092403,45.87102159649693],[-123.95617826742223,45.87102135980975],[-123.95643344424796,45.87101981984073],[-123.95653158613011,45.8710192278334],[-123.95688304931339,45.87101712419084],[-123.95694383389728,45.87101675878838],[-123.95714012412569,45.87101557454882],[-123.95784701944984,45.87101130875885],[-123.95864187412512,45.870982111263245],[-123.95863013293207,45.87108012118266],[-123.95870446397531,45.87119256200255],[-123.9587169070612,45.871211383809666],[-123.95881417753255,45.87135852553699],[-123.95881628537491,45.87135825639113],[-123.9590076832505,45.87164647918659],[-123.95903331287701,45.87168507321717],[-123.95932106530174,45.872118379639296],[-123.95937749347051,45.872368115264656],[-123.95901970784043,45.87278925234384],[-123.95873073860567,45.873115732529854],[-123.95867912485154,45.87317404511028],[-123.95864078552857,45.8732173605225],[-123.95851838730758,45.87335564596897],[-123.95765794752431,45.87334760528753],[-123.956828737788,45.873352344344326],[-123.95671532662593,45.873352992351776],[-123.95608085189788,45.873356612584544],[-123.95584908429024,45.87335793458606],[-123.95466159653789,45.873364699633896],[-123.95466282791679,45.87416621649831],[-123.95544174996313,45.874154611715596],[-123.95564369594503,45.874151602796026],[-123.95580945242573,45.874149132365574],[-123.95633745617661,45.8741412619558],[-123.95651820762235,45.87413856721315],[-123.95651811195754,45.874207150119375],[-123.95652642603757,45.87448159135776],[-123.95651390783554,45.87448184985304],[-123.95648934519245,45.87475628242923],[-123.95674828740803,45.87475242023358],[-123.95668812996787,45.8754318869634],[-123.95623337914864,45.875437269401665],[-123.95624667812923,45.87598565956778],[-123.9574243449902,45.87597171970947],[-123.95741212237853,45.87610900181516],[-123.95656418498316,45.87611904099929],[-123.95651544275675,45.87666645365761],[-123.95736338954134,45.876656414790894],[-123.95815148631499,45.87664124308614],[-123.95813400387104,45.87683766425493],[-123.95812757212548,45.87690992243553],[-123.95808552693074,45.877382313963786],[-123.95807884423402,45.87745737956393],[-123.95807786364571,45.87746836649775],[-123.95807737161115,45.87747386316707],[-123.95807689100445,45.877479292874604],[-123.9580764098454,45.87748477751926],[-123.95807591018848,45.8774903401379],[-123.9580754297442,45.877495772541614],[-123.95807494124395,45.877501263704715],[-123.95807445606164,45.87750674576669],[-123.95807397169254,45.87751224130984],[-123.95807347981989,45.877517740675245],[-123.95807299856179,45.87752315959765],[-123.95807251032214,45.87752871917896],[-123.95807201855763,45.877534220341786],[-123.95807154845618,45.87753956780866],[-123.95807106397808,45.877545061554166],[-123.95807009861078,45.87755604443784],[-123.95806961413243,45.87756153818326],[-123.95806912943715,45.8775670283337],[-123.9580686525264,45.87757245523099],[-123.95806817174537,45.87757794616656],[-123.95806768737508,45.87758344170942],[-123.9580672154484,45.8775888657589],[-123.95806673885264,45.87759436197323],[-123.95806625801698,45.87759985200991],[-123.95806578502015,45.877605279692226],[-123.95806531190479,45.8776107695016],[-123.95806483525442,45.87761626481707],[-123.95806435823442,45.87762168991664],[-123.95806342123716,45.877632608940544],[-123.95806324085441,45.87763470394506],[-123.95806294817551,45.87763809964855],[-123.9580620060307,45.87764901882381],[-123.95806154075359,45.87765444627864],[-123.95806060696472,45.877665354403675],[-123.95806014564593,45.87767084746693],[-123.9580596726921,45.87767633997227],[-123.9580592129953,45.87768177446547],[-123.95805875527539,45.87768719899669],[-123.95805784094927,45.87769810924957],[-123.95805692218079,45.87770903133754],[-123.95805601187692,45.877719944172796],[-123.95805555431905,45.87772537140009],[-123.95805465640876,45.8777362973756],[-123.95805420785786,45.877741724337675],[-123.95805376519833,45.8777471421229],[-123.95805331701678,45.87775263930083],[-123.95805287136452,45.87775807157957],[-123.95805242999145,45.877763489326874],[-123.9580519843831,45.877768986428926],[-123.95805154719548,45.87777440945507],[-123.95805110893794,45.87777983611399],[-123.95805067191283,45.87778526183631],[-123.9580502387479,45.87779068744494],[-123.9580498007512,45.87779618252218],[-123.95804937112094,45.87780160262467],[-123.95804894220565,45.877806970486255],[-123.95804851557246,45.877812461627514],[-123.95804808641991,45.877817953743296],[-123.95804766457418,45.87782331059259],[-123.95804681668123,45.87783423239389],[-123.95804639917336,45.877839661142836],[-123.95804556002614,45.87785051426052],[-123.9580451539462,45.877855876047676],[-123.95804474039662,45.877861370405],[-123.95804432653172,45.87786679544523],[-123.95804352196313,45.8778776448438],[-123.9580431123379,45.87788307606153],[-123.95804271767548,45.87788843481142],[-123.95804232301313,45.87789379356134],[-123.95804192877429,45.87789922342578],[-123.95804153066507,45.877904717328406],[-123.95804114372292,45.877910075850934],[-123.9580403713218,45.87792092430234],[-123.95803998856505,45.87792628810367],[-123.95803923616963,45.877937147670465],[-123.95803885694754,45.87794250596563],[-123.95803811993851,45.877953364179085],[-123.9580377561571,45.877958722019706],[-123.95803739349982,45.87796407712617],[-123.95803703421913,45.87796950956264],[-123.95803631779735,45.8779803671699],[-123.95803596543372,45.87798572197326],[-123.95803561908465,45.87799109100506],[-123.95803527631458,45.877996519354085],[-123.95803493167124,45.87800187393014],[-123.958034923186,45.87800201103196],[-123.958034589389,45.87800731036786],[-123.9580342466729,45.87801273961555],[-123.95803391129762,45.878018162344745],[-123.95803358017228,45.87802352732694],[-123.95803325225636,45.87802888141055],[-123.9580329210665,45.87803430941852],[-123.95803260184708,45.87803967945227],[-123.95803196235742,45.87805053029265],[-123.95803164683541,45.87805589751644],[-123.95803103067973,45.878066686446616],[-123.95803072238996,45.87807204535438],[-123.95803042381232,45.87807741568066],[-123.95803011980642,45.878082845589326],[-123.95802982319557,45.878088269878255],[-123.95802952809842,45.87809363379968],[-123.95802923943499,45.87809899753168],[-123.95802866740758,45.87810979146497],[-123.95802811092942,45.87812058674111],[-123.95802783850546,45.87812594189194],[-123.95802756566232,45.87813131146051],[-123.95802703346932,45.87814210332068],[-123.95802677327663,45.87814746891548],[-123.95802650787255,45.878152897687606],[-123.95802625512917,45.878158258561385],[-123.95802601070277,45.87816362909412],[-123.95802575816607,45.87816905748738],[-123.95802551308881,45.87817441723512],[-123.958025031458,45.87818521390902],[-123.9580247978631,45.87819050759372],[-123.95802434046344,45.87820129995285],[-123.95802411527355,45.878206732943106],[-123.95802389020231,45.87821210380627],[-123.95802367955186,45.87821739321412],[-123.95802346744637,45.87822282942053],[-123.95802324955314,45.878228191068885],[-123.95802304871309,45.878233557617335],[-123.95802284282436,45.87823899003937],[-123.95802264525815,45.87824428266334],[-123.95802244720845,45.87824965273093],[-123.95802227155288,45.87825460348032],[-123.9580222541871,45.878255084774146],[-123.95802206460228,45.878260445589135],[-123.95802185633445,45.878266479509556],[-123.95802169851248,45.87827108490294],[-123.95802152511767,45.87827652177038],[-123.95802134711359,45.878281882244394],[-123.9580211880514,45.8782871080099],[-123.95802102613905,45.8782924788143],[-123.95802086405376,45.878297910847095],[-123.95802070905856,45.87830320401843],[-123.9580204810701,45.87831153889306],[-123.95804467330915,45.87831121034075],[-123.95804968945939,45.87865430274726],[-123.95806289821849,45.878859522297745],[-123.95808618658171,45.87905154503353],[-123.95808657754027,45.8790542003375],[-123.95808696721211,45.879056855679345],[-123.95808735940331,45.879059510046645],[-123.95808775422235,45.87906216523694],[-123.95808815156073,45.87906481945276],[-123.95808855024015,45.87906747452945],[-123.95808895015213,45.879070128669476],[-123.95808935392449,45.87907278269591],[-123.95808975769687,45.879075436722275],[-123.95809016532964,45.87907809063503],[-123.95809057424913,45.87908074450993],[-123.95809098574226,45.879083398309035],[-123.95809139846799,45.879086051171534],[-123.95809181382151,45.879088704857026],[-123.95809223040763,45.879091357605894],[-123.95809264962159,45.87909401117773],[-123.9580930713549,45.87909666377507],[-123.95809349437498,45.87909931633452],[-123.95809391996866,45.87910196881819],[-123.95809434684915,45.87910462126405],[-123.95809477624901,45.879107272735325],[-123.95809520827663,45.87910992502963],[-123.95809564159119,45.879112577286044],[-123.95809607742501,45.879115228567905],[-123.95809651583247,45.879117879774114],[-123.95809695552674,45.87912053094236],[-123.95809739650777,45.87912318207272],[-123.95809784134921,45.8791258330895],[-123.95809828619068,45.87912848410621],[-123.95809873489252,45.87913113500936],[-123.9580991848269,45.87913378497582],[-123.95809963738915,45.87913643576528],[-123.95810009118395,45.87913908561811],[-123.95810054755243,45.87914173539519],[-123.95810100520764,45.87914438513439],[-123.95810146543646,45.8791470347978],[-123.95810192823888,45.87914968438549],[-123.95810239232813,45.87915233393528],[-123.95810285899096,45.87915498340931],[-123.95810332688637,45.87915763194672],[-123.95810379735539,45.87916028040838],[-123.95810427039797,45.87916292879427],[-123.9581047447274,45.879165577142246],[-123.95810522163042,45.8791682254145],[-123.95810570110703,45.87917087361099],[-123.95810618187046,45.87917352176957],[-123.95810666386653,45.87917616899156],[-123.95810714977715,45.8791788169986],[-123.95810763563357,45.879181464106985],[-123.95810812535036,45.87918411110165],[-123.95810861635401,45.87918675805848],[-123.95810910864446,45.87918940497741],[-123.9581096047953,45.87919205178268],[-123.95811010217871,45.879194697651336],[-123.95811060084893,45.879197343482126],[-123.95811110214699,45.87919999013593],[-123.95811160596443,45.87920263581517],[-123.95811211106867,45.87920528145655],[-123.95811261874654,45.87920792702216],[-123.95811312765697,45.879210571651114],[-123.95811363919525,45.879213217103086],[-123.95811415325296,45.87921586158057],[-123.95811466859737,45.879218506020166],[-123.95811518656969,45.87922115128275],[-123.95811570572033,45.87922379470993],[-123.95811622749888,45.87922643896013],[-123.95811675185094,45.87922908313454],[-123.95811727743568,45.87923172637233],[-123.95811780564817,45.87923437043314],[-123.95811833509333,45.87923701355725],[-123.958118867112,45.879239656605634],[-123.95811940170432,45.87924229957829],[-123.95811993752925,45.87924494161428],[-123.95812047598199,45.879247584473255],[-123.95812101566739,45.8792502263956],[-123.95812155798053,45.87925286914093],[-123.9581221028131,45.879255510911754],[-123.95812264893249,45.879258152644724],[-123.95812319628445,45.879260793441055],[-123.95812374755107,45.879263435022466],[-123.95812430005026,45.87926607566727],[-123.95812485383627,45.87926871627419],[-123.95812541025015,45.879271357704084],[-123.95812596912917,45.879273997260725],[-123.95812653063602,45.87927663764037],[-123.9581270921429,45.87927927802],[-123.95812765745592,45.87928191738724],[-123.95812822405583,45.879284556716584],[-123.95812879322929,45.87928719597021],[-123.95812936368964,45.87928983518591],[-123.95812993672354,45.879292474325844],[-123.95813051233111,45.87929511339007],[-123.95813108917122,45.87929775151765],[-123.95813166729819,45.87930038960733],[-123.95813224928553,45.87930302758333],[-123.95813283127295,45.87930566555936],[-123.95813341712076,45.879308303421745],[-123.95813400420113,45.87931094034754],[-123.95813459385515,45.87931357719756],[-123.9581351848502,45.87931621490844],[-123.95813577831044,45.87931885074604],[-123.95813637311171,45.87932148744449],[-123.95813697048665,45.879324124067224],[-123.95813757038091,45.87932675971542],[-123.95813817156206,45.87932939532578],[-123.95813877531675,45.8793320308603],[-123.95813938035833,45.879334666356996],[-123.95813998797352,45.8793373017779],[-123.95814059810803,45.87933993622429],[-123.95814120958369,45.8793425715316],[-123.95814182352446,45.8793452049656],[-123.95814237534556,45.879347556620615],[-123.95814292839918,45.87934990733889],[-123.95814348279389,45.87935225891814],[-123.95814403842121,45.87935460956072],[-123.95814459662212,45.87935696012754],[-123.95814515610988,45.87935931065648],[-123.95814571688445,45.8793616611475],[-123.95814628023258,45.8793640115628],[-123.95814684481336,45.87936636104145],[-123.95814741073518,45.87936871138097],[-123.95814797788962,45.87937106078388],[-123.95814854761763,45.879373410111],[-123.95814911863243,45.87937575940029],[-123.95814969087992,45.87937810775289],[-123.9581502644684,45.87938045696638],[-123.9581508405763,45.879382805205346],[-123.95815141797102,45.87938515340644],[-123.95815199665252,45.879387501569646],[-123.95815257790767,45.87938984965714],[-123.95815315916292,45.87939219774455],[-123.9581537429917,45.87939454575623],[-123.95815432933982,45.879396892793395],[-123.95815491568808,45.879399239830576],[-123.95815550460992,45.879401586792],[-123.95815609481858,45.879403933715544],[-123.95815668760082,45.87940628056331],[-123.9581572803289,45.8794086265123],[-123.95815787568483,45.8794109732843],[-123.95815847227338,45.8794133191197],[-123.9581590714355,45.87941566487929],[-123.95815967059771,45.879418010638915],[-123.9581602722793,45.87942035542399],[-123.95816087658865,45.87942270103204],[-123.95816148084394,45.87942504574139],[-123.95816208767276,45.87942739037497],[-123.95816269578837,45.87942973497065],[-123.95816330519092,45.879432079528435],[-123.958163917167,45.87943442401052],[-123.95816453037573,45.87943676755591],[-123.95816514492547,45.879439111962206],[-123.95816576070786,45.8794414554318],[-123.95816637906387,45.87944379882571],[-123.95816699865246,45.879446141282955],[-123.9581676195821,45.879448484601085],[-123.95816824174437,45.879450826982556],[-123.95816886653446,45.87945317018702],[-123.95816949255718,45.87945551245488],[-123.9581701198667,45.8794578546848],[-123.95817074969561,45.879460195940254],[-123.95817137957879,45.87946253809445],[-123.9581720106404,45.87946487841327],[-123.95821642124372,45.87961306743686],[-123.9582376192798,45.87968137358377],[-123.95823833306082,45.87968361062886],[-123.95823998139285,45.879688752576094],[-123.95824161599948,45.87969381659765],[-123.95824326434203,45.87969889462023],[-123.95824493520111,45.87970404670839],[-123.95824659061415,45.87970911371873],[-123.95824826928825,45.87971424576924],[-123.95824993461657,45.87971930618526],[-123.95825160884422,45.87972436453861],[-123.95825331551794,45.879729511970964],[-123.95825502964153,45.87973465468228],[-123.95825671555964,45.87973971449206],[-123.95825842067136,45.87974477193621],[-123.95826014679602,45.87974989988871],[-123.95826185930376,45.87975495171296],[-123.95826357664828,45.87976001960098],[-123.95826533414488,45.879765154732986],[-123.95826706718786,45.87977020505235],[-123.95826880302168,45.87977525889086],[-123.95827059873336,45.8797804505197],[-123.95827234689337,45.87978549499193],[-123.95827411136291,45.879790553389476],[-123.95827589507044,45.87979567424458],[-123.95827766639356,45.87980071803491],[-123.95827945016588,45.879805775864114],[-123.95828125671116,45.87981089064485],[-123.95828307188474,45.87981599886912],[-123.95828487093674,45.879821053547445],[-123.95828667818304,45.879826094479455],[-123.95828850751225,45.87983120228694],[-123.95829035829814,45.87983632386827],[-123.95829218446768,45.87984135794072],[-123.958294009405,45.879846392949716],[-123.95829587202937,45.87985149707595],[-123.9582977421184,45.87985661808888],[-123.95829961976588,45.87986173617831],[-123.95830151513289,45.8798668915604],[-123.9583034290725,45.87987207700729],[-123.95830531556582,45.87987719213519],[-123.95830718387671,45.8798822195648],[-123.9583090833322,45.87988731450354],[-123.95831101173845,45.87989248331833],[-123.95831294867932,45.87989766538694],[-123.95831486573192,45.87990277421304],[-123.9583167819171,45.879907868659124],[-123.95831870067623,45.87991296302942],[-123.95832067011361,45.87991814954335],[-123.9583226009279,45.8799232300536],[-123.95832456842841,45.8799284058204],[-123.95832651652874,45.87993351643328],[-123.9583284545767,45.87993858862741],[-123.95833041016675,45.87994367381021],[-123.95833236914423,45.8799487723984],[-123.95833436865367,45.879953944521745],[-123.9583363355696,45.87995904647749],[-123.95833833807237,45.879964204107154],[-123.95834033541351,45.87996934028054],[-123.95834224358633,45.87997423778727],[-123.95834234128927,45.87997448970778],[-123.95834428870725,45.87997946078757],[-123.95834630616494,45.87998460987376],[-123.95834833623448,45.87998977569514],[-123.95835033284277,45.87999485696907],[-123.95835234199387,45.87999993247169],[-123.95835438857596,45.88000509420553],[-123.95835640158816,45.880010169594435],[-123.9583584583568,45.880015329227625],[-123.95836047909054,45.88002040438916],[-123.95836251108037,45.88002547381719],[-123.95836457680346,45.88003063228636],[-123.95836662037517,45.88003570137341],[-123.95836870143205,45.880040857590416],[-123.95837077373811,45.88004599695849],[-123.95837282486895,45.88005106312189],[-123.95837488984435,45.88005614508382],[-123.95837695739371,45.88006122696996],[-123.9583790567239,45.88006636554233],[-123.95838115572907,45.880071498722195],[-123.95838323114818,45.880076561469366],[-123.9583853415726,45.88008169161194],[-123.9583874334102,45.88008677008187],[-123.95838952894583,45.88009184574186],[-123.9583911720992,45.88009581199325],[-123.9583916560997,45.88009697539186],[-123.95839379436188,45.880102118219945],[-123.95839590050356,45.88010717736145],[-123.95839803505396,45.88011230139154],[-123.95840018506107,45.88011744657477],[-123.95840227517553,45.88012243235993],[-123.95840442897475,45.88012755492295],[-123.9584065914171,45.88013269253725],[-123.95840872904076,45.88013776065548],[-123.9584108894772,45.88014286501613],[-123.95841306328501,45.880147998694355],[-123.95841524513938,45.88015313753774],[-123.95841739438511,45.88015818460582],[-123.95841954631338,45.8801632333956],[-123.95842173828568,45.88016834763175],[-123.95842393638183,45.88017347789375],[-123.95842610976771,45.880178540457194],[-123.95842828067401,45.88018358328603],[-123.95843269646673,45.88019380541842],[-123.95843489263683,45.880198861008566],[-123.95843715662359,45.88020405775651],[-123.9584393454385,45.88020909825735],[-123.95844154835441,45.88021413744261],[-123.95844601852275,45.88022436337575],[-123.95845051711082,45.88023459027277],[-123.95845050501255,45.880234774298515],[-123.95841303927864,45.88024283142469],[-123.95842431250415,45.88026825472758],[-123.9584289032733,45.880278577949085],[-123.95843118677635,45.88028369219144],[-123.95843349562654,45.88028886330939],[-123.95843578766477,45.880293990805534],[-123.95843808592045,45.88029911451723],[-123.95844038568033,45.880304241785936],[-123.95844268301485,45.88030935021885],[-123.95844731977509,45.88031964507541],[-123.95844962445199,45.88032474698961],[-123.95845197014948,45.8803299305276],[-123.95845429274883,45.88033505172162],[-123.95845560150927,45.88033794110392],[-123.95845660273689,45.88034015618038],[-123.95846127761804,45.88035044181111],[-123.95846596772557,45.880360723392],[-123.95846830544362,45.88036583873864],[-123.9584730068094,45.880376114585765],[-123.95847773117666,45.880386387054564],[-123.95848008562525,45.880391501908434],[-123.95848243878741,45.880396616800084],[-123.95848482173898,45.88040177673215],[-123.9584872020088,45.88040693494242],[-123.95848957023428,45.88041204308809],[-123.95849193980119,45.88041715209456],[-123.95849433014979,45.88042230640664],[-123.9584967218399,45.88042746157948],[-123.95849910267877,45.880432586460124],[-123.95850147893769,45.88043767816292],[-123.95850385391022,45.880442769903524],[-123.95850627343846,45.88044793776177],[-123.95850868508359,45.88045310315096],[-123.95851110858166,45.880458272692955],[-123.958513492455,45.880463362370634],[-123.95851588254588,45.8804684482639],[-123.95851830958017,45.88047361229954],[-123.95852074069231,45.880478779816464],[-123.95852316289077,45.880483927788205],[-123.95852556671919,45.88048902768231],[-123.95852793386139,45.880494032319774],[-123.9585280092511,45.88049419216181],[-123.95853041188718,45.88049927228338],[-123.95853286337339,45.880504435598894],[-123.95853527373116,45.88050951549305],[-123.95854014304143,45.880519775589164],[-123.95854259210357,45.88052492006862],[-123.95854504701849,45.88053007608019],[-123.95854747781947,45.88053517427941],[-123.95855238838104,45.88054545566908],[-123.95855482657873,45.88055054824836],[-123.95855729945693,45.8805557028305],[-123.95856224300563,45.8805659967538],[-123.95856716700737,45.88057624443453],[-123.9585696387487,45.88058138014273],[-123.95857212433485,45.88058653164938],[-123.95857458317921,45.88059162452069],[-123.95857706248006,45.88059675730511],[-123.95857954692855,45.88060188993794],[-123.95858204023733,45.880607041217075],[-123.95858453724425,45.880612189686225],[-123.95858703430585,45.88061733905402],[-123.95858950837764,45.880622427875416],[-123.95859452723857,45.88063275199242],[-123.95859703550359,45.8806378947278],[-123.95859951832848,45.88064300039776],[-123.95860202594352,45.88064813234806],[-123.95860707753651,45.8806584861125],[-123.95860958982689,45.88066363143011],[-123.95861464440026,45.88067394909281],[-123.95861712957007,45.88067902948377],[-123.95862220561784,45.880689382527564],[-123.95862728514817,45.8806997291662],[-123.95862981288387,45.88070487402866],[-123.9586323278998,45.88071000035834],[-123.95863486045828,45.88071513967669],[-123.95863995065238,45.88072547069502],[-123.95864248578583,45.88073060993735],[-123.9586450183461,45.88073574925539],[-123.95864758816066,45.880740950500496],[-123.95865015170435,45.88074615463119],[-123.95865265488078,45.88075121288303],[-123.95865522984396,45.88075641397643],[-123.95865779697823,45.88076161349948],[-123.95866030934135,45.880766695789916],[-123.9586628881664,45.880771896769396],[-123.95866546313141,45.8807770978625],[-123.95867054497421,45.880787354396965],[-123.95867312363835,45.8807925526799],[-123.95867570251993,45.88079775455776],[-123.95867822597938,45.88080282841804],[-123.95868080866806,45.88080802928342],[-123.95868338619502,45.88081320869244],[-123.95868852445258,45.88082354549626],[-123.95869185035481,45.880830231652205],[-123.95869366109973,45.88083387694521],[-123.95869880713609,45.88084421441991],[-123.95870395279462,45.88085454560309],[-123.95870654190705,45.88085972467051],[-123.95870912813585,45.8808649200289],[-123.95871169528927,45.88087005562594],[-123.95871425311002,45.880875186095665],[-123.95871685237108,45.8808803837712],[-123.95871947349907,45.88088564472717],[-123.95872203679389,45.880890780437554],[-123.95872979925142,45.8809063006755],[-123.95873239336805,45.88091149850217],[-123.95873495150296,45.880916612755996],[-123.95873754948094,45.88092181046886],[-123.95874014729674,45.88092700548539],[-123.9587453479141,45.880937392670454],[-123.95874794964598,45.88094258847181],[-123.95875308750215,45.880952854157556],[-123.9587556890184,45.88095804636373],[-123.95875832296741,45.88096330604096],[-123.95876348278735,45.88097361519627],[-123.95876608800327,45.880978804592246],[-123.95876869854457,45.88098401814061],[-123.95877130414107,45.88098921382772],[-123.95877389433556,45.88099438926028],[-123.95877649977027,45.88099958225099],[-123.95877910645306,45.8810047959127],[-123.95878168117717,45.881009928584206],[-123.95883784902831,45.88112198442614],[-123.95884046924134,45.88112720849216],[-123.95884305805296,45.88113238216314],[-123.95884566344596,45.881137574253074],[-123.9588482701956,45.881142788811545],[-123.95885087703905,45.88114798355964],[-123.95885347003855,45.881153162509115],[-123.9588560752707,45.88115835190252],[-123.95885745008104,45.88116109618117],[-123.95885871793543,45.88116362752689],[-123.95886388665143,45.881173955322666],[-123.95886648818781,45.88117914752564],[-123.95887175070844,45.881189662531284],[-123.95887435240894,45.88119485743025],[-123.95887955323771,45.881205247303704],[-123.9588821511334,45.881210443214904],[-123.95888474881264,45.88121563553097],[-123.95888738745944,45.881220908571876],[-123.95888998160454,45.88122610639392],[-123.95889257477376,45.881231288038514],[-123.95889780729733,45.88124175440732],[-123.9589004335515,45.88124701430764],[-123.95890299156869,45.88125214746816],[-123.9589055908639,45.88125734513821],[-123.9589082155615,45.8812626005825],[-123.95891083811976,45.881267863292415],[-123.95891342438553,45.88127305864486],[-123.9589160274497,45.881278276011216],[-123.95891864453668,45.88128353347997],[-123.95892644757058,45.88129919026148],[-123.95892906465949,45.881304447729946],[-123.9589316473935,45.881309648588],[-123.95893684839666,45.881320105078814],[-123.95893944352716,45.88132531907682],[-123.95894202626307,45.88133051993457],[-123.95894466795814,45.88133584330342],[-123.95894724683451,45.88134104427467],[-123.9589498255486,45.8813462425496],[-123.95895505385894,45.881356788269656],[-123.95895762893097,45.88136199025303],[-123.95896020378649,45.88136718864132],[-123.9589628415702,45.88137251122454],[-123.95896540886848,45.881377712536214],[-123.95896798394239,45.8813829145193],[-123.95897062560309,45.88138825859633],[-123.9589731892593,45.88139346361644],[-123.9589757604199,45.88139866481415],[-123.95897835484321,45.881403931051786],[-123.95898095285631,45.88140919268203],[-123.95898355362131,45.88141447854031],[-123.9589887079531,45.8814249517085],[-123.95899130710721,45.881430232212026],[-123.9589938939752,45.88143550137279],[-123.95899647252605,45.88144076087457],[-123.95900159192536,45.881451189153246],[-123.95900417428379,45.88145644764243],[-123.95900678537787,45.881461776412436],[-123.95900937409303,45.881467076130015],[-123.95901450034108,45.88147755372517],[-123.95901707182566,45.88148282423859],[-123.95902219680478,45.88149332347899],[-123.95902479454567,45.881498644538595],[-123.95902735718707,45.88150391801318],[-123.95903247558817,45.88151443635385],[-123.9590350627802,45.88151977483027],[-123.9590376265476,45.8815250455704],[-123.9590401815789,45.881530321069434],[-123.95904273392857,45.88153559484669],[-123.95904529530156,45.8815408899663],[-123.95904785152766,45.88154618523744],[-123.95905044011793,45.881551525473036],[-123.9590529759034,45.881556802438745],[-123.95905536695851,45.881561753240504],[-123.9590555334178,45.88156209767177],[-123.9590559298069,45.8815629197166],[-123.95906064106755,45.88157271536507],[-123.95906316929675,45.88157799525403],[-123.95906571539426,45.88158329352396],[-123.95906827091004,45.88158864103528],[-123.95907079634996,45.881593917404764],[-123.95907334235548,45.88159923548471],[-123.95907586442408,45.88160452005645],[-123.95907840722104,45.88160984903485],[-123.95908095728149,45.88161521291263],[-123.95908599607264,45.881625800219865],[-123.95908853357658,45.881631148260944],[-123.95909101572603,45.88163639079128],[-123.95909355725406,45.88164174141483],[-123.95909609058855,45.8816471057847],[-123.95910108621474,45.88165768265766],[-123.95910361606981,45.88166305343214],[-123.95910611032194,45.881668346925196],[-123.95910862482941,45.881673698343995],[-123.95911360611828,45.88168431525342],[-123.95911611580536,45.881689672215984],[-123.95911859064877,45.8816949644795],[-123.95912110147596,45.8817003403155],[-123.95912607089276,45.88171099538824],[-123.95912852917195,45.88171629084022],[-123.95913100129641,45.88172160209066],[-123.95913352772173,45.88172704409233],[-123.95913598359148,45.88173234231612],[-123.95913843795775,45.88173763698278],[-123.95914091812166,45.88174301732243],[-123.95914340611553,45.881748399232286],[-123.95915075266012,45.881764371952244],[-123.95915321974104,45.881769749075474],[-123.95915566035023,45.881775072057295],[-123.95915812040117,45.88178043948369],[-123.95916057541369,45.881785808859036],[-123.95916302866677,45.88179119179124],[-123.95916544937856,45.88179650545495],[-123.95916786166458,45.88180180766225],[-123.95917031009716,45.88180719613821],[-123.95917275456118,45.88181258293035],[-123.9591751905995,45.881817958266055],[-123.95917761601805,45.88182332851232],[-123.95918242701264,45.88183398554579],[-123.95918487993544,45.88183942700934],[-123.95918729152616,45.88184480306457],[-123.95919207211344,45.881855447487766],[-123.95919450444873,45.88186088955724],[-123.95919688249896,45.88186622248307],[-123.9591992888512,45.88187161849975],[-123.95920404830225,45.88188231846551],[-123.95920644704333,45.881887716506775],[-123.95920884085456,45.88189311829451],[-123.95921198497916,45.88190022934524],[-123.95921445387461,45.88190580718954],[-123.95987197719921,45.881905416876805],[-123.95987348500852,45.882069952942835],[-123.959893093224,45.884208932561535],[-123.95989932114756,45.8848882818955],[-123.9598021546462,45.88499711483218],[-123.95943236320788,45.88500039184625],[-123.959327428363,45.88530388656142],[-123.95924227716928,45.88555015565637],[-123.95845278649323,45.885557891108995],[-123.95834242102696,45.88555897161739],[-123.95828026267124,45.88555958029657],[-123.957287933377,45.88556929394213],[-123.95727951881142,45.8846474302338],[-123.9569889792141,45.884650268212006],[-123.95631626087247,45.88465852705204],[-123.95550764706145,45.88466656883534],[-123.95551165353781,45.88538235199153],[-123.95541196575402,45.88558763615692],[-123.95520663928039,45.88558964176914],[-123.95495596471608,45.88559209005381],[-123.9546671607414,45.88546520381007],[-123.95447082403514,45.88546583551409],[-123.95447120784762,45.88553439291954],[-123.95439092417236,45.88553467171793],[-123.95438705975432,45.88553468179351],[-123.95438319501118,45.88553468647647],[-123.95437933117567,45.885534684830276],[-123.95437546690682,45.885534675994],[-123.95437160231286,45.88553466176516],[-123.95436773996776,45.88553464206811],[-123.9543638759564,45.88553461611747],[-123.95436001156585,45.88553458387558],[-123.9543561480289,45.885534544405715],[-123.95435228422096,45.88553450044204],[-123.95434841997964,45.88553444928828],[-123.95434455798713,45.885534392666294],[-123.95434069432842,45.88553432979082],[-123.95433683163161,45.885534261484864],[-123.95433296978838,45.88553418595103],[-123.95432910756587,45.88553410412589],[-123.95432524496414,45.885534016009395],[-123.95432138343264,45.88553392425999],[-123.95431752264632,45.88553382348516],[-123.95431366024799,45.8855337173556],[-123.9543097988116,45.88553360579562],[-123.95430593833703,45.88553348880521],[-123.95430207871607,45.8855333645869],[-123.95429821871588,45.88553323407726],[-123.95429435967753,45.885533098137195],[-123.9542905028338,45.88553295583015],[-123.95428664309124,45.88553280820618],[-123.95428278548916,45.885532653316446],[-123.95427892756203,45.88553249303417],[-123.95427507182947,45.885532326384855],[-123.95427121571775,45.8855321534442],[-123.954267359281,45.88553197511102],[-123.95426350375193,45.885531790448624],[-123.95425964907648,45.88553159855837],[-123.9542557978826,45.88553140026325],[-123.95425194389814,45.88553119844869],[-123.95424809071311,45.88553098850749],[-123.95424423977681,45.885530773098054],[-123.95424038717447,45.885530551435096],[-123.95423653682091,45.88553032430394],[-123.954232688662,45.88553009080571],[-123.954228838837,45.88552985105403],[-123.95422499120667,45.88552960493534],[-123.95422114453822,45.885529353386254],[-123.95421729749057,45.8855290955458],[-123.9542134526376,45.8855288313384],[-123.95420960745963,45.88552856173837],[-123.95420576308103,45.885528284011734],[-123.95420192100542,45.88552800171557],[-123.95419807860485,45.88552771402681],[-123.95419423711198,45.885527420008856],[-123.95419039652688,45.88552711966183],[-123.95418655813641,45.88552681294773],[-123.95418272065366,45.88552649990453],[-123.95417888413289,45.885526181430855],[-123.95417504723291,45.88552585666588],[-123.95417121124073,45.88552552557174],[-123.95416737883845,45.885525189870265],[-123.95416354460754,45.88552484521905],[-123.95415971402076,45.885524496859254],[-123.95415588305481,45.88552414220811],[-123.9541520542835,45.88552378119001],[-123.95414822513308,45.88552341388054],[-123.95414439951843,45.88552304106503],[-123.9541405734704,45.88552266105944],[-123.95413674961709,45.8855222746868],[-123.95413292554709,45.8855218847191],[-123.95412910356347,45.8855214865869],[-123.95412528259597,45.88552108392311],[-123.95412146376896,45.88552067399351],[-123.95411764461696,45.88552025867136],[-123.95411382771381,45.885519837880935],[-123.95411001295116,45.88551940982479],[-123.95410619909633,45.88551897543946],[-123.95410238620339,45.88551853562373],[-123.95409857555936,45.88551809033981],[-123.95409476582307,45.88551763872661],[-123.95409095833567,45.88551718164524],[-123.95408715175601,45.8855167182347],[-123.95408334603,45.88551624759628],[-123.954079542607,45.88551577238834],[-123.9540757400918,45.88551529085121],[-123.95407193977128,45.88551480294712],[-123.95406814164545,45.88551430867605],[-123.95406434453577,45.885513809873295],[-123.95406054827968,45.885513303842636],[-123.95405675421827,45.88551279144496],[-123.95405296240578,45.88551227357908],[-123.95404917155525,45.88551175028278],[-123.95404538161253,45.88551122065732],[-123.95404159515137,45.88551068462703],[-123.954037810885,45.88551014222973],[-123.95403402634776,45.88550959533866],[-123.95403024529222,45.885509042042706],[-123.95402646385747,45.88550848245544],[-123.95402268585028,45.88550791556462],[-123.95401891020026,45.88550734500305],[-123.95401513540384,45.88550676721358],[-123.95401136285639,45.885506183955854],[-123.95400759250361,45.8855055943311],[-123.95400382305863,45.88550499837725],[-123.9540000545756,45.88550439699298],[-123.95399628962844,45.88550379010264],[-123.95399252687594,45.88550317684531],[-123.95398876637238,45.885502558119676],[-123.95398500800938,45.885501932128385],[-123.95398125066251,45.885501301605416],[-123.95397749551037,45.88550066471548],[-123.95397374383992,45.88550002142066],[-123.95396999313137,45.88549937269546],[-123.95396624461763,45.885498717603326],[-123.95396249706583,45.88549805708068],[-123.95395875299569,45.8854973901533],[-123.95395501117444,45.88549671775765],[-123.95395127154792,45.88549603899503],[-123.95394753288339,45.88549535480194],[-123.9539437977547,45.88549466510285],[-123.9539400648208,45.88549396903675],[-123.95393633402742,45.88549326570493],[-123.95393260425023,45.885492557841445],[-123.9539288780088,45.885491844471865],[-123.95392515396217,45.88549112473534],[-123.95392143339717,45.885490398593994],[-123.95391771379424,45.885489667022185],[-123.95391399644012,45.885488929982195],[-123.95391028256779,45.8854881865374],[-123.95390656837044,45.88548743769998],[-123.9539028589417,45.885486682419945],[-123.95389915176186,45.88548592167168],[-123.95389544806378,45.88548515451859],[-123.95389174532764,45.88548438193509],[-123.95388804484048,45.88548360388336],[-123.95388434783489,45.88548281942682],[-123.9538806530241,45.88548202860326],[-123.95387696051642,45.885481233210264],[-123.95387327025767,45.88548043234901],[-123.95386958337228,45.885479623285484],[-123.9538659000769,45.88547880961456],[-123.95386221779769,45.88547799141205],[-123.95385853894597,45.88547716590595],[-123.95385486234322,45.88547633493161],[-123.95385118927624,45.885475498451264],[-123.95384751840415,45.88547465560389],[-123.95384384978091,45.88547380728829],[-123.95384018469353,45.88547295346659],[-123.95383652180097,45.885472093277976],[-123.9538328624442,45.88547122758327],[-123.95382920404953,45.88547035645813],[-123.95382555047759,45.88546947978911],[-123.95382189904629,45.88546859585441],[-123.95381825120498,45.88546770731237],[-123.95381460427154,45.88546681244117],[-123.95381096216087,45.885465912026085],[-123.95380732229916,45.88546500614275],[-123.95380368591911,45.88546409385465],[-123.95380005055533,45.88546317703486],[-123.95379641996009,45.885462253772474],[-123.95379279279244,45.8854613232065],[-123.95378916669516,45.8854603890076],[-123.95378554665336,45.885459448328284],[-123.95378192757362,45.88545850221857],[-123.95377831331669,45.885457550564944],[-123.95377469996761,45.885456592582145],[-123.95377109015442,45.88545562909332],[-123.9537674838771,45.88545466009842],[-123.9537638798487,45.8854536856353],[-123.95376028058897,45.88545270472954],[-123.9537566836324,45.885451719254334],[-123.95375309015746,45.88545072737429],[-123.95374950016429,45.88544972908944],[-123.95374591247419,45.88544872623515],[-123.95374232832002,45.885447717874776],[-123.95373874759339,45.88544670221079],[-123.95373516922406,45.88544568287615],[-123.95373159567751,45.88544465799761],[-123.95372802555853,45.885443625815526],[-123.95372445768852,45.885442588165226],[-123.95372089340854,45.8854415459076],[-123.95371733261028,45.88544049724517],[-123.95371377663488,45.88543944303888],[-123.9537102229084,45.88543838336433],[-123.9537066714309,45.88543731822159],[-123.95370312477617,45.88543624753495],[-123.95369958294432,45.885435171304415],[-123.95369604202035,45.885434088744745],[-123.9536925059733,45.88543300153996],[-123.95368897340805,45.885431907930396],[-123.9536854444328,45.88543080971348],[-123.95368191759819,45.88542970423085],[-123.95367839574895,45.8854285959006],[-123.95367487727306,45.885427479368055],[-123.95367136110036,45.88542635826605],[-123.95366785103737,45.88542523158232],[-123.95366434322334,45.88542409943037],[-123.9536608402863,45.8854229626333],[-123.95365734077681,45.88542181853268],[-123.95365548260355,45.88542121230525],[-123.95365362453862,45.8854206078753],[-123.95365176658203,45.88542000524276],[-123.95364990621412,45.885419405382095],[-123.95364804343495,45.88541880829329],[-123.95364617813614,45.885418212178834],[-123.95364431305401,45.885417619659364],[-123.95364244673921,45.8854170280764],[-123.95364057801305,45.88541643926532],[-123.95363870816257,45.88541585318821],[-123.95363683713346,45.88541526894646],[-123.95363496498003,45.88541468743869],[-123.9536330904153,45.88541410870277],[-123.95363121456369,45.88541353000468],[-123.95362933892876,45.88541295490151],[-123.95362745959558,45.88541238260807],[-123.95362557913802,45.8854118130486],[-123.95362369744781,45.88541124442571],[-123.95362181586587,45.88541067760022],[-123.95361993192691,45.885410114445385],[-123.95361804552235,45.88540955316367],[-123.95361615799347,45.88540899461592],[-123.95361427057298,45.88540843786565],[-123.95361238202808,45.8854078838494],[-123.95361048967659,45.8854073308454],[-123.95360859748764,45.88540678053758],[-123.9536067042285,45.88540623386251],[-123.9536048085039,45.88540568906053],[-123.95360291288763,45.885405146056044],[-123.95360101357312,45.885404605861225],[-123.95359911436708,45.88540406746384],[-123.95359721526933,45.885403530863954],[-123.95359531247333,45.88540299707375],[-123.9535934098399,45.88540246597967],[-123.95359150479511,45.88540193765753],[-123.95358959851767,45.88540141027191],[-123.95358769245686,45.8854008864812],[-123.95358578393062,45.8854003645636],[-123.95358387288478,45.88539984362042],[-123.95358196334249,45.885399326234314],[-123.95358005004785,45.88539881075914],[-123.95357813696985,45.88539829887894],[-123.95357622142636,45.8853977888718],[-123.95357430470438,45.8853972807],[-123.95357238937765,45.88539677428777],[-123.95357046906578,45.88539627072308],[-123.95356855014917,45.88539576891802],[-123.95356662887545,45.885395270783555],[-123.95356470642317,45.88539477448437],[-123.95356278279233,45.88539428002049],[-123.9535608580371,45.88539378829056],[-123.95355893215746,45.88539329929477],[-123.95355700381238,45.88539281217199],[-123.95355507557561,45.885392326846706],[-123.95355314621445,45.88539184425543],[-123.95355121444202,45.885391364436046],[-123.95354928406486,45.88539088637623],[-123.9535473499894,45.88539041112615],[-123.95354541478964,45.88538993861008],[-123.95354348098515,45.8853894678536],[-123.95354154337406,45.88538899810936],[-123.95334236222428,45.88534096827539],[-123.95333974576626,45.88534033661225],[-123.95333713155709,45.88533969948097],[-123.9533345184183,45.88533905871684],[-123.95333190903193,45.88533841604164],[-123.95332929932076,45.885337767973986],[-123.95332669330786,45.8853371170965],[-123.95332408831113,45.88533646168748],[-123.95332148572587,45.88533580350647],[-123.95331888410254,45.885335139895155],[-123.953316284999,45.885334475309385],[-123.95331368814435,45.88533380525543],[-123.95331109241428,45.88533313246738],[-123.95330849898723,45.885332455109896],[-123.95330590791747,45.885331774081735],[-123.95330331802631,45.88533109121819],[-123.95330072909725,45.88533040292431],[-123.95329814381228,45.885329710921965],[-123.95329556093876,45.88532901614761],[-123.95329297908143,45.88532831684171],[-123.9532903996355,45.88532761476384],[-123.95328782254686,45.88532690901532],[-123.95328524658274,45.885326200532674],[-123.95328267286752,45.885325486581884],[-123.95328010156372,45.885324769859125],[-123.95327753261716,45.88532404946571],[-123.95327496726067,45.88532332446501],[-123.9532724004548,45.88532259680593],[-123.95326983858001,45.88532186540047],[-123.95326727654289,45.88532113129873],[-123.95326471938262,45.88532039255192],[-123.95326216200577,45.88531965021009],[-123.95325960827316,45.88531890415972],[-123.95325705566508,45.885318155375245],[-123.95325450407313,45.88531740205921],[-123.95325195746645,45.88531664589559],[-123.9532494118759,45.88531588520039],[-123.95324686740994,45.885315121771036],[-123.9532443266423,45.88531435553191],[-123.9532417868367,45.88531358386247],[-123.95323925078358,45.885312810282024],[-123.9532367157466,45.885312032170006],[-123.95323418306697,45.885311250387275],[-123.95323165274455,45.88531046493386],[-123.95322912483363,45.88530967670855],[-123.95322659922574,45.8853088839138],[-123.95322407608347,45.88530808924586],[-123.9532215552443,45.88530729000853],[-123.95321903676235,45.88530648710049],[-123.95321651935083,45.885305680559576],[-123.95321400558343,45.88530487031022],[-123.95321149422753,45.88530405728889],[-123.95320901547787,45.88530325051192],[-123.95320654037235,45.88530244002646],[-123.95320406505023,45.885301625945914],[-123.95320159471346,45.88530080901784],[-123.95319912673388,45.88529998841909],[-123.95319665987886,45.885299165086245],[-123.95319419532693,45.88529833718395],[-123.95319173324064,45.8852975074085],[-123.95318927340321,45.88529667216489],[-123.95318681737245,45.885295835908984],[-123.9531843623038,45.88529499422277],[-123.95318190964659,45.88529414976462],[-123.9531794593466,45.88529330163581],[-123.95317701145805,45.885292450735086],[-123.95317456721367,45.88529159612584],[-123.95317212532657,45.88529073784592],[-123.95316968450987,45.88528987593316],[-123.95316724739148,45.885289011210624],[-123.95316481263036,45.885288142817444],[-123.95316237899375,45.885287271690146],[-123.95315994894719,45.88528639595567],[-123.95315752131211,45.885285517449226],[-123.95315509608838,45.88528463617082],[-123.9531526731678,45.885283750323055],[-123.95315025271285,45.885282862602125],[-123.95314783461511,45.88528197121045],[-123.95314541882057,45.88528107524939],[-123.95314300672433,45.88528017647858],[-123.95314059703955,45.88527927493585],[-123.95313818842509,45.88527836976027],[-123.95313578350898,45.885277461774976],[-123.95313338218293,45.88527654918241],[-123.9531309819814,45.885275633855755],[-123.95312858547818,45.885274715719326],[-123.95312619127817,45.88527379301353],[-123.95312379954369,45.88527286843451],[-123.95312140882544,45.88527193932391],[-123.95311902180552,45.885271007403595],[-123.95311663848399,45.885270072673535],[-123.95311425751972,45.885269134272775],[-123.95311187891268,45.885268192201345],[-123.95310950394989,45.88526724642146],[-123.95310713016578,45.88526629880621],[-123.95310476002591,45.88526534748245],[-123.95310239347602,45.88526439155143],[-123.9531000281048,45.885263433785106],[-123.95309766509094,45.88526247234808],[-123.95309530443424,45.88526150724041],[-123.95309294876293,45.88526053928518],[-123.95309059544887,45.885259567659304],[-123.95308824454618,45.88525859326145],[-123.95259503538368,45.885053674593316],[-123.95256219634406,45.88504003072327],[-123.95255911821937,45.88503875446408],[-123.95255603403942,45.885037484685114],[-123.95255294374986,45.885036220487564],[-123.95254985115743,45.885034960859336],[-123.95254675379645,45.88503370767349],[-123.95254364903909,45.88503246010694],[-123.95254054074599,45.88503121804619],[-123.95253742891717,45.885029981491215],[-123.95253431231988,45.88502875137874],[-123.95253119089995,45.885027526809836],[-123.95252806589015,45.885026306848],[-123.95252493353817,45.885025093404195],[-123.95252179899141,45.88502388632715],[-123.95251866080068,45.88502268295851],[-123.95251551537598,45.88502148790531],[-123.95251236759411,45.88502029652263],[-123.95250921375688,45.885019111620146],[-123.95250605638397,45.8850179322235],[-123.95250289552949,45.8850167592314],[-123.95249972851127,45.885015590922066],[-123.95249655924422,45.88501442808068],[-123.95249338397603,45.885013272618274],[-123.95249020517205,45.88501212266168],[-123.95248702154544,45.88501097824875],[-123.9524838343831,45.88500983934162],[-123.95248064239814,45.885008705978095],[-123.95247744564473,45.88500757905701],[-123.95247424535556,45.8850064576417],[-123.95247104153069,45.88500534173224],[-123.95246783293727,45.88500423226516],[-123.95246462080816,45.88500312830387],[-123.95246140391053,45.88500203078503],[-123.9524581821362,45.885000937911045],[-123.95245495816711,45.88499985140372],[-123.95245172814268,45.884998771376736],[-123.95244849581528,45.88499769591892],[-123.95244525871932,45.884996626903494],[-123.95244201819597,45.88499556519139],[-123.95243877279586,45.88499450812418],[-123.9524355239141,45.884993457461555],[-123.95243227149662,45.884992412304705],[-123.95242901431065,45.884991373590225],[-123.95242575353483,45.884990339482854],[-123.95242249056433,45.88498931174221],[-123.95241922030564,45.88498829141832],[-123.95241595031776,45.88498727558804],[-123.95241267427448,45.88498626623801],[-123.95240939346269,45.88498526333029],[-123.95240611040214,45.884984265890594],[-123.9524028250927,45.88498327391891],[-123.95239953238675,45.88498228756647],[-123.95239623882728,45.8849813084417],[-123.95239294044508,45.884980334860536],[-123.95238963986819,45.884979367646196],[-123.95238633575555,45.88497840593763],[-123.95238302558754,45.884977450709236],[-123.9523797131706,45.884976500948824],[-123.95237639727215,45.88497555759298],[-123.95237307789208,45.8849746206417],[-123.95236975492213,45.88497368829753],[-123.95236642852464,45.884972763256584],[-123.95236309864562,45.88497184462025],[-123.95235976517671,45.884970930590995],[-123.95235642956719,45.884970023827194],[-123.95235309042194,45.884969122569196],[-123.95234974645399,45.884968226854845],[-123.95234640034553,45.88496733840596],[-123.9523430494144,45.8849664555007],[-123.95233969628856,45.88496557896224],[-123.95233633968112,45.884964708828264],[-123.9523329808248,45.88496384416229],[-123.9523296184869,45.884962985900884],[-123.95232625132633,45.884962133183095],[-123.95232288197104,45.88496128683206],[-123.95231951042102,45.88496044684775],[-123.95231613404836,45.884959612407094],[-123.9521727660605,45.884924343358186],[-123.95216921013713,45.88492346016876],[-123.95216566133972,45.884922566866145],[-123.95216211816494,45.88492165989321],[-123.95215858077502,45.88492074194615],[-123.95215505168979,45.88491981205067],[-123.9521515282812,45.88491886938357],[-123.9521480118904,45.88491791480583],[-123.95214450117619,45.8849169474565],[-123.95214099753389,45.884915969095275],[-123.95213750214211,45.884914977886865],[-123.95213401253531,45.884913975704336],[-123.95213052989203,45.88491296071241],[-123.95212705684034,45.88491193373424],[-123.95212358694566,45.8849108949588],[-123.9521201279295,45.88490984415932],[-123.95211667458999,45.88490878058825],[-123.95211322966338,45.88490770686626],[-123.95210979298732,45.88490662029701],[-123.95210636209623,45.88490552275366],[-123.95210294079672,45.884904413224085],[-123.95209952646081,45.88490329088511],[-123.95209611925092,45.884902158433],[-123.9520927215243,45.88490101219713],[-123.95208933086968,45.88489985494935],[-123.95208594991482,45.884898687512795],[-123.95208257715633,45.88489750633032],[-123.95207921023697,45.88489631507248],[-123.95207585419617,45.88489511179056],[-123.95207250651411,45.884893897458994],[-123.9520691658499,45.884892671216754],[-123.95206583606414,45.884891432950475],[-123.95206251335028,45.884890183672304],[-123.9520592002821,45.88488892330657],[-123.95205589551864,45.88488765099241],[-123.95205260045503,45.88488636848949],[-123.95204931364198,45.8848850731394],[-123.9520460365288,45.88488376760054],[-123.95204277023997,45.884882449138885],[-123.95203950979031,45.884881120601854],[-123.95203626032745,45.884879781838286],[-123.9520330216889,45.88487843015192],[-123.95202979017645,45.8848770683524],[-123.9520265708835,45.88487569538975],[-123.95202335994941,45.88487431137746],[-123.95202015994798,45.88487291623978],[-123.95201696835954,45.8848715109512],[-123.95201378759543,45.884870092739796],[-123.95201061653123,45.88486866433968],[-123.95200745645384,45.88486722571293],[-123.95200430473521,45.88486577603654],[-123.95200116394929,45.88486431523486],[-123.95199803409601,45.88486284330785],[-123.95199491522953,45.884861361154265],[-123.95199180606296,45.88485986881194],[-123.95198870782903,45.88485836534432],[-123.95198561924083,45.884856850789205],[-123.95198254287219,45.884855325070994],[-123.95197947625765,45.88485379006276],[-123.95197642057569,45.884852243929245],[-123.95197337464775,45.88485068850569],[-123.95197034351327,45.884849121843416],[-123.95196732068347,45.88484754323275],[-123.95196430766183,45.88484595623086],[-123.95196130937944,45.884844357091424],[-123.95195831961837,45.8848427495986],[-123.95195534207684,45.884841130942625],[-123.95195237680899,45.88483950202236],[-123.95194942252796,45.88483786287549],[-123.95194647923375,45.8848362135021],[-123.95194354950016,45.88483455382652],[-123.95194062952058,45.88483288486096],[-123.95193772181477,45.884831205631045],[-123.95193482509569,45.884829516174584],[-123.95193194193732,45.88482781641598],[-123.95192907110673,45.884826107291744],[-123.9519262113171,45.88482438883975],[-123.95192336380126,45.88482266012336],[-123.95192052850489,45.88482092024392],[-123.95191770564477,45.88481917279633],[-123.9519148950041,45.884817414185676],[-123.95191209669136,45.88481564620943],[-123.9519093107065,45.884813868867525],[-123.95190653704945,45.88481208216008],[-123.95190377823994,45.88481028511268],[-123.95190103052549,45.88480847963616],[-123.95189829513896,45.884806664794134],[-123.95189557331301,45.8848048396499],[-123.95189286510184,45.88480300510229],[-123.95189016927267,45.884801162087804],[-123.9518874844844,45.884799309745596],[-123.95188481459786,45.88479744796215],[-123.95188215703918,45.884795576813055],[-123.95187951438216,45.884793696222786],[-123.95187688544814,45.88479180802664],[-123.9518742674468,45.88478990870517],[-123.95187166440132,45.88478800084126],[-123.95186907379195,45.88478608540929],[-123.95186649674315,45.884784159675135],[-123.95186393341744,45.8847822263351],[-123.95186138504752,45.8847802844526],[-123.95185885029238,45.8847783331667],[-123.95185632909788,45.88477637157868],[-123.95185382039357,45.88477440332127],[-123.951851326591,45.88477242562273],[-123.9518488465114,45.88477044031828],[-123.9518463812794,45.884768444673824],[-123.9518439285376,45.884766442360075],[-123.95184149203853,45.88476443146608],[-123.95183906786733,45.88476241120647],[-123.9518366587602,45.88476038420195],[-123.95183426450058,45.884758346857446],[-123.95183188401816,45.884756302805805],[-123.95182951849156,45.88475425021169],[-123.95182716657963,45.884752188214236],[-123.95182482978596,45.884750120370605],[-123.95182250789395,45.88474804308572],[-123.95182019967083,45.884745957296246],[-123.95181790785286,45.884743865622724],[-123.9518156296496,45.88474176454584],[-123.95181336645622,45.884739655825314],[-123.951811118327,45.88473754035972],[-123.95180888509941,45.88473541545305],[-123.95180666699,45.88473328470011],[-123.95180446383632,45.8847311454048],[-123.9518022744058,45.884728998503554],[-123.95180010390001,45.88472684474394],[-123.95175994612052,45.884686825169865],[-123.95167955171347,45.88472616734747],[-123.95070473776865,45.88525331246226],[-123.9499749340144,45.8856479528068],[-123.9510873379466,45.88563718260126],[-123.95118071438922,45.885636276603584],[-123.95167720158886,45.88563139979647],[-123.95236431855268,45.88562471382426],[-123.95297958521658,45.885618724566456],[-123.95447159521322,45.885604185478286],[-123.95467382841298,45.88559913533123],[-123.95467610903479,45.885973710658476],[-123.95467796564968,45.88627865919977],[-123.95468045127616,45.88668642279373],[-123.95468213108934,45.886961984944506],[-123.95468438683132,45.887332510052794],[-123.9546850546052,45.88744221243903],[-123.95251771035018,45.887470404777204],[-123.95208980482911,45.8874764533697],[-123.95096883939361,45.88840396922289],[-123.95101246740533,45.888444396694965],[-123.9513353747284,45.888576993146216],[-123.95151817456082,45.888652053151326],[-123.95170097487187,45.88872711286841],[-123.95191169989769,45.888813641506836],[-123.95211799207225,45.88880975803864],[-123.95229071590235,45.88880650303363],[-123.95246344244921,45.888803250395455],[-123.95277552698744,45.88879737285197],[-123.9528697406838,45.88879559745056],[-123.9529253652094,45.88879455080622],[-123.95343832106053,45.8887848852324],[-123.95469167080999,45.888761639114755],[-123.95469214960897,45.888869917220944],[-123.95358301399565,45.888891548274124],[-123.9529253378771,45.888904369756965],[-123.95128836263059,45.88893495610397],[-123.95130426004184,45.889345375627926],[-123.9513964275057,45.88977549322674],[-123.95186293546156,45.89000350834348],[-123.95212403022445,45.890086240437874],[-123.95246986895162,45.890000179039646],[-123.95297300442654,45.88976654500356],[-123.9533893535202,45.88944299328455],[-123.95399676227656,45.889431470526794],[-123.95387368090948,45.8896393659114],[-123.95374572580619,45.88987195734337],[-123.95402814122217,45.88993415135026],[-123.95383755368043,45.89014953642716],[-123.95368846439686,45.89018781693183],[-123.95340748376383,45.89023738773713],[-123.95304734121493,45.89041009704447],[-123.94945234994202,45.89047874121337],[-123.94945754347857,45.89296838263247],[-123.95469003010379,45.89291418988667],[-123.95472986826671,45.8991691781978],[-123.95473066055018,45.899216146614016],[-123.95473306720994,45.899359085718054],[-123.95473384979903,45.89940555113016],[-123.95474734763353,45.90020724880225],[-123.95414083281047,45.900210683301744],[-123.95368389348947,45.90148686358162],[-123.95368198581427,45.901492182944594],[-123.9536800720404,45.901497529496496],[-123.95367815933685,45.90150287241559],[-123.95367627538837,45.90150813616131],[-123.9536743666001,45.901513479865585],[-123.95367245282488,45.90151882641726],[-123.95367057397029,45.9015240891128],[-123.95366863406757,45.901529515660805],[-123.95366675011738,45.90153477940625],[-123.95366488138436,45.901540017495385],[-123.95366293538233,45.90154547123223],[-123.95366105255579,45.90155073224352],[-123.95365728162929,45.901561316543315],[-123.95365540663376,45.901566579124975],[-123.95365351080967,45.90157190264043],[-123.95365163603023,45.901577168816885],[-123.9536497586889,45.90158245667641],[-123.95364786656307,45.90158777738206],[-123.95364599564444,45.901593043444876],[-123.95364409854434,45.901598388605365],[-123.95364224171783,45.90160363174586],[-123.953640404432,45.90160881399025],[-123.95363851527134,45.90161416251857],[-123.95363662096116,45.901619511198106],[-123.9536347928478,45.90162469587378],[-123.95363294358071,45.90162993609085],[-123.95363108826925,45.901635204395575],[-123.95362923274072,45.90164046910531],[-123.95362553620893,45.90165098279233],[-123.95362369242744,45.90165624985765],[-123.95362181501173,45.9016616007413],[-123.95362000747915,45.90166676320393],[-123.9536182052038,45.901671927312655],[-123.95361449983054,45.901682551098496],[-123.953612691185,45.90168773790234],[-123.95360904254753,45.90169825468254],[-123.95360725062261,45.901703419387154],[-123.95360363880069,45.901713883766625],[-123.95360182863408,45.90171913093668],[-123.95360000979423,45.90172440537134],[-123.953598254306,45.90172951138411],[-123.9535964573363,45.90173476356819],[-123.95359465521715,45.901740015903506],[-123.95359290906403,45.90174512704381],[-123.95359111344789,45.90175040169607],[-123.95358932291329,45.90175565369084],[-123.95358756494184,45.90176082550002],[-123.95358580328379,45.90176602172628],[-123.95358404532476,45.90177121514281],[-123.95358229781318,45.90177638934547],[-123.95358054902702,45.90178158519332],[-123.953578809076,45.901786756472745],[-123.95357707459885,45.90179193299318],[-123.95357537359295,45.901797022999126],[-123.95357363929078,45.90180222382312],[-123.95357191002905,45.901807422698326],[-123.95357025696596,45.901812409558545],[-123.95356683243925,45.90182279370511],[-123.95356515258285,45.9018279137003],[-123.95356345688441,45.901833091781846],[-123.95356179262441,45.90183819241186],[-123.95356013458385,45.90184328925777],[-123.95355845095769,45.90184847508729],[-123.95355676846901,45.901853679790264],[-123.9535551198178,45.90185878266239],[-123.95355350866232,45.901863801602694],[-123.95355186903453,45.901868925817425],[-123.95355021646434,45.901874113435134],[-123.95354856534368,45.901879303711205],[-123.95354693746317,45.90188443028152],[-123.95354532372954,45.901889534828335],[-123.95354372425116,45.90189461914904],[-123.9535421419146,45.901899666952964],[-123.95354051548067,45.90190488171248],[-123.95353890200164,45.90191005467629],[-123.95353733253711,45.90191510210185],[-123.95353575404621,45.90192021371574],[-123.9535341808667,45.90192532787441],[-123.95353260367553,45.90193046105779],[-123.95353104845027,45.90193555218072],[-123.95352948703105,45.90194069030245],[-123.95352793315978,45.90194580389365],[-123.9535264132475,45.90195083905893],[-123.95352486861637,45.90195597758761],[-123.95352331886188,45.90196115948236],[-123.95352180411093,45.90196621610365],[-123.95352028660746,45.90197133402792],[-123.9535187681415,45.901976457382325],[-123.95351728047702,45.901981514107945],[-123.95351578141522,45.901986617084965],[-123.95351428628219,45.901991742454605],[-123.95351278976628,45.90199688767204],[-123.95351132955427,45.90200192918558],[-123.95350991228639,45.90200684879359],[-123.95350839889623,45.902012120552286],[-123.95350693224482,45.9020172477858],[-123.9535055071007,45.90202227206289],[-123.95350404834814,45.90202742337301],[-123.95350262439543,45.902032467422146],[-123.95350121122847,45.902037519257256],[-123.9534997509689,45.90204275254115],[-123.95349835323593,45.90204778231482],[-123.95349698271356,45.90205275006682],[-123.95349556805239,45.90205790548309],[-123.95349416126425,45.90206304176113],[-123.95349278430251,45.902068095233126],[-123.95349144081231,45.902073062190645],[-123.95349011324399,45.90207801517534],[-123.95348876363975,45.902083073245315],[-123.95348743834643,45.90208806397681],[-123.95348613127877,45.902093036166235],[-123.95348483476714,45.90209799093923],[-123.95348352018975,45.902103052481436],[-123.95348223003175,45.90210804848268],[-123.9534809621649,45.90211300781583],[-123.95347969414834,45.90211798606021],[-123.95347844163324,45.90212296474941],[-123.95347716878987,45.90212803406835],[-123.95347595119604,45.90213292890142],[-123.95347470693063,45.90213798027443],[-123.95347347647416,45.9021429826241],[-123.95347228623793,45.90214788205509],[-123.95347106392305,45.90215295529116],[-123.95346986719348,45.902157939543514],[-123.95346869030199,45.902162910608354],[-123.95346750950719,45.902167902495364],[-123.95346633875262,45.90217291119346],[-123.95346518102033,45.90217790060209],[-123.95346405718023,45.902182789078694],[-123.95346289864563,45.902187872144644],[-123.95346176564227,45.902192865328146],[-123.95346066632735,45.90219777559216],[-123.95345952823928,45.90220287696408],[-123.95345844854549,45.90220777044561],[-123.95345735850971,45.90221277046942],[-123.95345626676597,45.902217784948526],[-123.95345521829182,45.90222268291461],[-123.95345413361909,45.90222777191292],[-123.95345307592751,45.902232773687196],[-123.9534520492414,45.90223769082012],[-123.95345100818892,45.90224271191255],[-123.95344998444104,45.90224769918447],[-123.9534489852211,45.902252622712865],[-123.95344797125546,45.90225764390963],[-123.9534469761527,45.90226263574171],[-123.95344600418215,45.90226756207065],[-123.95344502653123,45.90227258670193],[-123.95344405579118,45.90227759762526],[-123.95344311368589,45.90228250597036],[-123.95344216644199,45.90228752160512],[-123.95344122129785,45.90229255068308],[-123.95344030736301,45.902297477107204],[-123.9534394057051,45.90230239326705],[-123.9534384946674,45.90230741053885],[-123.95343759232854,45.902312443760884],[-123.95343671862442,45.90231737440477],[-123.95343583869807,45.90232239436364],[-123.95343496339198,45.902327426791274],[-123.95343411735783,45.90233234581813],[-123.95343328281389,45.90233728431454],[-123.95343245406904,45.90234223344439],[-123.95343164295409,45.90234715414614],[-123.95343085089274,45.90235200586327],[-123.95343008962043,45.902356769344124],[-123.95342932861661,45.90236162284964],[-123.95342859078632,45.90236639014335],[-123.95342786845762,45.902371157881824],[-123.95342713335968,45.90237609885795],[-123.95342643349785,45.90238085423203],[-123.95342575140015,45.9023856261903],[-123.95342505219662,45.90239058501849],[-123.95342437905339,45.902395441344176],[-123.95342373100817,45.90240020059759],[-123.95342308543974,45.90240506511628],[-123.95342244802845,45.902409936597834],[-123.95342181527636,45.90241488537044],[-123.95342120183592,45.9024197480447],[-123.95342060255568,45.902424610302866],[-123.95342000231085,45.902429563522205],[-123.95341942770585,45.90243442865661],[-123.95341885074062,45.90243938299253],[-123.95341828225752,45.902444349683755],[-123.9534177386558,45.90244921570776],[-123.95341719666405,45.90245417261728],[-123.95341666417093,45.90245913735064],[-123.95341615162668,45.90246400516301],[-123.95341563570351,45.90246905223934],[-123.95341513378025,45.90247401067244],[-123.9534146473046,45.902478968651636],[-123.95341416534082,45.90248393730213],[-123.95341372564813,45.9024886445166],[-123.95341330133591,45.90249332877102],[-123.95341288314572,45.90249811458226],[-123.95341249109823,45.90250275647362],[-123.953412105823,45.90250751070663],[-123.95341173838152,45.90251221849907],[-123.95341138825782,45.90251691407837],[-123.95341104521837,45.902521705784366],[-123.95341071392723,45.90252649984607],[-123.9534104036014,45.90253119245529],[-123.95341010706724,45.9025359854957],[-123.95340981353878,45.90254087118129],[-123.95340954425691,45.902545581491346],[-123.95340928617922,45.902550370700766],[-123.9534090372751,45.90255516234163],[-123.95340880816809,45.90255996150367],[-123.9534085851702,45.90256484061515],[-123.95340837257906,45.902569721221475],[-123.95340817967899,45.902574522020615],[-123.95340799466291,45.90257941081992],[-123.95340782203228,45.9025842911524],[-123.95340766742618,45.90258908542434],[-123.9534075184545,45.90259397316451],[-123.9534073863262,45.90259886221041],[-123.95340726197352,45.90260383745903],[-123.95340714882961,45.90260872054518],[-123.9534070511875,45.90261360407607],[-123.95340697204328,45.902617938765566],[-123.95340693774075,45.902620664156956],[-123.95340690858741,45.9026233893971],[-123.95340688458333,45.90262611448588],[-123.95340686578264,45.90262884032212],[-123.95340685078965,45.902631565146116],[-123.95340683971277,45.90263429075542],[-123.95340683507243,45.90263701617557],[-123.953406834294,45.90263974148225],[-123.95340683737746,45.902642466675466],[-123.95340684695167,45.90264519257824],[-123.95340685904632,45.90264791750667],[-123.95340687763168,45.90265064314468],[-123.95340690007889,45.90265336866921],[-123.95340692767535,45.90265609404247],[-123.95340696042103,45.902658819264374],[-123.95340699702864,45.902661544372826],[-123.95340703749817,45.902664269367826],[-123.95340708445845,45.902666995072416],[-123.95340713522646,45.902669719764795],[-123.95340719119785,45.902672445204566],[-123.95340725097697,45.90267516963216],[-123.95340731595954,45.90267789480722],[-123.95340738609136,45.90268061983092],[-123.953407460085,45.90268334474118],[-123.953407539228,45.90268606950009],[-123.95340762223282,45.90268879414558],[-123.9534077117284,45.902691519500664],[-123.95340780503173,45.90269424384349],[-123.95340790219699,45.9026969680729],[-123.95340800456572,45.90269969304967],[-123.95340811202942,45.90270241697648],[-123.95340822469656,45.90270514165067],[-123.95340834117145,45.90270786531266],[-123.95340846156249,45.90271058975989],[-123.95340858833589,45.90271331311926],[-123.95340871902536,45.90271603726393],[-123.95340885357678,45.9027187612951],[-123.95340899456475,45.90272148513712],[-123.95340913936045,45.90272420796695],[-123.95340928807227,45.90272693158202],[-123.95340944322069,45.90272965500798],[-123.95340960223098,45.902732378320465],[-123.95340976504909,45.90273510062071],[-123.95340993307059,45.90273782366841],[-123.95341010624139,45.9027405465648],[-123.95341028456131,45.90274326930991],[-123.95341046668912,45.902745991042735],[-123.9534106540203,45.90274871352308],[-123.95341084521347,45.90275143588992],[-123.95341104155581,45.902754158105374],[-123.95341124299325,45.9027568792709],[-123.95341144834681,45.902759601221646],[-123.95341165879552,45.90276232212231],[-123.95341187444755,45.90276504377046],[-123.95341209390737,45.9027677644064],[-123.95341231857064,45.90277048578974],[-123.953412548329,45.902773206123065],[-123.95341278200347,45.90277592724164],[-123.953413020773,45.90277864731018],[-123.95341326469187,45.90278136722742],[-123.95341351247261,45.902784087031144],[-123.95341398100383,45.90278890710898],[-123.95341447386815,45.90279387412511],[-123.95341496882185,45.90279874744607],[-123.95341547943998,45.90280362390805],[-123.95341599885275,45.90280849651028],[-123.95341653360491,45.90281336686114],[-123.95341707522714,45.902818244212774],[-123.95341762800406,45.902823028503086],[-123.95341820663113,45.90282798489625],[-123.95341877855542,45.90283276592299],[-123.95341936737732,45.90283754915423],[-123.95341997561505,45.90284241914641],[-123.95342058744622,45.90284719900055],[-123.95342121086325,45.90285197851425],[-123.95342184806157,45.90285675132074],[-123.95342250366161,45.90286152988877],[-123.95342316956022,45.90286630815416],[-123.95342384671969,45.9028710806868],[-123.95342454072261,45.902875854525114],[-123.95342523226171,45.90288054470554],[-123.95342594353106,45.90288521990111],[-123.95342667985311,45.90288998979496],[-123.95342743312698,45.90289476279197],[-123.95342824067791,45.90289979438809],[-123.95342893564452,45.90290402800308],[-123.95342973493695,45.90290879424595],[-123.95343052875744,45.9029134697168],[-123.95343134156269,45.90291813922785],[-123.95343221090752,45.902923083477354],[-123.95343309107987,45.902928014804104],[-123.95343398332571,45.90293295387908],[-123.95343488726591,45.902937894411025],[-123.95343579833413,45.90294282482995],[-123.95343672222153,45.90294775397181],[-123.95343765678676,45.90295268910228],[-123.9534385998216,45.90295761498054],[-123.95343954146315,45.90296245356827],[-123.95344018876929,45.9029658323745],[-123.95479359422399,45.90295382567682],[-123.95479983136974,45.90332411721589],[-123.9547834636691,45.90386424956528],[-123.95478457610899,45.90391909076724],[-123.95478635614467,45.90400683452153],[-123.95478735708255,45.904056191516254],[-123.9547901408067,45.9041932948729],[-123.95479169784261,45.90427007020851],[-123.95481914742463,45.904472315371464],[-123.9548295463936,45.90509127259907],[-123.95483365277858,45.90533564570641],[-123.95483371303303,45.90533918941128],[-123.95483659693252,45.90551081712899],[-123.95484396672454,45.90594955245912],[-123.95484788742348,45.906182868609214],[-123.95590350883741,45.90645274854598],[-123.95613826720925,45.90661260217111],[-123.95608256475818,45.90676530984201],[-123.95570219523258,45.90707235668762],[-123.95514099320478,45.90717267644096],[-123.9550817466691,45.907183268150206],[-123.95504834575664,45.907219031223136],[-123.95486852807028,45.907411563106685],[-123.95486182377402,45.907507395141735],[-123.95496664023737,45.907507357378336],[-123.95815655543282,45.90747906304626],[-123.95815711975133,45.90753246087806],[-123.95816125896728,45.907924265472566],[-123.95816643196223,45.9084138372089],[-123.96003236432658,45.90840421463018],[-123.96013050054265,45.90839732121154],[-123.96013195379925,45.90853443116929],[-123.96013340722574,45.90867154381024],[-123.96013486194654,45.908808656400474],[-123.9601363191407,45.908945767104484],[-123.9605291480794,45.90894373644956],[-123.96092197833195,45.9089417053434],[-123.9611183946809,45.9089406883617],[-123.9615112248917,45.90893865528747],[-123.96190405373284,45.90893662004044],[-123.96210047010123,45.90893560231734],[-123.96249330024226,45.908933565963004],[-123.96288613030104,45.90893152739793],[-123.9630825466346,45.90893050803481],[-123.96344727050614,45.908928612298816],[-123.96404497988598,45.90892550455947],[-123.96406608433283,45.90906251455053],[-123.96406754852615,45.90919962795392],[-123.96406901122157,45.909336737787385],[-123.96407047408711,45.90947385030419],[-123.96407193830136,45.909610963668825],[-123.96407340101784,45.90974807346361],[-123.96407486390433,45.909885185941654],[-123.96407598438697,45.909990106558986],[-123.96407661889278,45.90999206767596],[-123.96407726235651,45.909994027628585],[-123.96407791729872,45.90999598544234],[-123.96407858119888,45.90999794209173],[-123.96407925663193,45.90999989750097],[-123.96407994220166,45.91000184991045],[-123.96408063678369,45.91000380205434],[-123.96408134150239,45.91000575119856],[-123.96408205775401,45.910007699102586],[-123.96408278290919,45.910009644943536],[-123.96408351825536,45.91001158868349],[-123.96408426384706,45.910013531221246],[-123.96408501962974,45.91001547165794],[-123.96408578560349,45.91001740999372],[-123.96408656176834,45.910019346228474],[-123.96408734817852,45.91002128126101],[-123.96408814472542,45.910023213293805],[-123.96408895023036,45.910025144162276],[-123.96408976715942,45.91002707199314],[-123.96409059304642,45.91002899865964],[-123.9640914291245,45.910030923225165],[-123.96409227533924,45.910032844791004],[-123.96409313179946,45.91003476515456],[-123.96409399710888,45.91003668255637],[-123.96409487389687,45.91003859781922],[-123.9640957595885,45.910040511019055],[-123.96409665547117,45.91004242211789],[-123.96409756154483,45.91004433111574],[-123.96409847780966,45.910046238012555],[-123.96409940292371,45.91004814194769],[-123.96410033822879,45.910050043781794],[-123.96410128367064,45.910051942616164],[-123.96410223935791,45.91005384024831],[-123.96410320512757,45.910055733982034],[-123.96410417985517,45.91005762655141],[-123.96410516471947,45.910059516121024],[-123.96410615977489,45.910061403589715],[-123.96410716367954,45.91006328809661],[-123.96410817772096,45.9100651696038],[-123.96410920195342,45.910067049010046],[-123.96411023637701,45.910068926315226],[-123.96411127959549,45.91007079975993],[-123.96411233305933,45.91007267200237],[-123.96411339531817,45.91007454038438],[-123.96411446905553,45.9100764066274],[-123.96411555164215,45.91007826990861],[-123.96411664313244,45.910080131126804],[-123.96411774470509,45.910081988446606],[-123.96411885646879,45.910083843665355],[-123.9641199770818,45.91008569592236],[-123.96412110783152,45.910087545179636],[-123.96412224877236,45.91008939233593],[-123.9641233985081,45.91009123563172],[-123.96412455709313,45.91009307596576],[-123.96412572715668,45.91009491416082],[-123.96412690472773,45.910096748533356],[-123.96412809377732,45.91009858076695],[-123.96412929033438,45.910100409178014],[-123.96413049836995,45.91010223545008],[-123.96413171391302,45.91010405789964],[-123.96413294088033,45.910105877311494],[-123.96413417540936,45.910107693799546],[-123.96413542136267,45.910109507249906],[-123.96413667487779,45.910111317776476],[-123.96413793847532,45.91011312440458],[-123.96413921220962,45.91011492803295],[-123.9641404947931,45.910116728699556],[-123.96414178617161,45.91011852550567],[-123.96414308768682,45.910120319312064],[-123.9641443980513,45.91012211015668],[-123.96414571726511,45.91012389803948],[-123.96414704656132,45.91012568202383],[-123.96414838465245,45.910127462147706],[-123.96414973288032,45.910129239271896],[-123.96415108995748,45.91013101343426],[-123.96415245582955,45.9101327837361],[-123.96415383049657,45.91013455017745],[-123.96415521530038,45.91013631361915],[-123.96415660889909,45.91013807320027],[-123.96415801134712,45.91013982981963],[-123.96415942259007,45.91014158257844],[-123.96416084391538,45.910143331438846],[-123.96416227409004,45.91014507733743],[-123.96416371305965,45.91014681937555],[-123.96416516082417,45.91014855755316],[-123.96416661738364,45.91015029187025],[-123.96416808407986,45.91015202318762],[-123.96416955951669,45.91015374974575],[-123.96417104251529,45.91015547338007],[-123.96417253559638,45.910157193115865],[-123.96417403747236,45.9101589089912],[-123.96417601591953,45.91016114741576],[-123.9641780094903,45.91016337999256],[-123.96418001813035,45.910165605822975],[-123.9641820418397,45.91016782490704],[-123.9641840819058,45.91017003720664],[-123.96418613575369,45.910172242797884],[-123.9641882046709,45.91017444164269],[-123.96419028736993,45.91017663377898],[-123.96419238642567,45.91017881913098],[-123.96419450049635,45.910180996837795],[-123.96419662834893,45.91018316783616],[-123.96419877127074,45.910185332088105],[-123.96420092920754,45.91018748869492],[-123.96420310215922,45.910189637656586],[-123.96420528894711,45.91019178080851],[-123.96420749069556,45.91019391541656],[-123.96420970622583,45.91019604331613],[-123.96421193677112,45.91019816357056],[-123.96421418109819,45.91020027711654],[-123.96421644038585,45.91020238211865],[-123.96421871345532,45.91020448041223],[-123.96422100153977,45.910206571060705],[-123.96422330335166,45.910208654101964],[-123.96422562012415,45.9102107285994],[-123.96422794939103,45.91021279642625],[-123.96423029367281,45.91021485660794],[-123.96423265162778,45.91021690828372],[-123.9642350245977,45.91021895231436],[-123.9642374100076,45.910220988775734],[-123.96423981037807,45.91022301669319],[-123.9642422231886,45.91022503704142],[-123.96424465101403,45.91022704974449],[-123.96424709122518,45.91022905397957],[-123.96424954645126,45.91023105056949],[-123.96425201400865,45.91023303779271],[-123.96425449534783,45.9102350183074],[-123.96425699030588,45.91023698941745],[-123.96425949899134,45.910238952920295],[-123.96426202006243,45.910240907955114],[-123.9642645560942,45.910242854446075],[-123.96426710322413,45.91024479250697],[-123.96426966531467,45.910246722023956],[-123.96427223979084,45.91024864307298],[-123.9642748266527,45.91025055565398],[-123.96427742718767,45.91025245972906],[-123.96428004010829,45.91025435533609],[-123.9642826667021,45.910256242437214],[-123.96428530562717,45.91025812017161],[-123.96428795693791,45.910259989437996],[-123.96429062192178,45.91026185019846],[-123.96429329923699,45.91026370159215],[-123.964295987596,45.91026554365709],[-123.96429868968254,45.910267378114774],[-123.96430140533349,45.91026920226904],[-123.9643041320826,45.91027101799328],[-123.96430687121736,45.91027282524948],[-123.96430962262912,45.91027462224023],[-123.96431238642653,45.91027641076296],[-123.96431516132212,45.910278190855614],[-123.96431794978214,45.910279960644914],[-123.96432074928596,45.91028172110536],[-123.96432356117548,45.91028347309781],[-123.96432638534193,45.91028521482481],[-123.9643292206066,45.91028694812173],[-123.9643320668607,45.910288671191125],[-123.9643349267336,45.91029038485585],[-123.96433779641723,45.91029209012841],[-123.96434067961088,45.9102937841989],[-123.96434357261528,45.91029546987716],[-123.96434647789664,45.91029714528999],[-123.96434939422181,45.91029881137403],[-123.96435232159082,45.91030046812925],[-123.96435526123676,45.91030211461904],[-123.96435821063908,45.91030375181792],[-123.96436117231832,45.91030537875136],[-123.96436414375393,45.9103069963939],[-123.96436712746652,45.91030860377102],[-123.96437012088106,45.910310200958484],[-123.96437312662692,45.910311788779254],[-123.96437614207477,45.91031336641041],[-123.96437916856648,45.91031493471275],[-123.96438220470579,45.91031649192678],[-123.9643852531764,45.91031803977404],[-123.96438831000721,45.91031957657098],[-123.96439137916924,45.91032110400113],[-123.96439445803338,45.91032262124168],[-123.96439754659941,45.91032412829263],[-123.96440064610059,45.91032562421732],[-123.96440375535812,45.91032711085115],[-123.96440687555076,45.91032858635867],[-123.96441000421223,45.91033005261337],[-123.96441314380887,45.910331507741695],[-123.96441629310745,45.91033295268047],[-123.96441945205368,45.910334386530884],[-123.96442262075627,45.91033581109047],[-123.96442579910644,45.91033722456168],[-123.9644289871043,45.9103386269446],[-123.96443218480414,45.910340019137905],[-123.96443539220589,45.910341401141594],[-123.96443860796785,45.91034277209493],[-123.96444183337738,45.91034413195995],[-123.96444506848896,45.91034548163534],[-123.9644483133025,45.910346821121124],[-123.9644515651343,45.91034814869572],[-123.96445482795566,45.91034946604279],[-123.96445809913709,45.910350772339484],[-123.964461378733,45.9103520684845],[-123.96446466668911,45.9103533535791],[-123.96446796423838,45.91035462668668],[-123.96447127020225,45.91035588964257],[-123.96447458452623,45.91035714154809],[-123.9644779072647,45.91035838330192],[-123.96448123830896,45.910359613106635],[-123.96448457771332,45.910360831861],[-123.96448792676529,45.91036203952696],[-123.96449128160252,45.91036323621847],[-123.96449464608725,45.910364421821654],[-123.96449801893219,45.9103655963744],[-123.96450139879538,45.910366759015986],[-123.96450478707304,45.910367911505915],[-123.96450818236902,45.91036905208459],[-123.96451158602511,45.91037018161298],[-123.96451499675393,45.91037130012889],[-123.96451841578839,45.91037240669564],[-123.96452089142981,45.910373205245705],[-123.96452336342638,45.910374007504444],[-123.9645258330655,45.910374813433876],[-123.96452830163463,45.91037562299613],[-123.96453076661321,45.9103764371658],[-123.96453322917999,45.9103772541075],[-123.96453568938936,45.910378074719915],[-123.96453814724131,45.91037889900304],[-123.96454060144832,45.91037972699485],[-123.96454305458533,45.91038055861942],[-123.96454550407753,45.91038139395274],[-123.9645479512122,45.91038223295676],[-123.96455039598952,45.9103830756315],[-123.96455283846373,45.91038392287572],[-123.96455527852615,45.91038477289191],[-123.96455771494371,45.91038562661684],[-123.96456015023689,45.91038648307579],[-123.96456258193955,45.91038734414214],[-123.96456501128476,45.91038820887925],[-123.96456743698515,45.91038907732503],[-123.96456986161552,45.91038994940359],[-123.96457189092617,45.910390682779266],[-123.96457391911255,45.910391418889006],[-123.96457594617456,45.910392157732836],[-123.96457796953732,45.91039289938662],[-123.96457999300885,45.910393642837874],[-123.96458201283546,45.910394389997734],[-123.96458403148333,45.91039513899303],[-123.96458604766505,45.91039588986159],[-123.96458806277677,45.910396644362955],[-123.96459007542241,45.91039740073766],[-123.96459208694363,45.9103981598464],[-123.96459409605305,45.91039892172721],[-123.96459610269629,45.91039968548127],[-123.96459810692774,45.91040045200737],[-123.96460011003487,45.91040122126762],[-123.96460211201766,45.9104019932619],[-123.96460411024677,45.91040276716743],[-123.9646061073516,45.910403543807035],[-123.96460810204464,45.910404323218685],[-123.96461009555888,45.910405104465696],[-123.96461208666145,45.910405888484725],[-123.9646140753521,45.91040667527583],[-123.96461606291842,45.910407464800926],[-123.96461804801868,45.91040825619939],[-123.96462003070701,45.9104090503699],[-123.96462201098355,45.91040984731238],[-123.96462399008144,45.91041064609026],[-123.96462596676753,45.91041144764016],[-123.96462794104178,45.91041225196208],[-123.96462991413735,45.91041305811937],[-123.96463188482116,45.91041386704872],[-123.96463385309308,45.910414678750044],[-123.9646358188989,45.91041549232471],[-123.96463778358037,45.91041630863343],[-123.96463974585004,45.910417127714176],[-123.9646417056535,45.9104179486683],[-123.96464366433267,45.91041877235643],[-123.96464561931259,45.91041959885459],[-123.9646475731681,45.91042042808683],[-123.96464952455752,45.91042125919233],[-123.96465147476823,45.91042209213323],[-123.96465342127964,45.9104229278841],[-123.96465536666669,45.91042376636904],[-123.96465730964198,45.91042460762606],[-123.9646592501511,45.91042545075632],[-123.96466118824844,45.91042629665866],[-123.96466312516705,45.910427144396365],[-123.96466505967389,45.91042799490606],[-123.96466699176888,45.91042884818782],[-123.96466892139777,45.91042970334287],[-123.96467084861483,45.91043056126998],[-123.96467399703832,45.91043197021485],[-123.96467713935083,45.910433384741765],[-123.96468027560664,45.91043480574936],[-123.96468340714766,45.91043623409841],[-123.96468653129014,45.91043766806745],[-123.96468964937596,45.91043910851719],[-123.96469276140505,45.910440555447636],[-123.96469586866499,45.9104420088209],[-123.96469896858078,45.910443468712764],[-123.96470206238553,45.910444934186664],[-123.96470515018795,45.91044640704001],[-123.96470823187937,45.910447885475335],[-123.96471130751412,45.91044937039135],[-123.96471437580476,45.91045086182606],[-123.96471743932618,45.91045235970358],[-123.96472049544906,45.91045386320096],[-123.9647235455153,45.91045537317909],[-123.9647265895249,45.910456889638],[-123.96472962747781,45.9104584125776],[-123.96473265803219,45.91045994113713],[-123.96473568252995,45.9104614761774],[-123.96473870097108,45.91046301769836],[-123.96474171201362,45.9104645648393],[-123.96474471699952,45.910466118460945],[-123.96474771592882,45.91046767856336],[-123.96475070745953,45.91046924428566],[-123.96475369287934,45.910470815590024],[-123.96475667100925,45.910472394311775],[-123.96475964302822,45.910473978615485],[-123.96476260893613,45.910475568501234],[-123.96476556749992,45.91047716490564],[-123.96476851995267,45.91047876689207],[-123.96477146506128,45.91048037539715],[-123.96477440282574,45.910481990420934],[-123.96477733447928,45.91048361102672],[-123.96478025873422,45.91048523725245],[-123.96478317693258,45.91048686995891],[-123.96478608773236,45.91048850828536],[-123.96478899247552,45.91049015309248],[-123.96479188982023,45.91049180351959],[-123.96479477976644,45.91049345956667],[-123.96479766236845,45.91049512213244],[-123.96480053885946,45.91049679028019],[-123.96480340795202,45.91049846404793],[-123.96480627093354,45.91050014339763],[-123.96480912528345,45.910501829304],[-123.96481197352236,45.91050352079238],[-123.96481481441712,45.91050521879944],[-123.96481764785905,45.910506921527755],[-123.96482047395685,45.91050863077471],[-123.96482329394361,45.91051034560372],[-123.96482610653189,45.9105120660527],[-123.96482891048854,45.91051379305829],[-123.96483170827982,45.910515524747176],[-123.96483449872703,45.910517262954755],[-123.96483728177571,45.91051900678228],[-123.96484005737156,45.91052075533106],[-123.9648428256232,45.91052251039858],[-123.96484558647647,45.91052427108601],[-123.96484833993112,45.91052603739342],[-123.9648510859874,45.910527809320776],[-123.96485382335767,45.91052958690609],[-123.96485655461689,45.9105313700734],[-123.96485927847769,45.91053315886065],[-123.96486199365249,45.91053495330588],[-123.9648647026619,45.9105367524344],[-123.96486740303966,45.910538558119555],[-123.964870096019,45.910540369424666],[-123.96487278154551,45.910542185451035],[-123.96487545972782,45.91054400799609],[-123.96487813045735,45.9105458352624],[-123.96488079250088,45.910547668186624],[-123.96488344709155,45.910549505832094],[-123.96488609433811,45.910551349996275],[-123.9648887341318,45.91055319888172],[-123.96489136523951,45.91055505342507],[-123.96489398894877,45.91055691358844],[-123.96489660525953,45.91055877937174],[-123.96489921282995,45.91056064991426],[-123.9649018130019,45.91056252607677],[-123.964904405721,45.910564406960496],[-123.96490698980844,45.91056629440091],[-123.96490956510122,45.91056818570178],[-123.96491213433742,45.91057008348343],[-123.9649146948332,45.91057198602424],[-123.96491724658868,45.91057389332431],[-123.96491979094569,45.910575806244346],[-123.96492232790419,45.910577724784346],[-123.96492485612235,45.91057964808358],[-123.96492737560017,45.91058157614199],[-123.96492988767953,45.9105835098204],[-123.96493239107292,45.91058544915676],[-123.96493488701344,45.910587393214385],[-123.96493737421366,45.910589342031194],[-123.96493985401533,45.910591296468006],[-123.96494232507668,45.910593255664],[-123.96494478739774,45.910595219619225],[-123.96494724232029,45.91059718919447],[-123.96494968721504,45.91059916356683],[-123.96495212594441,45.9106011426225],[-123.96495455470028,45.910603127374124],[-123.96495697600338,45.91060511684697],[-123.96495938856609,45.91060711107904],[-123.96496179367597,45.910609110032354],[-123.96496418875802,45.91061111378284],[-123.96496657638721,45.91061312225463],[-123.96496799972759,45.910614328150125],[-123.96496894990865,45.9106151320425],[-123.96496942306803,45.91061553404562],[-123.96497084007989,45.91061674192829],[-123.96497131463546,45.9106171456909],[-123.96497225591304,45.910617951646344],[-123.96497367196378,45.91061916495929],[-123.96497507760594,45.91062037677835],[-123.96497601926424,45.91062118902484],[-123.96497648475321,45.91062159215435],[-123.96497788809238,45.91062280854292],[-123.96497835911184,45.91062321781165],[-123.96497928896544,45.9106240268048],[-123.9649806914522,45.910625250421056],[-123.96498207950503,45.9106264699611],[-123.96498301253168,45.91062728876423],[-123.96498347163772,45.91062769298221],[-123.96498485878372,45.91062891885128],[-123.96498532744575,45.910629331790794],[-123.96498624469665,45.91063014565699]],[[-123.95970196058795,45.904971537576024],[-123.95970735853865,45.905519990725466],[-123.95914957640757,45.90552286936554],[-123.95892156576916,45.905524046990294],[-123.95891081470464,45.90497562191345],[-123.95970196058795,45.904971537576024]]]}},{"type":"Feature","properties":{"name":"Gearhart","source":"Oregon Framework Admin_Bounds city limits"},"geometry":{"type":"Polygon","coordinates":[[[-123.91025652947866,46.03940356218131],[-123.91026539857495,46.03974682428983],[-123.9102707757446,46.039954957530036],[-123.91027317105085,46.040047708784684],[-123.91027679470085,46.04019351213345],[-123.91028381344502,46.040475894568246],[-123.91028978675959,46.0407161734213],[-123.91029224010023,46.040814856280114],[-123.91029469355327,46.04091356253439],[-123.91030072638702,46.04115622336584],[-123.91030420257968,46.041280860460034],[-123.91031450059057,46.041659362061225],[-123.91031506140033,46.04184955806232],[-123.9103164327263,46.0421554201261],[-123.9103170999595,46.04250365678306],[-123.91031718010734,46.04252997409069],[-123.91031804753558,46.0428117319948],[-123.91031032849948,46.04319230119641],[-123.91030583493404,46.04357309021513],[-123.91030646152424,46.04365573978769],[-123.91030938296076,46.04404252646514],[-123.91030770812235,46.04440259623724],[-123.91030604558433,46.04476014315608],[-123.91030389860856,46.04522101623724],[-123.9103023883437,46.04558644351272],[-123.91042052795237,46.045586163523495],[-123.91100579078689,46.04558477779593],[-123.91126568586398,46.04558416190194],[-123.91175798397019,46.04558299788839],[-123.91205332986183,46.04558229638729],[-123.91234868144517,46.04558160298352],[-123.91264402850561,46.04558089816811],[-123.9129393717944,46.045580194522344],[-123.9135300646956,46.04557878302716],[-123.91384520795557,46.04557802927907],[-123.91389905112126,46.046123166908224],[-123.91570167345314,46.04611919276173],[-123.91586508197906,46.046118830283895],[-123.91649021768214,46.046117443665594],[-123.91672696723347,46.046116917908286],[-123.9174188669721,46.04611537749047],[-123.91840245810846,46.046113183877864],[-123.91863044355132,46.046112672675406],[-123.9188358172278,46.04611221390901],[-123.91888107850116,46.04611211245698],[-123.92002306525515,46.04610955064924],[-123.92018377904151,46.0461066038475],[-123.92022136862708,46.046105915245704],[-123.92030194478073,46.04610599905262],[-123.92089330548454,46.04610661274519],[-123.92109020335157,46.04610681650444],[-123.92144635426251,46.046107183567486],[-123.92178108218191,46.04610752796783],[-123.92199512619563,46.04610774726091],[-123.92211581010541,46.04610787141794],[-123.92245053932345,46.04610821388034],[-123.9228244493002,46.046108595732385],[-123.92302134841763,46.04610879533061],[-123.92316638371304,46.046108942931376],[-123.9236301645063,46.046099965272155],[-123.92362362679786,46.04011041403276],[-123.92363525781136,46.040045959418656],[-123.92372709829037,46.03953695696438],[-123.92377414862328,46.0392762035817],[-123.92378894684414,46.039194196111886],[-123.92385588641987,46.03882321636494],[-123.92389619149948,46.03882333516017],[-123.92406030536706,46.03882382063872],[-123.9240930609429,46.03882390939727],[-123.92409246306232,46.03879306975551],[-123.92408725733598,46.03852641858855],[-123.92408467133012,46.03839411830313],[-123.92408137098242,46.03822277798068],[-123.92407503758696,46.0378937477299],[-123.92407445942321,46.03786373300175],[-123.92407140197538,46.03772923720065],[-123.9240701548216,46.03767440107865],[-123.9240657904474,46.03748247461549],[-123.92406573967882,46.037479879839196],[-123.92405972857576,46.03718086259212],[-123.92405532658572,46.03696151266093],[-123.92405092339297,46.036742163630734],[-123.92404597071477,46.036495391628435],[-123.92404064732315,46.036248623154776],[-123.92403531021347,46.03600123658081],[-123.9240304799213,46.03575687170042],[-123.92402289624104,46.03537328652548],[-123.92402536028882,46.035371157895526],[-123.92402781627143,46.03536902409852],[-123.92403026553309,46.03536688599563],[-123.9240327054932,46.03536474366192],[-123.92403513873231,46.03536259702231],[-123.92403756396021,46.03536044611435],[-123.92403998117679,46.035358290937985],[-123.92404239038213,46.03535613149327],[-123.92404479152233,46.035353966881544],[-123.92404718470519,46.03535179890011],[-123.92404956987676,46.03534962665029],[-123.92405194698317,46.03534744923343],[-123.92405431613217,46.03534526844689],[-123.92405667726995,46.035343083391965],[-123.92405902910609,46.035340894106156],[-123.92406137416745,46.03533869961584],[-123.92406371127147,46.035336501755864],[-123.92406603907385,46.03533429966494],[-123.92406836015527,46.035332093268245],[-123.92407067198897,46.03532988353927],[-123.9240729770479,46.03532766860582],[-123.92407527285906,46.03532545034013],[-123.92407756060517,46.03532322690745],[-123.92407983910353,46.03532100014254],[-123.92408211088093,46.035318769071786],[-123.92408437341062,46.035316534668844],[-123.92408662787523,46.03531429509883],[-123.92408887438238,46.03531205215919],[-123.92409111287826,46.03530980495112],[-123.92409334341676,46.03530755437339],[-123.92409556459984,46.03530529866618],[-123.92409777782552,46.03530303958919],[-123.9240999830938,46.03530077714256],[-123.92410217900664,46.035298509566395],[-123.92410436696208,46.03529623862053],[-123.92410654696009,46.03529396430495],[-123.92410871765661,46.03529168575856],[-123.92411088163212,46.03528940290628],[-123.92411303506958,46.03528711675934],[-123.92411518178616,46.03528482630654],[-123.92411731920114,46.035282531622855],[-123.92411944736845,46.03528023360701],[-123.9241215688686,46.03527793218396],[-123.9241236810672,46.035275626530094],[-123.92412578401816,46.03527331754396],[-123.92412787895782,46.03527100428955],[-123.92412996594004,46.0352686876654],[-123.9241320436207,46.035266366810426],[-123.92413411205372,46.035264042623226],[-123.92413617376576,46.035261714130236],[-123.92413822499364,46.035259383241154],[-123.92414026944672,46.03525704714766],[-123.92414230341562,46.03525470865805],[-123.92414432937333,46.03525236590012],[-123.9241463473736,46.035250019772484],[-123.92414835607235,46.03524766941406],[-123.92415035686744,46.035245316584536],[-123.92415234836112,46.035242959524226],[-123.92415433055318,46.03524059823305],[-123.9241563048417,46.035238234470825],[-123.92415826982864,46.03523586647783],[-123.92416022691202,46.035233496013724],[-123.92416217469395,46.035231121318844],[-123.92416411317429,46.035228742393095],[-123.92416604375103,46.035226360996326],[-123.92416796508017,46.035223976267346],[-123.92416987710764,46.03522158730757],[-123.92417178123166,46.035219195876756],[-123.92417367605408,46.035216800215125],[-123.92417556291915,46.03521440118374],[-123.92417743930007,46.035211999756406],[-123.92417930766972,46.03520959406074],[-123.92418116679168,46.035207185032846],[-123.92418301801011,46.03520477353398],[-123.92418485992698,46.03520235780427],[-123.92418669259618,46.035199938742345],[-123.92418851607155,46.03519751724689],[-123.92419033024534,46.035195091520656],[-123.92419213651563,46.03519266332343],[-123.92419393353823,46.03519023179398],[-123.92419572131318,46.03518779693239],[-123.92419749984037,46.03518535873855],[-123.92419927041016,46.03518291717513],[-123.92420103049592,46.03518047321566],[-123.92420278257036,46.035178024987836],[-123.92420452545097,46.0351755743265],[-123.92420625908393,46.03517312033301],[-123.92420798352308,46.035170663906],[-123.92420970000474,46.03516820410937],[-123.9242114059485,46.03516574101802],[-123.92421310264459,46.03516327459452],[-123.92421479143717,46.035160805699995],[-123.92421647098199,46.03515833347329],[-123.92421813998884,46.03515585795193],[-123.92421980109222,46.03515337995958],[-123.92422145294793,46.03515089863506],[-123.92422309560975,46.035148414876986],[-123.9242247290239,46.03514592778675],[-123.92422635319043,46.0351434373644],[-123.92422796816308,46.03514094450853],[-123.92422957394196,46.035138449219154],[-123.92423117047316,46.03513595059758],[-123.92423275775668,46.03513344864386],[-123.92423433584636,46.03513094425665],[-123.92423590474225,46.035128437435944],[-123.92423746310013,46.03512592732055],[-123.92423901355455,46.035123414734144],[-123.92424055481511,46.03512089971428],[-123.92424208682803,46.03511838136222],[-123.92424360835682,46.03511586061414],[-123.92424512192821,46.03511333649648],[-123.92424662501558,46.03511080998276],[-123.92424812019937,46.035108280998],[-123.92424960489906,46.0351057496173],[-123.92425108035106,46.03510321490442],[-123.92425254660925,46.03510067775801],[-123.92425399781447,46.035098148250924],[-123.92425543982579,46.03509561631036],[-123.92425687264338,46.03509308193628],[-123.92425829497687,46.03509054516622],[-123.92425970935297,46.035088005026516],[-123.92426111329881,46.03508546338945],[-123.92426250799699,46.035082918420215],[-123.92426389350136,46.03508037101749],[-123.92426526986583,46.03507782207994],[-123.92426663698261,46.03507526981025],[-123.92426799490562,46.035072715107034],[-123.92426934363488,46.03507015797033],[-123.92427068193383,46.0350675993363],[-123.92427201098512,46.03506503737012],[-123.92427333084262,46.035062472970424],[-123.92427464156022,46.035059907035915],[-123.92427594179367,46.03505733870541],[-123.92427723406983,46.03505476700524],[-123.9242785159157,46.035052193807786],[-123.92427978856784,46.03504961817677],[-123.92428105202617,46.03504704011235],[-123.9242823050542,46.03504446055051],[-123.92428355012501,46.03504187761908],[-123.9242847847655,46.035039293190266],[-123.92428600892191,46.03503670636551],[-123.92428722522872,46.0350341179684],[-123.92428843105142,46.035031527175306],[-123.9242896276804,46.0350289339487],[-123.92429081511553,46.035026338288645],[-123.92429199212039,46.03502374113123],[-123.92429315993155,46.03502114154035],[-123.92429431854895,46.03501853951598],[-123.92429546673608,46.0350159359943],[-123.92429660572948,46.03501333003911],[-123.9242977355829,46.035010722549124],[-123.92429885624252,46.03500811262557],[-123.92429996647199,46.035005501204736],[-123.92430106750768,46.03500288735046],[-123.92430215811318,46.03500027199881],[-123.92430323952485,46.03499765421369],[-123.92430431179662,46.034995034893754],[-123.92430537358429,46.034992413177804],[-123.92430642623212,46.03498978992706],[-123.92430746968616,46.034987164242835],[-123.92430850276378,46.034984537959915],[-123.92430952659382,46.034981908344875],[-123.92431054004754,46.03497927813118],[-123.92431154430746,46.034976645484],[-123.92431253942752,46.034974011302005],[-123.92431352406349,46.034971374723995],[-123.92431449961335,46.034968737509814],[-123.92431546467922,46.034966097899726],[-123.92431642060514,46.03496345675474],[-123.92431736610095,46.03496081411249],[-123.92431830240291,46.034958169036734],[-123.92431922956504,46.03495552242615],[-123.9243201463508,46.03495287521689],[-123.92432105394283,46.03495022557417],[-123.92432195110462,46.03494757443416],[-123.92432283912652,46.03494492175927],[-123.9243237166644,46.034942266688454],[-123.92432458382592,46.03493961101897],[-123.92432544313786,46.034936953777176],[-123.92432629072931,46.03493429507555],[-123.9243271304712,46.03493163480158],[-123.92432795843867,46.03492897216921],[-123.92432877861046,46.034926308863106],[-123.92432958706173,46.03492364409724],[-123.92433038766347,46.034920977759],[-123.92433117654468,46.034918309960986],[-123.92433195628603,46.03491564062815],[-123.92433272694134,46.03491297065915],[-123.92433348711268,46.034910298294186],[-123.92433423819791,46.03490762529305],[-123.92433497885301,46.03490495079461],[-123.92433570907791,46.034902274798846],[-123.92433643021675,46.03489959816695],[-123.92433714087166,46.03489691913903],[-123.92433784244047,46.03489423947503],[-123.924338533633,46.0348915592123],[-123.92433921563179,46.03488887651613],[-123.92433988725423,46.034886193221325],[-123.92434054844657,46.034883508429175],[-123.92434120055286,46.034880823000925],[-123.92434184222901,46.034878136075285],[-123.92434247481916,46.03487544851356],[-123.92434309697906,46.0348727594545],[-123.92434370870888,46.034870068898115],[-123.92434431135267,46.03486737770562],[-123.92434490485664,46.03486468497826],[-123.92434548669395,46.03486199168978],[-123.9243460593914,46.034859296866465],[-123.92434662300286,46.034856601407014],[-123.92434717494777,46.03485390538639],[-123.92434771775274,46.034851207831004],[-123.92434825147174,46.034848509639424],[-123.92434877476059,46.034845809950575],[-123.9243492876732,46.03484310966302],[-123.92434979149975,46.03484040873935],[-123.92435028360586,46.03483770635587],[-123.92435076791632,46.03483500329873],[-123.92435124056011,46.03483229968046],[-123.924351704118,46.03482959542601],[-123.924352158536,46.0348268896368],[-123.92435260128744,46.03482418328641],[-123.92435303495283,46.03482147629988],[-123.92436398550673,46.034790651997426],[-123.92435669828704,46.0344361235623],[-123.9243482328477,46.03402445938222],[-123.92434314989845,46.03377732066818],[-123.92433307656275,46.03328378761001],[-123.92433029433036,46.03314813106593],[-123.92432752489651,46.0330464910904],[-123.92432476135474,46.03291095191038],[-123.92485629775932,46.03290557014104],[-123.92529790191271,46.03290109658593],[-123.92572728515364,46.032896747175194],[-123.92593170363227,46.03289467482245],[-123.92647102100747,46.03289082304573],[-123.92669306883072,46.03301709377579],[-123.92673041962266,46.03298523121517],[-123.92792239738947,46.03297340538825],[-123.9285322851653,46.03296734948702],[-123.92851007125714,46.03255038414187],[-123.92844454197039,46.0314943111161],[-123.92843697879084,46.03044224255791],[-123.92848429556211,46.02972058923409],[-123.92859919268511,46.029153646160104],[-123.92872335114694,46.02861634158944],[-123.92870097699236,46.02798726465135],[-123.92856881907876,46.02721568066026],[-123.92857302729347,46.02671451894157],[-123.92845275724306,46.026167315813574],[-123.92845067818658,46.025186973752604],[-123.92842364305123,46.024683703085074],[-123.92835673093262,46.024178848042496],[-123.9283654771452,46.02375987086443],[-123.92841654268466,46.02325185628669],[-123.92842588932406,46.022698409950706],[-123.92840332564941,46.02228281296986],[-123.92831053010114,46.021871730292716],[-123.92813042665745,46.021232972383245],[-123.92811693500819,46.020764976324834],[-123.92802431300956,46.020291052273585],[-123.9278276565635,46.01934326026448],[-123.92784165666792,46.01866372996707],[-123.92784207637946,46.018086120074855],[-123.92779015879702,46.017857415287075],[-123.92773016967273,46.01754662645647],[-123.92767226776144,46.01727721128388],[-123.92763775398275,46.01685921660324],[-123.92739933431179,46.01629843505839],[-123.9273695478511,46.01604466499999],[-123.92758438409102,46.015338434413685],[-123.9275355961246,46.01530637788143],[-123.92738718491579,46.0152220681201],[-123.92720449162277,46.01515055435981],[-123.92691205912888,46.01506823924512],[-123.92660880547115,46.01502876928712],[-123.92632395033256,46.01500714803758],[-123.92598480941882,46.01499314228813],[-123.92548129646222,46.01495702538721],[-123.9249436766414,46.01489720279859],[-123.92466393484389,46.01488201413407],[-123.9244254511749,46.01498361434122],[-123.92432524607459,46.015138541636134],[-123.92420268928535,46.01540689449429],[-123.92395627369173,46.01568515870868],[-123.92350241782849,46.01598509309707],[-123.92318800737439,46.01619344144164],[-123.92305253173832,46.01640399650806],[-123.92294223419076,46.0166404360805],[-123.92272450757424,46.01692444950377],[-123.9221284752988,46.017237838686626],[-123.9215831799003,46.01737249382092],[-123.920954412309,46.01740228234979],[-123.92054271896511,46.0173541477376],[-123.9202675841039,46.017251558145425],[-123.91990680568779,46.01719864971593],[-123.91930207236379,46.01724172576758],[-123.91874358330726,46.017228304271754],[-123.91826417104993,46.01711462679497],[-123.91776492500992,46.016893138096385],[-123.91730262323529,46.01667030085939],[-123.91693310738246,46.016523795471066],[-123.91650093738568,46.016291025548306],[-123.91647704735959,46.01606918732616],[-123.91618499169265,46.01619729316778],[-123.9159830676835,46.016304674955855],[-123.91586935687724,46.01641855343999],[-123.91580589433175,46.01674443839503],[-123.91579748868416,46.016775812326344],[-123.91579783625792,46.01678154304886],[-123.91151942959279,46.016833680196115],[-123.91120378814442,46.016774700957875],[-123.91120375320608,46.01677197156134],[-123.91120371697784,46.016769242202194],[-123.91120367945967,46.016766512880366],[-123.91120364194158,46.01676378355855],[-123.91120360442342,46.01676105423671],[-123.9112035656154,46.016758324952235],[-123.91120352551745,46.01675559570512],[-123.91120348541949,46.01675286645802],[-123.91120344403168,46.016750137248245],[-123.91120340264386,46.016747408038476],[-123.9112033599125,46.01674467796738],[-123.91120331723481,46.016741948794916],[-123.91120327326715,46.016739219659854],[-123.91120322929957,46.016736490524764],[-123.91120318404204,46.01673376142704],[-123.91120313749464,46.01673103236669],[-123.91120309089361,46.01672830240759],[-123.91120304434624,46.016725573347216],[-123.91120299650898,46.01672284432424],[-123.91120294738174,46.016720115338536],[-123.91120289820095,46.01671738545419],[-123.9112028490738,46.016714656468494],[-123.91120279865675,46.01671192752016],[-123.91120274689611,46.01670919771052],[-123.9112026951892,46.01670646879951],[-123.91120264219231,46.016703739925916],[-123.91120258914182,46.01670101015359],[-123.9112025348551,46.01669828131732],[-123.91120248056838,46.01669555248102],[-123.91120242493808,46.01669282278341],[-123.91120236807161,46.01669009402184],[-123.91120231244133,46.01668736432423],[-123.9112022542849,46.01668463559998],[-123.91120219607488,46.01668190597708],[-123.9112021379185,46.016679177252826],[-123.91120207841855,46.016676447667294],[-123.91120201768233,46.01667371901774],[-123.91120195689258,46.01667098946955],[-123.91120189486645,46.016668260857344],[-123.91120183278676,46.01666553134648],[-123.91120177076067,46.01666280273427],[-123.91120170610122,46.01666007329815],[-123.91120164273164,46.016657343824605],[-123.91120157683586,46.01665461532448],[-123.91120151088651,46.01665188592567],[-123.91120144499078,46.016649157425526],[-123.91120137775152,46.01664642806406],[-123.9112013105123,46.01664369870255],[-123.9112012420368,46.01664097027715],[-123.91120117221779,46.01663824099034],[-123.9112011023987,46.016635511703576],[-123.91120103257971,46.01663278241681],[-123.91120096152444,46.01663005406608],[-123.91120088912568,46.01662732485402],[-123.91120081672689,46.01662459564193],[-123.9112007443281,46.016621866429894],[-123.91120066940312,46.016619138191174],[-123.91120059571448,46.01661640901648],[-123.91120051944601,46.01661367991641],[-123.91120044446744,46.01661095077903],[-123.9112003669091,46.016608221716346],[-123.91120029069431,46.01660549351501],[-123.91120021184608,46.0166027644897],[-123.91120013299788,46.016600035464386],[-123.91120005414967,46.01659730643908],[-123.91119997401157,46.01659457745105],[-123.91119989258362,46.01659184850045],[-123.9111998111556,46.016589119549806],[-123.91119972972767,46.01658639059921],[-123.91119964700977,46.016583661685914],[-123.91119956305563,46.01658093370867],[-123.91119947904792,46.01657820483275],[-123.91119939375031,46.01657547599414],[-123.91119930845272,46.01657274715556],[-123.91119922186517,46.016570018354344],[-123.91119913527766,46.01656728955311],[-123.9111990474003,46.01656456078924],[-123.91119895952289,46.01656183202536],[-123.91119887035566,46.016559103298796],[-123.91119878118836,46.016556374572254],[-123.91119869073127,46.01655364588309],[-123.91119859898417,46.016550917231264],[-123.91119850723716,46.01654818857945],[-123.9111984154365,46.016545459028904],[-123.91119832239963,46.01654273041442],[-123.91119822807279,46.01654000183729],[-123.91119813374604,46.01653727326016],[-123.91119803941929,46.016534544683],[-123.9111979425127,46.01653181618057],[-123.91119784689607,46.016529087640784],[-123.9111977499895,46.01652635913834],[-123.91119765179313,46.01652363067327],[-123.91119755354308,46.016520901309484],[-123.91119745405678,46.01651817288174],[-123.91119735328057,46.016515444491375],[-123.91119725250441,46.016512716100955],[-123.9111971517282,46.01650998771056],[-123.91119704966215,46.01650725935753],[-123.91119694754252,46.016504530105834],[-123.91119684418653,46.016501801790085],[-123.91119673954077,46.01649907351175],[-123.91119663489495,46.01649634523344],[-123.9111965289056,46.01649361609373],[-123.91119642296998,46.01649088785275],[-123.9111963170343,46.016488159611754],[-123.9111962098087,46.016485431408135],[-123.91119610123967,46.016482702343126],[-123.91119599272422,46.01647997417684],[-123.91119588291892,46.016477246047906],[-123.9111957718237,46.0164745179563],[-123.9111956619648,46.016471788928655],[-123.91119554957976,46.01646906087441],[-123.91119543719466,46.016466332820194],[-123.91119532475602,46.016463603867216],[-123.9111952110811,46.01646087585035],[-123.91119509611623,46.01645814787078],[-123.91119498109781,46.01645541899258],[-123.91119486613304,46.016452691012994],[-123.91119474987832,46.01644996307079],[-123.91119463228016,46.016447234267304],[-123.91119451473558,46.01644450636241],[-123.91119439590116,46.01644177849489],[-123.91119427701317,46.01643904972873],[-123.91119415688881,46.016436321898595],[-123.9111940367645,46.0164335940684],[-123.91119391529674,46.01643086537695],[-123.91119379388256,46.01642813758414],[-123.9111936711249,46.016425408929976],[-123.91119354842091,46.016422681174525],[-123.91119342442697,46.01641995345642],[-123.91119329908955,46.01641722487698],[-123.91119317380577,46.01641449719624],[-123.91119304846838,46.016411768616756],[-123.9111929218947,46.01640904097336],[-123.91119279397758,46.016406312468646],[-123.91119266611403,46.016403584862594],[-123.91119253696064,46.01640085729384],[-123.91119240775363,46.01639812882648],[-123.91119227860024,46.01639540125777],[-123.91119214681346,46.01639267286506],[-123.91119201637025,46.01638994533369],[-123.91119188522399,46.01638724933086],[-123.91119175407779,46.016384553328045],[-123.9111916216953,46.01638185826123],[-123.91119148925921,46.01637916229573],[-123.9111913568231,46.01637646633026],[-123.91119122186089,46.01637377133814],[-123.91119108813493,46.01637107541001],[-123.91119095182923,46.016368379556525],[-123.91119081681343,46.01636568366575],[-123.91119067927147,46.01636298874833],[-123.91119054296577,46.01636029289491],[-123.91119040408033,46.01635759711617],[-123.9111902665384,46.016354902198735],[-123.91119012636311,46.01635220645735],[-123.9111899861878,46.01634951071597],[-123.91118984601253,46.01634681497456],[-123.91118970460097,46.016344120169194],[-123.9111895631358,46.01634142446517],[-123.91118942038081,46.016338728798466],[-123.91118927762581,46.016336033131786],[-123.91118913363448,46.01633333840112],[-123.91118898829976,46.01633064280913],[-123.91118884296499,46.016327947217114],[-123.91118869768387,46.01632525252382],[-123.91118855105923,46.01632255696915],[-123.91118840314473,46.01631986145182],[-123.91118825523021,46.016317165934524],[-123.91118810607954,46.01631447135323],[-123.91118795687518,46.016311775873305],[-123.91118780767083,46.016309080393356],[-123.9111876571766,46.01630638495076],[-123.91118750544615,46.01630369044418],[-123.91118735366204,46.016300995038925],[-123.9111872005881,46.01629829967103],[-123.91118704751413,46.01629560430314],[-123.91118689315034,46.01629290897257],[-123.91118673884019,46.01629021454069],[-123.91118658318652,46.01628751924751],[-123.9111864275329,46.01628482395425],[-123.91118627058935,46.01628212869841],[-123.91118611369944,46.0162794343412],[-123.91118595546601,46.01627673912269],[-123.91118579723268,46.0162740439042],[-123.91118563770937,46.01627134872302],[-123.91118547694985,46.01626865447792],[-123.91118531742669,46.016265959296746],[-123.91118515532366,46.016263264190286],[-123.91118499322072,46.01626056908382],[-123.91118483117138,46.016257874876025],[-123.91118466777854,46.01625517980691],[-123.91118450309584,46.01625248477517],[-123.91118433841314,46.016249789743355],[-123.91118417378408,46.01624709561031],[-123.91118400781154,46.016244400615896],[-123.9111838405491,46.016241705658786],[-123.91118367328669,46.01623901070172],[-123.91118350473441,46.01623631578201],[-123.9111833362358,46.01623362176099],[-123.91118316768355,46.016230926841246],[-123.91118299655152,46.01622823199623],[-123.91118282676304,46.016225538012534],[-123.91118267595677,46.01622316216185],[-123.9111825238607,46.01622078634854],[-123.91118237176462,46.01621841053521],[-123.91118221966853,46.01621603472188],[-123.91118206628258,46.01621365894589],[-123.91118191289667,46.01621128316993],[-123.91118175827442,46.01620890832998],[-123.91118160359866,46.016206532591326],[-123.91118144892289,46.016204156852694],[-123.91118129295721,46.01620178115143],[-123.91118113570167,46.01619940548745],[-123.91118097973603,46.01619702978618],[-123.91118082248053,46.016194654122245],[-123.91118066393507,46.016192278495666],[-123.9111805066796,46.01618990283174],[-123.91118034689799,46.01618752814117],[-123.91118018835266,46.01618515251457],[-123.91118002851742,46.01618277692536],[-123.91117986739233,46.01618040137346],[-123.91117970626723,46.01617802582158],[-123.91117954514219,46.01617565026971],[-123.91117938272721,46.01617327475516],[-123.91117922036594,46.016170900139294],[-123.91117905795099,46.016168524624746],[-123.91117889424618,46.01616614914759],[-123.91117873054138,46.01616377367039],[-123.91117856554678,46.01616139823055],[-123.91117840055212,46.0161590227907],[-123.9111782355575,46.016156647350854],[-123.91117806932661,46.01615427284704],[-123.91117790304214,46.016151897444544],[-123.91117773546777,46.016149522079395],[-123.91117756789343,46.01614714671424],[-123.91117739902921,46.01614477138644],[-123.91117723016504,46.01614239605864],[-123.91117706135442,46.01614002162955],[-123.91117689120037,46.016137646339054],[-123.91117672104629,46.016135271048626],[-123.91117655089229,46.016132895758176],[-123.91117637944839,46.016130520505065],[-123.9111762080581,46.01612814615064],[-123.91117603532436,46.0161257709349],[-123.91117586259057,46.01612339571914],[-123.91117568856697,46.01612102054076],[-123.91117551454333,46.01611864536235],[-123.91117534057338,46.01611627108261],[-123.91117516525993,46.01611389594158],[-123.91117498994649,46.01611152080052],[-123.91117481463301,46.01610914565944],[-123.91117463802966,46.01610677055575],[-123.91117446019014,46.01610439638808],[-123.91117428358686,46.01610202128435],[-123.91117410440383,46.01609964625536],[-123.91117392651067,46.01609727118899],[-123.9111737473813,46.01609489705866],[-123.9111735681983,46.016092522029645],[-123.91117338772546,46.016090147037986],[-123.91117320725256,46.01608777204634],[-123.91117302554348,46.0160853979907],[-123.91117284378075,46.01608302303639],[-123.91117266207166,46.01608064898074],[-123.91117245128183,46.016077917474234],[-123.91117224054561,46.01607518686639],[-123.91117202975575,46.01607245535989],[-123.9111718163862,46.01606972392807],[-123.91117160436015,46.0160669933576],[-123.91117138970071,46.01606426196311],[-123.91117117638481,46.01606153142998],[-123.9111709604355,46.016058800072905],[-123.91117074582979,46.01605606957704],[-123.91117052859067,46.016053338257315],[-123.9111703114052,46.01605060783625],[-123.91117009416612,46.01604787651645],[-123.91116987569085,46.01604514613271],[-123.9111696559256,46.016042415786316],[-123.91116943610683,46.01603968454125],[-123.91116921634173,46.01603695419486],[-123.9111689952331,46.01603422298713],[-123.91116877288823,46.01603149271543],[-123.91116855048976,46.01602876154504],[-123.91116832685506,46.01602603131069],[-123.91116810322039,46.01602330107636],[-123.91116787824217,46.01602056998067],[-123.91116765331768,46.01601783978366],[-123.91116742704968,46.0160151087253],[-123.91116720083527,46.01601237856566],[-123.91116697333108,46.01600964844339],[-123.91116674577323,46.016006917422374],[-123.91116651697916,46.016004187337415],[-123.91116628689522,46.01600145728984],[-123.91116605675766,46.01599872634353],[-123.91116582667385,46.015995996295906],[-123.91116559401016,46.01599326632303],[-123.91116536258282,46.015990535414076],[-123.91116512991923,46.01598780544117],[-123.91116489596577,46.01598507550556],[-123.91116466201233,46.015982345569995],[-123.91116442671543,46.01597961477312],[-123.91116419147217,46.01597688487489],[-123.911163954939,46.015974155014035],[-123.91116371840594,46.01597142515317],[-123.91116348052934,46.015968694430946],[-123.91116324141649,46.0159659646448],[-123.91116300230368,46.01596323485865],[-123.91116276319093,46.01596050507247],[-123.91116252278827,46.0159577753236],[-123.91116228104215,46.01595504471347],[-123.91116203934966,46.01595231500197],[-123.9111617976572,46.01594958529053],[-123.91116155338506,46.015946855653745],[-123.9111613104027,46.01594412597962],[-123.91116106613059,46.01594139634281],[-123.91116082056858,46.01593866674338],[-123.91116057371669,46.01593593718134],[-123.91116032810109,46.01593320668319],[-123.91116007995943,46.01593047715846],[-123.91115983181773,46.015927747633725],[-123.91115958367607,46.015925018109],[-123.91115933424454,46.01592228862158],[-123.91115908481304,46.0159195591342],[-123.91115883409171,46.01591682968416],[-123.91115858208046,46.0159141002715],[-123.91115833006928,46.015911370858774],[-123.91115807676823,46.015908641483435],[-123.91115782346724,46.01590591210809],[-123.91115757016622,46.01590318273275],[-123.91115731428549,46.01590045343209],[-123.91115705969469,46.01589772409412],[-123.91115680257772,46.015894995729475],[-123.91115654669709,46.015892266428814],[-123.9111562882367,46.015889537202874],[-123.9111560297763,46.015886807976926],[-123.91115577131595,46.01588407875096],[-123.91115551156574,46.01588134956236],[-123.91115525181557,46.01587862037377],[-123.91115499082915,46.01587589212119],[-123.91115472849927,46.01587316300728],[-123.91115446616935,46.015870433893326],[-123.91115420254964,46.015867704816785],[-123.91115393892993,46.01586497574025],[-123.91115367536392,46.01586224756235],[-123.91115340916447,46.01585951856051],[-123.91115314425498,46.015856789521244],[-123.91115287676575,46.01585406055675],[-123.91115261062006,46.01585133245354],[-123.91115234184093,46.01584860352639],[-123.9111520730619,46.01584587459923],[-123.91115180433653,46.015843146570745],[-123.91115153426769,46.01584041768093],[-123.91115126425238,46.01583768968977],[-123.91115099289372,46.015834960837275],[-123.91115072024515,46.015832232022156],[-123.91115044765027,46.015829504105696],[-123.91115017371186,46.01582677532792],[-123.91114989982715,46.01582404744884],[-123.9111496258888,46.01582131867105],[-123.91114934942438,46.01581859086665],[-123.9111490741962,46.015815862126225],[-123.91114879644189,46.015813134359185],[-123.91114851992394,46.015810405656076],[-123.91114824087983,46.01580767792638],[-123.91114796178213,46.01580494929796],[-123.9111476827381,46.01580222156824],[-123.91114740235058,46.015799492977216],[-123.91114712201667,46.015796765284826],[-123.91114684039297,46.015794037629824],[-123.91114655742577,46.01579130911348],[-123.91114627451222,46.0157885814958],[-123.9111459915987,46.015785853878135],[-123.91114570605178,46.015783125436506],[-123.91114542184849,46.01578039785616],[-123.91114513635526,46.0157776703132],[-123.91114484951856,46.015774941908916],[-123.91114456273559,46.01577221440326],[-123.91114427466272,46.01576948693497],[-123.91114398529999,46.01576675950406],[-123.91114369717356,46.015764031137074],[-123.911143406521,46.015761303743524],[-123.91114311586848,46.01575857634994],[-123.91114282521599,46.01575584895634],[-123.91114253327359,46.01575312160012],[-123.91114224004146,46.01575039428126],[-123.91114194680925,46.01574766696237],[-123.9111416535771,46.015744939643476],[-123.91114135905512,46.015742212361936],[-123.9111410632433,46.01573948511774],[-123.91114076737786,46.01573675697485],[-123.91114047027621,46.01573402976801],[-123.9111401732282,46.01573130345982],[-123.91113987483673,46.015728576290336],[-123.91113957644528,46.01572584912082],[-123.91113927676396,46.01572312198871],[-123.9111389770827,46.01572039485656],[-123.91113867611155,46.01571766776175],[-123.9111383738506,46.01571494070431],[-123.91113807158968,46.01571221364683],[-123.91113776932872,46.015709486589365],[-123.91113746577795,46.01570675956925],[-123.91113716099096,46.01570403348519],[-123.91113685615035,46.015701306502436],[-123.91113655001992,46.01569857955702],[-123.91113624388953,46.0156958526116],[-123.91113593781282,46.015693126564834],[-123.91113562910269,46.01569039969411],[-123.91113532168254,46.01568767278603],[-123.91113501173618,46.01568494685138],[-123.91113470173632,46.015682220018014],[-123.91113439173648,46.015679493184635],[-123.91113408050037,46.01567676728726],[-123.91113376921074,46.01567404049126],[-123.91113345668484,46.01567131463125],[-123.91113314281549,46.015668587909914],[-123.91113282899971,46.01566586208731],[-123.91113251513042,46.01566313536597],[-123.91113220002492,46.015660409580626],[-123.91113188357592,46.015657682933984],[-123.91113156718058,46.015654957186044],[-123.91113124944177,46.015652230576755],[-123.91113093175656,46.01564950486614],[-123.91113061278156,46.0156467791929],[-123.91113029375295,46.01564405262096],[-123.9111299734881,46.01564132698502],[-123.91112965322333,46.01563860134912],[-123.91112933161507,46.01563587485187],[-123.91112900877059,46.01563314929064],[-123.91112868592616,46.01563042372944],[-123.91112836308173,46.015627698168174],[-123.91112803889382,46.01562497174561],[-123.91112771346971,46.01562224625912],[-123.91112738804559,46.01561952077257],[-123.91112706262156,46.015616795286014],[-123.91112673461781,46.015614069874196],[-123.91112640790392,46.01561134442503],[-123.91112607990021,46.01560861901319],[-123.9111257506067,46.01560589363868],[-123.91112542131319,46.015603168264235],[-123.9111250907298,46.01560044292705],[-123.9111247588566,46.01559771762726],[-123.91112442827328,46.01559499229013],[-123.91112409511028,46.015592267027664],[-123.91112376194728,46.01558954176524],[-123.91112342878435,46.01558681650278],[-123.9111230943315,46.01558409127772],[-123.91112275858886,46.01558136608995],[-123.91112242284628,46.01557864090222],[-123.91112208715734,46.0155759166131],[-123.91112174883501,46.01557319150008],[-123.91112141180265,46.01557046634963],[-123.91112107219055,46.01556774127394],[-123.91112073392198,46.01556501705954],[-123.91112039302007,46.01556229202119],[-123.91112005340808,46.015559566945456],[-123.91111971126996,46.01555684284311],[-123.91111936907825,46.015554117842136],[-123.91111902694021,46.01555139373976],[-123.91111868345872,46.01554866877613],[-123.91111834003088,46.015545944711114],[-123.91111799525954,46.01554321978479],[-123.91111764925209,46.0155404957945],[-123.91111730319096,46.0155377709055],[-123.9111169571835,46.015535046915204],[-123.91111660854266,46.015532322100896],[-123.9111162612454,46.01552959814796],[-123.91111591265835,46.015526874232364],[-123.91111556272773,46.01552414945539],[-123.91111521285082,46.01552142557712],[-123.91111486168407,46.015518701736255],[-123.91111450917386,46.01551597703397],[-123.91111415800718,46.01551325319308],[-123.91111380426075,46.01551052942687],[-123.9111134505144,46.01550780566063],[-123.91111309676808,46.01550508189443],[-123.91111275407951,46.015502456833694],[-123.91111241144456,46.015499832671644],[-123.91111206886336,46.015497209408274],[-123.9111117249386,46.0154945852836],[-123.91111137972405,46.015491961196254],[-123.91111103450955,46.01548933710889],[-123.9111106893486,46.01548671392022],[-123.91111034284431,46.01548408987022],[-123.9111099950501,46.015481465857555],[-123.91110964730957,46.01547884274363],[-123.91110929951546,46.01547621873095],[-123.9111089504315,46.01547359475564],[-123.91110860140121,46.015470971679],[-123.91110825102741,46.015468347741056],[-123.91110789941743,46.015465724739116],[-123.91110754775386,46.01546310083849],[-123.91110719614392,46.015460477836534],[-123.91110684319057,46.01545785397326],[-123.91110649029088,46.01545523100872],[-123.91110613610128,46.01545260808147],[-123.9111057805682,46.01544998429289],[-123.91110542508886,46.01544736140299],[-123.9111050696095,46.01544473851307],[-123.91110471278672,46.015442114761825],[-123.91110435601756,46.01543949190929],[-123.91110399795858,46.015436869094096],[-123.91110363989968,46.015434246278886],[-123.91110328049724,46.01543162260234],[-123.91110291985858,46.01542899986182],[-123.91110255921998,46.01542637712134],[-123.91110219858147,46.01542375438082],[-123.91110183665306,46.015421131677634],[-123.91110147472466,46.0154185089745],[-123.91110111150643,46.01541588630866],[-123.91110074828829,46.015413263642834],[-123.91110038378031,46.01541064101439],[-123.91110001927233,46.0154080183859],[-123.91109965347452,46.01540539579479],[-123.9110992876767,46.01540277320361],[-123.9110989205891,46.015400150649874],[-123.91109855350152,46.01539752809609],[-123.91109818517776,46.01539490647833],[-123.91109781680032,46.015392283961894],[-123.91109744713316,46.01538966148281],[-123.91109707746594,46.015387039003684],[-123.91109670656252,46.01538441746064],[-123.91109633560555,46.015381795018875],[-123.91109596335869,46.015379172614516],[-123.91109559116553,46.01537655110877],[-123.9110952176289,46.01537392874177],[-123.91109484414591,46.01537130727334],[-123.91109446931947,46.015368684943674],[-123.91109409454673,46.01536606351262],[-123.91109371843054,46.01536344122025],[-123.9110933423679,46.015360819826576],[-123.91109296496187,46.01535819757158],[-123.91109258760953,46.01535557621523],[-123.91109220896729,46.01535295489628],[-123.9110918302715,46.01535033267859],[-123.91109145033948,46.01534771139697],[-123.9110910704075,46.0153450901153],[-123.91109069047558,46.015342468833666],[-123.91109030920015,46.015339846690686],[-123.91108992668858,46.01533722548375],[-123.911089544177,46.015334604276774],[-123.91108916037558,46.01533198310718],[-123.91108877657423,46.01532936193758],[-123.91108839148303,46.01532674080531],[-123.91108800639182,46.01532411967305],[-123.91108762130067,46.015321498540814],[-123.91108723491973,46.01531887744587],[-123.9110868472489,46.01531625638833],[-123.91108645957816,46.01531363533078],[-123.91108607061754,46.01531101431052],[-123.911085681657,46.01530839329032],[-123.91108529269647,46.015305772270075],[-123.91108490249971,46.01530315218586],[-123.91108451095948,46.01530053124035],[-123.91108411941939,46.015297910294834],[-123.91108372787926,46.015295289349275],[-123.91108333381304,46.01529266937711],[-123.9110829409831,46.01529004846895],[-123.91108254691702,46.0152874284968],[-123.9110821515074,46.01528480766331],[-123.9110817560979,46.0152821868298],[-123.911081360742,46.015279566894996],[-123.91108096404264,46.01527694609886],[-123.91108056610713,46.01527432623873],[-123.91108016817155,46.01527170637861],[-123.91107977018245,46.01526908561978],[-123.91107937095711,46.015266465797005],[-123.91107897173191,46.015263845974225],[-123.91107857116316,46.015261225290125],[-123.91107816935819,46.01525860554203],[-123.91107776755332,46.015255985793935],[-123.91107736574845,46.01525336604585],[-123.91107696265375,46.01525074633511],[-123.91107655821563,46.015248125763065],[-123.91107615383112,46.01524550608965],[-123.91107574944667,46.015242886416225],[-123.91107534377241,46.01524026678018],[-123.91107493809814,46.01523764714413],[-123.9110745311341,46.01523502754542],[-123.91107412288022,46.01523240798408],[-123.91107371591622,46.01522978838537],[-123.91107330642616,46.015227169760045],[-123.91107289688247,46.01522455023605],[-123.91107248733887,46.01522193071204],[-123.9110720765054,46.01521931122535],[-123.91107166567198,46.015216691738694],[-123.91107125360236,46.01521407318803],[-123.91107084147919,46.01521145373871],[-123.91107042806618,46.01520883432672],[-123.9110700134169,46.015206215850775],[-123.91106960000398,46.01520359643878],[-123.91106918406494,46.01520097800022],[-123.91106876936223,46.01519835862553],[-123.91106835213338,46.0151957402243],[-123.91106793485102,46.01519312092435],[-123.91106751762224,46.01519050252306],[-123.91106709910366,46.015187884159154],[-123.91106668053155,46.015185264896544],[-123.91106626072322,46.015182646570025],[-123.91106584091486,46.015180028243414],[-123.91106541981672,46.01517740995419],[-123.91106499866497,46.01517479076625],[-123.91106457627708,46.01517217251441],[-123.91106415388916,46.01516955426251],[-123.91106373021147,46.01516693604795],[-123.91106330653375,46.01516431783346],[-123.91106288156625,46.01516169965625],[-123.91106245659877,46.01515908147901],[-123.91106203163137,46.015156463301864],[-123.91106160408425,46.01515384519934],[-123.91106117782702,46.01515122705948],[-123.91106075027999,46.015148608957],[-123.91106032149672,46.0151459917905],[-123.91105989265989,46.015143373725365],[-123.91105946253327,46.015140755697544],[-123.91105903246024,46.015138138568425],[-123.91105860104378,46.01513552057794],[-123.9110581696274,46.01513290258745],[-123.91105773697483,46.01513028553304],[-123.91105730426861,46.01512766757988],[-123.9110568716161,46.01512505052546],[-123.91105643762013,46.01512243260967],[-123.91105600238791,46.01511981562994],[-123.91105556710217,46.015117197751465],[-123.91105513058017,46.0151145808091],[-123.91105469405832,46.015111963866694],[-123.91105425748279,46.01510934602556],[-123.91105381967107,46.01510672912052],[-123.91105338056957,46.01510411225279],[-123.91105294146809,46.01510149538507],[-123.91105250107675,46.01509887855472],[-123.91105206063187,46.015096260825636],[-123.91105162024067,46.01509364399523],[-123.9110511785596,46.015091027202196],[-123.91105073558869,46.01508841044653],[-123.91105029261786,46.01508579369084],[-123.9110498496471,46.01508317693516],[-123.91104940544007,46.015080561115475],[-123.91104895988961,46.015077944434516],[-123.91104851433923,46.015075327753515],[-123.91104806878886,46.015072711072484],[-123.91104762194871,46.01507009442885],[-123.91104717387232,46.01506747872122],[-123.9110467257423,46.01506486211494],[-123.91104627761241,46.01506224550859],[-123.91104582824624,46.01505962983831],[-123.91104537753671,46.01505701330671],[-123.91104492688082,46.01505439767379],[-123.9110444761713,46.01505178114216],[-123.91104402422566,46.01504916554654],[-123.91104357228001,46.015046549950966],[-123.91104311899095,46.01504393349402],[-123.91104266446558,46.0150413179731],[-123.91104220994038,46.015038702452195],[-123.91104175536151,46.015036086032595],[-123.91104129954651,46.01503347054906],[-123.91104084373153,46.01503085506546],[-123.91104038662674,46.01502823961925],[-123.911039929522,46.01502562417304],[-123.91103947112738,46.01502300876417],[-123.91103901144298,46.01502039339266],[-123.91103855175864,46.01501777802112],[-123.91103809207432,46.01501516264958],[-123.91103763110019,46.01501254731539],[-123.91103717012612,46.0150099319812],[-123.91103670786217,46.015007316684354],[-123.91103624565193,46.015004702286205],[-123.91103578209824,46.015002087026694],[-123.91103531854458,46.01499947176719],[-123.91103485375471,46.01499685744373],[-123.91103438891132,46.01499424222158],[-123.91103392283165,46.01499162793542],[-123.9110334566985,46.014989012750625],[-123.9110329893291,46.014986398501854],[-123.91103252190611,46.01498378335435],[-123.91103205324694,46.014981169142956],[-123.91103158453416,46.01497855403284],[-123.91103111458521,46.01497593985872],[-123.91103064463627,46.01497332568463],[-123.91103017339756,46.01497071154788],[-123.91102970210521,46.01496809651243],[-123.91102922957676,46.01496548241302],[-123.91102875704829,46.014962868313624],[-123.91102828323,46.014960254251555],[-123.91102780941182,46.014957640189465],[-123.91102733430374,46.01495502616478],[-123.91102685919572,46.01495241214004],[-123.91102638279791,46.014949798152635],[-123.9110259064001,46.014947184165294],[-123.91102543005599,46.01494457107656],[-123.91102495107857,46.0149419571639],[-123.91102447339111,46.01493934321384],[-123.91102399441378,46.014936729301176],[-123.91102351420022,46.01493411632449],[-123.91102303393313,46.014931502449166],[-123.9110225524298,46.014928889509825],[-123.91102207087299,46.01492627567184],[-123.91102158936975,46.014923662732485],[-123.91102110652312,46.01492104893184],[-123.91102062244029,46.014918436067184],[-123.91102013830384,46.014915822303884],[-123.91101965293127,46.01491320947657],[-123.91101916755868,46.01491059664931],[-123.91101868218614,46.014907983822],[-123.91101819552381,46.01490537103206],[-123.91101770751806,46.01490275738078],[-123.91101721956595,46.01490014462817],[-123.91101677173019,46.014897749470734],[-123.91101632255096,46.014895353451955],[-123.91101587337181,46.014892957433176],[-123.91101542424627,46.01489056231307],[-123.91101497377731,46.014888166331644],[-123.911014523362,46.014885771248885],[-123.91101407160328,46.014883375304805],[-123.91101361989821,46.01488098025936],[-123.91101316690333,46.014878585251296],[-123.91101271514465,46.0148761893072],[-123.91101226085996,46.01487379433653],[-123.91101180657536,46.0148713993658],[-123.91101135223713,46.01486900349639],[-123.91101089795254,46.01486660852564],[-123.91101044237818,46.01486421359224],[-123.91100998551394,46.01486181869625],[-123.91100952993962,46.01485942376285],[-123.9110090717856,46.01485702890416],[-123.91100861492149,46.01485463400808],[-123.91100815676762,46.01485223914943],[-123.91100769732385,46.014849844328076],[-123.91094954429234,46.01454641017873],[-123.91086641099055,46.014112621588104],[-123.90973471740507,46.014117723904135],[-123.90988762027919,46.014551199871335],[-123.91001230649573,46.01490467942973],[-123.91022550947278,46.01550908729901],[-123.91042831880932,46.016084006885094],[-123.91047936499905,46.01622871408249],[-123.91049713522213,46.016279068105945],[-123.9104979205919,46.016281295047506],[-123.91049870332839,46.016283521165086],[-123.91049948611854,46.01628574818131],[-123.91050026632901,46.01628797527223],[-123.91050104530315,46.01629020329922],[-123.91050182293397,46.01629243046483],[-123.91050259932848,46.01629465856647],[-123.91050337443322,46.01629688670545],[-123.91050414824814,46.0162991148818],[-123.91050492077318,46.01630134309547],[-123.91050569077208,46.016303572282546],[-123.91050646071753,46.01630580057088],[-123.91050722942668,46.016308029795255],[-123.91050799555617,46.01631025909433],[-123.91050876173928,46.01631248929208],[-123.91050952528909,46.016314718665846],[-123.91051028760263,46.01631694897564],[-123.91051104862636,46.01631917932281],[-123.91051180841389,46.01632141060591],[-123.91051256685802,46.016323641027775],[-123.91051332406585,46.016325872385615],[-123.91051407993021,46.0163281028821],[-123.91051483461204,46.016330335213304],[-123.9105155879504,46.016332566683204],[-123.91051633870903,46.0163347982278],[-123.9105170895213,46.016337030671025],[-123.91051783775391,46.01633926318899],[-123.91051858598655,46.016341495706875],[-123.91051933163945,46.016343728299496],[-123.91052007605612,46.01634596182817],[-123.91052081912939,46.01634819449549],[-123.91052156096639,46.01635042809881],[-123.91052230151355,46.0163526617395],[-123.91052304082449,46.01635489631621],[-123.91052377879203,46.01635713003156],[-123.91052451552332,46.016359364682955],[-123.91052524967488,46.016361599409095],[-123.91052598382655,46.016363834135156],[-123.91052671668827,46.01636606889857],[-123.91052744702395,46.016368304635385],[-123.91052817606983,46.01637054040949],[-123.91052890506208,46.01637277528494],[-123.91052963158184,46.016375012032476],[-123.91053035675817,46.01637724791866],[-123.91053108064469,46.016379483842194],[-123.91053180329493,46.016381720701744],[-123.91053252465537,46.01638395759861],[-123.91053324343609,46.01638619457021],[-123.91053396221679,46.016388431541785],[-123.91053467976135,46.016390669449386],[-123.9105353947261,46.01639290743168],[-123.91053623050804,46.01639552451467],[-123.91053706376385,46.01639814257102],[-123.91053789578346,46.01640076156339],[-123.91053872516974,46.016403379731784],[-123.91053955331985,46.01640599883618],[-123.91054037889022,46.0164086180153],[-123.91054120317078,46.016411237231715],[-123.91054202492522,46.01641385742153],[-123.91054284538988,46.016416477648704],[-123.9105436632748,46.01641909795057],[-123.91054447986991,46.01642171828976],[-123.91054529393892,46.01642433960231],[-123.91054610671806,46.016426960952224],[-123.91054691691755,46.01642958237684],[-123.91054772582721,46.016432203838754],[-123.91054853350064,46.016434826236754],[-123.91054933730447,46.016437448746785],[-123.91055014110843,46.016440071256774],[-123.91055094233256,46.01644269384148],[-123.91055174103069,46.01644531739954],[-123.91055253843898,46.01644794099495],[-123.9105533345574,46.01645056462772],[-123.91055412809611,46.016453188335184],[-123.91055491910876,46.01645581301598],[-123.91055570883158,46.01645843773414],[-123.91055649726457,46.01646106248969],[-123.9105572831178,46.0164636873199],[-123.91055806773484,46.0164663130861],[-123.91055884977222,46.016468938927055],[-123.91055963051974,46.016471564805336],[-123.91056040868752,46.01647419075827],[-123.91056118432923,46.01647681768461],[-123.91056195997099,46.01647944461092],[-123.91056273174313,46.01648207164931],[-123.91056350351533,46.016484698687655],[-123.91056427147159,46.01648732673677],[-123.91056503942784,46.01648995478583],[-123.91056580351454,46.01649258294694],[-123.91056656760125,46.01649521110812],[-123.91056732910828,46.01649783934392],[-123.91056808808924,46.01650046855308],[-123.91056884578026,46.01650309779963],[-123.91056960089168,46.01650572712088],[-123.91057035476685,46.01650835737813],[-123.91057110600865,46.01651098681137],[-123.91057185601426,46.01651361718065],[-123.91057260478361,46.01651624848595],[-123.91057335091966,46.0165188789673],[-123.91057409447599,46.016521509523315],[-123.91057483679613,46.01652414101539],[-123.91057557653652,46.01652677258211],[-123.91057631504064,46.01652940508487],[-123.91057705220142,46.016532036726325],[-123.91057778683604,46.01653466934111],[-123.91057852018083,46.01653730199328],[-123.91057925094589,46.016539934720115],[-123.91057997913119,46.01654256752163],[-123.91058070608034,46.01654520125919],[-123.91058143173962,46.01654783503411],[-123.91058215481921,46.016550468883715],[-123.91058287660894,46.016553102770665],[-123.91058359587258,46.01655573763096],[-123.91058431255648,46.01655837256602],[-123.91058502795053,46.01656100753837],[-123.91058574205475,46.01656364254804],[-123.91058645357928,46.01656627763248],[-123.91058716386755,46.01656891365288],[-123.91058787157615,46.016571549747994],[-123.91058857799486,46.016574185880465],[-123.91058928183382,46.01657682208764],[-123.91058998438298,46.01657945833215],[-123.91059068440607,46.01658209555002],[-123.91059138313928,46.01658473280524],[-123.91059207929275,46.01658737013517],[-123.9105927741564,46.01659000750244],[-123.91059346649392,46.01659264584308],[-123.91059415748798,46.01659528332236],[-123.910594845956,46.016597921775045],[-123.91059553318775,46.01660056116375],[-123.91059621907601,46.01660319969113],[-123.9105969023846,46.016605838293195],[-123.91059758316706,46.016608477868616],[-123.91059826265962,46.01661111748141],[-123.91059893957254,46.01661375716892],[-123.9105996152492,46.01661639779242],[-123.9106002882925,46.016619037591916],[-123.9106009600996,46.01662167832745],[-123.91060163061682,46.01662431910039],[-123.91060229855434,46.016626959947985],[-123.91060296396573,46.01662960176894],[-123.91060362803367,46.01663224272857],[-123.91060429086536,46.0166348846242],[-123.91060495111736,46.016637526594586],[-123.91060560878961,46.016640168639604],[-123.910606265172,46.016642810722004],[-123.91060692031819,46.01664545374043],[-123.91060757288464,46.016648096833556],[-123.91060822281777,46.01665073910267],[-123.91060887156826,46.01665338320651],[-123.91060951897525,46.01665602644903],[-123.9106101638025,46.016658669766244],[-123.91061080610369,46.01666131405679],[-123.91061144840491,46.01666395834736],[-123.9106120868365,46.01666660274999],[-123.91061272397826,46.01666924718996],[-123.91061335988377,46.01667189256592],[-123.91061399315596,46.01667453711792],[-123.91061462519187,46.01667718260597],[-123.91061525464805,46.0166798281687],[-123.91061588152454,46.016682473806135],[-123.91061650716478,46.016685120379556],[-123.91061713146154,46.01668776609169],[-123.91061775323219,46.01669041277716],[-123.91061837371296,46.01669305950002],[-123.91061899161406,46.016695706297575],[-123.91061960822526,46.01669835313244],[-123.91062022231033,46.016701000940714],[-123.91062083505194,46.01670364788759],[-123.91062144526741,46.01670629580793],[-123.91062205419308,46.016708943765586],[-123.91062266053903,46.016711591797915],[-123.91062326564872,46.01671424076628],[-123.91062386812504,46.01671688891067],[-123.9105203490521,46.01678968346707],[-123.9105209069676,46.016792342804656],[-123.91052145478487,46.0167949628244],[-123.91052200136578,46.016797583780125],[-123.91052254536704,46.016800204810565],[-123.91052308678846,46.016802825915725],[-123.91052362821002,46.01680544702084],[-123.91052416581543,46.01680806913674],[-123.91052470336732,46.0168106903539],[-123.91052523710322,46.01681331258181],[-123.9105257708391,46.01681593480973],[-123.91052630070536,46.016818557149655],[-123.91052683057163,46.01682117948958],[-123.91052735656824,46.01682380194158],[-123.91052788261855,46.01682642529228],[-123.91052840603544,46.016829047818916],[-123.91052892692623,46.01683167131898],[-123.91052944652716,46.01683429485638],[-123.91052996354833,46.01683691846848],[-123.91053047927957,46.01683954211793],[-123.9105309937747,46.016842166703384],[-123.91053150563636,46.01684479046488],[-123.91053201497188,46.01684741519972],[-123.91053252296402,46.01685003907326],[-123.91053302971982,46.016852663882815],[-123.91053353389584,46.01685528876705],[-123.91053403549216,46.016857913725985],[-123.91053453579858,46.016860538722284],[-123.91053503486883,46.01686316465462],[-123.91053553130563,46.01686578976294],[-123.91053602521633,46.016868415844634],[-123.910536519127,46.01687104192636],[-123.9105370091681,46.01687366812009],[-123.91053777529507,46.01687524745003],[-123.91053749791934,46.01687629435125],[-123.91053798538066,46.01687892061964],[-123.91053847026222,46.01688154696281],[-123.91053895390755,46.01688417424194],[-123.9105394349195,46.016886800697144],[-123.9105399146952,46.01688942808836],[-123.9105403918911,46.01689205555426],[-123.9105408677972,46.01689468305749],[-123.91054134112355,46.016897310635436],[-123.91054181315992,46.016899938250766],[-123.91054228390657,46.0169025659034],[-123.91054275083714,46.016905194566775],[-123.91054321771406,46.01690782233147],[-123.91054368206484,46.016910451069506],[-123.91054414383589,46.01691307988227],[-123.91054460431708,46.016915708732355],[-123.91054506221849,46.01691833765717],[-123.91054551883003,46.01692096661928],[-123.9105459741517,46.01692359561883],[-123.91054642689363,46.016926224693016],[-123.9105468771094,46.01692885474056],[-123.9105473259817,46.016931483926776],[-123.9105477736177,46.016934114049064],[-123.91054821867401,46.016936744245996],[-123.91054866115046,46.016939374517676],[-123.91054910233707,46.01694200482664],[-123.91054954223387,46.01694463517301],[-123.91054997955082,46.01694726559405],[-123.91055041563162,46.016949896951125],[-123.9105508490789,46.01695252748423],[-123.91055128000012,46.01695515899066],[-123.91055171092137,46.01695779049712],[-123.91055213797291,46.01696042211565],[-123.9105525649709,46.016963052835486],[-123.91055298815279,46.016965684566],[-123.91055341009849,46.016968317232624],[-123.91055383070065,46.016970949037876],[-123.91055424872309,46.01697358091777],[-123.91055466550924,46.01697621373378],[-123.91055507966196,46.01697884572574],[-123.91055549257847,46.01698147865377],[-123.91055590420514,46.01698411161914],[-123.91055631190851,46.016986743797894],[-123.91055671966546,46.016989376875266],[-123.91055712484267,46.01699201002737],[-123.91055752749376,46.01699464415281],[-123.91055792880134,46.016997277416976],[-123.91055832752913,46.01699991075584],[-123.91055872502069,46.0170025450307],[-123.91055912116867,46.01700517844423],[-123.9105595135007,46.0170078128685],[-123.91055990577915,46.017010446394075],[-123.91056029553131,46.01701308089305],[-123.91056068270382,46.01701571546669],[-123.91056106858645,46.01701835007773],[-123.91056145317916,46.017020984726045],[-123.91056183519208,46.01702361944912],[-123.91056221462524,46.017026254246844],[-123.91056259282217,46.017028889980615],[-123.91056296967557,46.01703152485309],[-123.9105633440028,46.01703416069892],[-123.91056371698654,46.01703679568339],[-123.91056408744416,46.01703943164125],[-123.91056445532199,46.01704206767383],[-123.91056482319983,46.017044703706375],[-123.91056518715436,46.017047338952274],[-123.91056554987269,46.017049975134235],[-123.91056591130105,46.01705261135355],[-123.91056627020333,46.017055248546214],[-123.91056662776208,46.01705788487758],[-123.91056698274105,46.01706052128362],[-123.91056733648375,46.01706315862568],[-123.91056768759307,46.01706579514378],[-123.91056803746608,46.0170684325979],[-123.9105683847057,46.01707106922804],[-123.91056873070914,46.01707370679417],[-123.91056907413271,46.01707634443503],[-123.91056941621282,46.017078981214546],[-123.91056975576677,46.0170816189675],[-123.91057009403082,46.01708425675772],[-123.9105704297151,46.017086894622686],[-123.91057076410945,46.01708953252496],[-123.91057109726762,46.01709217136332],[-123.91057142650246,46.01709480941501],[-123.91057175573732,46.017097447466675],[-123.91057208244598,46.01710008649177],[-123.91057240652123,46.01710272469285],[-123.91057272936024,46.017105363829934],[-123.91057305085577,46.017108002105765],[-123.91057336853517,46.01711064139225],[-123.91057368621465,46.01711328067877],[-123.9105740012607,46.01711591914129],[-123.91057431378057,46.01711855857721],[-123.91057462501058,46.01712119805046],[-123.91057493495072,46.01712383756107],[-123.91057524231105,46.01712647714634],[-123.91057554709157,46.01712911680637],[-123.91057585187214,46.01713175646633],[-123.910576152783,46.0171343962384],[-123.9105764524576,46.01713703694648],[-123.91057675078865,46.01713967679321],[-123.91057704653998,46.01714231671463],[-123.91057733976511,46.01714495760946],[-123.91057763293664,46.017147597605565],[-123.91057792229212,46.01715023861243],[-123.91057821030407,46.01715287875798],[-123.91057849707978,46.01715551983954],[-123.91057878122201,46.0171581600971],[-123.91057906412804,46.01716080129071],[-123.91057934445419,46.01716344255902],[-123.91057962349058,46.01716608386467],[-123.91057989994705,46.017168725245],[-123.91058017506015,46.017171365763986],[-123.91058044764694,46.01717400725639],[-123.9105807189439,46.01717664878614],[-123.91058098766108,46.01717929039058],[-123.91058125514196,46.01718193293104],[-123.91058151998948,46.017184574647544],[-123.91058178354706,46.017187216401396],[-123.91058204452487,46.017189858229926],[-123.91058230421277,46.01719250009578],[-123.91058256137448,46.017195142935066],[-123.9105828171927,46.01719778491299],[-123.91058307172104,46.01720042692827],[-123.9105833224333,46.017203069954256],[-123.91058357309196,46.01720571208161],[-123.91058382122439,46.01720835518226],[-123.91058406672343,46.017210997458996],[-123.91058431098621,46.01721364067175],[-123.91058455261555,46.01721628306051],[-123.91058479300864,46.01721892638533],[-123.91058503205824,46.01722156884875],[-123.91058526858161,46.017224212285626],[-123.9105855025252,46.01722685579717],[-123.91058573512527,46.0172294984474],[-123.9105859664891,46.0172321420336],[-123.91058619527311,46.01723478569453],[-123.9105864214773,46.01723742943021],[-123.91058664639164,46.01724007320316],[-123.91058686996242,46.017242716114836],[-123.91058709100702,46.01724535999986],[-123.91058731076177,46.01724800392222],[-123.91058752793668,46.017250647919276],[-123.91058774253182,46.01725329199108],[-123.91058795583704,46.0172559361002],[-123.91058816785235,46.01725858024667],[-123.91058837728787,46.01726122446784],[-123.91058858543349,46.01726386872639],[-123.91058879099933,46.01726651305959],[-123.91058899527523,46.01726915743016],[-123.91058919697136,46.01727180187541],[-123.91058939614128,46.017274447294064],[-123.91058959525759,46.017277091813995],[-123.9105897905042,46.01727973644602],[-123.91058998446097,46.01728238111542],[-123.91059017712777,46.0172850258221],[-123.91059036721472,46.017287670603494],[-123.91059055606553,46.01729031632096],[-123.91059074228278,46.01729296121438],[-123.91059092721018,46.01729560614521],[-123.91059110955781,46.017298251150685],[-123.9105912906691,46.01730089709225],[-123.91059147043693,46.017303542172435],[-123.91059164633502,46.017306187364696],[-123.91059182223313,46.01730883255694],[-123.91059199560503,46.01731147872253],[-123.91059216634346,46.01731412406421],[-123.91059233579205,46.0173167694432],[-123.91059250266082,46.01731941489688],[-123.91059266829329,46.01732206128662],[-123.91059283129233,46.017324706852364],[-123.91059299300149,46.01732735245541],[-123.91059315347437,46.017329998994555],[-123.91059331131382,46.01733264470966],[-123.9105934665734,46.01733529049951],[-123.91059362059676,46.01733793722539],[-123.91059377327662,46.0173405830899],[-123.91059392208665,46.01734322906647],[-123.9105940708968,46.017345875043084],[-123.9105942171807,46.01734852199303],[-123.91059436083117,46.017351168119],[-123.91059450319175,46.01735381428233],[-123.91059464426237,46.01735646048301],[-123.91059478280685,46.017359107657036],[-123.91059492000787,46.01736175396978],[-123.91059505462898,46.0173644003572],[-123.91059518667034,46.01736704681931],[-123.91059531747537,46.017369694217486],[-123.91059544693685,46.01737234075431],[-123.91059557381857,46.0173749873658],[-123.91059569941032,46.01737763401464],[-123.91059582242232,46.01738028073825],[-123.91059594290809,46.01738292843517],[-123.91059606334025,46.017385575233455],[-123.91059617990267,46.01738822214376],[-123.91059629517521,46.017390869091415],[-123.91059640915779,46.01739351607644],[-123.91059652056056,46.017396163136155],[-123.9105966306735,46.017398810233196],[-123.91059673820652,46.01740145740495],[-123.91059684444973,46.01740410461404],[-123.91059694811304,46.01740675189782],[-123.91059705048646,46.017409399219005],[-123.91059715028008,46.01741204661486],[-123.91059724878382,46.01741469404805],[-123.91059734470772,46.01741734155595],[-123.91059743934169,46.01741998910122],[-123.9105975313958,46.01742263672115],[-123.91059762216003,46.01742528437843],[-123.91059771163437,46.017427932073076],[-123.91059779718536,46.017430578981106],[-123.91059788279,46.017433226787816],[-123.91059796581476,46.017435874669225],[-123.9105980462061,46.01743852172664],[-123.9105981253611,46.017441169720044],[-123.9105982019363,46.017443817788184],[-123.91059827716799,46.01744646499499],[-123.91059835116342,46.01744911313783],[-123.91059842252537,46.01745176045668],[-123.91059849136109,46.01745440874891],[-123.910598554845,46.017456902356116],[-123.91059861703893,46.0174593960006],[-123.91059867665305,46.0174618897198],[-123.91059873497728,46.01746438347636],[-123.91059879201153,46.017466877270266],[-123.91059884775598,46.017469371101505],[-123.9105989009205,46.01747186500745],[-123.91059895150522,46.01747435898811],[-123.91059900208995,46.01747685296877],[-123.91059905009486,46.017479347024086],[-123.91059909675621,46.01748184021813],[-123.91059914218128,46.01748433434817],[-123.91059918502653,46.017486828552904],[-123.91059922658188,46.017489322795015],[-123.9105992655037,46.01749181621311],[-123.91059930318933,46.01749431056726],[-123.91059933953136,46.0174968040601],[-123.91059937463716,46.017499298488914],[-123.91059940710944,46.017501792093796],[-123.91059943834543,46.017504286634676],[-123.9105994682379,46.01750678031424],[-123.91059949555053,46.0175092740685],[-123.91059952162689,46.0175117687588],[-123.91059954635968,46.01751426258777],[-123.91059956851265,46.017516756491396],[-123.91059958937569,46.0175192504324],[-123.91059960894884,46.01752174441078],[-123.91059962723207,46.017524238426496],[-123.91059964293547,46.017526732516856],[-123.91059965605898,46.01752922668198],[-123.91059966918253,46.01753172084708],[-123.91059967972629,46.017534215086904],[-123.91059968898003,46.017536709364016],[-123.91059969560044,46.01753920281721],[-123.91059970227437,46.017541697169065],[-123.91059970507854,46.01754419163293],[-123.91059970782916,46.01754668519817],[-123.91059970805354,46.017549179736726],[-123.91059970693436,46.01755167341404],[-123.91059970457884,46.01755416802734],[-123.9105996995899,46.01755666181663],[-123.91059969331107,46.017559155643276],[-123.91059968450601,46.01756165044333],[-123.91059967564729,46.01756414434471],[-123.9105996642088,46.01756663832077],[-123.91059965019039,46.017569132371506],[-123.91059963617204,46.01757162642228],[-123.91059961957383,46.01757412054773],[-123.91059960039578,46.01757661474791],[-123.91059958121774,46.01757910894802],[-123.91059955945983,46.01758160322292],[-123.91059953635842,46.01758409663644],[-123.91059951073072,46.017586591023324],[-123.91059948375953,46.01758908454891],[-123.91059945555202,46.01759157901049],[-123.910599426001,46.01759407261079],[-123.91059939392373,46.01759656718442],[-123.91059936050293,46.01759906089673],[-123.91059932450227,46.01760155468376],[-123.91059928721172,46.01760404850811],[-123.91059924868482,46.01760654326855],[-123.91059920881436,46.017609037167624],[-123.91059916636415,46.01761153114136],[-123.91059912257029,46.017614024253774],[-123.91059907625026,46.017616518339615],[-123.91059902993021,46.01761901242543],[-123.91059898103033,46.01762150658593],[-123.910598929497,46.01762399992243],[-123.91059887801723,46.017626494157646],[-123.91059882390404,46.01762898756889],[-123.91059876726464,46.0176314819535],[-123.91059871067881,46.01763397723679],[-123.91059865151314,46.017636472594766],[-123.91059858982125,46.017638968926164],[-123.91059852807574,46.01764146435881],[-123.91059846375036,46.01764395986621],[-123.9105983968451,46.01764645544829],[-123.91059832993987,46.01764895103041],[-123.9105982604548,46.01765144668716],[-123.91059818967977,46.01765394238127],[-123.91059811632495,46.01765643815014],[-123.9105980416802,46.017658933956305],[-123.91059796569186,46.01766142890114],[-123.9105978871773,46.017663924819395],[-123.91059780866274,46.0176664207376],[-123.91059772622478,46.01766891586919],[-123.91059764378686,46.017671411000784],[-123.91059755876906,46.01767390620707],[-123.91059747251491,46.01767640234941],[-123.91059738491721,46.0176788976304],[-123.91059729473969,46.01768139298609],[-123.9105972032723,46.017683888379146],[-123.91059710917133,46.01768638294819],[-123.91059701512401,46.01768887841596],[-123.91059691720695,46.01769137399571],[-123.91059681923622,46.017693868676815],[-123.9105967187393,46.017696364331336],[-123.9105966168988,46.01769885912444],[-123.91059651376834,46.017701353954955],[-123.91059640805805,46.01770384886017],[-123.91059630105786,46.017706343802686],[-123.91059619276774,46.017708838782596],[-123.91059608318766,46.01771133379987],[-123.91059597102767,46.01771382889183],[-123.9105958562879,46.01771632405843],[-123.91059574149448,46.01771881832643],[-123.91059562417483,46.017721313567776],[-123.91059550551165,46.01772380794778],[-123.91059538426855,46.017726302402494],[-123.9105952617892,46.01772879779323],[-123.91059513796624,46.01773129232264],[-123.91059501285345,46.01773378688941],[-123.91059488510706,46.01773628063221],[-123.91059475612441,46.017738775311],[-123.91059462456187,46.01774127006451],[-123.91059449294578,46.01774376391935],[-123.9105943588034,46.017746258747515],[-123.91059422202756,46.017748752751764],[-123.91059408401533,46.017751247692],[-123.91059394465962,46.017753741770896],[-123.91059380401397,46.01775623588723],[-123.91059366078844,46.01775873007819],[-123.91059351621936,46.01776122340781],[-123.91059337041392,46.01776371767347],[-123.91059322202868,46.017766212013825],[-123.9105930735898,46.017768705455545],[-123.91059292133474,46.01777119990791],[-123.91059276902608,46.01777369346168],[-123.9105926141375,46.01777618709009],[-123.91059245795901,46.017778680755875],[-123.91059229920069,46.01778117449638],[-123.9105921391524,46.01778366827421],[-123.9105919778142,46.017786162089344],[-123.91059181513242,46.01778865504323],[-123.91059164992436,46.01779114897041],[-123.91059148337278,46.01779364203634],[-123.91059131424137,46.01779613517692],[-123.9105911451635,46.0177986292162],[-123.91059097216223,46.017801122468846],[-123.91059079910738,46.01780361482279],[-123.91059062352626,46.01780610815011],[-123.91059044665518,46.01780860151483],[-123.91059025837014,46.017811228444444],[-123.91059006884878,46.01781385631012],[-123.9105898766939,46.017816483351766],[-123.91058968195921,46.017819110468125],[-123.91058948593457,46.01782173762187],[-123.9105892886199,46.017824364812974],[-123.91058908872547,46.017826992078724],[-123.91058888754102,46.01782961938183],[-123.9105886837231,46.017832245860966],[-123.91058847861527,46.01783487237745],[-123.91058827098118,46.017837499867305],[-123.91058806200355,46.01784012649583],[-123.91058785039239,46.01784275230035],[-123.91058763754491,46.01784537904095],[-123.91058742211757,46.01784800585624],[-123.91058720534662,46.0178506318102],[-123.91058698733939,46.01785325870018],[-123.91058676669866,46.01785588476614],[-123.91058654476798,46.017858510869495],[-123.91058632025744,46.017861137047525],[-123.91058609311341,46.01786376240161],[-123.91058586602298,46.01786638865431],[-123.91058563500908,46.017869014120414],[-123.91058540404883,46.01787164048522],[-123.91058516916517,46.017874266063366],[-123.91058493428149,46.017876891641485],[-123.91058469681788,46.01787951729433],[-123.91058445672088,46.01788214212321],[-123.91058421538749,46.01788476788813],[-123.91058397271048,46.01788739279166],[-123.91058372745361,46.01789001776992],[-123.91058347961692,46.01789264282288],[-123.91058323049026,46.017895267913225],[-123.91058298007366,46.01789789304088],[-123.91058272707718,46.017900518243216],[-123.9105824727371,46.01790314258421],[-123.91058221581716,46.01790576699997],[-123.91058195760726,46.01790839145303],[-123.91058169681756,46.017911015980786],[-123.91058143473776,46.0179136405459],[-123.91058117136816,46.01791626514837],[-123.91058090536497,46.01791888892686],[-123.91058063678193,46.01792151278001],[-123.91058036690895,46.017924136670544],[-123.910580095746,46.01792676059845],[-123.91057982200316,46.01792938460102],[-123.91057954697037,46.01793200864093],[-123.91057926930411,46.017934631856875],[-123.91057899034789,46.017937255110205],[-123.91057870886543,46.01793987933682],[-123.91057842598573,46.017942501803496],[-123.91057814057977,46.01794512524351],[-123.91057785388386,46.0179477487209],[-123.9105775658444,46.01795037133692],[-123.91057727522507,46.01795299402769],[-123.91057698202582,46.01795561679312],[-123.9105766875366,46.01795823959595],[-123.91057639175749,46.01796086243605],[-123.91057609339845,46.01796348535091],[-123.91057579369583,46.01796610740441],[-123.91057549141337,46.01796872953262],[-123.91057518784092,46.01797135169819],[-123.91057488168862,46.01797397393843],[-123.91057457424628,46.017976596216045],[-123.91057426546047,46.017979217632266],[-123.9105739540947,46.01798183912326],[-123.91057364020271,46.01798446158759],[-123.91057332491353,46.01798708229193],[-123.91057300838798,46.01798970393231],[-123.9105726892825,46.01799232564732],[-123.9105723688335,46.01799494650106],[-123.91057204580464,46.017997567429475],[-123.91057172148577,46.018000188395284],[-123.91057139458701,46.01800280943572],[-123.91057106639829,46.018005430513554],[-123.91057073557616,46.01800805076738],[-123.91057040346399,46.01801067105855],[-123.91057007006181,46.018013291387085],[-123.91056973407981,46.0180159117903],[-123.91056939551794,46.01801853226823],[-123.91056905561244,46.01802115188483],[-123.9105687028485,46.01802385919628],[-123.91056834750461,46.01802656658245],[-123.9105679908708,46.01802927400597],[-123.91056763160351,46.0180319806055],[-123.91056727104623,46.018034687242405],[-123.91056690790903,46.01803739395401],[-123.91056654348189,46.018040100702905],[-123.91056617642127,46.01804280662789],[-123.9105658068343,46.018045513526225],[-123.91056543590385,46.01804821956319],[-123.91056506239339,46.018050925674885],[-123.91056468753943,46.01805363092526],[-123.9105643101591,46.018056337148955],[-123.91056393143532,46.01805904251138],[-123.91056355013154,46.01806174794847],[-123.91056316624788,46.01806445346026],[-123.9105627810207,46.01806715811072],[-123.91056239455708,46.018069863697214],[-123.91056200417007,46.01807256849709],[-123.91056161378299,46.01807527329694],[-123.91056121952606,46.01807797820884],[-123.9105608252156,46.01808068222207],[-123.91056042703522,46.0180833863473],[-123.9105600275649,46.01808609050994],[-123.91055962680453,46.01808879470991],[-123.91055922346435,46.01809149898454],[-123.91055881749061,46.018094202435215],[-123.91055841022687,46.01809690592327],[-123.91055800167324,46.01809960944863],[-123.9105575892497,46.018102313086054],[-123.9105571767726,46.01810501582473],[-123.91055676042559,46.018107718675545],[-123.91055634278861,46.01811042156368],[-123.91055592386165,46.01811312448912],[-123.9105555023548,46.01811582748932],[-123.9105550782145,46.01811852966552],[-123.91055465278414,46.01812123187904],[-123.91055422606385,46.018123934129896],[-123.91055379671002,46.01812663555679],[-123.91055336482992,46.018129337957106],[-123.91055293160622,46.01813203949603],[-123.91055249580262,46.018134741109655],[-123.91055205736552,46.0181374418993],[-123.91055161769204,46.018140143624954],[-123.91055117667491,46.01814284448931],[-123.910550733078,46.01814554542838],[-123.91055028684747,46.01814824554343],[-123.91054983938061,46.018150946594524],[-123.91054939057017,46.018153646784256],[-123.91054893788983,46.0181563470861],[-123.91054848515591,46.0181590464892],[-123.91053871902128,46.01821700717103],[-123.91051198643989,46.01837572250397],[-123.91043612287815,46.018376472532324],[-123.91039289954414,46.018376899470425],[-123.91031350532135,46.01837768503372],[-123.90962174257079,46.018384524303116],[-123.90962552082944,46.01850314019487],[-123.9096410496094,46.01899065938827],[-123.90924551014405,46.01899456867742],[-123.90870632091396,46.01899989463189],[-123.9087275133397,46.018512009584256],[-123.90874834925332,46.01803234568183],[-123.90879819032564,46.016884920415045],[-123.90727776589486,46.01689335809016],[-123.90712051902274,46.016894229621776],[-123.9063449605604,46.016898525630694],[-123.9044726517368,46.016908872820736],[-123.90443900025863,46.016909058734406],[-123.90409777318825,46.01691094101038],[-123.90409838199186,46.017354476692496],[-123.90410938666035,46.01821301556961],[-123.90411000588954,46.01826785675199],[-123.90411358361088,46.01858319909009],[-123.90412754835077,46.01981429225783],[-123.90534775140182,46.01981069328366],[-123.90550519837426,46.019810228170684],[-123.9054977845513,46.02394525393508],[-123.9053403296753,46.023945104981856],[-123.89964644591137,46.02393955289005],[-123.89963515839582,46.02476664202701],[-123.90315169579495,46.02476237517945],[-123.90334852071884,46.02476216294064],[-123.90372248737697,46.02476175799114],[-123.90429327894664,46.0247611380386],[-123.90547421669879,46.02475984677538],[-123.90562851122439,46.024755738893816],[-123.90562945003072,46.02490985921786],[-123.90563078806578,46.025129244244134],[-123.90563275081747,46.02545142862351],[-123.90563440763773,46.02572344862093],[-123.90563606313015,46.02599546770347],[-123.90563772663853,46.02626844524076],[-123.90563938903334,46.0265414254576],[-123.90564272152656,46.027088208313344],[-123.9056460566982,46.027635533712434],[-123.90564939255721,46.02818341161431],[-123.90565106386038,46.02845762360476],[-123.90565273388937,46.02873183557817],[-123.90565607838253,46.02928081017146],[-123.90565641252515,46.02933565469466],[-123.90565875022011,46.02971924045369],[-123.90565942705919,46.029830330862715],[-123.9056627790042,46.03038040397919],[-123.9056661300284,46.03093009161023],[-123.90566629710929,46.03095751383935],[-123.90566959597396,46.03149855972395],[-123.90992703274307,46.0314914393212],[-123.91004023908414,46.031492146967594],[-123.9100494321158,46.03181291673547],[-123.91005578153701,46.03203459926211],[-123.91005875098453,46.032138219913136],[-123.90994288565354,46.03213936895108],[-123.90995465357081,46.032574941464674],[-123.90995503395682,46.0325890072377],[-123.90996697668508,46.03303097243487],[-123.91008425698483,46.03302980947682],[-123.91008587058032,46.033086204920906],[-123.91009934523072,46.0335571181922],[-123.91021741374769,46.03355547860647],[-123.91023233730444,46.03407638683186],[-123.91011739094462,46.034187686571954],[-123.9101181509376,46.03421422201626],[-123.91013232989906,46.03470919005065],[-123.91013961763274,46.034983584430606],[-123.91014690928722,46.03525810827594],[-123.91015417096533,46.03553154366856],[-123.91017031972585,46.03613946341729],[-123.9101725060068,46.03622172080018],[-123.91018342642937,46.036633016963115],[-123.91018784865115,46.03679957552958],[-123.91019197590305,46.03695490876882],[-123.91019672667218,46.03713370888052],[-123.91019694616229,46.03714193593865],[-123.91019938294049,46.03723371844071],[-123.91020679005021,46.0375125280558],[-123.91021419599538,46.03779133854992],[-123.91022096957495,46.0380463159822],[-123.91022211840435,46.038089567974694],[-123.9102299791984,46.038385528767556],[-123.91023304817796,46.03850098665549],[-123.91023899167048,46.03872474409001],[-123.91024097319051,46.038801400686744],[-123.91025652947866,46.03940356218131]]]}}]}