{"type":"FeatureCollection","features":[{"type":"Feature","properties":{"name":"Necanicum","huc8":"17100201","states":"OR","areasqkm":820.02,"areaacres":202630.43,"source":"USGS Watershed Boundary Dataset","source_url":"https://hydro.nationalmap.gov/arcgis/rest/services/wbd/MapServer/4"},"geometry":{"type":"Polygon","coordinates":[[[-124.06797079810694,46.23366653444664],[-124.06804537624183,46.2336783699028],[-124.06812513226602,46.23370896175192],[-124.06824506454296,46.233716103285936],[-124.06844271636336,46.23374102190705],[-124.06862834423366,46.23377703961573],[-124.06867211464589,46.23379295192414],[-124.06872090214895,46.23385179287659],[-124.06877471931934,46.233916700288226],[-124.07207822526763,46.23411086095946],[-124.08301479433857,46.250005367986255],[-124.0914631845827,46.261861487413725],[-124.14803929856883,46.23364149772915],[-124.14248221152513,46.22551369111912],[-124.13692676211018,46.21738560893397],[-124.13493139455669,46.21446550237168],[-124.13461776843648,46.213941118264195],[-124.13445159807524,46.21367217771015],[-124.13408235815412,46.21308773373169],[-124.13356029953181,46.2122942045452],[-124.13301838544677,46.211507125764086],[-124.13245677669744,46.21072672332192],[-124.13187565564182,46.209953239325756],[-124.1312751965531,46.209186909677015],[-124.13065557729765,46.20842797153081],[-124.13001700269145,46.207676657079126],[-124.1293596506008,46.20693318608978],[-124.1286837213501,46.20619779325975],[-124.12798944131478,46.20547069215728],[-124.12727699464948,46.20475211438777],[-124.12654661850941,46.204042279130405],[-124.12579852489698,46.203341386298234],[-124.12503296174722,46.20264966627492],[-124.12425013926592,46.20196732582513],[-124.12345030269314,46.20129456239286],[-124.12263370265887,46.20063159270111],[-124.1218005781149,46.19997861482543],[-124.12095118687778,46.19933582746701],[-124.12008579395051,46.19870342000415],[-124.1192046652344,46.19808159798435],[-124.11830805405438,46.19747053027271],[-124.11739623798987,46.19687042553061],[-124.11646949911182,46.19628144329954],[-124.11552812847445,46.19570378913511],[-124.11457239197907,46.195137610143725],[-124.11360259056126,46.19458310068938],[-124.11261903324151,46.194040422801336],[-124.11162199580262,46.19350973104562],[-124.11061179804481,46.19299119491076],[-124.10963336291883,46.192506670822155],[-124.10954234651255,46.19246239587834],[-124.10850675158503,46.191968638820086],[-124.10745890453533,46.191487504176735],[-124.10639916738455,46.191019136552335],[-124.10532782579693,46.190563673084725],[-124.10424521214914,46.19012125774786],[-124.10315166869924,46.18969201274526],[-124.1029496645413,46.18961462228339],[-124.10244212449062,46.18942223892143],[-124.10190344344228,46.18922147996474],[-124.10078902763678,46.188818980997866],[-124.09966468454908,46.188430041343224],[-124.0985307564373,46.18805477696175],[-124.09738759723767,46.18769330816064],[-124.09623553393692,46.1873457347171],[-124.09507492675951,46.18701217132614],[-124.09390612874334,46.18669271401749],[-124.09272949292632,46.186387460056125],[-124.09154537773625,46.18609650794211],[-124.09035414609248,46.185819935021044],[-124.08915615911779,46.185557831067285],[-124.08795178152819,46.18531027402899],[-124.08674136546321,46.18507734495387],[-124.08552530887657,46.18485911368437],[-124.08430395133145,46.184655643211215],[-124.08307767461183,46.184466984697266],[-124.08184685870506,46.18429322039116],[-124.08061187012382,46.18413438153122],[-124.07937307897396,46.18399052359985],[-124.07813087422606,46.18386169958004],[-124.07688562957918,46.1837479282359],[-124.07566250864116,46.18365107426026],[-124.07536668623158,46.18362907409723],[-124.07411649366415,46.18354552713393],[-124.0728643885835,46.18347714815605],[-124.0727491140713,46.18347161591282],[-124.07242378739451,46.18345531398414],[-124.0711701578728,46.18340210986857],[-124.06991539018563,46.183364086906096],[-124.06875829452267,46.18334251142098],[-124.06771916023291,46.18331210732499],[-124.06738976059466,46.18330465634422],[-124.06717070192103,46.18329645715444],[-124.06591593333555,46.183258435362816],[-124.06572085249353,46.18325389075778],[-124.06497458695267,46.18322405134575],[-124.06417723512,46.183198132708746],[-124.06348927293607,46.18317082026245],[-124.06250430705795,46.183139685898034],[-124.06209527805794,46.18311732355327],[-124.06191877168102,46.182795430415524],[-124.06145747690117,46.181984021221865],[-124.06119303713604,46.18153671841497],[-124.06092679535045,46.181070059780836],[-124.06078299214144,46.18081541062313],[-124.06037914821727,46.18010734108937],[-124.05989757666481,46.179301644452],[-124.05939584332411,46.17850190664459],[-124.05912188051865,46.17808067322157],[-124.05871971105415,46.177472235073836],[-124.05817807634519,46.17668506172205],[-124.05788350708542,46.17619695343546],[-124.05738179979586,46.17539722334591],[-124.05732276161709,46.1753055518221],[-124.05718187433948,46.17490755908627],[-124.05686639858813,46.17406315595664],[-124.05652975852865,46.17322270677497],[-124.05617206914546,46.17238647237256],[-124.05579343374478,46.17155469120072],[-124.0554348577244,46.17081012678073],[-124.05519700629503,46.17012960691971],[-124.05488154222178,46.16928520383819],[-124.05475830504291,46.16897084812894],[-124.05471137795078,46.16883982209034],[-124.0543959255556,46.167995423471],[-124.05419593721714,46.16748927963905],[-124.05410603562015,46.16725471475469],[-124.05376944766297,46.16641426480588],[-124.0535531019015,46.165902080916716],[-124.05354813242138,46.16589006287208],[-124.05319049334383,46.165053822126694],[-124.05281190914711,46.16422204392063],[-124.05276770574693,46.16412812516168],[-124.05246525197391,46.16346770540314],[-124.05206586010027,46.16264064551299],[-124.05197661786669,46.162462166357074],[-124.05158574561521,46.16165323771706],[-124.05116564667597,46.16083114499677],[-124.0507249924864,46.16001427220007],[-124.05026388725106,46.15920285973855],[-124.0499525042241,46.15867720462693],[-124.04969931136633,46.1582367783408],[-124.04921793115504,46.15743108360459],[-124.04871640083361,46.15663134199245],[-124.04819487401393,46.15583780266946],[-124.04817556293027,46.1558091039222],[-124.04778744311683,46.155218735884425],[-124.04744893815483,46.15468313795564],[-124.04692742570822,46.153889597297145],[-124.04638609193485,46.15310250273395],[-124.04618752562949,46.15282237047664],[-124.04591538909901,46.15240880812598],[-124.0457050297106,46.15207797380583],[-124.0451835531966,46.15128443790005],[-124.04484578485315,46.150789198317945],[-124.04466089899125,46.15050898396351],[-124.04422079097738,46.149841705081535],[-124.04386088275541,46.149314452626456],[-124.0437256638473,46.149112161900746],[-124.04349739923862,46.14877594130776],[-124.04310224202325,46.14817798109137],[-124.04256094777577,46.147390883883624],[-124.04220876237031,46.14689694050366],[-124.0419042272008,46.14645846317056],[-124.04164091571964,46.14608788697097],[-124.04124238622869,46.14551179970125],[-124.04093002852966,46.14507302877253],[-124.0405779823631,46.14456511248356],[-124.04001705902833,46.14378469796967],[-124.03943664854009,46.14301120787847],[-124.03883691169686,46.142244872796276],[-124.03829988983685,46.14158454267786],[-124.03808547275831,46.141314179915184],[-124.03746661527425,46.14055523441449],[-124.0374586777604,46.14054568750344],[-124.03738919217486,46.140416761093945],[-124.03711851181346,46.13989211540641],[-124.03682504837981,46.139343100832335],[-124.03660256443,46.13891320921543],[-124.03623300830192,46.1382249864842],[-124.03612190736253,46.1380106053513],[-124.03603543014337,46.137824907247364],[-124.03570362032521,46.13713417479365],[-124.03557070918902,46.13684770910795],[-124.0351714942835,46.136020640664896],[-124.03483676853389,46.135361656429204],[-124.03476343995557,46.13521121751152],[-124.03447181447501,46.13457464863339],[-124.03407262562061,46.13374758028896],[-124.0336711900797,46.132960665215236],[-124.03327794807251,46.13219209854595],[-124.03283752205502,46.131375213397696],[-124.03237665577154,46.13056379891465],[-124.03225415610952,46.13035485394922],[-124.03181719219911,46.129586542896334],[-124.03142559680384,46.1289277979334],[-124.0313055064234,46.12871894388244],[-124.03093715313945,46.127909772638375],[-124.03071721950674,46.12744813092234],[-124.03047753012434,46.12692707292807],[-124.03023245264684,46.12641359258995],[-124.03003992032525,46.12599413504812],[-124.02982356288572,46.12549427609241],[-124.029445243692,46.12466249579102],[-124.02911962146949,46.123984170862],[-124.02894569146082,46.12355665421338],[-124.02858833355594,46.12272040836963],[-124.02838754661522,46.122272656021806],[-124.0281517370565,46.12172690280464],[-124.02777345559205,46.120895118547146],[-124.027374367349,46.12006804777271],[-124.02730030484709,46.11991964056667],[-124.0269918395482,46.119284629101514],[-124.02657206939233,46.11846253431174],[-124.02613174488447,46.11764564481032],[-124.02608254685128,46.11755699053682],[-124.02604397588793,46.11748329888298],[-124.02560365227836,46.116666413545566],[-124.02514292703042,46.1158549997209],[-124.02505936394604,46.1157121445119],[-124.0250435149695,46.115683486494476],[-124.02492458880566,46.11547003015688],[-124.02485627013166,46.115331759039115],[-124.02443652512864,46.1145096563383],[-124.02422880319392,46.11411884920926],[-124.02381274936837,46.11330414466293],[-124.02366288432786,46.113021188757],[-124.02336476672272,46.112407871741944],[-124.02294504597421,46.111585770885064],[-124.02293828884666,46.111572868488814],[-124.02280476955102,46.11126656740528],[-124.02262927737206,46.110874352236735],[-124.02247559808482,46.11052117602997],[-124.02209739387548,46.1096893876518],[-124.021698392769,46.10886231559088],[-124.02127869807164,46.10804021229526],[-124.02083846519191,46.107223327112465],[-124.02051739563126,46.10665346253286],[-124.02034821950707,46.10634313123526],[-124.02034442951488,46.10633590712475],[-124.020215055046,46.10609129142078],[-124.0199670849933,46.10561107782778],[-124.01976402890814,46.105228892402565],[-124.01955894352878,46.10483280505743],[-124.0193265448732,46.10439616027617],[-124.01923673400604,46.1042140958832],[-124.0188170779362,46.103391994891695],[-124.01837688009078,46.102575111210406],[-124.01791625725076,46.10176368363235],[-124.01743537021456,46.100957978369735],[-124.01727912893213,46.100704464553345],[-124.0171599485451,46.100504868630495],[-124.01690004796708,46.100052119559884],[-124.01683803187314,46.09994594300745],[-124.01681657561257,46.09990711489183],[-124.01669420081636,46.09968745818016],[-124.01625960935662,46.09888119186102],[-124.01624468564482,46.09885423559297],[-124.01597183764864,46.09835301666007],[-124.01551125163954,46.097541597957225],[-124.01503040233254,46.09673589142121],[-124.01452941908512,46.095936147101604],[-124.01405808024207,46.09521660320738],[-124.01390887456493,46.09479403262899],[-124.01359385425944,46.09394961872199],[-124.01355638373231,46.093853038376295],[-124.01352424021479,46.09372591704331],[-124.01329463172647,46.09286827288107],[-124.01304355619784,46.09201355399559],[-124.01277108998563,46.09116200411382],[-124.01247730765006,46.09031389376634],[-124.01216231429402,46.08946948228568],[-124.01212394275665,46.08937060950375],[-124.01209119107973,46.08924105119555],[-124.01186160864255,46.088383407069344],[-124.01161055736841,46.08752868036146],[-124.01133810373261,46.08667713350963],[-124.01104436092294,46.085829022736675],[-124.01081751655074,46.08521488978024],[-124.01064107395422,46.084563295523154],[-124.01039003705311,46.083708568815034],[-124.01030361013964,46.08343071045035],[-124.01013383843242,46.08264941415815],[-124.00992582274858,46.081789109100235],[-124.0096962672609,46.08093146314114],[-124.009445253716,46.0800767343766],[-124.00917283601282,46.07922518714903],[-124.008879132729,46.07837707460033],[-124.00876236162352,46.07805686875865],[-124.00869916604158,46.077624033106616],[-124.00855613448545,46.07675733088741],[-124.00839140951345,46.07589250262439],[-124.0082050144819,46.07502980577781],[-124.0081034868885,46.07459837658059],[-124.00799584625958,46.07383606094683],[-124.00785282817812,46.0729693609297],[-124.0076881166809,46.072104525652136],[-124.00750173422574,46.071241831911195],[-124.00729377064422,46.070381522243665],[-124.00706426186889,46.06952387534891],[-124.00681328874819,46.068669153738774],[-124.00660982752287,46.06802649849749],[-124.0065136862279,46.067535915190696],[-124.0063273298239,46.06667321797687],[-124.00611937881878,46.06581291189301],[-124.0058898835182,46.064955260702874],[-124.00563893465203,46.06410053067949],[-124.00549153009702,46.063630929680016],[-124.0053068715089,46.06277657308676],[-124.00509893308022,46.06191626611548],[-124.00486946383076,46.06105861796812],[-124.00461854191404,46.06020388807979],[-124.00436381383544,46.0594052784511],[-124.00435053853218,46.05933966501335],[-124.004164207281,46.05847696313819],[-124.00406384300587,46.05805022318043],[-124.00405366239875,46.05796924834403],[-124.00393242936127,46.057100945825326],[-124.00378946248381,46.056234246097134],[-124.00362478781749,46.05536941293267],[-124.00357006155207,46.05510514600774],[-124.00355572084688,46.054990682708066],[-124.00343451206389,46.05412237699175],[-124.00331347036759,46.05338037386586],[-124.00330117153304,46.0531226209196],[-124.00324537806902,46.05225109073926],[-124.00316776362851,46.051380367879524],[-124.00306832821137,46.05051071547602],[-124.00294712032674,46.04964241039713],[-124.00285729688316,46.04908251550785],[-124.00278252201721,46.0482485852606],[-124.00268309737987,46.04737893654273],[-124.00259119343809,46.04670677159641],[-124.00253803922443,46.04588549380008],[-124.00246042478389,46.04501476473913],[-124.00242886427299,46.04471714370193],[-124.00242779887108,46.04467578513307],[-124.00239387938427,46.04380370577236],[-124.00233810119164,46.0429321694645],[-124.00226049932752,46.04206143812578],[-124.00216108906324,46.041191790525126],[-124.00210506832549,46.040770796568985],[-124.002101707728,46.04070402236492],[-124.00204592953537,46.03983248891534],[-124.00196832767124,46.03896176235319],[-124.00194081317242,46.03870086098473],[-124.00193376229574,46.03837588399933],[-124.00190504135946,46.037607917239555],[-124.00192593976622,46.03722355444857],[-124.0019575999901,46.03635143415899],[-124.0019674015082,46.03547905439815],[-124.00195534252381,46.034606696412354],[-124.00192143651172,46.03373461527269],[-124.00186567089553,46.03286307729209],[-124.00181884351639,46.032309156615725],[-124.0018238758786,46.03197212221269],[-124.00185790855316,46.031906978231184],[-124.00227500262778,46.03108436717371],[-124.00267141658625,46.03025681367539],[-124.00304700759642,46.02942455825918],[-124.00340169121668,46.02858786578566],[-124.00373535156434,46.02774699052723],[-124.00404787365505,46.02690218240479],[-124.0043391685556,46.026053712560426],[-124.00450559493672,46.02553701609395],[-124.00455055741332,46.02540167060596],[-124.00482055056355,46.02454977644745],[-124.00506914135211,46.023694734792656],[-124.00529627588014,46.022836798744606],[-124.00550186880764,46.021976235768335],[-124.00568586533738,46.02111329088893],[-124.00584820797722,46.02024825655476],[-124.00598885270969,46.01938137220892],[-124.00610775282237,46.01851290039055],[-124.00620488136585,46.01764312736029],[-124.00628020061083,46.016772305085894],[-124.00633369708262,46.015900691789405],[-124.00636534473009,46.01502857003931],[-124.00636584060014,46.01500738337321],[-124.0066592294736,46.01487008876403],[-124.00769077928739,46.01437558329094],[-124.00870977784004,46.01386861043033],[-124.00879082743826,46.01382747582348],[-124.00946537508003,46.013525657859354],[-124.01050914916821,46.01304378506656],[-124.01154066125277,46.01254928135546],[-124.0125596346526,46.01204229923949],[-124.01356572441463,46.01152299809201],[-124.01455862780658,46.01099153229295],[-124.01553806365578,46.01044806433086],[-124.0165037049755,46.00989276230789],[-124.01745528227116,46.00932578933405],[-124.01839248292899,46.008747326612344],[-124.01931503655608,46.00815754723515],[-124.0202226673697,46.00755662866262],[-124.0211150807224,46.00694475459542],[-124.02199201161119,46.006322123086626],[-124.02285320760946,46.0056889072335],[-124.02306665001589,46.00552848862964],[-124.02369023623163,46.00509868654973],[-124.02456714286589,46.00447604362197],[-124.02542830203323,46.00384283159657],[-124.02627345681547,46.00319923917867],[-124.02710233142982,46.00254545008435],[-124.02762453018929,46.002121484796824],[-124.02793905642142,46.00187931801288],[-124.02876791935765,46.00122553141684],[-124.02958025778425,46.00056176032993],[-124.03037584891902,45.99988819971241],[-124.0311544214707,45.99920506761791],[-124.0319157382841,45.99851256213665],[-124.0326595927467,45.99781089946131],[-124.03338574860155,45.99710028393379],[-124.03409397318502,45.99638093800011],[-124.0347840526981,45.99565308848208],[-124.03545579759619,45.994916950351886],[-124.03610898150387,45.99417275856037],[-124.03674340948679,45.993420717486565],[-124.03735890457675,45.99266107458068],[-124.03795525477136,45.99189405920381],[-124.03853230556041,45.99111989947869],[-124.03908986829772,45.99033883602064],[-124.03962776511679,45.98955111382481],[-124.04014585318555,45.988756956676916],[-124.04064394745102,45.987956617084436],[-124.04112193023393,45.9871503332115],[-124.04153450937594,45.9864203031384],[-124.04224243032884,45.98605276686348],[-124.0432348746817,45.985521293558264],[-124.04421385508506,45.98497783004827],[-124.04517906611176,45.9844225170492],[-124.04613020143628,45.98385554833215],[-124.04706698168255,45.98327708146455],[-124.04726467482543,45.98315238148231],[-124.04838692663516,45.9828116847826],[-124.04952548286728,45.982449603329506],[-124.05065477118063,45.982073721030254],[-124.05177447267326,45.98168413435924],[-124.05288423251064,45.98128098285547],[-124.0539837111296,45.980864375464364],[-124.05507257435686,45.98043444422169],[-124.05615049700224,45.97999131928492],[-124.05721714668913,45.97953513267904],[-124.0582721937358,45.979066027036446],[-124.05931530846058,45.97858415122787],[-124.06034619980925,45.97808964850196],[-124.06136452462543,45.97758266834649],[-124.06236999365161,45.97706335712492],[-124.06336228888414,45.976531886793616],[-124.06434111567559,45.97598842431312],[-124.06530615961563,45.975433117913745],[-124.06625714312489,45.974866142669185],[-124.06719377155586,45.97428767053139],[-124.06811575565108,45.97369789155747],[-124.06902281513618,45.97309696833542],[-124.06991467243174,45.972485090924025],[-124.07079107061952,45.971862457500364],[-124.07165172313705,45.97122923502689],[-124.07249638384589,45.97058563979133],[-124.07332477606491,45.969931853121516],[-124.0741366608423,45.969268075079185],[-124.07493179383624,45.9685945207152],[-124.07570993609492,45.9679113801104],[-124.07647083249675,45.967218867076745],[-124.07721426924275,45.96651719543219],[-124.07794000738099,45.965806583996084],[-124.0786478394007,45.96508723348669],[-124.07933753802807,45.96435938646481],[-124.08000889126073,45.96362324491213],[-124.08066170596084,45.96287903517024],[-124.08129579078728,45.962126999825195],[-124.08191093104271,45.96136734962542],[-124.08250695335227,45.96060033092241],[-124.08308367445962,45.95982617259293],[-124.08364091829498,45.95904510789512],[-124.08417852226326,45.95825737134672],[-124.0846963210745,45.9574632118398],[-124.0851941350656,45.956662868286365],[-124.08567185104887,45.95585658647976],[-124.08612929205617,45.95504460722949],[-124.08656634579809,45.954227185721805],[-124.08698286854421,45.95340456154262],[-124.08737872375056,45.95257699802381],[-124.0877537964328,45.95174473227974],[-124.0881079832847,45.95090803391594],[-124.08844117471179,45.95006714632032],[-124.08875326561119,45.94922232850959],[-124.0890441697446,45.948373845136786],[-124.0893137820091,45.94752194213207],[-124.08956202874295,45.94666688667709],[-124.08978884796231,45.9458089347263],[-124.08999416241207,45.94494835848995],[-124.09017790651521,45.94408540833212],[-124.09034003355939,45.94322035649539],[-124.09048048695068,45.942353459622154],[-124.09059922356998,45.941484984365694],[-124.09069622455267,45.940615203017956],[-124.09077144049141,45.93974436477402],[-124.09082486150473,45.93887274133413],[-124.09085647321957,45.93800060066719],[-124.0908662603646,45.93712821513219],[-124.09085422743136,45.93625583586394],[-124.09082037262328,45.93538374212694],[-124.09076470672005,45.9345121838394],[-124.09068725756951,45.93364144217383],[-124.09058804942617,45.93277177645298],[-124.09046709666306,45.93190345038949],[-124.09032445856899,45.93103672896185],[-124.09016016389005,45.9301718796643],[-124.08997426472853,45.929309156886454],[-124.0897668320513,45.92844882877955],[-124.08953790897758,45.927591158512705],[-124.08928759432196,45.926736404896786],[-124.08901593749184,45.92588483050746],[-124.0887230435901,45.92503669606134],[-124.08840898717688,45.92419225479181],[-124.0880738688635,45.92335177556917],[-124.08771779105791,45.92251549415966],[-124.08734087772763,45.921683677588085],[-124.08694322409406,45.92085657539662],[-124.08652496310789,45.920034443390314],[-124.08608621065176,45.91921752738926],[-124.08562712123593,45.91840607947583],[-124.0851478323026,45.91760034612115],[-124.08464847051428,45.916800572558984],[-124.08412920116093,45.91600700278531],[-124.08359018863423,45.91521987205841],[-124.0830315874445,45.91443942002257],[-124.08245357276314,45.91366589758315],[-124.08185633413467,45.912899525656655],[-124.08124002517107,45.9121405495447],[-124.08060486146798,45.91138918518322],[-124.07995102089181,45.910645677893314],[-124.07927871724158,45.909910242379006],[-124.07858814275681,45.90918309960257],[-124.07787949866011,45.90846448178535],[-124.07715302659824,45.907754597404356],[-124.07640894216695,45.90705367182012],[-124.07564746096183,45.90636190914758],[-124.07486882283314,45.90567952663415],[-124.07407325864786,45.90500672715618],[-124.07326101993425,45.904343724221434],[-124.07243234833918,45.90369070821399],[-124.07158749449255,45.903047873897236],[-124.07072671800753,45.90241543541673],[-124.06985029287024,45.901793575040614],[-124.06895846162585,45.901182474413844],[-124.06805151802342,45.90058232456047],[-124.06712973515083,45.899993317131454],[-124.06619337172285,45.89941562314909],[-124.06524274394646,45.89884941738695],[-124.06427813029943,45.89829487274307],[-124.06329980925948,45.89775216086476],[-124.06230809972854,45.89722143714395],[-124.0613032900658,45.89670287447588],[-124.06028568569847,45.896196622622234],[-124.05925560463015,45.89570285072318],[-124.0582133657628,45.895221681026335],[-124.05715926913368,45.894753282665555],[-124.05609363454306,45.894297797887546],[-124.05501680245243,45.89385535142862],[-124.0539290935603,45.893426085526045],[-124.0533927939458,45.89322079626312],[-124.0534128533261,45.89316845986856],[-124.0537246280185,45.89232363867348],[-124.05401522582639,45.891475136939675],[-124.05428457398624,45.89062323148692],[-124.05453256829344,45.88976816913859],[-124.0547591593407,45.88891021549082],[-124.05496426807629,45.88804962927771],[-124.05514782443154,45.887186673000684],[-124.05530978438908,45.88632160480007],[-124.05545009943982,45.88545470721929],[-124.05556872197309,45.884586219671796],[-124.05566562054784,45.883716425984616],[-124.05574076282474,45.882845573732496],[-124.05579413083746,45.88197394552543],[-124.05582570482305,45.88110179835127],[-124.05583549286636,45.88022940047067],[-124.05582347250956,45.87935701390721],[-124.05578965453239,45.87848491383422],[-124.05573405240955,45.87761335042642],[-124.05565667961582,45.8767425963887],[-124.05555757388044,45.875872916938135],[-124.05543674598313,45.87500458981702],[-124.05529424982286,45.87413785213113],[-124.05513013211204,45.87327299416426],[-124.05497836533803,45.87256056081617],[-124.05510552006987,45.8722890557258],[-124.05548006094948,45.87145678352589],[-124.0558337420499,45.87062006984053],[-124.05616645108168,45.869779170920104],[-124.05647809731498,45.86893434365536],[-124.05676856935874,45.86808584807919],[-124.05703780163591,45.86723393548233],[-124.05728570790826,45.86637886530227],[-124.05751219564925,45.8655209120046],[-124.05771721814654,45.864660314415474],[-124.0579006972467,45.8637973545386],[-124.05806259432215,45.86293229187468],[-124.0582028455925,45.86206538156112],[-124.05832141602349,45.86119689814438],[-124.05841827956395,45.86032709929674],[-124.05849339399306,45.85945625146496],[-124.05854673775127,45.85858461673325],[-124.05857831083856,45.85771246283269],[-124.05858808810208,45.856840057511256],[-124.05857606594866,45.855967675415705],[-124.0585422740226,45.855095560553046],[-124.0584866853745,45.85422400136772],[-124.0584093494117,45.85335323939671],[-124.05831028050721,45.85248356562104],[-124.05818951818694,45.85161522411304],[-124.05804708401044,45.85074849024508],[-124.05788303007999,45.849883621886825],[-124.05769740849789,45.84902089256678],[-124.05749026956978,45.84816055205243],[-124.05726168695752,45.84730287453018],[-124.05701172713648,45.84644810729585],[-124.05674046646338,45.84559652581921],[-124.05644798937995,45.84474837054312],[-124.05613438931088,45.84390392385188],[-124.05579976596921,45.84306342559241],[-124.05544420738987,45.842227131270405],[-124.05506782765887,45.84139530203816],[-124.05467075703191,45.84056819217855],[-124.05425310330688,45.83974604159448],[-124.05381498685799,45.838929116486696],[-124.05335655590723,45.8381176567847],[-124.05287795059186,45.837311909940695],[-124.05237931284566,45.83651212592295],[-124.05186080436532,45.835718535310065],[-124.05132256708474,45.834931403741166],[-124.05076477437875,45.834150942415825],[-124.05018759782556,45.83337740322639],[-124.04959120720673,45.832611020551354],[-124.04897580015167,45.83185203190898],[-124.04841679292342,45.831188249093216],[-124.04856701100185,45.83104402175532],[-124.04929099652698,45.83033339137999],[-124.04999710467966,45.82961403820584],[-124.05068513064398,45.82888616595447],[-124.05135485972258,45.82815001090407],[-124.05200610147263,45.82740579118842],[-124.05263864119678,45.82665373371316],[-124.053252299232,45.82589406914873],[-124.05384687435563,45.82512703443496],[-124.05442220037935,45.82435285400164],[-124.05497810123337,45.82357177357273],[-124.05551439905123,45.822784025110856],[-124.05603094291601,45.82198984684964],[-124.05652756484274,45.82118948579858],[-124.05700411481276,45.820383182718786],[-124.05746045268889,45.819571184644],[-124.05789645180865,45.81875374738537],[-124.05831196125513,45.81793110422892],[-124.05870685167086,45.817103519777056],[-124.05908102513953,45.81627123986382],[-124.05943436308348,45.815434525363095],[-124.05976674243358,45.81459361149293],[-124.06007808503632,45.8137487748085],[-124.060368277704,45.81290027184475],[-124.06063724587648,45.81204835101172],[-124.0608849096037,45.81119327763994],[-124.06111116917262,45.810335310188094],[-124.06131598954899,45.80947471401804],[-124.06149930335911,45.808611744488886],[-124.06166103424623,45.80774666949889],[-124.06180114897266,45.80687975257946],[-124.0619196044193,45.80601125352089],[-124.06201637633157,45.80514144590631],[-124.06209141709884,45.8042705864277],[-124.06214471055138,45.80339895308513],[-124.06217624501113,45.802526789452465],[-124.06218602137639,45.80165438045166],[-124.06217402707071,45.80078197720419],[-124.06214025760254,45.79990986278728],[-124.06208473273483,45.79903829148681],[-124.06200747402714,45.79816752386742],[-124.06190850753057,45.79729784180451],[-124.06178785839805,45.796429493369885],[-124.06164556256209,45.79556274669323],[-124.06148167392168,45.79469787367859],[-124.06129624188408,45.79383513622544],[-124.06108930597523,45.7929747874802],[-124.06086095243336,45.79211709689002],[-124.06061124593722,45.79126231951172],[-124.06036665085503,45.7904906799036],[-124.06078247740679,45.789992599594996],[-124.06139572850518,45.78923292847924],[-124.0619899101667,45.78846589115145],[-124.06256486967777,45.7876917034203],[-124.06312040401916,45.78691061994173],[-124.06365634700248,45.78612286406173],[-124.06417254681251,45.78532868231491],[-124.06466883905755,45.78452831435662],[-124.06514508360036,45.78372200925084],[-124.06560113132065,45.78291001544743],[-124.0660368402846,45.78209256136185],[-124.06645208113478,45.78126992240765],[-124.06684672002226,45.78044233078507],[-124.06722065094577,45.77961004126094],[-124.06757374903957,45.77877332239925],[-124.0679059253704,45.777932409573495],[-124.06821705147915,45.77708756260506],[-124.06850706717874,45.776239048222266],[-124.06877585658648,45.77538712189086],[-124.06902334424387,45.77453205036976],[-124.06924947715035,45.773674072864594],[-124.06945415738954,45.7728134749621],[-124.0696373445372,45.77195049276574],[-124.06979897481303,45.771085420666964],[-124.06993899970793,45.770218499813495],[-124.07005737969605,45.769349992672915],[-124.07015408782797,45.768480178021285],[-124.07022907828959,45.767609319612674],[-124.07028234569098,45.76673767557779],[-124.07031386757431,45.76586550970318],[-124.07032363046481,45.76499309456542],[-124.0703219191742,45.76468875708333],[-124.07032387300994,45.76427133821436],[-124.07031187690762,45.76339893073333],[-124.07027813528723,45.76252680227631],[-124.07022265982688,45.76165522986065],[-124.07014545052651,45.760784459811866],[-124.07004654781039,45.759914766673454],[-124.06992598671272,45.75904640871098],[-124.06978379328471,45.75817966488837],[-124.06962000705222,45.75731478535627],[-124.0694347016771,45.75645203218902],[-124.06922791848184,45.75559168063919],[-124.06899971585696,45.75473398654591],[-124.0687501746508,45.75387920952419],[-124.06847936852527,45.75302760669755],[-124.06818737473544,45.75217944209932],[-124.06787429568922,45.751334976017574],[-124.06754023020139,45.750494462486984],[-124.06718525373033,45.74965815555684],[-124.06680951000654,45.74882631869326],[-124.06641309604808,45.74799919281035],[-124.06599612863592,45.7471770326262],[-124.06555874700892,45.746360090992155],[-124.0651010760329,45.74554861262327],[-124.06462327201476,45.744742860427294],[-124.0641254553287,45.74394305218832],[-124.06360779665465,45.7431494552271],[-124.0630704603843,45.742362301143096],[-124.06251359384137,45.74158183220441],[-124.06193736770572,45.740808276270805],[-124.0613419814034,45.74004188378206],[-124.060727587648,45.73928287634921],[-124.06009438766209,45.73853149377433],[-124.05944257548182,45.73778795956799],[-124.05877235322812,45.73705249411451],[-124.05808390775059,45.73632533034622],[-124.05737746901788,45.73560668364787],[-124.05665324274425,45.734896780697625],[-124.0559114535085,45.734195828743665],[-124.05515233038102,45.73350404758076],[-124.05437610243223,45.732821635691174],[-124.05358301041058,45.732148815389415],[-124.0527732815899,45.73148579018458],[-124.05194716929505,45.7308327466601],[-124.05110492954591,45.73018989899311],[-124.05024681566739,45.72955744129917],[-124.04937310344228,45.72893555515539],[-124.04848403811063,45.72832443217426],[-124.04757989365862,45.72772427086846],[-124.04666095305559,45.72713523965232],[-124.04572749388095,45.72655752512657],[-124.0447798080871,45.7259912963339],[-124.04381817415188,45.72543673172337],[-124.04284287055293,45.72489399720171],[-124.04185422787037,45.724363258674444],[-124.04085252548023,45.7238446820459],[-124.03983806701302,45.72333841754016],[-124.03881116777744,45.722844618514415],[-124.03777214937035,45.72236343393292],[-124.03672131093077,45.72189501965533],[-124.0356589749539,45.72143951335014],[-124.03458547740958,45.72099705017299],[-124.03350112731833,45.720567774054835],[-124.03240626424329,45.72015179819054],[-124.03130121966284,45.719749267754736],[-124.03018632415699,45.71936029530327],[-124.02906193076362,45.71898500028431],[-124.02792836826616,45.718623495240294],[-124.0267859834143,45.718275888315844],[-124.02625678498211,45.71812044357514],[-124.02593503090522,45.71775689956225],[-124.0252650359253,45.717021436257546],[-124.02457684556929,45.71629426633583],[-124.0238706601615,45.715575624702424],[-124.02314669889088,45.71486571428208],[-124.02240517555646,45.7141647580774],[-124.02164632102523,45.71347297784351],[-124.02087037065586,45.712790567742836],[-124.0200775580103,45.712117743896705],[-124.01926812114206,45.711454710514026],[-124.01844230169802,45.71080167118085],[-124.01760036557941,45.710158821960086],[-124.01725944055605,45.70990480245482],[-124.01686255857533,45.70954608029197],[-124.01608666030823,45.70886366678121],[-124.01529389796832,45.70819085023709],[-124.01448451140575,45.70752781418178],[-124.01365875574209,45.706874772252355],[-124.01281688250556,45.70623192366213],[-124.01195913693631,45.70559945068992],[-124.01181510555523,45.70549539214491],[-124.01179551329888,45.70505865580324],[-124.0117400899408,45.70418706810877],[-124.01166296957368,45.70331628364811],[-124.01159195056393,45.70267267203663],[-124.01151335965467,45.70199752305382],[-124.01139292432114,45.70112915630747],[-124.01125087192864,45.70026240227971],[-124.01117877404228,45.699866878413694],[-124.01115260162646,45.69924750204698],[-124.01109718994647,45.698375912848114],[-124.01102007047764,45.69750513324484],[-124.01093935145946,45.69678106992983],[-124.01093123518089,45.696385645042795],[-124.01089753039142,45.695513513668836],[-124.01084212050804,45.69464192587523],[-124.0108200183588,45.69436578878903],[-124.01080571538284,45.69417043243439],[-124.01072860849047,45.69329966138352],[-124.01062983243675,45.692429949141285],[-124.0106043328591,45.692232292569386],[-124.01055259708527,45.69180073231492],[-124.0104557865454,45.69109086567945],[-124.01045544338895,45.69105507825412],[-124.01045543171085,45.69099060849744],[-124.01044344728666,45.690118195948656],[-124.01040975776856,45.68924606221527],[-124.01037515376552,45.6886637051089],[-124.01046088358632,45.68788248019664],[-124.01053577074168,45.68701160685162],[-124.0105889626846,45.68613995056865],[-124.01062043336394,45.685267770495024],[-124.01062690033565,45.68492185702208],[-124.01063969504025,45.684492337076335],[-124.01064944625267,45.68361990161998],[-124.01063747620152,45.68274748895837],[-124.01060378398847,45.68187535578173],[-124.01059657051671,45.68173933576623],[-124.0105846381948,45.68088832106913],[-124.01058174741621,45.68078390461164],[-124.01062838435254,45.68021293354155],[-124.01067157175811,45.67953608867117],[-124.01078818835335,45.679312575289686],[-124.01120265755074,45.678489913657856],[-124.01159658497247,45.67766230724751],[-124.01193702760054,45.676905264817194],[-124.01212161073018,45.676487290659324],[-124.01244030873848,45.6757330850896],[-124.01253468574221,45.67550776137516],[-124.0127825902179,45.67491367806993],[-124.01311414491457,45.67407275509326],[-124.01342471406782,45.67322789950986],[-124.01355610345793,45.67285081651821],[-124.013829520986,45.67204772230038],[-124.01409781632033,45.67119577743277],[-124.01434484583696,45.670340681575404],[-124.01443226179556,45.67001827859609],[-124.01463259239215,45.66931911097277],[-124.01485829500557,45.668461124527795],[-124.01506260603718,45.66760050214758],[-124.01517123571122,45.66710038377466],[-124.01530741761333,45.66644807628721],[-124.01546874425858,45.66558298578494],[-124.0156085158286,45.66471604059704],[-124.01572667932275,45.663847526916015],[-124.01582319970676,45.66297770332816],[-124.01589806081097,45.66210682466888],[-124.01595122849938,45.66123515709032],[-124.01598269917872,45.66036297931798],[-124.01599245039112,45.659490547492005],[-124.01598048033996,45.65861812090796],[-124.01597033656377,45.6582892279803],[-124.01593812926589,45.65747162688567],[-124.01592894848369,45.657300237068334],[-124.0159704497515,45.65690190164401],[-124.01597125015041,45.65689259143041],[-123.94435126839171,45.656927016232615],[-123.94390890919975,45.656990175929295],[-123.9431966592655,45.65709187097829],[-123.9424328514238,45.65719894675066],[-123.94187605764441,45.657291745671515],[-123.94136209374112,45.6574012013357],[-123.94118268221256,45.65743570305381],[-123.94086716603701,45.657496379563405],[-123.9401438093326,45.65764866514469],[-123.93934431052635,45.65780095031187],[-123.93873516922038,45.657915164857215],[-123.9382783112197,45.65799130775804],[-123.93799669746298,45.6580924246068],[-123.93775399243616,45.65817094625213],[-123.93742562675875,45.65829229824004],[-123.93724716744443,45.65836368267363],[-123.9369901863911,45.658442204566384],[-123.93678317322713,45.658570695383865],[-123.93666182071371,45.658663494542814],[-123.93656902204991,45.65874915603773],[-123.93649763742587,45.6588348161459],[-123.93646908447457,45.65894902983817],[-123.93650477633743,45.65900613722476],[-123.93656902204991,45.65905610582639],[-123.93666182071371,45.6591417660928],[-123.93679031124039,45.65919887391073],[-123.93691166375379,45.6592559810425],[-123.93705443120525,45.659305949421125],[-123.93721147647987,45.65937733319029],[-123.93755411908205,45.65953437778992],[-123.93774685442288,45.65963431526139],[-123.93786106892307,45.659712837255874],[-123.93805380516221,45.65984846629562],[-123.93823940338811,45.659976957025286],[-123.93837503282634,45.660098310121874],[-123.93849638444146,45.660198247214616],[-123.93862487676473,45.6603338763342],[-123.93873195145504,45.66046950575309],[-123.93881047499065,45.66060513484348],[-123.93883188903041,45.66074076423307],[-123.93886044377834,45.660890670282704],[-123.93888899672966,45.66109054522826],[-123.93891754968095,45.66125472786487],[-123.93896751846864,45.66144032592176],[-123.93899607231823,45.66175441503657],[-123.93905318001748,45.6619828434614],[-123.93908887188037,45.66213274869673],[-123.93915311669453,45.66231120867032],[-123.93920308548222,45.662482529785116],[-123.93923163933184,45.66262529729422],[-123.93927447010627,45.6627894798249],[-123.93930302305756,45.66293224780686],[-123.93938868370812,45.66312498416201],[-123.93941723755775,45.66338910478606],[-123.93946006833215,45.66373174680036],[-123.93948148237189,45.663924482914254],[-123.93956000590752,45.66423857253212],[-123.93958855885882,45.66442417074219],[-123.93960997469519,45.66462404437345],[-123.93958855885882,45.66488102684683],[-123.9395814208456,45.665159423875224],[-123.93953859007114,45.66548065075088],[-123.93951717603142,45.66562341877555],[-123.9395314520579,45.66589467676821],[-123.93953859007114,45.6661587975086],[-123.93952431404466,45.66635867185205],[-123.93949576019502,45.666579962556426],[-123.9394886221818,45.667097494794604],[-123.9394743461553,45.66718315531337],[-123.93941723845604,45.66741158293178],[-123.93940296153124,45.66756862822277],[-123.93938868460643,45.6677542260643],[-123.93937440857992,45.66799693092296],[-123.93934585473033,45.668239636612526],[-123.93928874792937,45.66851089448259],[-123.93927447100458,45.66889636766489],[-123.93927447100458,45.66919617900218],[-123.93920308727886,45.66952454458806],[-123.93918881125235,45.669710142849425],[-123.9391174266283,45.670009955477425],[-123.93908887367701,45.6702669364518],[-123.93907459675216,45.67055247220409],[-123.93906031982736,45.67075234718003],[-123.93904604380089,45.671009329139864],[-123.93903176687607,45.67128058739729],[-123.93903176687607,45.671466185485144],[-123.93907459675216,45.67180882827842],[-123.93907459675216,45.67206580978143],[-123.93903176687607,45.67226568437466],[-123.93900321392475,45.67247983542563],[-123.93900321392475,45.672708263398185],[-123.93900321392475,45.672965245792895],[-123.93900321392475,45.673207951280816],[-123.93890327634941,45.673450656343896],[-123.93883189172533,45.67365053038521],[-123.93880333877404,45.67386468241409],[-123.93880333877404,45.67409311038343],[-123.93883189172533,45.67430726197407],[-123.93883189172533,45.67459279719964],[-123.93883189172533,45.67486405566399],[-123.93888899942458,45.675163868301524],[-123.93890327634941,45.675406573041904],[-123.93890327634941,45.67564927861265],[-123.93886044647329,45.675977643999154],[-123.93886044647329,45.67629173251868],[-123.93884616954847,45.67652016062385],[-123.93883189262364,45.67680569648395],[-123.93883189262364,45.67709123151467],[-123.93883189262364,45.677291106361835],[-123.93883189262364,45.67754808779707],[-123.93880333967235,45.67779079286677],[-123.93874623287144,45.6781905418707],[-123.93874623287144,45.67854746179743],[-123.93874623287144,45.6789186574869],[-123.93873195594662,45.67927557653497],[-123.93867484914568,45.67957538938684],[-123.93863201926956,45.67986092471969],[-123.93860346541994,45.680160735690286],[-123.93860346541994,45.680503378598075],[-123.93856063554384,45.68113155704258],[-123.93853208169419,45.681431368108214],[-123.9385035278446,45.68188822598313],[-123.9384892518181,45.68217376018206],[-123.9384892518181,45.68274483111173],[-123.9385035278446,45.68294470584651],[-123.93847497489328,45.68327307172517],[-123.93847497489328,45.68360143693166],[-123.93847497489328,45.68382986531997],[-123.93843214501717,45.68438665902141],[-123.93841786809234,45.68468647147076],[-123.93841786809234,45.685157604942304],[-123.93846069886678,45.68562873821143],[-123.93846069886678,45.68589999651975],[-123.9384749757916,45.686285469793724],[-123.93851780566771,45.68669949566054],[-123.93851780656604,45.68701358423916],[-123.93848925271642,45.687327672936746],[-123.93848925271642,45.68748471756551],[-123.93848925271642,45.68768459293678],[-123.9384892536147,45.687884467593854],[-123.93850352964124,45.68811289606426],[-123.93850352964124,45.688298493548814],[-123.93850352964124,45.68848409167258],[-123.93854635951733,45.688726796995795],[-123.93854635951733,45.68895522516394],[-123.93854635951733,45.68916937635182],[-123.93851780656604,45.68959767940548],[-123.93853208349083,45.69014019574733],[-123.93857491426529,45.69052566866689],[-123.93858919029176,45.69082548147156],[-123.93858919029176,45.69112529266908],[-123.93860346721658,45.69148221290896],[-123.93860346721658,45.69186768536427],[-123.93860346721658,45.69209611388235],[-123.93860346811488,45.69241020227725],[-123.93860346811488,45.692724290790665],[-123.93856063734047,45.6930098261546],[-123.93856063734047,45.693295361943136],[-123.93856063734047,45.6935808969013],[-123.9385749151636,45.693866432284025],[-123.93858919119008,45.69418052140361],[-123.93861774503969,45.694451779653235],[-123.93863202196451,45.694751592117676],[-123.93861774503969,45.69509423475875],[-123.93858919119008,45.69535121598925],[-123.93860346811488,45.69565102865121],[-123.93870340569025,45.695993671428305],[-123.93870340569025,45.69633631273333],[-123.9387605133895,45.696650402412004],[-123.93886045096484,45.69690738339301],[-123.93886045096484,45.697107258973475],[-123.93886045096484,45.69730713383951],[-123.9387605133895,45.69752128504741],[-123.93868912966377,45.69766405227279],[-123.93868912966377,45.69792103361483],[-123.93871768351337,45.69813518560873],[-123.93877479121262,45.69833506056496],[-123.93880334416393,45.69860631936695],[-123.93886045186318,45.69892040758851],[-123.93893183469059,45.69916311279718],[-123.93896038943855,45.69944864853809],[-123.93896038943855,45.69970562983464],[-123.93898894238984,45.6999340589627],[-123.9390746030404,45.70020531690884],[-123.93910315599166,45.700405191366485],[-123.9391317098413,45.70066217328579],[-123.93908887996521,45.700847771161726],[-123.93900321931464,45.70099053930456],[-123.93898894238984,45.70114758384067],[-123.93904605008908,45.70134745806675],[-123.9390746030404,45.70150450285506],[-123.93908887996521,45.701732930907625],[-123.9390746030404,45.70196135865426],[-123.93903177316425,45.70223261743018],[-123.93901749623946,45.70243249216898],[-123.9390746030404,45.70267519781664],[-123.9390746030404,45.702875072227904],[-123.93901749623946,45.70308922344127],[-123.93894611251373,45.7033604817638],[-123.93883189801355,45.70376023187268],[-123.93871768441171,45.703960106796245],[-123.9385749169602,45.70417425824482],[-123.93830365898208,45.704231365284684],[-123.93794673855678,45.704231365284684],[-123.93703302614868,45.70424564250604],[-123.93607648206782,45.70427419568312],[-123.9345488681811,45.704231365912044],[-123.9323645220413,45.70418853548075],[-123.93170779068653,45.70417425887214],[-123.93139370283227,45.704202812085725],[-123.93090829188031,45.7042456431334],[-123.93066558775178,45.704331303875605],[-123.9303800519505,45.704331303875605],[-123.93018017769812,45.7042456431334],[-123.9299803025474,45.70415998163256],[-123.9297947043215,45.70406004461741],[-123.9296233830204,45.70406004461741],[-123.92949489159541,45.70407432125519],[-123.92935212504227,45.704202812085725],[-123.92920935759078,45.70444551757619],[-123.92920935759078,45.70473105268874],[-123.92930929426784,45.705073695659],[-123.9294377856928,45.70525929331911],[-123.92966621379483,45.70544489161764],[-123.92992319574647,45.705716149802235],[-123.93010879307408,45.70598740792525],[-123.93026583834867,45.70625866724129],[-123.93039432887531,45.706487095316184],[-123.93047998952586,45.70681546099884],[-123.93055137414993,45.70712954952607],[-123.93059420402605,45.707500745634334],[-123.93055137414993,45.7077148973204],[-123.93043715964974,45.70797187888798],[-123.93029439129997,45.70817175380863],[-123.93020873154774,45.70832879761896],[-123.9301659007733,45.7084572893348],[-123.93019445552126,45.70872854795682],[-123.93022300847255,45.708956975975426],[-123.93013734782201,45.70917112710077],[-123.93003741024664,45.70941383234855],[-123.92986608984388,45.70964226007579],[-123.92973759841887,45.709756474843886],[-123.92960910789223,45.70995634965598],[-123.92943778659114,45.71015622375332],[-123.92926646529001,45.710298991334625],[-123.92913797386505,45.710398929114575],[-123.92890954576302,45.71055597419473],[-123.92866684073618,45.710713018833665],[-123.92838130583324,45.71084150945958],[-123.92808149400548,45.71089861658842],[-123.92786734192994,45.710855786874546],[-123.92762463690312,45.71075584928424],[-123.92725344045131,45.71059880413835],[-123.92688224489781,45.71054169733051],[-123.9264824954947,45.71049886671584],[-123.92625406739266,45.71049886671584],[-123.92592570171529,45.71048458983699],[-123.92572582656457,45.71052742108984],[-123.92551167448904,45.71054169733051],[-123.92526897036053,45.71055597419473],[-123.9249977114841,45.71055597419473],[-123.92484066710779,45.71061308161532],[-123.92474073043076,45.71075584928424],[-123.92465506978021,45.710884339811685],[-123.92456940912963,45.7111555985734],[-123.92446947155429,45.711426856645836],[-123.92429815025322,45.71175522216441],[-123.92419821267785,45.711969374486515],[-123.92408399907598,45.712326293409006],[-123.92395550854931,45.71279742676035],[-123.92391267867319,45.71299730198831],[-123.92394123162451,45.71316862223683],[-123.92404116919988,45.713339944469155],[-123.92414110677522,45.713568372458965],[-123.92408399907598,45.7138396307387],[-123.92401261535025,45.71412516616328],[-123.92401261535025,45.71429648734497],[-123.92405544612468,45.71452491518844],[-123.92409827689912,45.71476762039555],[-123.92416965972654,45.71492466511754],[-123.9242553203771,45.715110263312546],[-123.92435525795244,45.715295860891146],[-123.92436953487726,45.71549573596464],[-123.92438381180206,45.71562422688504],[-123.92434098102763,45.71579554786172],[-123.924283875125,45.71610963610467],[-123.92411255292562,45.71642372571834],[-123.92388412482357,45.71673781419383],[-123.92379846417306,45.71696624272069],[-123.92369852659769,45.71712328753606],[-123.92361286684546,45.71729460830736],[-123.92357003607103,45.71748020615762],[-123.92362714377028,45.71773718861209],[-123.92368425057118,45.71800844672684],[-123.92378418724823,45.718236875077025],[-123.92391267957152,45.7183939194573],[-123.9240697230495,45.71860807080076],[-123.92422676832409,45.71873656146378],[-123.92431242807632,45.71883649858124],[-123.92448374937743,45.718907882933465],[-123.92471217837775,45.718907882933465],[-123.92498343725421,45.71880794594372],[-123.92519758843143,45.71877939141007],[-123.92546884640956,45.71870800814804],[-123.92593997953843,45.71852240998555],[-123.92622551533968,45.718408195570035],[-123.92658243486667,45.71827970477913],[-123.92689652361926,45.71827970477913],[-123.92708212184516,45.71835108921553],[-123.92723916622145,45.71850813264759],[-123.92739621059773,45.718622347486],[-123.92756753189882,45.71876511539212],[-123.92773885319991,45.71893643614711],[-123.92792445142582,45.719093481069955],[-123.92812432567823,45.719279078589906],[-123.92832419993064,45.71949322967681],[-123.92850979815654,45.71969310478932],[-123.9286240126567,45.719821595465916],[-123.92876678010819,45.72002147003096],[-123.9288096108826,45.7202784514599],[-123.92873822715687,45.72086379952415],[-123.92863829047984,45.721306379780835],[-123.92858118278059,45.72162046840591],[-123.92845269225391,45.72199166422886],[-123.92833847775375,45.722577011277366],[-123.92826709492634,45.72271977911295],[-123.92811004965175,45.72286254658374],[-123.92798155912509,45.72297676130108],[-123.92788162154972,45.72314808231218],[-123.92795300527544,45.723319404052155],[-123.92803866682434,45.723505001958685],[-123.92808149670043,45.72374770579005],[-123.92809577272693,45.723947580733885],[-123.92809577272693,45.72417600926141],[-123.9280672197756,45.724504374495645],[-123.92795300527544,45.72471852687678],[-123.92786734462489,45.724889847563524],[-123.92779596179749,45.725061168352],[-123.9276674703725,45.72528959797014],[-123.927653194346,45.72551802602713],[-123.92772457717344,45.72571789965398],[-123.92786734552321,45.72590349774459],[-123.92801011297469,45.7260890964728],[-123.92801011297469,45.726274694584305],[-123.92798156002337,45.72643173832094],[-123.92796728309858,45.72666016672438],[-123.92801011297469,45.72693142604309],[-123.9281671582493,45.727202684044606],[-123.92835275557687,45.727374005265126],[-123.92835275557687,45.727673817390816],[-123.92828137185116,45.7278308615836],[-123.92829564877596,45.728045013754254],[-123.9283813094265,45.72833054870464],[-123.92865256740465,45.72863036008581],[-123.92885244255537,45.72881595853293],[-123.92900948782996,45.72904438659258],[-123.92933785350735,45.72930136853238],[-123.92956628160935,45.72950124367181],[-123.92978043278657,45.729772501735106],[-123.92996603101248,45.72995810014956],[-123.93012307538876,45.73012942044369],[-123.93028012066335,45.73032929575525],[-123.93035150349077,45.73044351025613],[-123.93045144106614,45.730657661188786],[-123.93057993159282,45.7308289818454],[-123.93062276236725,45.73110024161217],[-123.93066559404,45.73149999021504],[-123.93069414699129,45.73168558853248],[-123.93065131621685,45.731771248604],[-123.93052282569019,45.731956846647044],[-123.93040861119003,45.732170998674654],[-123.93028012066335,45.73238514988106],[-123.93012307628707,45.73268496269865],[-123.93005169256132,45.732856283406925],[-123.93002313871173,45.7330276042167],[-123.92995175498598,45.73321320310088],[-123.92989464818504,45.73334169403361],[-123.92983754048582,45.733598675012146],[-123.9298089875345,45.733784273252546],[-123.92970904995916,45.73401270105758],[-123.92962339020691,45.734226853353185],[-123.92950917570676,45.73444100420062],[-123.92942351505621,45.73458377181199],[-123.92935213133045,45.734812200108884],[-123.92926646978158,45.73514056552025],[-123.92919508695417,45.73539754825321],[-123.92909514937882,45.735554592674504],[-123.92899521180347,45.735711636654194],[-123.92890955115291,45.73595434199868],[-123.92890955205122,45.73615421715511],[-123.92896665885216,45.73639692245702],[-123.92908087245401,45.73661107313359],[-123.929209363879,45.73673956377228],[-123.92952345263156,45.73685377833079],[-123.92999458665874,45.737010823045686],[-123.93020873783594,45.73715358973005],[-123.9303086754113,45.737253527132374],[-123.93038005913705,45.73753906265696],[-123.93042288991145,45.73776749077769],[-123.93042288991145,45.738053026181994],[-123.93047999581407,45.73833856200707],[-123.93063704108867,45.738566989992016],[-123.93082263931458,45.73869548177274],[-123.93115100499196,45.73879541766944],[-123.93132232539475,45.73893818543371],[-123.93145081681973,45.73913806056821],[-123.93150792451895,45.739452149246596],[-123.93155075529342,45.73979479187702],[-123.93165069107215,45.74003749702912],[-123.9317934594219,45.740337309515695],[-123.93193622687339,45.740551460754006],[-123.9321075490728,45.74077988846313],[-123.93232170025001,45.74103687094821],[-123.93246446770148,45.74117963862366],[-123.93256440527685,45.74139378976585],[-123.93267861977701,45.74163649486352],[-123.93280711030367,45.741836369742686],[-123.93297843160478,45.74193630628698],[-123.93313547598106,45.74202196756227],[-123.93343528780882,45.742221841688384],[-123.93357805615862,45.742435993848396],[-123.93369227065878,45.742635868999955],[-123.93383503811027,45.74279291249863],[-123.9340777431371,45.74296423354303],[-123.93436327893836,45.74307844790747],[-123.93464881473962,45.74319266266514],[-123.9349914564435,45.74330687593534],[-123.93524843839512,45.74336398310971],[-123.9355768040725,45.743463920681066],[-123.93574812537362,45.74352102832171],[-123.93597655347564,45.743635241547054],[-123.93616215080321,45.74374945641946],[-123.93633347300263,45.74386366980435],[-123.93654762417984,45.744020714237635],[-123.93673322240576,45.744220589357745],[-123.93689026678204,45.744377633413905],[-123.93694737358295,45.74452040069621],[-123.93699020435741,45.744691722708396],[-123.93671894548095,45.74486304356787],[-123.93641913365317,45.744977258435895],[-123.93614787567505,45.745091471816494],[-123.93597655347564,45.7452342397808],[-123.93581950999767,45.74536273000964],[-123.93560535792214,45.74547694510913],[-123.93539120674492,45.745748203309844],[-123.93527699224477,45.745876693609475],[-123.9351485017181,45.74599090828424],[-123.93493434964256,45.74616222954481],[-123.93477730526627,45.74630499727825],[-123.93453460023943,45.74653342526835],[-123.93430617213743,45.746690470340646],[-123.93410629698668,45.74684751497106],[-123.9337636543845,45.74703311305698],[-123.93346384345506,45.7470473887464],[-123.93324969137953,45.74706166631277],[-123.93289277185254,45.74707594324865],[-123.93256440617516,45.74707594324865],[-123.93233597807316,45.747133050328685],[-123.93212182599763,45.747147326619434],[-123.93173635441762,45.747204433626436],[-123.93166496979357,45.7472615412019],[-123.93157931004134,45.74734720182872],[-123.93145081861636,45.747518522687905],[-123.93132232719138,45.74763273713774],[-123.93106534613804,45.74777550487145],[-123.93083691803601,45.74787544206772],[-123.93057993518607,45.747889718168594],[-123.93033723105756,45.747918272866826],[-123.93008024910588,45.747946825669835],[-123.92982326715426,45.74797537971198],[-123.92966622277798,45.74801821043435],[-123.92946634762727,45.74806104049704],[-123.92919508964914,45.74807531655041],[-123.9287667863964,45.74824663830921],[-123.92826710031623,45.74851789684195],[-123.92811005504161,45.74863211112746],[-123.92802439439107,45.748717772158415],[-123.9279101798909,45.748831985408074],[-123.9278245201387,45.74887481547321],[-123.92766747486408,45.748989030282104],[-123.92743904676206,45.74904613728547],[-123.92715351096078,45.7491032448573],[-123.92683942310654,45.74911752127096],[-123.92652533435398,45.749146075341095],[-123.92631118227843,45.749160351117],[-123.92602564647719,45.74920318155698],[-123.92582577312308,45.74934594903494],[-123.9257115577246,45.749502993716554],[-123.92561162104755,45.74961720849376],[-123.92541174679518,45.749831359865844],[-123.92519759471962,45.75008834205751],[-123.9249977195689,45.75030249287565],[-123.92481212134301,45.75037387650807],[-123.92462652401541,45.750430983975086],[-123.9243980959134,45.75050236806996],[-123.92401262253678,45.7505737514467],[-123.92357004325753,45.7505737514467],[-123.92327023053144,45.7505737514467],[-123.9231131870535,45.75055947477867],[-123.92272771457519,45.75051664412577],[-123.92251356249966,45.75050236806996],[-123.92239934889781,45.75045953800008],[-123.9221994737471,45.750359600415706],[-123.92209953617173,45.75031677023626],[-123.92194249179545,45.7503024935025],[-123.92177117049435,45.75037387650807],[-123.92169978676863,45.75048809138362],[-123.92154274239232,45.75064513598583],[-123.92141425186567,45.75078790416334],[-123.92125720659108,45.75101633198632],[-123.9211144391396,45.75124476012809],[-123.92091456488717,45.75151601850739],[-123.92090028796238,45.751730169489086],[-123.92097167168811,45.751844384096465],[-123.9211001631131,45.75211564269554],[-123.9211144391396,45.752315517664805],[-123.9211001631131,45.752515392545114],[-123.92105733233866,45.752758097555656],[-123.92105733233866,45.75295797147771],[-123.92105733233866,45.753200677070765],[-123.9211144391396,45.75352904277686],[-123.92120009979014,45.75374319480952],[-123.9212429314629,45.75402872936584],[-123.92127148441419,45.75424288136144],[-123.921285761339,45.754471309459895],[-123.92131431518862,45.75472829159829],[-123.92131431518862,45.75481395204815],[-123.92138569801604,45.755113763527284],[-123.92145708264009,45.755270808275974],[-123.92157129714028,45.75544212925898],[-123.92165695779079,45.755556343791135],[-123.92178544831746,45.75571338854784],[-123.92192821666727,45.755898986611804],[-123.9219995994947,45.755998923052005],[-123.92217092169409,45.75615596781675],[-123.92228513529597,45.75622735211048],[-123.92234224209687,45.75629873505934],[-123.92235651992002,45.75644150319015],[-123.92232796517207,45.75656999394487],[-123.92227085926946,45.75666993106366],[-123.92214236784447,45.75684125213859],[-123.92205670719393,45.75694118939833],[-123.92188538589284,45.75709823464507],[-123.92161412791468,45.75721244892142],[-123.92132859211344,45.757269555031804],[-123.92092884271031,45.75736949277796],[-123.92058620100646,45.757412323185825],[-123.92002575288045,45.75759266154954],[-123.9199092009639,45.757669195888155],[-123.9198438081028,45.75771213574708],[-123.91975814745226,45.757812073327344],[-123.91969009827285,45.757967546123496],[-123.91964393474872,45.75816899206435],[-123.91960110397429,45.75828320665601],[-123.91955827230154,45.75845452716507],[-123.91955827230154,45.75861157191308],[-123.91951544332375,45.75876861621914],[-123.9195011655006,45.75889710788271],[-123.91950116639894,45.75903987563296],[-123.91948688947413,45.75915408906874],[-123.91940122882357,45.759282579844644],[-123.91932984509782,45.759411070951394],[-123.91927273829691,45.759511007995755],[-123.91925846137212,45.75962522234733],[-123.91925846137212,45.75971088280094],[-123.91925846137212,45.75982509737011],[-123.91928701432342,45.75999641815879],[-123.91931556907134,45.7601249088751],[-123.91931556907134,45.760339060664904],[-123.91931556907134,45.760510381755594],[-123.91925846137212,45.76069597953246],[-123.91912996994711,45.76085302423894],[-123.91898720339397,45.76096723772358],[-123.91875877439361,45.76105289925037],[-123.91864456079178,45.76113856001897],[-123.9185160702651,45.76122422065605],[-123.91838757704349,45.761309880534846],[-123.9181734258663,45.76138126512911],[-123.91793072173779,45.76148120177814],[-123.9177879542863,45.76149547878579],[-123.91763091080834,45.76152403279012],[-123.91751669630817,45.76153830916008],[-123.9174167587328,45.761552586153165],[-123.91735965103355,45.76165252374871],[-123.9174167587328,45.76178101441138],[-123.91750241938335,45.76190950477814],[-123.91753097323297,45.76206654982907],[-123.91757380310908,45.76220931761664],[-123.91758808093222,45.76242346829961],[-123.91755952618429,45.762651896752374],[-123.91745958860892,45.762837495552446],[-123.91745671938989,45.762842279089604],[-123.91712880736173,45.76299167777853],[-123.91696087001431,45.76317804439425],[-123.91714599842133,45.76338436719081],[-123.91748853053073,45.76364227086688],[-123.91773916318995,45.76382006419921],[-123.9177879551846,45.76387969846747],[-123.9179449995609,45.76407957391611],[-123.91801638328663,45.764208064629216],[-123.91810204483549,45.76440793952807],[-123.91824481138866,45.76469347466132],[-123.91828764306139,45.76487907293622],[-123.91830191908791,45.76505039324601],[-123.9183247066517,45.76518533324246],[-123.91831994827565,45.76532334231153],[-123.9183104288286,45.76539472553049],[-123.9182485636516,45.765470868783396],[-123.91817717992585,45.76557556511643],[-123.9181105554745,45.7656517081225],[-123.91804393012482,45.76576592181006],[-123.91797254550077,45.765889654189856],[-123.91787736809812,45.766008626842975],[-123.9177964658236,45.766094287522485],[-123.91772984137224,45.76614187694092],[-123.91764893999608,45.766175189258995],[-123.91752996711986,45.766246572641236],[-123.91747761869497,45.76630368015858],[-123.91739195714611,45.76642265318197],[-123.91733009196915,45.766536867797676],[-123.91726822589385,45.76664632278165],[-123.91723015439378,45.766803367658234],[-123.91720160144249,45.76691282274595],[-123.91720635981854,45.766993723922006],[-123.91724918969466,45.76705559066448],[-123.91735388654439,45.767146009091924],[-123.91746810014624,45.76720787629215],[-123.91765369837213,45.76725546476057],[-123.91781074454505,45.767250706040855],[-123.91798206404951,45.76724118860029],[-123.91816290479767,45.76726022410647],[-123.91839609127575,45.76730781253023],[-123.91861500172735,45.76733160735354],[-123.91878632213012,45.767369678924396],[-123.91900523258174,45.767426786545215],[-123.91920510773245,45.7674696167525],[-123.9192860091086,45.76748389222772],[-123.91936690958646,45.76750768697587],[-123.91943829421054,45.76755527706845],[-123.91944781275927,45.76760286649375],[-123.91946684895846,45.76765997262259],[-123.91942877656008,45.76773611529004],[-123.91935263535659,45.76778846448858],[-123.91929076838296,45.76781701777861],[-123.9192098661085,45.7678408123847],[-123.91905282352883,45.76787888298138],[-123.91889101808155,45.7679074374784],[-123.91873397460358,45.767964543295435],[-123.91849602885112,45.76803592814767],[-123.91830567135084,45.768088275811586],[-123.91812959077537,45.76814062405298],[-123.91792495814688,45.76824532101499],[-123.91771080607138,45.768402364523006],[-123.91759183319517,45.76848802591308],[-123.91748237796935,45.76860699866403],[-123.91729677974344,45.76873548960174],[-123.91709690459273,45.76884018544724],[-123.91689703034035,45.7689210875877],[-123.91656375896319,45.7690551979731],[-123.91648877029822,45.76909071864513],[-123.91617468154566,45.769162103309384],[-123.91588914664268,45.76927631670234],[-123.91561788776625,45.769376254247554],[-123.91543228864204,45.76946191476857],[-123.91531807504016,45.769561852607914],[-123.91518958361517,45.76966178964152],[-123.91507537001333,45.76980455741698],[-123.91497543423462,45.769990155605356],[-123.91486121883611,45.77013292316689],[-123.91477555908388,45.77019003046517],[-123.91457568393317,45.7702614137225],[-123.91441863865857,45.770332798141716],[-123.91424731825579,45.77048984203854],[-123.914233041331,45.77066116391484],[-123.91417593363174,45.770832484638234],[-123.91407599605638,45.77103235961258],[-123.91400461322897,45.771203680449],[-123.91396178335285,45.77127506491542],[-123.91387612270229,45.77150349346614],[-123.91381901500304,45.77167481410859],[-123.91371907652939,45.77178902862221],[-123.91363341767547,45.77187468919722],[-123.91357630997622,45.77200317949982],[-123.91356203305142,45.77223160820137],[-123.91359058690104,45.77241720583247],[-123.91354775702492,45.77261708076687],[-123.91341926559994,45.77278840174813],[-123.91329077507326,45.77295972345624],[-123.91313373069698,45.77308821439192],[-123.9129338564446,45.773216705031615],[-123.91271970436907,45.77334519537523],[-123.91260549076719,45.773473687302555],[-123.91253410614314,45.773673560956944],[-123.91253410614314,45.773901989082624],[-123.9124341685678,45.774158971955224],[-123.91234850791723,45.77438739997232],[-123.91222001739057,45.77455872052777],[-123.91210580199211,45.77473004243659],[-123.9120486969878,45.77491564052498],[-123.91194875941244,45.77507268404869],[-123.91180599196097,45.77520117575519],[-123.91159183898712,45.77535821972788],[-123.91137768870823,45.775515264511476],[-123.91119209048233,45.77562947930523],[-123.91096366148199,45.775743692612],[-123.91087800083143,45.775843630473226],[-123.91080661800399,45.77605778144538],[-123.91079280460988,45.776209722958846],[-123.91071677210256,45.77633073115761],[-123.91058262039297,45.776487045164885],[-123.9105509943051,45.77652087634339],[-123.91037374681805,45.77671048581929],[-123.910319018756,45.77677235118218],[-123.91025001466744,45.776841355209],[-123.91014055944164,45.77690798020251],[-123.9100239662026,45.77696746702751],[-123.9099644797645,45.7769912614891],[-123.90988159670482,45.77705591899332],[-123.90970778437546,45.77722421711491],[-123.90960711557143,45.77734577445741],[-123.90957881594503,45.77737124409448],[-123.90945032541836,45.777485458846066],[-123.90929328194042,45.77757111881645],[-123.90912195974101,45.77764250327759],[-123.9089649144664,45.7777852712993],[-123.90889353163898,45.7778994845763],[-123.90872221033787,45.778085082767],[-123.90857944288639,45.77817074306925],[-123.90833673875788,45.778342065158576],[-123.9081939704081,45.77847055559696],[-123.90806547988144,45.778670430764045],[-123.90806547988144,45.778870304588175],[-123.90806548077975,45.77905116376242],[-123.9081560965374,45.779274133659634],[-123.90817586127028,45.7793132283085],[-123.90830587623799,45.779581911886055],[-123.90836655294386,45.779678280575695],[-123.90849861337546,45.77972824913545],[-123.90860211905913,45.77970683404389],[-123.90881627023634,45.77971397240864],[-123.9088956247136,45.77972293138717],[-123.90903756122341,45.779738956678145],[-123.90918746758646,45.779824616945646],[-123.90933380404454,45.779874586000766],[-123.90939269669627,45.779917623418186],[-123.90951940227046,45.780010214993474],[-123.90972998444106,45.78023864284924],[-123.9098299220164,45.7803956876711],[-123.9099227206802,45.78053845553488],[-123.91003693428208,45.78069906925795],[-123.91016774246216,45.78080999751941],[-123.91042300324172,45.78115687315379],[-123.91082284067973,45.781754464763175],[-123.91085053035006,45.7821165979617],[-123.91074775230176,45.78236154728817],[-123.91069608300324,45.782635254868424],[-123.91086298369483,45.783053829333326],[-123.91105559955975,45.783281546214404],[-123.91132937192238,45.783627880873475],[-123.91157719285474,45.78405706313705],[-123.91170559085492,45.78434713654527],[-123.9117756720235,45.784695074551024],[-123.91150998719337,45.78475994864232],[-123.91150618103153,45.78476660963527],[-123.91132058370393,45.78488082364645],[-123.91106360354893,45.785009314050974],[-123.91073523607493,45.78516635859028],[-123.91053536182253,45.785223466155266],[-123.91024982602124,45.78525201928937],[-123.90993573726868,45.78538051134413],[-123.90973586211797,45.78546617171416],[-123.90957881774166,45.7855661090638],[-123.90949315709113,45.78573742972835],[-123.90946460503812,45.78595158091479],[-123.90937894348927,45.78609434833303],[-123.90929328194042,45.78620856338254],[-123.90910768461282,45.78635133076901],[-123.90893636331172,45.78642271401194],[-123.90876504290894,45.786536929015035],[-123.90860799763435,45.78670824982806],[-123.90846523018286,45.78687957136742],[-123.90839384735544,45.78697950806243],[-123.9083224627314,45.78715083002091],[-123.90829390978008,45.78736498078895],[-123.90827963285528,45.78759340920554],[-123.9083224627314,45.787950329081404],[-123.90830357295759,45.78799440636803],[-123.90827903637393,45.7880026906264],[-123.90800930014188,45.78803645280331],[-123.90775035716796,45.78804397596919],[-123.90727872188086,45.78800583018773],[-123.90688337422263,45.78800435186276],[-123.90663110932455,45.78802032090223],[-123.90635160032053,45.78809756894402],[-123.90615531124443,45.78822424913654],[-123.9058929924017,45.788383089916955],[-123.90566919960652,45.78856673641824],[-123.90553325845289,45.78877375519153],[-123.9053497820477,45.78901239939125],[-123.90530092088278,45.78922985037371],[-123.90541829565609,45.7893344595124],[-123.90565697712879,45.7894001061849],[-123.90553052847275,45.78945650158904],[-123.90532087785512,45.789566283668634],[-123.90518211778813,45.7897258566324],[-123.90509935779762,45.78989244530801],[-123.90507850789987,45.790061556567615],[-123.90508622802143,45.79011236206767],[-123.90508163673202,45.790120397336416],[-123.90495314620536,45.79024888881789],[-123.9048817624796,45.790291719037114],[-123.90469616515203,45.790405932376515],[-123.90458195065186,45.79047731731731],[-123.90446773525339,45.79062008504551],[-123.90436779947464,45.79074857537504],[-123.9042678627976,45.79081995987705],[-123.90416792342562,45.790962726727564],[-123.90402515687245,45.79113404834462],[-123.9039556712869,45.791218974533585],[-123.90387149914478,45.791474882921754],[-123.90374733580286,45.79177661074181],[-123.90366866045196,45.79201220985737],[-123.9036293079543,45.79218185774118],[-123.9034825528813,45.79241511130717],[-123.90338921612663,45.79255205082372],[-123.90333987256638,45.792690216409284],[-123.90328276486714,45.79286153710068],[-123.90319710511491,45.7930614120365],[-123.90313098192347,45.793160597301316],[-123.90305381484394,45.79320526925872],[-123.9029325144328,45.79334704976322],[-123.90289084877331,45.79347002257497],[-123.90288520376005,45.79348668278862],[-123.90286412479192,45.79350676723671],[-123.90276827634774,45.793598091066876],[-123.90239803660168,45.79370820572045],[-123.90214881339917,45.79377592357199],[-123.90189853467618,45.79393008541317],[-123.901743242913,45.79401756030885],[-123.90162359180874,45.79408496022984],[-123.90136922125963,45.794170108030826],[-123.90121887382377,45.79434297310598],[-123.90095953379453,45.7944873205729],[-123.90092709832456,45.7945319188119],[-123.90078433087308,45.794646133483496],[-123.90062728559847,45.7948174544256],[-123.900484518147,45.795003052040485],[-123.90015615246963,45.79521720395637],[-123.9000704936157,45.79528858774548],[-123.8999134483411,45.795374247921174],[-123.8997564030665,45.79547418567024],[-123.89954225278761,45.795517015631916],[-123.89939948623444,45.79553129269599],[-123.89922816403505,45.79555984618697],[-123.89901401195952,45.79558840028961],[-123.89887124450803,45.79558840028961],[-123.89861426165807,45.79555984618697],[-123.8984286643305,45.795517015631916],[-123.8982716208525,45.79550273981676],[-123.89801463800254,45.795459909844155],[-123.89782903977664,45.79544563276175],[-123.89752922705058,45.79543135567568],[-123.89705809482004,45.79537424854747],[-123.8967725599171,45.7954028027452],[-123.8966155146425,45.795459909844155],[-123.89651557706713,45.795545570382785],[-123.89635853269085,45.79561695375128],[-123.896244319089,45.79573116807799],[-123.89600161406217,45.79583110581335],[-123.89583029276105,45.79588821184701],[-123.8955590329863,45.79593104211676],[-123.89530205193296,45.79594531907481],[-123.89508790075577,45.795973873606265],[-123.89470242737914,45.79603098011995],[-123.8944168924762,45.79608808720149],[-123.89414563449805,45.79611664165974],[-123.89396003537381,45.796173747400836],[-123.8937030543205,45.79621657807746],[-123.89351745609459,45.796302239331936],[-123.89337468954142,45.796387899828424],[-123.89331758094387,45.796459283370524],[-123.89328902889089,45.79648783701228],[-123.89310342976665,45.796530667447485],[-123.89288927769115,45.79657349784977],[-123.89257518893857,45.79661632821916],[-123.89246097623503,45.79674481850342],[-123.89227537800912,45.79690186317362],[-123.8922611010843,45.79701607674576],[-123.8922611010843,45.797144568613504],[-123.89227537890743,45.79728733617285],[-123.89237531468616,45.797458657137035],[-123.89243242058876,45.7976299782008],[-123.89248952828801,45.798058281060925],[-123.89248952918634,45.798229602159985],[-123.89258946586338,45.79851513761592],[-123.89271795728837,45.798700735441265],[-123.89307487681536,45.79938602067519],[-123.8933033058157,45.799628725941766],[-123.89368877739568,45.79994281424091],[-123.89383154574548,45.80015696533515],[-123.8940314208962,45.800399671001124],[-123.89421701822377,45.800685205983136],[-123.89430267887433,45.80091363429291],[-123.8944026164497,45.80111350915684],[-123.89448827710024,45.80129910709484],[-123.89457393775079,45.80149898245469],[-123.89457393775079,45.801627472752564],[-123.89457317597942,45.80163127725627],[-123.89459631298786,45.80166176525569],[-123.89461645231822,45.80186857256264],[-123.89442300371508,45.802006899167715],[-123.89429896344232,45.80211556434489],[-123.89414119771887,45.802255623793194],[-123.89396682753568,45.802382336308774],[-123.89380693909321,45.80248650931673],[-123.89376286055885,45.802500750151616],[-123.89356253265723,45.80256547388631],[-123.89364982285171,45.802637608522694],[-123.89375065604742,45.8027093591784],[-123.89380665881886,45.802749210176465],[-123.89392549515114,45.802886796882476],[-123.89402740273194,45.80300551776333],[-123.89417024833682,45.80314794090416],[-123.89440743591118,45.80341483254561],[-123.89460355161243,45.80358889573433],[-123.89480606511513,45.80380425083432],[-123.89485937563568,45.80397005284058],[-123.89490296548652,45.804105618825254],[-123.89505286645966,45.80430037474116],[-123.89515574871255,45.80433523421165],[-123.89521828223609,45.80435642191568],[-123.8953532406328,45.80449907267944],[-123.89531909566887,45.80459309191704],[-123.89528524355569,45.804686307553894],[-123.89540338010039,45.80494558139295],[-123.89541780704384,45.80505577193946],[-123.8956375861663,45.80529551368326],[-123.8957245296111,45.80542849080883],[-123.8958172941389,45.805513145981585],[-123.89605052912601,45.80572599193537],[-123.8960774525334,45.80584688096123],[-123.8962110823218,45.806033810100544],[-123.89644932361996,45.80618453022486],[-123.89655965200822,45.806244936387756],[-123.89673427731293,45.80632283609469],[-123.89691927456592,45.80637554858539],[-123.89698740010212,45.80640346217664],[-123.89708946309145,45.80644528244119],[-123.89726673034141,45.80650098304721],[-123.89747818926772,45.80659993711864],[-123.89762376036118,45.80668121216785],[-123.89763357176071,45.80668668952994],[-123.89773565541131,45.806808167601474],[-123.89773105783367,45.80685110281915],[-123.89771783283607,45.806974594377415],[-123.89782764828628,45.807093082995586],[-123.89790020161851,45.80713791160384],[-123.89793024936647,45.80715647574305],[-123.89815224553104,45.807233002813135],[-123.89839675617158,45.80735588549296],[-123.89855246924463,45.80744815596896],[-123.89883843803386,45.807536654753775],[-123.89899546264719,45.807651009335295],[-123.89907501116058,45.807792494470014],[-123.89908111161967,45.8078261820397],[-123.89910439595182,45.80795478924369],[-123.89919265902175,45.80810984800145],[-123.89935461179276,45.80824064994265],[-123.89946013688918,45.80842009571981],[-123.89952937633633,45.80853937588321],[-123.89954225548256,45.80862308831504],[-123.89954225548256,45.80885151663956],[-123.89954225548256,45.80915132821576],[-123.89954225548256,45.80933692567564],[-123.89948514868162,45.80955107823071],[-123.89942804188071,45.80970812249706],[-123.89937844589386,45.80980731319654],[-123.89939468384095,45.809851593606],[-123.89937985355392,45.809934980339754],[-123.89932389210497,45.810058268446596],[-123.89933421644254,45.81016581212095],[-123.89940737254432,45.81026600511155],[-123.89940270310146,45.81045417298681],[-123.89935665546002,45.8105772132393],[-123.8993378411447,45.81062749285041],[-123.899337428818,45.81072322053605],[-123.89933731922352,45.81074870497873],[-123.89933676945456,45.81087639062714],[-123.89922965344178,45.81100392695908],[-123.89920323488758,45.81102195946068],[-123.89900542316708,45.81115697793613],[-123.8988575245387,45.81126357400639],[-123.8987512250945,45.811404911586656],[-123.8986882828375,45.81144610633384],[-123.89866255868102,45.81144342705765],[-123.89850022592266,45.811439832356605],[-123.89833443375211,45.81144463426598],[-123.89812636416939,45.81147001694308],[-123.89795575882557,45.81159386079847],[-123.89777756002267,45.81178981777191],[-123.89772540204062,45.81186203626362],[-123.89768984941664,45.811911260294785],[-123.89759310086055,45.81201360844677],[-123.89748217419432,45.81200120150073],[-123.89729853699069,45.811980659749565],[-123.89703457243432,45.81193023233872],[-123.8967815825958,45.81199838950972],[-123.89654748702264,45.81211853860317],[-123.8962436148098,45.81232919226274],[-123.89604665199724,45.812542280783205],[-123.89584758802525,45.81273328861169],[-123.89584457238082,45.812734796961095],[-123.89573035877898,45.8127776274296],[-123.89553048362826,45.81283473487843],[-123.8952592247518,45.812891842268705],[-123.89513073512344,45.81292039500267],[-123.89504507267628,45.81297750230512],[-123.89491658304792,45.813020332586966],[-123.89480236944608,45.81307743978693],[-123.89464532417146,45.813163100790156],[-123.8945311096713,45.81322020784368],[-123.89438834221981,45.81327731421256],[-123.89425985169315,45.81332014426388],[-123.89407425346727,45.81339152865304],[-123.8939224714219,45.81346741915579],[-123.89345830742302,45.81357391187684],[-123.89302058533454,45.81366122883124],[-123.89268337843812,45.81370969053655],[-123.89235390244305,45.81375516310552],[-123.89206253477896,45.813910139347485],[-123.89181064088508,45.8140639756271],[-123.8917114596912,45.81416960379512],[-123.89156510975835,45.814325467338186],[-123.8915006771963,45.814441249917245],[-123.89146501767279,45.814505331163346],[-123.89130936388857,45.814614904864285],[-123.89112754307843,45.814750123123545],[-123.89088008147215,45.81491212276352],[-123.89086264517249,45.81493421116793],[-123.8907549946621,45.815070586319386],[-123.89051265345296,45.81518543007257],[-123.89028022694961,45.81520044089859],[-123.88996059469342,45.8152788039188],[-123.88970741890364,45.81534418524017],[-123.8893944081294,45.81533387084188],[-123.88928003103418,45.815304615606614],[-123.88914876920485,45.815304615606614],[-123.88880612750097,45.81527606284284],[-123.88844920707567,45.815233232417455],[-123.88822077987197,45.81521895539298],[-123.88807801152217,45.8151761255498],[-123.88780076537435,45.81511334799836],[-123.88766398519424,45.815161848510684],[-123.88752121774276,45.81520467836486],[-123.88740576536415,45.8152728484333],[-123.88717857514058,45.81531889323523],[-123.88699297601634,45.81526178582929],[-123.88684593797402,45.81523935319831],[-123.88675027188783,45.815233232417455],[-123.88663046268006,45.81530410658568],[-123.88654206576119,45.8154183356525],[-123.88649207990551,45.815442496248714],[-123.8864905213285,45.81544535877998],[-123.88639195278562,45.8155173327353],[-123.8861084947876,45.815605702871025],[-123.88585502435042,45.81559918894047],[-123.88576592674559,45.81561024083378],[-123.88556452086564,45.81563522216161],[-123.88536676933226,45.81570176071896],[-123.8852216411082,45.81578144221938],[-123.88508683722172,45.81580810704354],[-123.88496567604946,45.81588996407351],[-123.8848657393724,45.815961347673046],[-123.88473724794743,45.816032731807184],[-123.88473203502384,45.816041419484506],[-123.88463868120122,45.81609605803192],[-123.88466125496598,45.81615938731506],[-123.88467185239138,45.8161891173052],[-123.8847732748819,45.81629956296808],[-123.88476676568935,45.81645736518242],[-123.88476668753592,45.81659009465251],[-123.88479591063044,45.816683266421855],[-123.88478842407083,45.816824505726636],[-123.88478423522669,45.81695458849294],[-123.88480489557992,45.81718628209394],[-123.88480759950892,45.81721660380801],[-123.88481180272612,45.81723117645636],[-123.88487720097714,45.8174579297789],[-123.88490415043566,45.817780675710594],[-123.88490785598621,45.81791053085706],[-123.88489923036283,45.81803244649048],[-123.8848761643213,45.81809018213433],[-123.8848165314578,45.81823945284098],[-123.88474441291015,45.818357669572485],[-123.88467807322473,45.81843977265526],[-123.88475813108286,45.81852318284243],[-123.88479146666471,45.81861900150951],[-123.88481226715514,45.81877048518357],[-123.8848814607882,45.81887079980194],[-123.88495842484848,45.81893726312215],[-123.88500230216022,45.81897515483588],[-123.88511411007374,45.819060415479875],[-123.88510763950875,45.81915185206337],[-123.88511679962969,45.81924007243808],[-123.88506938475238,45.81930780308293],[-123.88505228442261,45.819322142290815],[-123.88496010469805,45.819399440224146],[-123.88495347243632,45.81948811660063],[-123.88497003557355,45.81952422180581],[-123.88498977874684,45.81956725803287],[-123.88509418005086,45.81966102770983],[-123.88523394982421,45.819751011492386],[-123.88538902329678,45.8198322579609],[-123.88554210430601,45.81994674318415],[-123.88562688999748,45.820110205805776],[-123.88565767795724,45.82018334944831],[-123.88576517575402,45.820272931091175],[-123.88583656037807,45.8203728686278],[-123.88589366717899,45.82052991305528],[-123.88590794410379,45.820672680787496],[-123.88590794320548,45.8208868323255],[-123.88580800742676,45.82114381458632],[-123.88576517575402,45.82130085809132],[-123.8857366228027,45.82145790303144],[-123.88567951510346,45.82161494752858],[-123.88559889040839,45.82174932180506],[-123.88556356954973,45.82178494663165],[-123.88553272140287,45.82193238944944],[-123.88550510719104,45.82206755926477],[-123.8855020367494,45.82208259265059],[-123.88547761784504,45.82220496365926],[-123.88537121419625,45.82222306014461],[-123.88528183721537,45.822238262514965],[-123.88507913865972,45.8222883500514],[-123.8849389188304,45.82239194056703],[-123.88480145413405,45.82246020638237],[-123.88475152577055,45.822471553022055],[-123.88458020536777,45.822471553022055],[-123.88446599086761,45.82251438351415],[-123.88419473199117,45.82255721334732],[-123.88393775003952,45.82255721334732],[-123.88378070745988,45.82251438351415],[-123.88350944768509,45.82251438351415],[-123.88333812548568,45.82251438351415],[-123.8831668050829,45.82251438351415],[-123.88302403763143,45.82251438351415],[-123.88292410005606,45.822471553022055],[-123.88285271633033,45.822443000177],[-123.88272422490535,45.82237161549631],[-123.88261001220182,45.82232878552037],[-123.88248151898021,45.822285955511475],[-123.8822959216526,45.82227167904318],[-123.88215315330282,45.822285955511475],[-123.88201038674966,45.822285955511475],[-123.88179623467416,45.82221457188144],[-123.88165346722266,45.822157464661075],[-123.88156780657212,45.82211463452044],[-123.88141076219584,45.8220718043468],[-123.88132510154529,45.82202897414022],[-123.88111095036807,45.82200041981615],[-123.88093962816866,45.82198614390068],[-123.88065409326572,45.821957590180695],[-123.88048277196461,45.821957590180695],[-123.88029717373873,45.821871929558846],[-123.88017863385045,45.82179290158358],[-123.88003838347841,45.82178105773837],[-123.8797714113625,45.821784944127536],[-123.87963696320887,45.821810417874126],[-123.87942670982166,45.82180783174877],[-123.87916379898915,45.8217505932711],[-123.87903000391071,45.82157730489378],[-123.87896003323493,45.8214547158982],[-123.87885522050252,45.82135796619028],[-123.87872672997585,45.821215198337136],[-123.87846974802423,45.821001047436134],[-123.87826987287352,45.820886832951544],[-123.87801289092184,45.820758342002364],[-123.87777018589502,45.8206155744898],[-123.87764169536834,45.82052991430735],[-123.87742754329281,45.8204728066111],[-123.8771991151908,45.82041569948233],[-123.87698496401359,45.82035859229501],[-123.87678508886287,45.820287208698],[-123.87664232141142,45.82020154863641],[-123.87651383088473,45.82010161079228],[-123.8762711249596,45.819858905820126],[-123.87611407968498,45.819701861378206],[-123.87601414300796,45.819659030600604],[-123.8758999303044,45.81963047756529],[-123.87568577733057,45.81963047756529],[-123.87560011668003,45.81967330773879],[-123.87542879627725,45.81968758487336],[-123.87524319715301,45.81973041562904],[-123.87505759982541,45.81977324572566],[-123.87487200249784,45.8198160757894],[-123.87467212734713,45.81988745936436],[-123.87458646669657,45.81991601351997],[-123.87444370014343,45.819973120535224],[-123.8742295480679,45.819987396966816],[-123.87410105664291,45.82001595107122],[-123.8739011823905,45.8200302268658],[-123.87374413801422,45.8200587809482],[-123.87360136966444,45.820115888443084],[-123.87351570901389,45.82021582500948],[-123.873529986837,45.8203443165846],[-123.8735442628635,45.820487084166714],[-123.87343004926166,45.82071551266351],[-123.87327300308871,45.820801173186425],[-123.87308740665945,45.82085828054586],[-123.87287325368564,45.820915386594635],[-123.87270193328285,45.82104387843344],[-123.8726305495571,45.82117236872367],[-123.87257344275619,45.82130085934337],[-123.872459228256,45.8213865202178],[-123.87235928978234,45.82141507423072],[-123.87215941642823,45.82144362697686],[-123.87200237205195,45.821500734303385],[-123.87197866012171,45.821563966665195],[-123.87191315856445,45.82160917113964],[-123.87190149573715,45.82172615933265],[-123.87199876351947,45.82190914692163],[-123.87212789005333,45.8221085000967],[-123.87228811716068,45.82231128128731],[-123.87244699410016,45.82259619062036],[-123.87251391050397,45.82271345406569],[-123.87255916583136,45.82292841157536],[-123.87255916583136,45.82307117816538],[-123.87258772057929,45.82325677744041],[-123.87260138125981,45.82329434694829],[-123.87257587449565,45.82342202386491],[-123.872660300861,45.82359674006066],[-123.87279205227213,45.82373552916514],[-123.87293479457078,45.823956094861245],[-123.87306798598134,45.824224458691816],[-123.87306444033091,45.82447947117866],[-123.87308008000001,45.824850584600654],[-123.87309228001986,45.82499811507653],[-123.87307312973464,45.82506992644615],[-123.87301602293373,45.82519841683461],[-123.87295891613279,45.825326907552494],[-123.87288753240706,45.825498229300344],[-123.8728447016326,45.82568382736979],[-123.87283042470781,45.82582659503156],[-123.87283042470781,45.82595308866801],[-123.87289619935292,45.82624275057609],[-123.87290034417963,45.82652346265257],[-123.87274441640925,45.82670940534532],[-123.87262711080618,45.826816466790284],[-123.87254350639935,45.82683579744613],[-123.87224299208901,45.82690527344913],[-123.871915918189,45.827018361985836],[-123.87143899901143,45.82710551012988],[-123.87102943641213,45.827182080523315],[-123.87055893659554,45.827273361048235],[-123.87013238326098,45.82737634010856],[-123.86997695136063,45.827570905112324],[-123.86985980296276,45.82778597156253],[-123.86985933763543,45.82779673434657],[-123.86984931333518,45.82802822070787],[-123.86987508240743,45.82825646615634],[-123.86986396485746,45.82840573276772],[-123.86990368835933,45.82852490377504],[-123.86994651913376,45.82876760915222],[-123.86994651913376,45.82898176022409],[-123.86993881877514,45.82901255937223],[-123.86983447586162,45.829143332250204],[-123.86972070872248,45.82931077579318],[-123.86952081291051,45.8294850134395],[-123.8693353727881,45.829589707243294],[-123.86911629794479,45.829647841519716],[-123.86890313850768,45.829701485241074],[-123.86887844022723,45.83001758849315],[-123.86887876631569,45.83023360379522],[-123.86873414204653,45.83040193225627],[-123.8683239542198,45.83057356136485],[-123.86805744832952,45.83077130930417],[-123.8679027593359,45.83097881034304],[-123.8678884931909,45.8310738013828],[-123.86783355761798,45.83119465917452],[-123.86777645081708,45.83140881154909],[-123.86764795939209,45.831594409315116],[-123.8676387660335,45.83160026040418],[-123.86740597122086,45.83167569796233],[-123.86702678155966,45.83195444418244],[-123.86675045438837,45.83219567497834],[-123.86652813932184,45.83240943355954],[-123.86620912241163,45.83266052855397],[-123.8661369858977,45.832830721130925],[-123.86604896177964,45.83289359512467],[-123.8659775789522,45.83299353253846],[-123.86590619432815,45.83313630022933],[-123.86584908662893,45.833236237833106],[-123.86574914905356,45.83337900552727],[-123.86566348930133,45.83347894206936],[-123.86556355172596,45.83359315638181],[-123.86539223042487,45.83367881711877],[-123.86526373989821,45.833778754374286],[-123.86514952629634,45.83383586219096],[-123.86506386474747,45.83395007577091],[-123.86502103487138,45.83402145999992],[-123.86490682037119,45.83416422755737],[-123.8648354384421,45.834249888041235],[-123.8647212221453,45.834335548393234],[-123.86462128636657,45.834392655638595],[-123.86450707096806,45.83447831639673],[-123.86440713429103,45.834563976397135],[-123.86430719671569,45.83464963689153],[-123.86427864286605,45.83470674444046],[-123.86426436594122,45.8348066817277],[-123.86432147364049,45.83494944977427],[-123.86439285736621,45.83510649439021],[-123.86439285736621,45.835206431585455],[-123.86439285736621,45.835277815454695],[-123.86439285736621,45.83543485976987],[-123.86435002659181,45.83553479762719],[-123.86426436683955,45.83563473405327],[-123.86410732156497,45.835691841217134],[-123.86389317128605,45.83577750185309],[-123.86376468075942,45.83583460887045],[-123.86362191240961,45.83594882335529],[-123.86359335766168,45.83603448422154],[-123.86357908163518,45.83610586765442],[-123.86356480471036,45.83619152890479],[-123.86350769790944,45.836305742657075],[-123.8634363132854,45.83636284975822],[-123.86335065353317,45.83646278720068],[-123.86330782365702,45.836577001022036],[-123.86330782365702,45.83669121523484],[-123.8632792698074,45.83684825994232],[-123.86326499288262,45.83699102713219],[-123.86330782365702,45.83720517910782],[-123.86336492955965,45.83734794663369],[-123.86339348430758,45.837519267681905],[-123.86339348430758,45.83767631255584],[-123.86335065443146,45.83783335698656],[-123.86334609458308,45.837865271504945],[-123.8633539530452,45.83793555422691],[-123.86339730035093,45.838042323713076],[-123.86334833947298,45.83815605802435],[-123.863231079684,45.83822732358039],[-123.8632221639048,45.83824738313662],[-123.86319360915687,45.8383615970501],[-123.86317933223206,45.838518641424244],[-123.86319945988433,45.83857231226842],[-123.86325739852519,45.838607989538836],[-123.86339745665778,45.83867742456229],[-123.86362492086748,45.838761637419395],[-123.8637060531107,45.83888028495783],[-123.86365046625923,45.83902228091182],[-123.86363079135789,45.83907254047094],[-123.86354015044739,45.839213392537076],[-123.8635457164089,45.83930828190533],[-123.86354967438602,45.83932115714744],[-123.86358390558824,45.83943248127415],[-123.8635858297796,45.83957068016535],[-123.86341278820474,45.83957131663359],[-123.86315284899918,45.839565801827],[-123.86284824376104,45.83974734581826],[-123.86270989332583,45.83981949488048],[-123.8624688286227,45.83994520760453],[-123.8623923981617,45.83998506450236],[-123.8621807110633,45.84006457419377],[-123.86194838337464,45.840213802252975],[-123.86187451401052,45.84022898030958],[-123.86148418703641,45.84030918243612],[-123.86143829210855,45.840347901331754],[-123.86132515109516,45.84044334824767],[-123.86123652600416,45.84061870317153],[-123.86110080493776,45.84083428994721],[-123.86103552975597,45.84107131559386],[-123.86106637161463,45.84117412018206],[-123.86110920149072,45.841288334346096],[-123.86114456367189,45.8414297784499],[-123.86128308209206,45.84162403148798],[-123.8612849999952,45.841762230567994],[-123.86116298722004,45.84189533589445],[-123.86099337451462,45.8420600482495],[-123.86078081335548,45.84223030845313],[-123.86065136432639,45.84234202414094],[-123.86040855599332,45.842418101721975],[-123.8602564424696,45.84256502867689],[-123.86016138633951,45.84273624605083],[-123.85995271758048,45.842867511095776],[-123.85975622638344,45.84290437148723],[-123.85946355795882,45.842959275289815],[-123.85918093808897,45.84298896280808],[-123.85888687907229,45.843139950251874],[-123.85879950263953,45.84333686942848],[-123.85864337634148,45.84362648404641],[-123.85854062524265,45.84377199667193],[-123.85825020619949,45.8438796736046],[-123.85802023479181,45.8439640181368],[-123.8576580286794,45.84411263123561],[-123.8571915200776,45.844169174008385],[-123.85674478878512,45.844246752831886],[-123.85632588370689,45.84427168939573],[-123.85604390074256,45.84441800382825],[-123.85598496317509,45.84466824052178],[-123.8559844816781,45.84467028616974],[-123.85567466621134,45.84486923931255],[-123.85533618550384,45.8450233135721],[-123.85524104762706,45.84517109782985],[-123.85496146406288,45.845464233453086],[-123.85471927736394,45.84565693115611],[-123.85438905397058,45.845929910447666],[-123.854225968424,45.846206754311055],[-123.85407157497612,45.846526555238086],[-123.85387768260519,45.84676834485909],[-123.85384110051189,45.84681396375975],[-123.85373528975119,45.84669601458031],[-123.85362808300856,45.84644849401047],[-123.85358954079129,45.84623977286291],[-123.85353761277797,45.84595855261756],[-123.85348771944876,45.84573963663207],[-123.85339990643482,45.84540083237688],[-123.85314508852468,45.84516616804395],[-123.85296811682046,45.84499408457599],[-123.85294820835712,45.844865041650316],[-123.85279794087135,45.844726759540904],[-123.8526309242971,45.84461919688682],[-123.85240395685572,45.84454359101983],[-123.85220973390479,45.84439360111601],[-123.85209498580532,45.844228382532705],[-123.85201802443999,45.84407504511586],[-123.85189786219433,45.843922940689126],[-123.8518105746948,45.843804461600705],[-123.8517101879618,45.84367339526233],[-123.851444686388,45.84357296263362],[-123.8512014783046,45.843536701560915],[-123.85090764117182,45.84348028142498],[-123.85081567614458,45.84348437093091],[-123.8507871007354,45.84347268063789],[-123.85058722468638,45.84340129726877],[-123.85048728711101,45.843387019958136],[-123.85044673446413,45.8433599859872],[-123.85032021573954,45.84334156095176],[-123.85006442405562,45.8432285356194],[-123.8499008354525,45.843285048627166],[-123.84976996618697,45.84326720242042],[-123.84958258390692,45.84319284441544],[-123.84937438047517,45.84316607568456],[-123.84919592116084,45.843216639388345],[-123.8489668974758,45.8432701767886],[-123.84866946438692,45.8432701767886],[-123.84840170714342,45.84322081339503],[-123.84817445044455,45.84318714536022],[-123.84786036169196,45.84311576225053],[-123.84768904039088,45.84307293196526],[-123.84753199511628,45.84301582486694],[-123.84728929008944,45.8428873343072],[-123.84706086198743,45.842716012264866],[-123.84687526555814,45.84250186147324],[-123.84676388614103,45.842440753695385],[-123.8466889666463,45.84232697369784],[-123.8465372106521,45.842176020344034],[-123.84642661905748,45.841988405237466],[-123.8462784033238,45.84168200612958],[-123.84603648611947,45.841769841601675],[-123.84589174147607,45.841822394753166],[-123.84574540322133,45.84189377764494],[-123.8455812208318,45.84206153014658],[-123.84554882848097,45.84242231333637],[-123.84545959882381,45.84269595181647],[-123.84535608954687,45.842928828045],[-123.84550934842257,45.84323358948302],[-123.84573332716896,45.84345278817283],[-123.84592847987625,45.843792560486555],[-123.84599519685406,45.844116497918044],[-123.84593404763439,45.84436610080592],[-123.84576865341752,45.84460474967867],[-123.8455068061903,45.84482943660097],[-123.84528246991438,45.84501406472316],[-123.84507242313971,45.84517043639502],[-123.8448086247717,45.84536175718342],[-123.84470441031726,45.84549597839323],[-123.84453413735011,45.84557719792474],[-123.84428966623544,45.84567770452951],[-123.84414511023822,45.84577407530919],[-123.84412268828875,45.84589929524826],[-123.84413988743316,45.84605754733214],[-123.84419208044947,45.84620087722453],[-123.84410949473217,45.84635640141978],[-123.84409396914909,45.84656849805338],[-123.84409129576281,45.84674206092645],[-123.8439316408823,45.84685996996041],[-123.84369714016897,45.84707551878496],[-123.8436207124029,45.84733669400666],[-123.84346017627512,45.847522286832756],[-123.84336541569074,45.84760574855649],[-123.84329533631877,45.847702431367765],[-123.84314106144852,45.84779037247025],[-123.84301852405727,45.84794424716439],[-123.84281990834457,45.84809193355671],[-123.84272214289555,45.848192189079384],[-123.84255794703131,45.84838345379689],[-123.84227538555194,45.848458336108045],[-123.84190594171326,45.84854682853342],[-123.84160015429224,45.84863350996362],[-123.84119311236563,45.848683701396446],[-123.84087902271476,45.84876936205477],[-123.84072197833848,45.84882646950415],[-123.8405934878118,45.8489121299426],[-123.84046499728514,45.849012067371206],[-123.84035078278498,45.84911200462025],[-123.84025084610789,45.849211942315435],[-123.84010807865644,45.84931187983109],[-123.83997958633314,45.849368986097744],[-123.83976543515595,45.849383263124544],[-123.83952447735233,45.84932752469514],[-123.83930491562218,45.84938946775143],[-123.83922291740302,45.84951175369796],[-123.83918858648782,45.84971861232918],[-123.83909138787577,45.849760365648955],[-123.83879183476279,45.849885850051244],[-123.83841781849931,45.85003294499677],[-123.83806873946813,45.8501292012347],[-123.83777455109403,45.8502099716248],[-123.83725558626958,45.850400173210005],[-123.83678159020988,45.850525405260775],[-123.83632682169056,45.85059646350729],[-123.83632473400584,45.85059678887395],[-123.83593600154137,45.850666031235356],[-123.83573842697608,45.850763545918305],[-123.8356537266246,45.85083949372486],[-123.8355155549541,45.851042799073014],[-123.8352780296132,45.85113866375281],[-123.83501127129632,45.85119641261326],[-123.83479712101743,45.85126779724232],[-123.83459724586672,45.851367734818254],[-123.834397370716,45.851467672214625],[-123.83408328196344,45.851596162978346],[-123.83381202398529,45.85169610058995],[-123.83352648908235,45.851824591451646],[-123.8332837831572,45.85192452865276],[-123.83306963197995,45.85205301961242],[-123.83289830978057,45.85212440376773],[-123.83275554232908,45.85221006413262],[-123.83255566717837,45.85239566197151],[-123.83239862370041,45.852552706149886],[-123.83210479375411,45.85279806410992],[-123.83195828212455,45.852990186436074],[-123.83172761542083,45.85298100898774],[-123.83149603063892,45.852922539321135],[-123.83121627998807,45.85297781865405],[-123.83102810180065,45.853100122989645],[-123.83090041077462,45.85323463523668],[-123.8307279836474,45.85335370740093],[-123.83064258081333,45.85345214274193],[-123.83041415271131,45.8535520801469],[-123.83017144858277,45.85360918769106],[-123.83002868113132,45.85365201737226],[-123.82987163585672,45.85365201737226],[-123.8294353465811,45.85360480110998],[-123.82939916513641,45.85373671748387],[-123.82944333260397,45.853880446161035],[-123.82942905478085,45.8541088740116],[-123.8292720122012,45.85419453444824],[-123.82900075152813,45.8541659816097],[-123.82871521842178,45.85415170455923],[-123.8284011287709,45.85412315107302],[-123.82812517889205,45.854240694088794],[-123.82807276309353,45.85443723986649],[-123.82812987079278,45.854651391636104],[-123.82818697849201,45.85477988255235],[-123.82817270066887,45.854851265710266],[-123.82808703912004,45.85493692750606],[-123.82798710244298,45.85499403362817],[-123.82765374213263,45.85504496572783],[-123.82733902635597,45.85518477318185],[-123.82720024832267,45.85540314208924],[-123.82716169532564,45.85556297442722],[-123.82724385883476,45.855811286547706],[-123.82728166353522,45.85611934023954],[-123.82730181723858,45.8563074964163],[-123.82718760453506,45.856478817892146],[-123.82703614228994,45.856693951556835],[-123.82697022391442,45.85679653895827],[-123.82688951298107,45.85698541294753],[-123.82681640808325,45.85709271895383],[-123.82670219358307,45.85724976300667],[-123.82653542314722,45.857477230442754],[-123.82642422159651,45.85755278682324],[-123.82628816725516,45.85762095883692],[-123.82603335024334,45.85761677027011],[-123.82587988206019,45.85758212871485],[-123.82570028188543,45.857509236921125],[-123.82544970492178,45.857449495108575],[-123.82524574962305,45.85736893918728],[-123.82494548594269,45.85727718374859],[-123.82444820285592,45.85722442497537],[-123.8241752057394,45.85723548737355],[-123.82386510281174,45.85713510300499],[-123.82351847438461,45.85710699587485],[-123.82341853770758,45.85710699587485],[-123.82314727883112,45.85710699587485],[-123.8228760199547,45.85710699587485],[-123.82266186877746,45.85710699587485],[-123.82256193299875,45.85710699587485],[-123.82241916375064,45.85709271957948],[-123.82229067322396,45.85700705797631],[-123.82220501167512,45.856935675083115],[-123.82210507499805,45.85682146051161],[-123.82190063460907,45.85666155733998],[-123.82176243239587,45.85655020199745],[-123.82157683416996,45.85646454143544],[-123.82133175399754,45.85640472780324],[-123.82102269221727,45.85622966538733],[-123.8206560861566,45.85616205537186],[-123.82036163637274,45.85617038017032],[-123.82006352685245,45.856184378291736],[-123.81984118124323,45.85619901894402],[-123.81963519305698,45.856250391017284],[-123.81932110520275,45.856250391017284],[-123.81899273952537,45.856250391017284],[-123.81860726614873,45.85615045345616],[-123.8183931140732,45.85605051571547],[-123.81823607149356,45.85595057842073],[-123.81796481171877,45.855764980558135],[-123.81782204426732,45.855550829322915],[-123.81759361616527,45.85536523075175],[-123.8174508478155,45.85522246378682],[-123.81716531291255,45.855065419013805],[-123.81665454701167,45.854921678383384],[-123.81632298333187,45.85480843695266],[-123.81620876883171,45.85485126696155],[-123.81585185020302,45.855065419013805],[-123.81569480492843,45.85519390959905],[-123.81542354784861,45.85536523075175],[-123.81522367179956,45.855536552627974],[-123.81512373512253,45.855650766084686],[-123.81499524369755,45.85582208833256],[-123.81492385997181,45.85587919542266],[-123.81480964547166,45.85597913159432],[-123.81466687802015,45.85603623914881],[-123.81449555761739,45.85605051634107],[-123.81421002181612,45.85605051634107],[-123.81392448601486,45.85606479352972],[-123.81368178098803,45.856093346644656],[-123.8134247999347,45.856093346644656],[-123.81319637183266,45.856093346644656],[-123.8128965591066,45.856093346644656],[-123.81265385407978,45.85607906946335],[-123.81238259520332,45.85607906946335],[-123.8121684440261,45.856150454081806],[-123.81192573989759,45.856221837357374],[-123.81175441679986,45.85623611450199],[-123.8112547307197,45.85626466752896],[-123.81099774876805,45.85623611450199],[-123.81082642746695,45.8561361769152],[-123.81072648989161,45.856107623822254],[-123.81056944641364,45.85617900715276],[-123.81039812421423,45.85623611450199],[-123.81024108073626,45.85627894466258],[-123.81004120468721,45.85632177479022],[-123.80994126801018,45.856336051909175],[-123.8097985005587,45.8564074355721],[-123.8096129023328,45.85652165036834],[-123.80944158013338,45.856593033793025],[-123.80931308960672,45.85665014071706],[-123.80921315382798,45.856750078631414],[-123.80911321625264,45.856850015740555],[-123.80905610855339,45.85696422962777],[-123.80899899995585,45.85710699712614],[-123.80887050942918,45.85724976488355],[-123.80869918992471,45.85737825667799],[-123.80852786682698,45.85749247010586],[-123.8083422703977,45.857592407757636],[-123.80818522602142,45.857649514906576],[-123.80805673459643,45.85773517552004],[-123.80792824317145,45.85774945227611],[-123.80779975264478,45.85777800577729],[-123.80767126301643,45.85779228252236],[-123.80749613465517,45.857758765323695],[-123.80737595623982,45.857748224174934],[-123.80721440501578,45.85786366619282],[-123.80706008433145,45.85793813596754],[-123.80689353488111,45.85815463784815],[-123.80674327188692,45.85817775450528],[-123.80657195148414,45.85822058567284],[-123.80638635325822,45.85822058629847],[-123.80620549634041,45.858324230055025],[-123.80609346474637,45.85838586654873],[-123.80595341829188,45.858445506005324],[-123.80581528255401,45.85860605781467],[-123.80568679202734,45.858777379716194],[-123.80554313704037,45.85900288712151],[-123.80536206812015,45.85918064468694],[-123.8050838796396,45.859169072804626],[-123.80500150682298,45.85920568278612],[-123.8047279949718,45.859382289213265],[-123.80469941866428,45.85957803293672],[-123.80462709799569,45.85984462971601],[-123.80454836515261,45.860000012537796],[-123.80438817577453,45.860263511217504],[-123.80427339174247,45.86036210073596],[-123.80413062429098,45.860633359422586],[-123.80391647311379,45.860861787685714],[-123.80378016275256,45.86097083660781],[-123.8035468828497,45.86101959557139],[-123.8033739562592,45.861118769923934],[-123.80308842045791,45.861161600077224],[-123.80276906667947,45.86128653889407],[-123.80263156425389,45.86127581386651],[-123.80248879590408,45.86123298317566],[-123.80236030537742,45.861161600077224],[-123.8021604302267,45.86110449278177],[-123.8019748320008,45.861033109518374],[-123.80188917224858,45.86101883235421],[-123.80174640389878,45.860990278014896],[-123.8015893595225,45.860976002090936],[-123.80144659207104,45.860961724912116],[-123.80127526987162,45.86093317179467],[-123.80104684266789,45.86091889523045],[-123.80094690509254,45.86089034209101],[-123.80080413764105,45.860861787685714],[-123.80058998646386,45.860804680707915],[-123.80047577196368,45.86074757429706],[-123.80036155746352,45.86071901981844],[-123.80006174653407,45.86057625221017],[-123.79980476278581,45.86044776154973],[-123.7997519894578,45.86032145267021],[-123.79964928327475,45.860199019077804],[-123.79953925761876,45.86008793169381],[-123.7994640883924,45.85995915525701],[-123.79917911224156,45.859786145369725],[-123.79909312460424,45.85967716731963],[-123.79899102029243,45.859426612773994],[-123.79887128025496,45.85928516375553],[-123.79875405999184,45.859048958939134],[-123.79871756683174,45.85889960122861],[-123.79870368965722,45.85879695264331],[-123.79848482681635,45.85880309928926],[-123.7981772113237,45.85892014818979],[-123.7979916139961,45.85906291629686],[-123.7979202302704,45.85914857660977],[-123.79780601577022,45.85919140702952],[-123.79769180127003,45.85919140702952],[-123.79749192791597,45.85919140702952],[-123.79723494506601,45.85916285237731],[-123.79710645453935,45.85913429958731],[-123.79693513413656,45.85909146912352],[-123.79676597957193,45.85906301013834],[-123.7966184061337,45.858991960832434],[-123.7964474387688,45.8589299233681],[-123.79624893534555,45.858874227663584],[-123.79602943380247,45.85886924841758],[-123.79586324547492,45.85882100057057],[-123.7955932756809,45.858770094451444],[-123.79547212259348,45.858673239440954],[-123.7952836569452,45.858653464396745],[-123.79495831409875,45.858679301017006],[-123.7948241354397,45.858702558844776],[-123.79464618457179,45.85872704536799],[-123.7943619109035,45.85877400828723],[-123.7941368856198,45.85884876462441],[-123.79382775287263,45.858911522883865],[-123.79375141314149,45.8590343622043],[-123.79365147556612,45.859205684037306],[-123.79353726106594,45.85931989809091],[-123.79332729064808,45.859635693582256],[-123.79315047794563,45.85981888122142],[-123.79296823852057,45.85990753636988],[-123.79277279475917,45.86004390394292],[-123.79263242221623,45.86016758782056],[-123.79246563022082,45.860317074751336],[-123.79226663002916,45.86046203948613],[-123.79209543179726,45.86060315206985],[-123.79199454380435,45.86078977914586],[-123.79178431736662,45.86108529476799],[-123.7916420350054,45.861245233388466],[-123.79149568417425,45.861518520283155],[-123.7912387022226,45.86178977833249],[-123.7910388279702,45.86197537610456],[-123.79084087701082,45.862286934517684],[-123.79068044868085,45.86247801376404],[-123.79052574351758,45.862629944214],[-123.79048802775037,45.86267958377512],[-123.79034414638795,45.86286895762735],[-123.79021093611279,45.8630422043945],[-123.79013939248694,45.86320317832285],[-123.79011083863729,45.86330311634512],[-123.79003683452586,45.863417824307184],[-123.7899889462364,45.863625243011185],[-123.79001090196027,45.863845633724054],[-123.78983936865676,45.86407500651178],[-123.7897069408142,45.86419846310432],[-123.78965398243325,45.86428821286479],[-123.78956832178272,45.86441670340745],[-123.78945466783128,45.86452578414092],[-123.78947374804793,45.864769996445894],[-123.78949693895528,45.86503060503156],[-123.78955404485791,45.86515909636044],[-123.78961115255713,45.865358970197605],[-123.78961115255713,45.86555884519273],[-123.78966825935807,45.865830103546024],[-123.78972536615898,45.86598714856778],[-123.7897681960351,45.866115638936826],[-123.78991080538309,45.86622289416989],[-123.7901251092739,45.86641461544077],[-123.7903338642712,45.8667875046788],[-123.79048162905059,45.867000581779934],[-123.79051254906268,45.867261488914295],[-123.79054409789546,45.867463897286676],[-123.79045466162577,45.867613438410125],[-123.79031918669779,45.86771247777434],[-123.79027940480542,45.86785283385246],[-123.79034044802393,45.86798463510935],[-123.79039837408837,45.868189249514344],[-123.79038327790005,45.86842721445008],[-123.7904974915019,45.86862708904663],[-123.7906461087825,45.86876879452228],[-123.79075018309975,45.868915145217905],[-123.79099717937868,45.86906966827598],[-123.79116850067979,45.86916960576002],[-123.79141120570661,45.86925526613886],[-123.79150553509966,45.86929099566261],[-123.79154741365988,45.86930241719597],[-123.79159690634046,45.869317645486404],[-123.79162926725027,45.869329067014235],[-123.79167685640076,45.869346199301624],[-123.79177203470172,45.86938617461832],[-123.79184056268318,45.869407113015974],[-123.79191099509305,45.86942995603254],[-123.79198713719484,45.86943947353635],[-123.79206328109325,45.86944328091272],[-123.79215084437557,45.86945660578971],[-123.792226988274,45.86946993066349],[-123.79232216657499,45.869490870280565],[-123.79239640604501,45.86950038777395],[-123.79249539140616,45.869509905891206],[-123.7925486911469,45.869530845493216],[-123.79257914942495,45.869542266351736],[-123.79261912355678,45.8695651099383],[-123.79266480917718,45.86958604826851],[-123.79272191597809,45.8695974703667],[-123.79277521661719,45.86960318047669],[-123.79282661192953,45.869606987841834],[-123.79270907635775,45.86966253205942],[-123.79254761586353,45.86972469953428],[-123.79230203263452,45.869758886924664],[-123.79196764285483,45.86975915776163],[-123.7917322842504,45.86974451630143],[-123.79147488548048,45.86964857861359],[-123.79100746149543,45.86960099876316],[-123.79075598891141,45.869683889431464],[-123.79041865355593,45.86970850810068],[-123.7902030623793,45.869659937524375],[-123.78996822659438,45.86965438003997],[-123.78955717907992,45.86968106033857],[-123.78917647755408,45.86963104485423],[-123.78880270832731,45.86955049469763],[-123.78830217064424,45.86960698096146],[-123.78791818308112,45.86965110121773],[-123.7874351553596,45.86963428239526],[-123.78708012139637,45.86957747278008],[-123.78666889511717,45.8695252698566],[-123.78617060501895,45.86946943214576],[-123.78574741407851,45.86943576373668],[-123.78547061169843,45.86953148662258],[-123.7852448039821,45.869683425317604],[-123.78502106957743,45.86972002024423],[-123.78482248620408,45.86981658767604],[-123.78460048105636,45.869731780704875],[-123.78419167933014,45.86957028337981],[-123.78390498649875,45.86956919752631],[-123.78335362752684,45.86949662856444],[-123.78253716762973,45.86932571436448],[-123.7822397866431,45.86928820595585],[-123.78183975966057,45.8690711037922],[-123.78173138870135,45.86899072045769],[-123.7815406808581,45.86884926387121],[-123.78117890054708,45.868603283051726],[-123.78127343206108,45.868359431614664],[-123.78121412169276,45.868157823399834],[-123.78134437291737,45.86808137319243],[-123.7814515563038,45.8679812973907],[-123.78110312855117,45.86796372557484],[-123.78076736165417,45.86793973164283],[-123.78065761627253,45.86797665923751],[-123.78064743117385,45.867961212276775],[-123.78016673368217,45.8680140590671],[-123.77986216168173,45.86799978307015],[-123.77957586141413,45.86804389897259],[-123.77928161734454,45.868049476008785],[-123.77896565380796,45.8680055308748],[-123.77864984029004,45.86803017593326],[-123.77834519013616,45.86798591427623],[-123.77813522510817,45.8678903363491],[-123.77806091646787,45.86770364491113],[-123.77799782958209,45.86760431028873],[-123.7778936232125,45.86727667585424],[-123.77778958303124,45.86705204333129],[-123.77762831208156,45.8668138385629],[-123.77729932746493,45.866680428809495],[-123.77716413999784,45.86665938930077],[-123.77690147799866,45.86670973148039],[-123.77655635784289,45.86667385204819],[-123.77627905060965,45.86660877497222],[-123.77545422829553,45.866537730304735],[-123.77504613983164,45.86661585341215],[-123.7747875525906,45.86665036673638],[-123.77461152771066,45.866609767054804],[-123.77454150672921,45.86645828347313],[-123.77451738247224,45.86640609263283],[-123.77440085750517,45.86626675251366],[-123.77425536905672,45.86615248955202],[-123.77396037758875,45.86608183275607],[-123.77361056912557,45.86611585349378],[-123.77330222599755,45.86603949931192],[-123.77287075528511,45.86593623775023],[-123.77271302908753,45.865885754750714],[-123.77258810756749,45.865820320197884],[-123.77249887701198,45.86576083377583],[-123.77242154464244,45.86571324434214],[-123.77229067447861,45.865671603710624],[-123.7720943683345,45.865618065978055],[-123.77202893415088,45.86559427120522],[-123.77193970359541,45.86555263048458],[-123.77185642258205,45.865505040872655],[-123.77166011733627,45.86543365762946],[-123.77153519581624,45.865397965035186],[-123.77145191390454,45.865356325418595],[-123.77136268424736,45.86530873563858],[-123.77128535187785,45.86524924929463],[-123.7712258654397,45.8652076089411],[-123.77114258352805,45.86516001903381],[-123.77105335476917,45.8651124309624],[-123.77095817556989,45.86506484097363],[-123.77087489545484,45.86502914939366],[-123.77073807574888,45.86495181599454],[-123.77062505151645,45.86491612434195],[-123.7705179750295,45.86486853606176],[-123.77044064355829,45.864844740968095],[-123.77036331118875,45.86482094648976],[-123.77029787520851,45.86480310031156],[-123.77022054283894,45.86478525475315],[-123.77015510775702,45.86477930581541],[-123.77007777538746,45.864797151375676],[-123.76998259708651,45.86480310031156],[-123.76988741788719,45.86480310031156],[-123.76977439365477,45.86480310031156],[-123.76967326670999,45.864814997555825],[-123.76958998569663,45.864838792036664],[-123.76947696146419,45.86488043266646],[-123.7693698858756,45.86493991940507],[-123.76926875893082,45.86499940608006],[-123.76918547701915,45.86504699549929],[-123.7690605554991,45.86510648205966],[-123.76888804482856,45.865165968556376],[-123.76878134743069,45.8651876516864],[-123.7681723157192,45.86523409745663],[-123.76753750774895,45.86531716728599],[-123.76716103369482,45.86525903524549],[-123.76687158123895,45.865214339133324],[-123.76663902986976,45.86517226525362],[-123.76629288832953,45.86511818219336],[-123.76605531268298,45.865064112216835],[-123.76551840401069,45.86501532990197],[-123.76534460515605,45.86519608835649],[-123.76523267776659,45.865335753937664],[-123.76512058598544,45.86538373027747],[-123.76489161979256,45.865481728340924],[-123.76473013414552,45.86552176586287],[-123.7643540176209,45.86561501586395],[-123.76379068230959,45.86557169621858],[-123.76324508692852,45.865576597923365],[-123.76300432226272,45.86557409077276],[-123.76291390233779,45.865578849229415],[-123.76281396655905,45.86558360893675],[-123.762709268811,45.86558360893675],[-123.76255698370912,45.865578849229415],[-123.76242373390805,45.8655693316901],[-123.76222385965566,45.86556457323258],[-123.7620477799785,45.86556457323258],[-123.76184790482776,45.86555505443979],[-123.76168134100443,45.86551698363089],[-123.7615290559025,45.865497948529466],[-123.76131014634926,45.86539801069948],[-123.76110551282247,45.865255243221],[-123.76102936982237,45.86517910054103],[-123.76092467297262,45.86507916276339],[-123.76083425394602,45.86498874307195],[-123.76078485289361,45.86495110475145],[-123.76058649230248,45.86473064335546],[-123.76043046841232,45.864583285145],[-123.76033986702771,45.86465604005347],[-123.760243082539,45.864829668464],[-123.76010400087515,45.86496693413017],[-123.75989113518709,45.865270438841094],[-123.75974376027655,45.86540387762549],[-123.75970120618322,45.86550455983443],[-123.75970109479213,45.86550544434424],[-123.75970101124881,45.86550610803938],[-123.75966832514887,45.865766378513314],[-123.75963648795688,45.865913527787434],[-123.75945517649151,45.866218260248715],[-123.75926623563446,45.86640856346537],[-123.75909701818773,45.86671663726292],[-123.75902290358353,45.86686431446436],[-123.75879114902001,45.86698906219239],[-123.75852694641013,45.86715414748699],[-123.75824481612207,45.86746231848594],[-123.75798148487802,45.8675550854623],[-123.75781481505346,45.867613798705975],[-123.7574565938676,45.86780576038021],[-123.75715717909522,45.86796271787868],[-123.75699889684047,45.86813907631071],[-123.75676240995203,45.86842873004748],[-123.7564865328367,45.86840916238756],[-123.75617812682661,45.868387286607614],[-123.75572251029767,45.86839384690302],[-123.75537873312328,45.86845703224113],[-123.75499245485616,45.86853846406541],[-123.75461040855234,45.86841106767482],[-123.75410242293728,45.86846604325326],[-123.75381556212096,45.86846185362696],[-123.75340664720699,45.86837306575096],[-123.7529277113116,45.868198235549606],[-123.75256036414075,45.868009007455065],[-123.75216319020757,45.867871686123934],[-123.75180407968958,45.867641066090066],[-123.75160012528917,45.86745531333914],[-123.75152546630592,45.86728748792211],[-123.75106959824866,45.867136282666735],[-123.75072123517475,45.86718640047884],[-123.75047546150292,45.8673802576923],[-123.7500911999536,45.867572916370236],[-123.74971239207638,45.86763193734768],[-123.74944850297852,45.86780306129807],[-123.74935122172147,45.86807879171924],[-123.749159612868,45.868151757853056],[-123.74893887793806,45.86823581725254],[-123.74898966958254,45.86842627869537],[-123.74902159930099,45.868546007008455],[-123.74864393857241,45.86870207295375],[-123.74818355019265,45.86885435731538],[-123.74787621048283,45.86887195637167],[-123.74765491141089,45.869060876285815],[-123.7475199602007,45.86917608152115],[-123.74738292220414,45.86945047595891],[-123.74704739875055,45.86965027619543],[-123.74676688273509,45.86975814384312],[-123.74659493800318,45.86986604380687],[-123.74663382068194,45.87009250138416],[-123.7466725784949,45.8702400833001],[-123.74672707838486,45.87051048379273],[-123.74676318167612,45.870689609391704],[-123.74672977153409,45.870866490827304],[-123.74664908305863,45.871205467701124],[-123.74652684121307,45.87142424279351],[-123.74632723465862,45.87165729083501],[-123.74613874745079,45.87185665969826],[-123.74581029912841,45.87203865871798],[-123.74549583937161,45.87231431684019],[-123.74509014222299,45.87258946071987],[-123.74487370124011,45.87264489187648],[-123.74469319197031,45.87283005686983],[-123.74462284759535,45.873157544112956],[-123.74467444053704,45.87330173921144],[-123.74497092590333,45.87347557578553],[-123.74506850450274,45.873588161882566],[-123.74477319143791,45.87374193892794],[-123.74457474730346,45.873765622636625],[-123.74444485450663,45.8738141308333],[-123.74429403365863,45.873870454526845],[-123.74404938198258,45.87399856078956],[-123.74398260302101,45.874096356658505],[-123.74366814236589,45.874245719200246],[-123.74358342045481,45.87436030826497],[-123.74347718568933,45.87447852274834],[-123.74325445200789,45.874763776674214],[-123.74302953901356,45.87493380792937],[-123.74279600309083,45.87502823296005],[-123.74255950182935,45.87514700890856],[-123.74225511398355,45.87530988223007],[-123.7417988641423,45.87544407056537],[-123.7416887441632,45.875596259527704],[-123.74165192581297,45.87564714336024],[-123.74165783493092,45.875945495711846],[-123.74154743018585,45.8760668570563],[-123.74144070044865,45.876090153891106],[-123.74116558869791,45.876150202141346],[-123.74087026754827,45.87629497924219],[-123.74048030439188,45.876320792653985],[-123.74022444713096,45.87632784984383],[-123.73982634074649,45.87635399721213],[-123.73943199830306,45.876446782495236],[-123.73912136357276,45.876406807253524],[-123.73879304101452,45.876361251403495],[-123.73851304692026,45.87640234116704],[-123.73831472585498,45.87652340756954],[-123.73817552830845,45.87680906376956],[-123.73812536817958,45.87707438026354],[-123.73788365579115,45.87717812208358],[-123.73759241838279,45.87717401316591],[-123.73737732487284,45.87725371798333],[-123.73725632629565,45.87729855576256],[-123.73721055174204,45.87750425660061],[-123.73718704283104,45.87760990571698],[-123.73692809087397,45.87779299660464],[-123.73677045001637,45.87781736840173],[-123.7366654342647,45.87783360375255],[-123.73654491269289,45.8780068120111],[-123.73647803042506,45.8781300037635],[-123.73629942019375,45.878274475517266],[-123.7360466809852,45.878490764369545],[-123.73576627007265,45.8786016342423],[-123.73546109799757,45.87865857784755],[-123.735239116206,45.878804242717486],[-123.73498824010336,45.879164609957364],[-123.73493064102567,45.879495323729486],[-123.73484867334925,45.87981308711731],[-123.73465909378999,45.879994262103075],[-123.73445760436674,45.880265147954255],[-123.73444176527165,45.88029734643513],[-123.73431306903078,45.88055895910414],[-123.73417040219061,45.880677917720114],[-123.73398949047554,45.880828765323855],[-123.73382900285677,45.88106374569528],[-123.73403401457428,45.881309900873774],[-123.73397047673421,45.88156951576367],[-123.73361960825896,45.881894678972415],[-123.73327822239987,45.882080029517056],[-123.73293437785182,45.882298816830904],[-123.73284398936795,45.88250028745222],[-123.73279932603033,45.88259983683483],[-123.73221429101504,45.88292855970959],[-123.73175209252999,45.88313224112203],[-123.73139266131344,45.88330594751557],[-123.73114029041417,45.883452438151245],[-123.73101930082014,45.883633237950995],[-123.73090508542164,45.883904497517065],[-123.73071250189608,45.88415411943173],[-123.73035335275054,45.88444182748731],[-123.73008263376155,45.88472533689808],[-123.7302333144724,45.884851759163475],[-123.73027869556391,45.8848898336125],[-123.73037575403877,45.88499334510581],[-123.73055982782365,45.88517637477013],[-123.73066064305304,45.8853465242391],[-123.73064315195614,45.88557087521774],[-123.73063291116189,45.88570222988089],[-123.73067573744477,45.885922513047944],[-123.73073545115663,45.88622905986547],[-123.73076743567235,45.88639324948089],[-123.73067775146764,45.886574703778656],[-123.73036838875176,45.88678632686308],[-123.73020182492843,45.886916988950254],[-123.73003957391676,45.887044268509776],[-123.72944165706025,45.8873033988895],[-123.72893550580501,45.88757213812812],[-123.72875560828787,45.88792595616483],[-123.72853172386458,45.88819300475531],[-123.7283312046218,45.88833503113301],[-123.72813850431527,45.88846167153457],[-123.72766440405104,45.88875986253813],[-123.72764564273632,45.888966668946146],[-123.72770098704265,45.88933222503376],[-123.7277942474405,45.88959966265686],[-123.72788819145629,45.88987921534086],[-123.72790357690215,45.890013742397564],[-123.72792243253998,45.89017860923714],[-123.72798991308579,45.89037394564293],[-123.72831643092864,45.89038621256794],[-123.72853275692717,45.89039629796784],[-123.72872587584861,45.89040530104588],[-123.72905625015899,45.89056307570275],[-123.72928907731094,45.890762969476896],[-123.72942493941285,45.89093822389141],[-123.72952766985041,45.89129640909617],[-123.72955266457488,45.89166279893075],[-123.72962202978617,45.89189145293862],[-123.72974430217444,45.892133821845434],[-123.72996231790401,45.89222490826912],[-123.73054112040788,45.89224236862469],[-123.73089056774835,45.89242995174476],[-123.73090878558229,45.89252537179988],[-123.7309522200246,45.89275286120316],[-123.73104126642545,45.8930992873201],[-123.7312274557428,45.89347337988318],[-123.73140807730204,45.89367167074673],[-123.73150471087379,45.89396961745465],[-123.73135172508594,45.89421321646695],[-123.73113571798937,45.89438904144168],[-123.73090361577782,45.894719101899014],[-123.73050217035545,45.8950192624659],[-123.73019416768894,45.8954130065384],[-123.72998761356409,45.8956795802428],[-123.72964490089329,45.89607427492886],[-123.72931967572616,45.89631680563632],[-123.72901928268838,45.89653741681976],[-123.72906525397308,45.89673637631993],[-123.7290834511458,45.89690129072351],[-123.7289927760993,45.89704172437513],[-123.72866240628053,45.89722069693036],[-123.72844901058647,45.897366108698066],[-123.72825460258258,45.89761717616798],[-123.72816159640796,45.8977905578134],[-123.72806641810696,45.89796187835044],[-123.72796648053159,45.89812368139331],[-123.72784750765538,45.898199824574085],[-123.72777612303133,45.898290243996776],[-123.72775232845609,45.89839969961424],[-123.72772853477916,45.89846632425936],[-123.72744775735396,45.89847108302557],[-123.72726216002637,45.89849487747559],[-123.7271336686014,45.89855198511437],[-123.72705276722522,45.89860909206925],[-123.72718601702626,45.898661440215896],[-123.72749058812839,45.89871378768805],[-123.72771048672679,45.898833454496696],[-123.72790937373068,45.898961252514525],[-123.72810924798308,45.89903263582906],[-123.72817349279727,45.899118296435596],[-123.72838764577112,45.89932530996015],[-123.72856610508546,45.899553737996804],[-123.72886527192283,45.899751648312176],[-123.7291171532403,45.89989300560391],[-123.72929081734765,45.900121827648725],[-123.72913241651528,45.90018429487533],[-123.72890874768764,45.90027471481733],[-123.72859941731113,45.9003223034117],[-123.72839954216039,45.900369893215554],[-123.72827581090813,45.90049362551445],[-123.72820918645677,45.90055549093537],[-123.72809497195661,45.90060783912244],[-123.7280140696821,45.90066018726016],[-123.72793316830592,45.90081723200228],[-123.7279236506555,45.9009504816624],[-123.72790076876859,45.90107000987117],[-123.72781807166017,45.901205863864405],[-123.72756536928253,45.90142515972302],[-123.72735883492061,45.90144185264848],[-123.72718849637643,45.90143192553767],[-123.72703085731543,45.90139325979919],[-123.72684942278087,45.90137243910178],[-123.72655199059031,45.901298080654726],[-123.72637947991977,45.901253466663896],[-123.7261088148297,45.90117018486805],[-123.72588276726319,45.90115828853007],[-123.72569538408482,45.90115828853007],[-123.72555261573504,45.9011850568497],[-123.72536443395437,45.901240064393264],[-123.7251015078505,45.901268299864924],[-123.72442479976043,45.901365740794304],[-123.72389816871332,45.90165928343609],[-123.72374328388698,45.901918359382016],[-123.72371532382377,45.90229782798256],[-123.72370386401569,45.902453363425124],[-123.72367462475151,45.90270595943691],[-123.72355326594987,45.902991822951826],[-123.72347296734327,45.90303746761044],[-123.72336946076128,45.90309457495287],[-123.72323383222137,45.90318737433719],[-123.72324097023461,45.90330158740472],[-123.72327309309087,45.903372972015376],[-123.72322679661607,45.90347362106612],[-123.72292676110781,45.90362443052176],[-123.72250416395374,45.90379805032781],[-123.72202936210526,45.90397059941217],[-123.72181728693468,45.90414022935676],[-123.72169173479729,45.90438029632131],[-123.72159604086335,45.90462657133663],[-123.72152850372365,45.90480037928765],[-123.7212856316102,45.90504062779971],[-123.72114527883018,45.905069250145765],[-123.72082164368109,45.90513524919762],[-123.72045132129008,45.905272809739834],[-123.72021379774577,45.90537639326255],[-123.72004186648861,45.90548728073781],[-123.71989488593844,45.905601362806365],[-123.71951423831156,45.90568678574756],[-123.71918168109505,45.905723196315876],[-123.71891718293944,45.905733473331786],[-123.71838639898075,45.905799579108425],[-123.71779699905149,45.905827849766226],[-123.71735265368439,45.905730801095324],[-123.7166161636105,45.90553860225801],[-123.71602608994479,45.90540003223178],[-123.71548842489102,45.905266092525146],[-123.71499427063638,45.90518340308354],[-123.71447469585584,45.9050116897671],[-123.7141150068228,45.90495175209882],[-123.71355411492908,45.904945852467534],[-123.71305986904629,45.904986342878594],[-123.71275287608613,45.904958191185024],[-123.71256251858584,45.90494073482752],[-123.71201284575173,45.904815060893185],[-123.71172028063333,45.90478968453539],[-123.71153820829494,45.90481079024476],[-123.71121544540998,45.90484820341414],[-123.71081542291903,45.904826823302415],[-123.71051561198958,45.904779234818406],[-123.71025387076355,45.90476971711676],[-123.70990646888698,45.904826823302415],[-123.70963521001055,45.90486965477837],[-123.70943057738207,45.90496007334085],[-123.70936871040847,45.90514567134356],[-123.70945913033339,45.90530747533023],[-123.70964948783366,45.90546451942868],[-123.70969300761593,45.90551674359555],[-123.70972087066109,45.905550179488294],[-123.70960665705924,45.90565011699508],[-123.70953021671677,45.90567407651645],[-123.70944723304576,45.905700086306105],[-123.70941630045728,45.905742916483206],[-123.70938826493555,45.90581248896266],[-123.70911580231662,45.90608033728747],[-123.70896684457453,45.906204508792335],[-123.7088750071081,45.90628106344424],[-123.7085915985174,45.90641924559888],[-123.70819075227134,45.90660455806456],[-123.70804861723381,45.90704382384649],[-123.70773930841689,45.907340459298354],[-123.70750776046589,45.90762890483778],[-123.70723473550159,45.90774602155604],[-123.7070621700338,45.90782004571016],[-123.70667657628292,45.907918539617484],[-123.70611819877371,45.907958039641215],[-123.7058533502751,45.90796222941485],[-123.70568410498063,45.90808136686781],[-123.70548124472822,45.90822416683391],[-123.70504781299354,45.90854897086711],[-123.70498574389897,45.908704156269145],[-123.70503571268665,45.90881123241846],[-123.70511423442564,45.909007537738965],[-123.70517848013812,45.909143166668564],[-123.70521774190594,45.90932876506156],[-123.7052237058211,45.9093808962118],[-123.7052194217555,45.90942943644156],[-123.70515660436433,45.909455134450454],[-123.70507665430405,45.90947797725394],[-123.70498956712882,45.90946370128415],[-123.70490824084952,45.909453054308514],[-123.70482113840292,45.90944608695757],[-123.7047597107055,45.90946370128415],[-123.70468689955678,45.909490827498715],[-123.70459124514868,45.90950367649041],[-123.70454413120699,45.90951224206652],[-123.70444038657145,45.9095141459444],[-123.70434711180057,45.90952175958016],[-123.70431226165911,45.90951765993027],[-123.70428239087927,45.9095141459444],[-123.7042367052589,45.909510338813625],[-123.70418340551811,45.909516049197215],[-123.70416817637911,45.90954269910439],[-123.70421005583766,45.90960932412904],[-123.70423099377031,45.90967975681813],[-123.70426145115002,45.909765417248515],[-123.70427477586061,45.90982062005303],[-123.70429704958809,45.909923715060884],[-123.70429896479627,45.90995147983849],[-123.70431475178908,45.91004333770701],[-123.70433569062003,45.910098540860126],[-123.70433569062003,45.91017278063906],[-123.70433378708995,45.910237501679376],[-123.70431855884925,45.910304126495014],[-123.70430142618015,45.91034981264382],[-123.70428755349721,45.910409179454774],[-123.70428304395448,45.91049867519916],[-123.70425086180943,45.9109333599761],[-123.70405903825862,45.911466435832246],[-123.70381931204527,45.91199778402985],[-123.70356733281143,45.912290472315384],[-123.70351118541123,45.91235569089425],[-123.70340935149231,45.9124092748483],[-123.70335878801991,45.91248660782864],[-123.70336771098565,45.91255501746659],[-123.70336823829669,45.91255601310388],[-123.70339447988277,45.912605580568666],[-123.70341530013613,45.912659118031016],[-123.70338555691707,45.91272455367872],[-123.70329930158181,45.91278701422498],[-123.70313119804604,45.912869374837875],[-123.70298326977327,45.9129791848399],[-123.70271249149549,45.91311094030547],[-123.7022801718751,45.913186148556036],[-123.70208423943018,45.91321472295198],[-123.70180941244541,45.91330395292278],[-123.70173088890981,45.91332893726392],[-123.7015702755269,45.91330395292278],[-123.70129544854213,45.91331822915484],[-123.70105274351529,45.91341459768737],[-123.70089926814565,45.91343601261631],[-123.7007743466256,45.913353921593796],[-123.70064942420726,45.91330752166865],[-123.70050308774915,45.91335035222591],[-123.70031035150998,45.91339675211525],[-123.70011404536588,45.91342887514088],[-123.7000856927389,45.913446088205006],[-123.69991417111352,45.913550227097794],[-123.69981231473668,45.9137086572394],[-123.69967333278584,45.914127057137826],[-123.69964823834837,45.91424134707073],[-123.69963896953126,45.9143711208302],[-123.69961746296502,45.91444854294981],[-123.69952155972364,45.91461027732047],[-123.69947515994257,45.91471378342044],[-123.69940734522348,45.9149207969161],[-123.69944328502136,45.91503831573483],[-123.69959196518403,45.91521021802676],[-123.69976204681004,45.91526514355075],[-123.6999991598242,45.91534171445529],[-123.7001462706301,45.915641069816914],[-123.70016696511928,45.915855892610914],[-123.70014544687496,45.91609309905242],[-123.70005682897049,45.91626676485566],[-123.70003282329117,45.91642371045179],[-123.69993878225735,45.916641126307034],[-123.69990445493539,45.91673552419313],[-123.69988167545641,45.91679817083797],[-123.69978173788104,45.91694093900305],[-123.69963896953126,45.917169367053205],[-123.69955330977903,45.917412071841746],[-123.6994819260533,45.91762622283237],[-123.69942481925236,45.9178403754963],[-123.69936771155311,45.91802597292824],[-123.69923922192476,45.918254401511334],[-123.6991392834511,45.91841144522613],[-123.6989822390748,45.91861131999291],[-123.69896796304835,45.918725534447],[-123.69906789972538,45.919068176398824],[-123.69911073049981,45.91921094434787],[-123.69912787574529,45.91926666395033],[-123.69916583136269,45.919504828202136],[-123.69922293906194,45.91969756486089],[-123.69925506101985,45.91979393293921],[-123.6993121687191,45.91985817844009],[-123.69941054232754,45.92003899720765],[-123.69948192695159,45.92016748756747],[-123.69956758760216,45.92031025581253],[-123.69962469440307,45.92039591608332],[-123.69973890800492,45.92049585373198],[-123.69983884558029,45.92063862113211],[-123.69989595327954,45.92078138878986],[-123.69992450623084,45.92086704958308],[-123.69996733610695,45.92100981727792],[-123.70001016688138,45.921152584605395],[-123.700038720731,45.92130962949108],[-123.70009582843025,45.92139529009371],[-123.70015293433288,45.92150950319155],[-123.70019576510731,45.92159516473532],[-123.70028142575784,45.921680825521975],[-123.70036708640838,45.92173793180641],[-123.70045274705896,45.9218378689125],[-123.70049557693505,45.92198063660883],[-123.70052413078466,45.922137681650305],[-123.70052413078466,45.922294726247245],[-123.70049557783337,45.92250887776524],[-123.70049557783337,45.922637368029264],[-123.70045274705896,45.92273730538992],[-123.70038136333321,45.92280869000138],[-123.70033853345709,45.92286579637473],[-123.7003242565323,45.92296573394875],[-123.70021004203213,45.92313705553176],[-123.70009582843025,45.92325126941826],[-123.69995306008046,45.92335120692281],[-123.69982456955381,45.923493974474134],[-123.69973890890327,45.92356535748715],[-123.69956758760216,45.923693849678585],[-123.69949484742034,45.92375749765103],[-123.69936808704891,45.92380570474276],[-123.69927766712397,45.923853293160896],[-123.69914441732296,45.92393419512774],[-123.69912538202209,45.924062685840006],[-123.69930146169924,45.924457676767275],[-123.6993538101241,45.92458140911467],[-123.69961502493737,45.9247310839445],[-123.69966980779664,45.92477299962308],[-123.69969264476781,45.92494832540411],[-123.69964857341996,45.92517097547508],[-123.69959614055347,45.92536357247699],[-123.69959614145178,45.92549272160749],[-123.69959614145178,45.925664043510096],[-123.69963355179178,45.92583573792386],[-123.6996159034897,45.92611977021735],[-123.6995489637297,45.92634464630983],[-123.69953161187166,45.92657870365896],[-123.69958996822913,45.92692294358184],[-123.69949620387641,45.92707501337026],[-123.69934422599835,45.92732149885905],[-123.69935423143396,45.92732397697999],[-123.69951069909183,45.927372896415314],[-123.6995547192357,45.92743119215994],[-123.69956780679108,45.927482351550665],[-123.69955683746316,45.927544172521465],[-123.6995547192357,45.92755611444134],[-123.69955978573392,45.92758461333034],[-123.69954758032414,45.92767270798359],[-123.6995547192357,45.92775598938148],[-123.6995999296473,45.927813096285675],[-123.699649898435,45.92787020375593],[-123.6996998663244,45.92790589558257],[-123.69975935366081,45.92795824359506],[-123.6998021835369,45.928062939471864],[-123.69979504552367,45.92814384154788],[-123.69980932155018,45.92824615771799],[-123.6998378753998,45.92828898799184],[-123.69989260256354,45.928367511011814],[-123.69997410491261,45.92848597233484],[-123.6999958917532,45.928562226952465],[-123.69999589265151,45.92866216426191],[-123.69999589265151,45.92886203834072],[-123.69995306187708,45.929004806080734],[-123.69992450802748,45.92911902038307],[-123.69992450802748,45.92927606521151],[-123.69995306187708,45.929490216647295],[-123.69999589265151,45.929647261049546],[-123.69999589265151,45.92974719890334],[-123.70001016867802,45.92987568927248],[-123.70009583022689,45.93007556460168],[-123.70018149087744,45.93020405483494],[-123.70036708820501,45.9303896527709],[-123.70052413258132,45.93050386609606],[-123.70059551630705,45.930589528122375],[-123.70070972990892,45.9307180184146],[-123.70080966748426,45.930860786375845],[-123.70088105210831,45.93101783002148],[-123.70093815980756,45.93110349125404],[-123.7010238195598,45.93114632182068],[-123.70120941778569,45.93120342898319],[-123.70138073908679,45.93127481207259],[-123.70150922961345,45.93128908930424],[-123.70163772103844,45.93131764250693],[-123.70172338168896,45.93131764250693],[-123.70190897991488,45.93131764250693],[-123.70208030031766,45.93127481207259],[-123.70225162251708,45.931260534837264],[-123.70243721984468,45.931260534837264],[-123.70259426422096,45.931260534837264],[-123.70275130859724,45.931260534837264],[-123.70285124617259,45.93124625884785],[-123.7030511213233,45.93120342898319],[-123.70319388787648,45.931146321195875],[-123.70333665532794,45.93104638398864],[-123.70352225355384,45.93093216928148],[-123.70370785177975,45.9308179555887],[-123.70382206627993,45.93077512539325],[-123.7039791106562,45.93073229516477],[-123.70419326183341,45.93068946490322],[-123.70440741390895,45.93064663398373],[-123.70457873521005,45.930618080435586],[-123.70473577958633,45.930618080435586],[-123.70486427011302,45.930618080435586],[-123.70497848371484,45.9306609107523],[-123.70513552898943,45.93070374103591],[-123.70529257336574,45.93073229516477],[-123.70537823401627,45.9307608480293],[-123.70550672454293,45.930803678235776],[-123.7056066621183,45.93084650840913],[-123.70567804584405,45.93090361588034],[-123.70576370739289,45.93101782939671],[-123.70586364496826,45.931117766655404],[-123.70597785857014,45.931189151104675],[-123.7061063490968,45.93120342835838],[-123.70627767039787,45.931260534837264],[-123.70639188399971,45.931331919102796],[-123.70656320619914,45.93134619507017],[-123.70673452750023,45.931317641882174],[-123.70687729495172,45.931317641882174],[-123.707034339328,45.931317641882174],[-123.7072056606291,45.93130336465783],[-123.70741981180629,45.93128908867948],[-123.70764823990832,45.93128908867948],[-123.70779100735979,45.93130336465783],[-123.7079908825105,45.93133191847799],[-123.70816220381163,45.93134619507017],[-123.70840490883845,45.93133191847799],[-123.70860478398916,45.93133191847799],[-123.70874755144062,45.93134619444536],[-123.70890459581693,45.9313890260742],[-123.70906164019321,45.9315460694737],[-123.70916157776857,45.931660284166256],[-123.70934717599447,45.931888712220974],[-123.7094328357467,45.93197437273328],[-123.70951849729556,45.93206003311323],[-123.70961843397262,45.93217424799692],[-123.70970409552149,45.93227418504627],[-123.70977547924721,45.93235984558795],[-123.70988969374737,45.93254544380743],[-123.70994679965,45.93270248830597],[-123.71007529107499,45.932888086628324],[-123.71011812184939,45.932988023016165],[-123.71011812184939,45.93311651462436],[-123.71011812184939,45.93325928203454],[-123.7101323978759,45.93341632576129],[-123.71028944315049,45.933501987662765],[-123.71043221060197,45.93355909364924],[-123.71058925497825,45.93358764755758],[-123.71083196090339,45.93358764755758],[-123.71101755823099,45.93355909364924],[-123.71114604875764,45.93355909364924],[-123.71127454018264,45.9336019235691],[-123.71141730763411,45.933644754080625],[-123.71157435201039,45.9337161384013],[-123.71181705613893,45.93375896819988],[-123.71194554846223,45.933801798590125],[-123.71205976206407,45.93387318333342],[-123.71218825348905,45.93390173645526],[-123.71231674401572,45.93397311982042],[-123.71245951146717,45.934030226571274],[-123.71257372506902,45.93410161102055],[-123.71273077034364,45.934130164024786],[-123.71283070791898,45.93417299475317],[-123.71293064549435,45.93423010192298],[-123.7130305830697,45.93430148486542],[-123.7132161803973,45.93440142245489],[-123.71337322477358,45.93455846732069],[-123.71350171619856,45.93461557471838],[-123.71375869725188,45.934686957789374],[-123.71394429547779,45.93471551236654],[-123.7141013407524,45.93478689530894],[-123.71438687565534,45.93494394033268],[-123.71452964400513,45.93508670803656],[-123.71462957978387,45.93517236798262],[-123.71485800968253,45.93524375158649],[-123.71517209843509,45.93534368935214],[-123.71534341883788,45.93541507336018],[-123.71547191026286,45.93551501081709],[-123.71564323156396,45.93562922420826],[-123.7157717220906,45.935714884565876],[-123.71590021261727,45.93581482210723],[-123.7161143646928,45.93591476009318],[-123.7162856859939,45.9360289745353],[-123.71644273037018,45.93608608041863],[-123.71664260552089,45.936157464720544],[-123.7168567566981,45.93622884830582],[-123.7170280779992,45.93631450898664],[-123.71718512237548,45.93638589299446],[-123.7173707206014,45.93645727628568],[-123.71755631882729,45.93652866073451],[-123.71768480935395,45.93658576797746],[-123.71788468450467,45.9366428745369],[-123.71814166645635,45.93672853582761],[-123.71822732710687,45.936785642240025],[-123.71838437058483,45.93688557972591],[-123.71856996881075,45.936999794042656],[-123.71878412088626,45.93702834680417],[-123.71902682591309,45.937071177168306],[-123.719597895719,45.93705690142516],[-123.71986915549378,45.93705690142516],[-123.72005475282135,45.93705690142516],[-123.72038311849875,45.93705690142516],[-123.7208399756011,45.93702834680417],[-123.72112551050407,45.93702834680417],[-123.72142532323015,45.93702834680417],[-123.72168230428346,45.93702834680417],[-123.72188217943417,45.937056900800414],[-123.7221391604875,45.937056900800414],[-123.72245325013837,45.937056900800414],[-123.72264340911099,45.93703664761845],[-123.7227611926178,45.937018800897405],[-123.72286469830144,45.936972402019755],[-123.72296463587679,45.93695455590283],[-123.72304672752071,45.936908156346675],[-123.72308598928853,45.9368581870219],[-123.72310383521996,45.936797510950434],[-123.72310383521996,45.936733266324175],[-123.72310383521996,45.93667615923307],[-123.72314309519115,45.93652268324396],[-123.72317878795234,45.93646200680539],[-123.72323946375988,45.93641560808659],[-123.72331798549887,45.93631923951849],[-123.72337866220475,45.93621216459304],[-123.72342149208085,45.9361122265183],[-123.72347503077346,45.93603370384203],[-123.72351429074465,45.935987304764865],[-123.72355355251247,45.935940905024125],[-123.72361422832002,45.93590878316122],[-123.72369988897056,45.93591592024391],[-123.72375699666982,45.935926628989996],[-123.72385336523853,45.93595161314063],[-123.72401040871651,45.935969458955626],[-123.72413176212824,45.935994443086955],[-123.7243137904492,45.93604084215816],[-123.72444941898912,45.936058687944424],[-123.72454578845617,45.93608367266032],[-123.72462074118853,45.93612293397697],[-123.72469212491427,45.936165764415726],[-123.7247242477705,45.93621216396833],[-123.7247492317152,45.93625499433812],[-123.72477421655817,45.93629782467488],[-123.72490270708484,45.93640133092517],[-123.72497765981721,45.93640133092517],[-123.72507045937932,45.93638705376007],[-123.72513113518687,45.93638348524916],[-123.72525248859861,45.93635850066835],[-123.72535143443388,45.93634306210102],[-123.72565124536332,45.936314507737144],[-123.72589395039014,45.936257401464296],[-123.72607954861607,45.936257401464296],[-123.72635080749251,45.936314507737144],[-123.7265221287936,45.936400168910396],[-123.72686477049751,45.936457275660935],[-123.72713603027228,45.93654293661364],[-123.72737873440076,45.93665715038664],[-123.72757860955147,45.9367570881041],[-123.72772137700298,45.93684274796889],[-123.72797835985293,45.93704262317941],[-123.72823534090625,45.9371711141396],[-123.72839238618086,45.93719966806233],[-123.72864936723418,45.93719966806233],[-123.72892062611062,45.93719966806233],[-123.72920616191192,45.93724249829418],[-123.7293917601378,45.93728532849292],[-123.7295488036158,45.9373995419863],[-123.72969157106725,45.93752803336891],[-123.72987716929315,45.93759941706403],[-123.73016270509443,45.937713631159944],[-123.73031974947071,45.93777073780729],[-123.73049107077179,45.93779929204603],[-123.73061956129845,45.937813568847474],[-123.73090509709974,45.93784212181469],[-123.73111924917525,45.93787067476721],[-123.73149044472875,45.937884952175054],[-123.73167604295466,45.93791350510547],[-123.7319187479815,45.937956335410696],[-123.73207579145948,45.937984889553825],[-123.73241843406166,45.9379420592707],[-123.73273252281423,45.93787067476721],[-123.7330180586155,45.9377992914213],[-123.73323221069103,45.93772790735875],[-123.73351774559397,45.93764224636239],[-123.73386038729785,45.93761369329224],[-123.7341173701478,45.93758513958271],[-123.73430296837371,45.93759941643929],[-123.73458850327665,45.93767080066725],[-123.73480265445387,45.937713631159944],[-123.73510246717996,45.93784212118996],[-123.73537372515808,45.9379420592707],[-123.73553077043267,45.93799916630753],[-123.73570209083546,45.93804199654654],[-123.73631599231412,45.938199039848556],[-123.73661580414186,45.93827042455405],[-123.7369013390448,45.93834180791818],[-123.73715832189477,45.93839891516804],[-123.73747241064736,45.93845602235908],[-123.7377722224751,45.93852740548428],[-123.73801492840026,45.93857023594],[-123.73818624880303,45.93864162016761],[-123.73837184702894,45.93871300367855],[-123.73861455205578,45.93878438772237],[-123.73888581093225,45.938827217979586],[-123.73925700648573,45.93887004820371],[-123.73951398843738,45.93888432535423],[-123.73971386268975,45.93888432535423],[-123.7399565677166,45.93887004820371],[-123.7401421659425,45.93891287839475],[-123.74041342481897,45.938984262805974],[-123.74104160232412,45.938998538677644],[-123.7413699680015,45.93909847592354],[-123.7417411644533,45.93919841361397],[-123.74198386948014,45.939255520606324],[-123.74218374463086,45.939369734414534],[-123.74239789580805,45.9394411188623],[-123.74259777095877,45.93948394861222],[-123.74298324343708,45.9394696716161],[-123.74319739461427,45.93942684185514],[-123.74346865349074,45.93942684123043],[-123.74362569786702,45.9394696716161],[-123.74383984904426,45.93949822560463],[-123.74401117124366,45.93948394861222],[-123.74421104459776,45.93939828845457],[-123.74435381294754,45.9393269039517],[-123.74453006779618,45.93915581416077],[-123.74478211530196,45.93916986009576],[-123.7452389724043,45.939212690055236],[-123.74583859695815,45.93936973378986],[-123.74599564133443,45.939455394616346],[-123.74620979340996,45.939583886232604],[-123.74639539073756,45.93972665386008],[-123.74656671203866,45.9398123141351],[-123.74683797001678,45.93984086732251],[-123.7470235682427,45.93984086732251],[-123.74715205966766,45.9398123141351],[-123.74733765789358,45.9397694840141],[-123.74753753214597,45.939698099364456],[-123.7477516842215,45.939640993452656],[-123.74786589782335,45.93962671587225],[-123.7480943268237,45.93954105593516],[-123.74830847800092,45.93948394861222],[-123.74863684367827,45.93942684123043],[-123.7488652717803,45.93939828782985],[-123.74912225373195,45.93936973378986],[-123.74937923478527,45.939341180359826],[-123.74956483301118,45.939341180359826],[-123.74983609188764,45.939341180359826],[-123.75000741318873,45.939341180359826],[-123.75025011821558,45.939341180359826],[-123.75044999246798,45.93936973378986],[-123.7506070377426,45.939441117612866],[-123.7508354658446,45.93954105531044],[-123.7510210640705,45.939655269155246],[-123.75116383152198,45.93976948338943],[-123.75130659897347,45.939926527421136],[-123.75152075015066,45.94005501857031],[-123.751620687726,45.94012640213577],[-123.75182056287673,45.9402263398476],[-123.75200616110263,45.9403119999754],[-123.75219175843023,45.94038338445937],[-123.75232024895689,45.94044049085598],[-123.75257723180687,45.94052615190229],[-123.75271999925832,45.940568982063496],[-123.75286276760812,45.940568982063496],[-123.7531911332855,45.94055470534675],[-123.7534052835644,45.94054042800168],[-123.75364798948955,45.94052615190229],[-123.75379075694103,45.940568982063496],[-123.75394780221562,45.940683195664874],[-123.75410484569359,45.94071174965316],[-123.7543332737956,45.94079741028043],[-123.75454742587114,45.940897348032145],[-123.75479013089796,45.94091162403596],[-123.75494717527427,45.94096873113784],[-123.75516132734977,45.940983008372626],[-123.75533264775255,45.94099728497908],[-123.75548969302717,45.94101156095716],[-123.75563246047864,45.940983007747924],[-123.75571812112919,45.94088307077531],[-123.75591799627989,45.940754579670994],[-123.75603220898346,45.94065464228659],[-123.75624636105896,45.940568982063496],[-123.75647479005931,45.94048332170801],[-123.75674604803746,45.940426214106154],[-123.75698875306429,45.940354829677325],[-123.75714579654226,45.94032627675459],[-123.7575883776181,45.94019778560932],[-123.75778825187054,45.94016923198106],[-123.75801667997254,45.94015495578609],[-123.75821655512325,45.94014067833808],[-123.75838787642435,45.940183508797055],[-123.75853064387582,45.940183508797055],[-123.7588447326284,45.940183508797055],[-123.75907316073044,45.94019778560932],[-123.75923020600503,45.94021206179326],[-123.75944435628392,45.94021206179326],[-123.75971561605868,45.94021206179326],[-123.7599297672359,45.94021206179326],[-123.76010108763869,45.94021206179326],[-123.76025813291328,45.940297723192494],[-123.76041517728956,45.940397659346154],[-123.76061505154196,45.94048332108335],[-123.76071498911732,45.94054042737698],[-123.76085775656878,45.9406118115669],[-123.76105763171952,45.94068319504022],[-123.76132889059596,45.940783132373106],[-123.76151448792353,45.94081168630993],[-123.76165725627334,45.94086879289009],[-123.76180002372483,45.94101156033246],[-123.76198562195071,45.94112577489624],[-123.7622854346768,45.941182882402245],[-123.76252813970363,45.9411543280319],[-123.76274229088085,45.9411543280319],[-123.76299927283249,45.941168605218884],[-123.76324197696101,45.94129709598841],[-123.76338474531079,45.94139703346414],[-123.76345612903654,45.94152552370423],[-123.76352751276227,45.94162546139295],[-123.76364172726244,45.94178250641452],[-123.7639986458911,45.941910997010645],[-123.76429845861719,45.94193954974191],[-123.76459827044498,45.942010934004486],[-123.76479814559569,45.94209659449854],[-123.76508368049863,45.94225363943495],[-123.76532638642378,45.942382130188555],[-123.7655262615745,45.94252489748211],[-123.76562619914986,45.94263911205168],[-123.76572613492857,45.942767603161236],[-123.76592601007928,45.94295320090487],[-123.76606877842909,45.94306741459213],[-123.76621154588058,45.94318162866872],[-123.76639714410646,45.94326728922794],[-123.76651135860664,45.94333867365494],[-123.76666840208459,45.94335294965481],[-123.76712525918695,45.94335294965481],[-123.7672109198375,45.94333867365494],[-123.76735368728899,45.94329584313469],[-123.76766777604155,45.94315307532778],[-123.76793903491802,45.94302458386231],[-123.7681389091704,45.94289609334835],[-123.76841016804688,45.94265338823168],[-123.76870998077295,45.94253917431617],[-123.76892413105183,45.942424959540666],[-123.76908117632645,45.94231074640392],[-123.76926677455235,45.942182254860185],[-123.76939526507898,45.94213942407122],[-123.76956658548177,45.94206804122346],[-123.7697521837077,45.9420394866843],[-123.77006627335857,45.9420394866843],[-123.77026614850928,45.9420394866843],[-123.7705231295626,45.94205376364339],[-123.7706658970141,45.942096593873856],[-123.77082294228869,45.9421108708182],[-123.7710370934659,45.942153701004585],[-123.77132262836885,45.94219653115784],[-123.77152250351956,45.94226791446485],[-123.77172237777198,45.94238212956388],[-123.77187942214826,45.942582004171626],[-123.77195080677231,45.94278187930814],[-123.77206502037419,45.94296747700395],[-123.77215068102473,45.9430816906618],[-123.77236483310027,45.943167351375436],[-123.77255043132615,45.94319590533365],[-123.77275030647687,45.943224458652544],[-123.77309294818075,45.943124520722826],[-123.77337848308369,45.943124520722826],[-123.7735212514335,45.94315307532778],[-123.77366401888496,45.943224458652544],[-123.77382106326124,45.94333867303027],[-123.77393527686309,45.94343861057394],[-123.77399238456233,45.943538546688174],[-123.77399238456233,45.943681314751714],[-123.77400666148715,45.943809806569085],[-123.77402093751365,45.943952573934105],[-123.77404949226158,45.94403823455141],[-123.774120875089,45.944152447877286],[-123.77422081266437,45.94423810818579],[-123.77440641089026,45.944366599961945],[-123.77476930151896,45.94450451862615],[-123.77487161783318,45.94453307189565],[-123.77493586264737,45.94455924586931],[-123.7749929703466,45.94456638433721],[-123.77504055949709,45.9445711435235],[-123.77512859978484,45.94455210740054],[-123.77517142966096,45.944573522804134],[-123.7751976047717,45.94460445594212],[-123.7751976047717,45.94464252689628],[-123.77516429254601,45.944685357000736],[-123.77511908213441,45.94473056759536],[-123.7750714929839,45.94477339763184],[-123.77502152419622,45.944813847740306],[-123.77496679613418,45.9448590582301],[-123.77492634499693,45.944897129009405],[-123.77488113638195,45.94493520101183],[-123.7748406852447,45.944982790665826],[-123.77477881916938,45.94503513880072],[-123.77469315851883,45.94510414294288],[-123.77465032864272,45.945139834297606],[-123.77463605171792,45.945168388489186],[-123.7746348389923,45.945194652111034],[-123.7746348389923,45.94530886680229],[-123.77466339374023,45.94543735734595],[-123.77480616119169,45.94568006276754],[-123.77490609876706,45.94580855307541],[-123.7750488653202,45.94593704371016],[-123.77519163277168,45.94605125812109],[-123.77534867804629,45.94619402595998],[-123.77546289254644,45.946336793431236],[-123.77561993602443,45.946522391718446],[-123.77573415142291,45.94665088257245],[-123.7758769188744,45.94677937312857],[-123.7760910700516,45.94689358767788],[-123.77630522212712,45.946979248123114],[-123.77649082035303,45.94705063089352],[-123.77667641768062,45.94713629234529],[-123.77681918603041,45.94720767616272],[-123.77694767655709,45.94729333612259],[-123.77710472093337,45.94742182768803],[-123.77726176530965,45.94759314868737],[-123.77741880968591,45.94775019366874],[-123.77749019341168,45.947907237580615],[-123.77761868483665,45.948107112255975],[-123.7777328984385,45.948249879796876],[-123.7779042206379,45.94840692479146],[-123.77804698808937,45.94849258539651],[-123.77821830939048,45.94850686131833],[-123.77851812031993,45.94850686131833],[-123.7786037818688,45.948635353193794],[-123.77866088866973,45.94877812062335],[-123.77871799547064,45.94900654874516],[-123.77877510316989,45.949177869843325],[-123.77881793304601,45.94927780685398],[-123.77893214754617,45.949392020627506],[-123.7791605765465,45.949491957876646],[-123.77940328157335,45.94954906550908],[-123.7795603250513,45.94960617245809],[-123.77980303007814,45.949706109945666],[-123.77991724547662,45.94984887774023],[-123.78001718125536,45.94996309158621],[-123.78021705640607,45.9501201360989],[-123.78038837860547,45.95023435063506],[-123.78055969990659,45.950362841628845],[-123.78084523480953,45.950519885008895],[-123.78103083303544,45.9506055467206],[-123.78130209101357,45.95074831407212],[-123.78147341231467,45.95084825074952],[-123.78164473451409,45.95094818787132],[-123.78183033184166,45.95109095558941],[-123.78195882236835,45.95119089352274],[-123.78220152829347,45.95146215155918],[-123.78231574189532,45.951604919202516],[-123.78248706319643,45.951761964059735],[-123.78264410757272,45.95183334754122],[-123.78280115194897,45.95184762447629],[-123.7829867501749,45.95184762447629],[-123.78310096467506,45.95183334754122],[-123.78320090225043,45.951819071227],[-123.7833579457284,45.95177624101319],[-123.7835292679278,45.95170485683362],[-123.78370058833059,45.951662026531594],[-123.78388618655651,45.951633473186654],[-123.7840432318311,45.95161919619641],[-123.78424310518518,45.951604919202516],[-123.78445725726071,45.95161919619641],[-123.7847713460133,45.95169057923721],[-123.78497122116401,45.951761964059735],[-123.78515681938991,45.95189045463494],[-123.78535669454061,45.95200466927037],[-123.78544235519117,45.95206177618756],[-123.78557084571783,45.952175989845415],[-123.78577072086854,45.9523187575236],[-123.78592776434654,45.95241869511667],[-123.7860419788467,45.952475802231824],[-123.78621330014779,45.95261856976221],[-123.78628468387353,45.95273278352172],[-123.78635606759926,45.95288982830587],[-123.7864131752985,45.95308970312593],[-123.78642745222332,45.95326102409424],[-123.7862704069487,45.9534751753405],[-123.78617046937336,45.95360366694016],[-123.78612763949725,45.95376071050558],[-123.78611336257242,45.95393203252226],[-123.78617047027168,45.95411763035967],[-123.78629896079835,45.954189013929756],[-123.78638462234721,45.95426039803241],[-123.78645600517463,45.95437461153103],[-123.78652738979866,45.95453165665902],[-123.78658449570129,45.954674424514195],[-123.78669871109977,45.9548457449553],[-123.78681292559996,45.95494568236329],[-123.78692713920181,45.95507417305163],[-123.78705562972844,45.955216940758234],[-123.78724122795437,45.95543109318979],[-123.78736971937934,45.955588136572885],[-123.78745538002987,45.955816564731734],[-123.78754104068044,45.956059270297104],[-123.7876838081319,45.95628769838741],[-123.78781229865857,45.95643046609016],[-123.78801217380928,45.9565875103882],[-123.78818349511037,45.95660178797211],[-123.78842620013724,45.95660178797211],[-123.7887402888898,45.95655895770742],[-123.78899727084145,45.95650185042817],[-123.78922569894348,45.956501849803644],[-123.7894684039703,45.956501849803644],[-123.78971110989542,45.956501849803644],[-123.78993953799744,45.9564875728185],[-123.79012513532504,45.95644474246553],[-123.79029645662614,45.95633052823724],[-123.7904249471528,45.95621631439806],[-123.79061054448037,45.95605926967258],[-123.79072475987888,45.95598788663807],[-123.79081041963111,45.955959332399274],[-123.79096746490572,45.955959332399274],[-123.79115306223329,45.95594505589889],[-123.79142432110976,45.95590222575108],[-123.79158136548604,45.95590222575108],[-123.79179551666326,45.95590222575108],[-123.79193828501306,45.95595933177474],[-123.79209532938933,45.95600216250289],[-123.79226665069044,45.95603071671962],[-123.79250935571726,45.956116376783456],[-123.79272350689445,45.95615920676569],[-123.79286627434597,45.95623059145309],[-123.79306614949667,45.95623059145309],[-123.79328030157218,45.95623059145309],[-123.79359439032474,45.956116376783456],[-123.79370860392662,45.95607354676806],[-123.79400841665269,45.955987886013546],[-123.79417973705547,45.95597360889598],[-123.79439388913099,45.95595933177474],[-123.79462231723302,45.95590222575108],[-123.79485074533505,45.9558165641072],[-123.79500779060965,45.955759457936416],[-123.79516483408763,45.95568807326664],[-123.79529332551259,45.95564524292022],[-123.79549319976499,45.95557385997687],[-123.79572162786702,45.95547392245266],[-123.7958786722433,45.955388262020264],[-123.79595005686735,45.95535970747249],[-123.79609282431883,45.95523121682171],[-123.79614993111974,45.95510272649749],[-123.79622131574382,45.95501706486678],[-123.79630697549605,45.95493140435273],[-123.79643546602269,45.95481719075253],[-123.79652112667324,45.95481719075253],[-123.79669244887265,45.95481719075253],[-123.79684949235062,45.95486002111436],[-123.79706364442615,45.95488857404602],[-123.79729207252818,45.95491712821202],[-123.79764899115686,45.95495995849664],[-123.79793452695812,45.95495995849664],[-123.79810584915754,45.95495995849664],[-123.79830572251161,45.95497423462628],[-123.79869119588825,45.95498851137677],[-123.79890534796378,45.95498851137677],[-123.79916232901711,45.955002788748125],[-123.79939075711914,45.95505989569866],[-123.79963346304426,45.955145556014095],[-123.79979050742057,45.95515983209596],[-123.79997610564646,45.95518838612219],[-123.80016170387236,45.95518838612219],[-123.80040440889918,45.95513127930406],[-123.80067566687734,45.95507417180259],[-123.80086126510325,45.95503134160624],[-123.80108969320527,45.95498851137677],[-123.8013181213073,45.95498851137677],[-123.80156082633412,45.95498851137677],[-123.80173214763522,45.955002788123636],[-123.80193202278593,45.95508844852735],[-123.8022318346137,45.955174108798644],[-123.80244598579092,45.955245493506],[-123.80266013696813,45.955373984123675],[-123.80286001211884,45.95553102891769],[-123.80303133341995,45.95565951949784],[-123.80323120857066,45.95581656348268],[-123.80340252987176,45.95593077752123],[-123.80363095797377,45.95598788476448],[-123.80387366389891,45.95601643836408],[-123.80415919790357,45.95604499194893],[-123.80435907305427,45.95608782261086],[-123.8046303310324,45.956159205516684],[-123.80485876093107,45.95623059020408],[-123.80505863428515,45.956316250583434],[-123.80521567955975,45.95637335805401],[-123.80540127778563,45.95645901821267],[-123.80561542806454,45.956473293956165],[-123.80582958103838,45.956473293956165],[-123.80591524079063,45.956473293956165],[-123.80614366889263,45.956401910830415],[-123.80631499019375,45.95637335742948],[-123.80657197214538,45.95635908041124],[-123.8067861233226,45.95635908041124],[-123.8069717215485,45.956401910830415],[-123.8073429180003,45.956416187837625],[-123.80761417687677,45.956416187837625],[-123.80794254255417,45.956416187837625],[-123.80825663130673,45.956344803389314],[-123.80852788928485,45.95633052636371],[-123.8087848712365,45.95633052636371],[-123.80917034461314,45.95628769588936],[-123.8096700306933,45.9562448653819],[-123.81028393217193,45.95615920489215],[-123.81065512772543,45.9561306519907],[-123.8109834934028,45.95608782198634],[-123.81116909162873,45.956030714221555],[-123.8113404129298,45.9559593299012],[-123.8115260102574,45.95590222387754],[-123.81176871528426,45.9557880091556],[-123.81192576055882,45.95573090170637],[-123.81215418866086,45.9556452416712],[-123.81241116971417,45.95557385810332],[-123.81262532178972,45.955545303651185],[-123.81285374989173,45.95550247381895],[-123.81303934811763,45.955402536166],[-123.8131821155691,45.9550313403572],[-123.81319639249394,45.954874296645244],[-123.81316783864429,45.954588760972385],[-123.81316783864429,45.954403162839164],[-123.81319639249394,45.95417473385054],[-123.81336771379503,45.95398913620443],[-123.81359614189704,45.95378926212999],[-123.81378173922461,45.95373215449463],[-123.8140672750259,45.95361794029645],[-123.81439564070328,45.95347517221776],[-123.81463834573012,45.95341806613243],[-123.8149667114075,45.953403788977305],[-123.81530935400968,45.95343234203471],[-123.81559488891263,45.95347517221776],[-123.81583759393946,45.95346089632651],[-123.81618023654165,45.95346089632651],[-123.81636583476755,45.95343234203471],[-123.81663709274571,45.953403788977305],[-123.81690835162217,45.953318128467764],[-123.817151056649,45.95323246782582],[-123.81735093179971,45.95311825322239],[-123.8175222522025,45.95297548573009],[-123.817736404278,45.952789887815],[-123.8178791726278,45.95268995026671],[-123.81812187765463,45.952475799109024],[-123.81820753740686,45.952375861618926],[-123.8183074749822,45.95230447696252],[-123.81849307320813,45.95216170924755],[-123.81860728680999,45.95206177306474],[-123.81872150131016,45.95190472780789],[-123.81882143888554,45.951776237265825],[-123.81900703711142,45.95156208507577],[-123.81903559006273,45.95153353230396],[-123.8191783575142,45.95141931732215],[-123.8193639557401,45.95129082690385],[-123.81956382999252,45.95111950609093],[-123.8197351512936,45.9509481841239],[-123.81992074951951,45.950848246377504],[-123.82012062377191,45.950819693237904],[-123.82030622199782,45.95086252356633],[-123.82039188264835,45.95100529150508],[-123.8204489903476,45.951305103978726],[-123.8204489903476,45.951576362080765],[-123.8204489903476,45.95173340701891],[-123.82036332969705,45.95200466552302],[-123.82032049982094,45.95223309346326],[-123.82033477584744,45.95243296877816],[-123.82043471342281,45.952689949642135],[-123.82054892792297,45.9529469318128],[-123.82072024832573,45.953218190622934],[-123.82090584655164,45.95346089570195],[-123.82103433707832,45.95360366319288],[-123.8213055968531,45.953789260880924],[-123.82159113265436,45.953860644249374],[-123.82199088115915,45.95391775175233],[-123.82230496991171,45.95398913495532],[-123.82237753312543,45.953998581760914],[-123.82261310013901,45.95401999726235],[-123.82280583637815,45.95401999726235],[-123.82299143460408,45.95401999726235],[-123.8232341396309,45.954012858762816],[-123.82354109037021,45.953977166251256],[-123.82378379539706,45.95394147434126],[-123.82400508458753,45.953891506003416],[-123.82424778961436,45.95389150537886],[-123.82436914302609,45.95391292154618],[-123.82456187836692,45.95395575135787],[-123.82478316935399,45.95404855062678],[-123.82491879879223,45.95409138033361],[-123.82499732053122,45.954148487598836],[-123.82509011919501,45.95421987112913],[-123.82519813262478,45.954296115967544],[-123.82521147260674,45.95430553149398],[-123.82531141018211,45.954334085960376],[-123.82541848487239,45.95434836287579],[-123.82551128443453,45.954355500083075],[-123.82561836002313,45.954376916071084],[-123.82588961889957,45.95446257619313],[-123.82601810942623,45.9545268221346],[-123.82623108201378,45.95467442014248],[-123.82637384856696,45.954802910835234],[-123.82650234089024,45.954874294771656],[-123.82664510834172,45.954945678616134],[-123.82688781336856,45.955002785625524],[-123.82708768762095,45.955059893200556],[-123.82725900982037,45.955088446029244],[-123.82757309767463,45.95517410630054],[-123.82783007962625,45.9552740437409],[-123.82802995477697,45.95533115103645],[-123.828258382879,45.95538825827309],[-123.82845825802971,45.9555310264196],[-123.82858674855638,45.955616686631316],[-123.82867240920693,45.95571662389806],[-123.82880090063192,45.95583083751808],[-123.82897222103469,45.95595932802761],[-123.8291720961854,45.956087820112806],[-123.8293434174865,45.956216310651],[-123.82950046186278,45.95633052386566],[-123.82965750623906,45.95644473871844],[-123.82981455061537,45.9565303987668],[-123.83002870269088,45.956673166468775],[-123.83020002399198,45.956801657523236],[-123.83038562221786,45.956901594526535],[-123.83054266659417,45.95695870201835],[-123.83077109469617,45.957001531974065],[-123.8309566929221,45.95703008630034],[-123.83112801332486,45.957072916825375],[-123.83135644142689,45.95714429971126],[-123.83165625415297,45.95725851413577],[-123.83185612930369,45.95730134448427],[-123.8320702804809,45.95732989803155],[-123.83232726153423,45.95734417479967],[-123.83281267248621,45.95730134448427],[-123.83312676123879,45.95728706770512],[-123.83348368076578,45.95728706708061],[-123.83372638579262,45.95728706708061],[-123.8340119215939,45.95728706708061],[-123.83425462572241,45.95730134448427],[-123.83452588459885,45.95732989740704],[-123.8347971434753,45.95732989740704],[-123.83499701862603,45.95735845156411],[-123.83508267927658,45.95737272770037],[-123.83531110737859,45.95737272770037],[-123.83546815085656,45.95735845156411],[-123.83568230293211,45.95727279029777],[-123.83591073103412,45.95715857652719],[-123.83612488221131,45.95704436189668],[-123.83632475736202,45.95691587140501],[-123.83648180173833,45.95680165689876],[-123.83665312303943,45.95671599602072],[-123.83685299729183,45.956630335634735],[-123.8369814887168,45.956616058682705],[-123.83722419374364,45.956558952086816],[-123.83739551414642,45.956558952086816],[-123.83763822007157,45.95653039814228],[-123.83783809432396,45.95653039814228],[-123.8380379694747,45.956558952086816],[-123.8382378437271,45.95658750539211],[-123.83849482567872,45.95658750539211],[-123.83876608455519,45.95657322842904],[-123.83903734253333,45.95654467511638],[-123.8393228783346,45.956501844807555],[-123.839494200534,45.956501844807555],[-123.83979401146344,45.95661605805818],[-123.84003671738859,45.956701719715234],[-123.84020803779136,45.95681593317846],[-123.8404221898669,45.95701580820227],[-123.8405792342432,45.957215683129654],[-123.84075055554428,45.957315620010725],[-123.84093615377019,45.9573584509396],[-123.84119313482353,45.95741555733608],[-123.84145011767349,45.95751549448119],[-123.84162143807625,45.95755832463106],[-123.84189269695268,45.95748694165406],[-123.84209257120511,45.957444111449014],[-123.84219250878047,45.957444111449014],[-123.84240665995767,45.957529771826],[-123.84263508985633,45.957615432070526],[-123.84273502563506,45.957686816131016],[-123.84294917771058,45.95781530733303],[-123.84312049901168,45.957858137251165],[-123.84332037416239,45.95788669051153],[-123.84354880226442,45.95788669051153],[-123.84394855256585,45.957858137251165],[-123.84423408657051,45.95784385999101],[-123.84443396172122,45.95780103006184],[-123.84466238982323,45.95764398483149],[-123.8447623273986,45.95755832463106],[-123.84490509485005,45.95742983408213],[-123.84500503242542,45.957344173550645],[-123.8451763528282,45.95718712889901],[-123.84529056822669,45.957087191161676],[-123.84554754927998,45.956873040134035],[-123.84586163893088,45.95663033501022],[-123.8460472362585,45.95650184418303],[-123.84633277205975,45.95637335368237],[-123.8466325838875,45.95627341572646],[-123.84678698452191,45.956235172275505],[-123.84692677765146,45.95620840365522],[-123.84701303388506,45.95619353143064],[-123.84729856878802,45.95618758228987],[-123.84742943895185,45.95618163439751],[-123.84768523153406,45.95618758228987],[-123.84776553822552,45.95618163439751],[-123.84785179266247,45.95618163439751],[-123.84790830567698,45.95618758228987],[-123.84794892659583,45.956195105211194],[-123.84827840977744,45.95625612539572],[-123.84830984003258,45.956330350250596],[-123.84832768596402,45.95637496555322],[-123.84835742828476,45.95644634933815],[-123.84839014672404,45.95651475847828],[-123.8484198899431,45.956612911769945],[-123.84844665884025,45.95667537224056],[-123.84848532592333,45.956767576169234],[-123.84851506824408,45.95686275510344],[-123.84853588939575,45.956919266854676],[-123.84857455468222,45.95699362509033],[-123.84862511815459,45.95707988006904],[-123.8486846045927,45.95719587946113],[-123.84874554540328,45.957329896158015],[-123.84884548297862,45.95762970876508],[-123.84893114362917,45.957858136626704],[-123.84893114362917,45.95805801163821],[-123.8489596974788,45.95834354692128],[-123.84903108120452,45.95857197496258],[-123.84908818890376,45.95871474302498],[-123.849173848656,45.959014554383984],[-123.84921667943043,45.95927153657716],[-123.84924523328007,45.95951424199769],[-123.84927378623136,45.95964273270899],[-123.84934516995709,45.95984260752792],[-123.84948793740858,45.959999651522736],[-123.84978775013464,45.96009958900305],[-123.84998762528538,45.960185249021706],[-123.85014466966166,45.96028518679172],[-123.85031599096276,45.96044223140551],[-123.85054441906476,45.96068493669367],[-123.85082995486604,45.96087053439501],[-123.85104410604323,45.96098474800798],[-123.85134391876932,45.961098962634466],[-123.85157234687134,45.961213176401024],[-123.85195781934965,45.961298836571444],[-123.85225763117741,45.96134166754366],[-123.85245750632812,45.96139877420623],[-123.85272876430628,45.96148443533858],[-123.85292863945699,45.96161292585217],[-123.85315706755902,45.961712863544875],[-123.85332838886009,45.96175569357254],[-123.85349971105951,45.96174141669219],[-123.8536995853119,45.961712863544875],[-123.85391373648912,45.961712863544875],[-123.85409933471504,45.9617271391837],[-123.85432776281705,45.96168430913391],[-123.85468468234407,45.96159864893499],[-123.85491311044608,45.96157009571409],[-123.85511298469847,45.96157009571409],[-123.85541279742455,45.96157009571409],[-123.85568405540268,45.96155581816144],[-123.85598386812876,45.96151298797921],[-123.8562122962308,45.96149871103628],[-123.85638361753189,45.96154154122954],[-123.85655493883297,45.961641478426536],[-123.85672626013407,45.961741416067724],[-123.85699751811222,45.9618841840815],[-123.85716884031163,45.961998398727175],[-123.85731160686477,45.96208405893245],[-123.85742582136497,45.96221254930428],[-123.85759714266604,45.9623981475084],[-123.85776846486546,45.96251236171898],[-123.85798261604266,45.962598022378515],[-123.85812538349415,45.96264085234636],[-123.8582253210695,45.962697959543135],[-123.85839664147228,45.96282645036458],[-123.85856796367169,45.96296921808005],[-123.85868217727356,45.9630406014876],[-123.85885349947296,45.963126261954834],[-123.85905337282706,45.96316909338765],[-123.8593389086283,45.96316909338765],[-123.85963872135437,45.96316909276321],[-123.85990997933253,45.96314053910277],[-123.86006702460712,45.96314053910277],[-123.86033828258525,45.96316909276321],[-123.86048105093505,45.96326902952219],[-123.86056671068727,45.96341179734605],[-123.86064802259354,45.96351343774652],[-123.86073803198839,45.96362594932865],[-123.86082369353723,45.963797270193794],[-123.86103784471446,45.963982868084486],[-123.86122344294036,45.96413991283248],[-123.86138048731664,45.964197019732865],[-123.86159463849388,45.96421129598047],[-123.86186589647201,45.96412563531764],[-123.86212287932194,45.96405425205927],[-123.86243696807453,45.963982868084486],[-123.86263684232692,45.963982868084486],[-123.86280816362802,45.964068528343624],[-123.86299376185391,45.96425412594999],[-123.86322218995595,45.96442544799465],[-123.86335068138091,45.96451110819389],[-123.86362194025737,45.964568215336115],[-123.86383609053628,45.96462532304386],[-123.86400741273569,45.96472525904916],[-123.86426439378903,45.96478236659501],[-123.86446426893974,45.9648109206581],[-123.864749804741,45.964839474082],[-123.86500678579434,45.964839474082],[-123.86520666094503,45.964839474082],[-123.86550647367112,45.9648109206581],[-123.86577773164925,45.96476808924575],[-123.86606326745051,45.96472525904916],[-123.86642018607921,45.96462532241943],[-123.86674855175659,45.96462532241943],[-123.86703408755785,45.964710982934044],[-123.86713402513323,45.964825196747455],[-123.86727679258468,45.96496796430754],[-123.86747666773542,45.965110732124074],[-123.86763371121339,45.96518211651879],[-123.8678050334128,45.965239222344884],[-123.86807629139092,45.965296329985335],[-123.86829044256814,45.965339159740374],[-123.86860453221904,45.96536771414089],[-123.86887579109545,45.96542482040004],[-123.86920415677285,45.96546765130458],[-123.86954679847673,45.96546765130458],[-123.8696610129769,45.96551048155163],[-123.86991799492853,45.96562469496555],[-123.87008931622965,45.96571035580806],[-123.87028919138037,45.96578174005453],[-123.87050334255758,45.9658959535336],[-123.87071749373477,45.966010168025974],[-123.87090309106237,45.96612438290728],[-123.87107441326178,45.96622431933033],[-123.87126001148768,45.96630998049445],[-123.87157409934194,45.96645274797437],[-123.87207185224761,45.96664672014071],[-123.87223841427432,45.96671810442932],[-123.87239307901342,45.96680733450466],[-123.87258938425921,45.96691440965602],[-123.87271430667758,45.96700958864341],[-123.8727797417595,45.96707502324381],[-123.8728392281976,45.96724158556927],[-123.8728392281976,45.96736650745298],[-123.87282733001167,45.9674854805028],[-123.87280353633471,45.967586607675265],[-123.87276784357356,45.96768773466307],[-123.87272620306686,45.967741272038126],[-123.87267861481469,45.96780670764736],[-123.87263697430801,45.96787809168992],[-123.87261912837658,45.96796732114544],[-123.87261912837658,45.96804465347376],[-123.87261317973277,45.968116037834065],[-123.87266076888325,45.9682112160055],[-123.87272025532138,45.96829449708356],[-123.87280948497852,45.96839562402774],[-123.87291656056715,45.96847890545293],[-123.87309501988149,45.968645467927644],[-123.87339245386869,45.96885961903402],[-123.8735530672516,45.96892505457089],[-123.87376721842881,45.969079718942794],[-123.8740872558252,45.96928078347909],[-123.8742443010998,45.969387859468604],[-123.87446559029026,45.96951635038272],[-123.87461549665329,45.96958059572803],[-123.87484392475533,45.96972336351958],[-123.87501524605639,45.96981616260532],[-123.87517942934427,45.96990182320985],[-123.87528650403455,45.97004459079779],[-123.8752650899948,45.97018021972788],[-123.87520798229556,45.97029443475205],[-123.87515801350789,45.97036581808602],[-123.87509376869372,45.97053713871115],[-123.87502907831517,45.97065011678008],[-123.87492914163812,45.97087854465494],[-123.87480065021313,45.97110697283638],[-123.87471498956259,45.97132112503977],[-123.87470071263776,45.97150672332084],[-123.87477209726184,45.971692320980004],[-123.87487203483721,45.9719635791791],[-123.87497197241255,45.9722491145961],[-123.87507190998792,45.97250609596194],[-123.87511473986403,45.97277735516998],[-123.87514329371362,45.97294867645196],[-123.87524323128899,45.97330559507582],[-123.87532889104122,45.973519746894105],[-123.87541455169178,45.97373389788431],[-123.87552876619193,45.97393377305955],[-123.87568581056824,45.97414792432168],[-123.8758285780197,45.97429069220214],[-123.87598562329433,45.97447628989648],[-123.87615694369711,45.97467616488955],[-123.87632826589649,45.974833209288455],[-123.87654241707374,45.97499025324199],[-123.87677084517574,45.975147297998774],[-123.87695644340164,45.9753328959438],[-123.87709921085312,45.9754756638909],[-123.8772562561277,45.97566126135972],[-123.87738474665436,45.975804029084514],[-123.87751323718105,45.97600390427982],[-123.87765600463251,45.976232332547745],[-123.87774166618138,45.97654642081407],[-123.87774166618138,45.97688906387571],[-123.87765600463251,45.97717459886921],[-123.87751323718105,45.97734592028227],[-123.87734191677826,45.977460134887465],[-123.87714204162754,45.977631455417104],[-123.87698499814957,45.97784560673838],[-123.87689933749901,45.97807403552466],[-123.87682795287498,45.97825963364879],[-123.87675657004756,45.97858799918928],[-123.87674229312273,45.97885925794761],[-123.87672801619794,45.97910196307737],[-123.87675657004756,45.9794160512975],[-123.8768850605742,45.979644479847614],[-123.87701355110086,45.97988718465675],[-123.87715631945066,45.9800727829459],[-123.8773990244775,45.980358318376894],[-123.87758462270341,45.980529638678966],[-123.87768456027878,45.98064385358382],[-123.87774166707969,45.98082945120928],[-123.8777273901549,45.9811007095987],[-123.87765600553085,45.98127203072481],[-123.8775417928273,45.98150045848443],[-123.87749896205287,45.98181454808026],[-123.87747040820325,45.98222857465188],[-123.87744185525196,45.982471279369626],[-123.87745613217675,45.98275681491557],[-123.87755606975212,45.982928135910804],[-123.87775594400449,45.98318511828225],[-123.87797009608005,45.98337071612784],[-123.87828418483261,45.98349920643549],[-123.87864110346128,45.98355631397544],[-123.87886953246164,45.98364197455071],[-123.87905513068752,45.983770464853],[-123.87918362121418,45.98394178583249],[-123.87926928186474,45.984155937715755],[-123.87928355878955,45.98437008877062],[-123.87924072891344,45.98459851685615],[-123.87908368363884,45.98481266931996],[-123.87889808631124,45.98501254445505],[-123.87878387181108,45.98522669531722],[-123.87876959578458,45.98546940062359],[-123.8788124256607,45.985769211995645],[-123.87894091618736,45.986040471149906],[-123.87905513158586,45.986254622404815],[-123.87922645198864,45.98656871062018],[-123.87931211263917,45.98682569294495],[-123.87936922033842,45.98705412150875],[-123.87955481766602,45.98743959397705],[-123.87959764844044,45.9876109148366],[-123.87962620139173,45.987825067505966],[-123.87964047831655,45.98809632532425],[-123.87956909548913,45.98828192355689],[-123.87949771086507,45.988453244306015],[-123.87948343394027,45.988610288952486],[-123.87948343394027,45.988838717017515],[-123.87948343394027,45.98901003791574],[-123.87951198778988,45.98919563620541],[-123.87956909548913,45.98942406435136],[-123.87962620139173,45.98958110873995],[-123.87971186294062,45.98983809143483],[-123.87982607654247,45.99000941236049],[-123.87995456796745,45.99018073275587],[-123.88011161234373,45.99035205449339],[-123.88028293364482,45.990494822410945],[-123.88048280879553,45.99063758996019],[-123.88075406677366,45.99079463402631],[-123.88101104962362,45.99093740142634],[-123.88106815642456,45.99102306181443],[-123.88096821884922,45.991194384065274],[-123.88075406677366,45.99129432143591],[-123.88055419252127,45.9914228120759],[-123.88029721056965,45.99160840976453],[-123.88022582774224,45.991708347635836],[-123.87999739784357,45.992093819522005],[-123.8798689073169,45.99236507888845],[-123.8797118638389,45.992664890358505],[-123.87962620229007,45.99280765792701],[-123.87956909638746,45.99295042575138],[-123.87952626651133,45.993164577733495],[-123.87942632893599,45.993435836220556],[-123.87939777418804,45.99366426434148],[-123.87939777418804,45.99386413934406],[-123.87941205201118,45.99410684484829],[-123.8794834348386,45.99437810308546],[-123.87951198958653,45.994649361241166],[-123.87954054253784,45.99486351226591],[-123.87959765023706,45.99513477178681],[-123.87962620318837,45.995277539224546],[-123.879654757038,45.995448860162924],[-123.87968330998932,45.99570584182416],[-123.87964048011318,45.99594854674017],[-123.87956939732308,45.99606385939452],[-123.87953370546019,45.99610311941183],[-123.87947302785601,45.99613524258504],[-123.87941235204846,45.996163796709176],[-123.87934810723428,45.996206626931624],[-123.87928029251516,45.99625659579462],[-123.87920890878945,45.99633868641949],[-123.87916964702164,45.9963993634585],[-123.87915537099514,45.99648859251535],[-123.87912324813891,45.996606375948105],[-123.87911254111901,45.99672415913017],[-123.87909469518759,45.99684194268559],[-123.87909112528266,45.99693117290095],[-123.87907684835785,45.997016833372896],[-123.87905900242643,45.9970917861771],[-123.87903401758341,45.99714889404751],[-123.87898761870068,45.997188153919026],[-123.87893408000807,45.99722027708644],[-123.87885912817401,45.99727738420017],[-123.8787948824615,45.997316644604645],[-123.87872349783746,45.99735947580694],[-123.87857002336614,45.997423720676075],[-123.87848436271555,45.997477259258154],[-123.87841297898983,45.99754864312162],[-123.87832374933267,45.9976807031511],[-123.87825950362019,45.99776279415947],[-123.8781988269143,45.99782347088508],[-123.87813815110674,45.997862731526105],[-123.87805962936777,45.99790913122385],[-123.87795969179243,45.99790913122385],[-123.87783833838067,45.997955530258615],[-123.87773840170364,45.99798051453018],[-123.8776384650266,45.998023345218606],[-123.87755994149097,45.998062606341875],[-123.87749926568343,45.99808402228252],[-123.87742788285598,45.99816254379104],[-123.87734935932039,45.998230358497324],[-123.87729225251945,45.99828746581672],[-123.87721729978712,45.99836241877193],[-123.87714948596631,45.998430233857306],[-123.87711022419849,45.99849090985099],[-123.87709594727367,45.99856229303084],[-123.87709594727367,45.99862653899962],[-123.87712093121836,45.99869435313724],[-123.87718517782915,45.9987621678158],[-123.87727440658803,45.99883712137608],[-123.87744929689576,45.99896561197685],[-123.87755637338267,45.99903342632295],[-123.87764917204647,45.99909767236875],[-123.877734832697,45.999154779417026],[-123.87780978632769,45.99921188640636],[-123.87787760014848,45.99926542450637],[-123.8779418467593,45.99931182302788],[-123.87803107551815,45.99937963757371],[-123.8781024601422,45.9994331761354],[-123.87815956604481,45.99946529924759],[-123.87823095066886,45.99951169822548],[-123.87830590340123,45.999561666600094],[-123.87844510184608,45.99966874269543],[-123.8784986405387,45.9997115733251],[-123.8785414704148,45.999743696275665],[-123.87856645525781,45.999768680363815],[-123.87863426907862,45.9998329249319],[-123.87873420665396,45.99994000112632],[-123.87879488335982,45.999989969738074],[-123.87884842025582,46.00006849166202],[-123.87885555916739,46.00013630652853],[-123.87883771323597,46.00022910519216],[-123.87876276050359,46.00029691986176],[-123.87864140799017,46.00035759692857],[-123.87857359327106,46.00040042702506],[-123.87848079460726,46.00044682646683],[-123.87837371812034,46.000525348366445],[-123.87829876538798,46.00058245518927],[-123.878220243649,46.000646701308476],[-123.8781417210117,46.000718084827234],[-123.87805963026608,46.00078589952154],[-123.87792756983448,46.000871560890296],[-123.87780264741612,46.00095722087838],[-123.87771311772163,46.001031076326576],[-123.87762745707111,46.00114529011729],[-123.87745613666833,46.00134516493176],[-123.87729909139374,46.00150220981374],[-123.87714204701743,46.001616423255896],[-123.87687078814099,46.001773467991924],[-123.87664236003897,46.00184485130492],[-123.87641393193694,46.0019019586378],[-123.87619977986141,46.00194478941083],[-123.8759570757329,46.00204472671215],[-123.87582858430791,46.00213038737994],[-123.87570009378125,46.002244601397315],[-123.87561443313069,46.00235881517891],[-123.87550021863053,46.002587244530744],[-123.87544311272791,46.00278711850391],[-123.87541455797998,46.00292988616606],[-123.87538600502866,46.0031012077479],[-123.87522896065241,46.00342957382622],[-123.87514330000184,46.00361517180623],[-123.87511474705053,46.003715109210205],[-123.87510047012574,46.00387215298082],[-123.87512902307704,46.004029197553564],[-123.87524323757721,46.004257625624334],[-123.87527179052853,46.00450033109293],[-123.87527179052853,46.00467165155537],[-123.87527179052853,46.00487152673353],[-123.87527179052853,46.005028571589186],[-123.87535745117907,46.00522844547779],[-123.87551449645368,46.005442597990054],[-123.87565726390515,46.005599641224485],[-123.87598562958253,46.00567102584031],[-123.87628544230859,46.005728132967484],[-123.87649959348578,46.005756685885004],[-123.87675657543745,46.00588517663926],[-123.8770135573891,46.0060279444179],[-123.8772277094646,46.006156435166055],[-123.87747041359314,46.00631348011772],[-123.87761318104461,46.00645624741494],[-123.87771311861998,46.00661329213941],[-123.87779877927052,46.006798890045474],[-123.87778450324402,46.00694165796177],[-123.87765601181904,46.00712725601401],[-123.87755607514198,46.007184362885724],[-123.87734192306648,46.007312854067486],[-123.87719915561499,46.00748417455488],[-123.87707066508833,46.00764121948075],[-123.87694217456166,46.007869647611166],[-123.87688506686241,46.00801241525958],[-123.87688506686241,46.008169459933605],[-123.87688506686241,46.00834078088761],[-123.87694217456166,46.00856920924874],[-123.87702783431389,46.00875480683151],[-123.87719915561499,46.00902606563667],[-123.87737047781441,46.00934015502211],[-123.87746853072429,46.009459997471055],[-123.87749896834107,46.009497198422125],[-123.87764173579254,46.00965424324792],[-123.87785588696975,46.00982556459446],[-123.87811286981972,46.00986839422425],[-123.87836985087304,46.00995405463221],[-123.87861255589988,46.01008254624318],[-123.87874104642654,46.010182483817815],[-123.87899802927647,46.01035380477596],[-123.87922645737852,46.01049657225165],[-123.87938350175482,46.01062506322621],[-123.8795119931798,46.010725000444495],[-123.87966903665775,46.01085349151229],[-123.87981180410922,46.010981982905456],[-123.87994029643252,46.01109619674134],[-123.88001167925997,46.011253241394364],[-123.88001167925997,46.01152449980066],[-123.87999740233515,46.01175292749144],[-123.87994029643252,46.01193852562133],[-123.87989746655641,46.0121955080588],[-123.87982608193236,46.01240965917788],[-123.8796975914057,46.01262381009161],[-123.87961193075515,46.0127808547742],[-123.87955482395421,46.01299500674612],[-123.87946916330368,46.01332337274026],[-123.87941205560443,46.01350897059093],[-123.87939777867962,46.013680291227026],[-123.87948343933016,46.01405148702927],[-123.87961193075515,46.01432274543616],[-123.87971186833052,46.014579728024586],[-123.87981180500755,46.014779601713734],[-123.87995457335734,46.01497947717584],[-123.88018300235767,46.01522218176651],[-123.88039715353489,46.0154934406696],[-123.88052564406155,46.015707592743034],[-123.88063985856171,46.01589319007831],[-123.88071124228748,46.01606451143832],[-123.88073979613706,46.016392876674516],[-123.88081117986282,46.01672124245624],[-123.88089684051336,46.01697822450401],[-123.88093967038948,46.01716382256539],[-123.88099677808873,46.017320866208394],[-123.88111099258889,46.01750646436735],[-123.8811823754163,46.017706339330935],[-123.88121093016426,46.0178491071653],[-123.88121093016426,46.01804898213796],[-123.88123948311556,46.018291687604545],[-123.88131086684129,46.01850583819852],[-123.88148218814239,46.01866288302065],[-123.88175344701884,46.01873426637285],[-123.88199615204569,46.01880565088054],[-123.882253133099,46.01887703404843],[-123.88263860647562,46.018991248422545],[-123.88293841920171,46.019119738999464],[-123.88339527540575,46.019333890129275],[-123.88360942658296,46.01944810480729],[-123.88380930173368,46.01957659557023],[-123.88403772983568,46.01973364047016],[-123.8842090520351,46.01989068367642],[-123.88436609551306,46.02006200575114],[-123.88448031001325,46.020261880834056],[-123.88462307836302,46.02053313934328],[-123.8847372919649,46.020747289989124],[-123.88478012184099,46.02093288787541],[-123.88483722954024,46.02126125351967],[-123.8848086756906,46.0213611914789],[-123.88480867658895,46.021575343283985],[-123.88486578338986,46.02180377125294],[-123.88496572006692,46.02198936933539],[-123.8851084875184,46.02221779746501],[-123.8853226395939,46.02241767223989],[-123.88557962154555,46.022574715931626],[-123.88587943427163,46.022774591287494],[-123.88610786237363,46.022960189229686],[-123.88627918277642,46.02313150990211],[-123.88656471857769,46.02340276930261],[-123.8867503168036,46.02361692006115],[-123.88685025437897,46.023788241193465],[-123.8869216381047,46.02405950049039],[-123.88696446887913,46.02435931175057],[-123.88699302183043,46.02465912450347],[-123.88705012952968,46.024858998560894],[-123.8870929594058,46.025058873766824],[-123.88717862005635,46.025215918064546],[-123.88727855763172,46.02537296191613],[-123.88744987803447,46.02558711439877],[-123.88757837035777,46.0257584350391],[-123.88770686088444,46.02594403294385],[-123.88772113780927,46.02630095292673],[-123.88773541383574,46.02652938070599],[-123.8878067984598,46.02678636207683],[-123.88793528898645,46.0270005140738],[-123.88807805733624,46.0271575578453],[-123.88829220941179,46.027414540038066],[-123.88847780763767,46.027685798381576],[-123.88860629816435,46.02788567334612],[-123.88867768099176,46.02809982482647],[-123.88876334164233,46.028356807004535],[-123.8889061090938,46.02852812779287],[-123.8890774312932,46.02869944929757],[-123.8892773055456,46.028885047307],[-123.88946290466984,46.02908492167729],[-123.88960567122298,46.029270519016045],[-123.88976271649757,46.0294989476214],[-123.88989120702423,46.02981303673769],[-123.88993403690036,46.03011284860169],[-123.88996259164828,46.03044121398159],[-123.88993403690036,46.030798133615804],[-123.88991976087388,46.03105511509866],[-123.88996259164828,46.03129782022516],[-123.89007680525016,46.031526248559835],[-123.89021957270162,46.031840338005296],[-123.89031951027698,46.03228291745728],[-123.89029095732566,46.03282543492251],[-123.890162466799,46.033210907215135],[-123.88999114549793,46.03361065699966],[-123.88987693189605,46.03388191549392],[-123.88970560969666,46.03418172773734],[-123.88950573544425,46.03436732604673],[-123.88909170911634,46.03463858394518],[-123.88882045023988,46.03472424464833],[-123.88840642391195,46.03475279756293],[-123.88810661208419,46.03470996787368],[-123.88782107718123,46.03468141431335],[-123.88763547985366,46.03468141431335],[-123.88697874849888,46.03490984300664],[-123.88682170322429,46.03503833338087],[-123.8866503828215,46.03518110136024],[-123.88646478459557,46.03540952923532],[-123.88622207956875,46.03573789495107],[-123.8861506949447,46.035909216558295],[-123.88607931211729,46.03618047499532],[-123.88605075736936,46.036408903104665],[-123.8860650351925,46.03672299161635],[-123.88612214199341,46.03700852723205],[-123.88620780264395,46.037279785885175],[-123.88633629317061,46.0375795984023],[-123.88660755204707,46.037979348389136],[-123.8868217041226,46.03825060664171],[-123.88706440914945,46.038521864809795],[-123.88716434672479,46.038707462885185],[-123.88727856032664,46.03897872130482],[-123.88736422097719,46.03917859596389],[-123.88740705085331,46.03939274733913],[-123.88730711507456,46.03984960474005],[-123.88729283814978,46.04010658591365],[-123.88732139110107,46.040363567762704],[-123.88739277572512,46.04059199603958],[-123.88753554317661,46.04083470106229],[-123.8877211414025,46.04107740564237],[-123.88793529257974,46.04134866489838],[-123.88817799760656,46.04154853909051],[-123.88837787275727,46.04173413697615],[-123.8884635334078,46.04219099372358],[-123.88850636328395,46.04249080578164],[-123.88859202393446,46.04266212765242],[-123.88876334523557,46.04290483168741],[-123.88899177423592,46.04309043062864],[-123.88929158606368,46.04323319713384],[-123.88966278161718,46.04331885823163],[-123.88996259434323,46.04339024154697],[-123.89023385232139,46.04349017940524],[-123.89054794107398,46.0436757770036],[-123.89073353929986,46.043847098317414],[-123.89086203072485,46.04397558973351],[-123.89109045882688,46.04426112528242],[-123.89123322717666,46.04444672278486],[-123.89140454757944,46.04464659699239],[-123.89159014580534,46.0448036417523],[-123.89181857390737,46.04496068668931],[-123.8920612789342,46.04511772993286],[-123.8922897070362,46.04524622213473],[-123.89251813603656,46.04538898868044],[-123.89293216236449,46.04561741737905],[-123.89341757241814,46.04576018545953],[-123.89381732271958,46.04587439853595],[-123.89410285762254,46.045888676167074],[-123.89450260702564,46.04590295317103],[-123.89485952565434,46.04598861324671],[-123.89504512388024,46.046188487487086],[-123.89505940080505,46.04651685274465],[-123.89498801707933,46.046745282390894],[-123.89498801797762,46.04708792353037],[-123.89510223157949,46.047444843514356],[-123.89538776648244,46.047730379212744],[-123.89577323985907,46.047973083427074],[-123.89618726618697,46.04811585103066],[-123.89662984636453,46.04831572567932],[-123.8969439351171,46.048501323899444],[-123.89727230079447,46.0487154746772],[-123.89752928184781,46.04887251971581],[-123.89775771084813,46.0491295019399],[-123.89787192445,46.04945786717183],[-123.89787192445,46.0497434030632],[-123.89787192445,46.05001466091747],[-123.89785764752521,46.05024308919161],[-123.89794330907405,46.050571454661274],[-123.89802896972459,46.05078560614128],[-123.89812890729996,46.051071141403234],[-123.8982002910257,46.05137095389692],[-123.89824312090181,46.051699319519074],[-123.89824312090181,46.052013407768065],[-123.89810035345033,46.0521276228775],[-123.8978576484235,46.052184728785086],[-123.89772915789683,46.05225611311266],[-123.89760066737017,46.052341773934586],[-123.89747217684351,46.05247026429496],[-123.89737223926815,46.05268441651715],[-123.89737223926815,46.05294139783829],[-123.89747217684351,46.053169825853054],[-123.89758639044535,46.053469638175734],[-123.89771488097205,46.0537694507411],[-123.89792903304755,46.05409781644148],[-123.89812890819826,46.05428341455821],[-123.89822884577363,46.05448328808418],[-123.89832878245068,46.05465461016718],[-123.89832878245068,46.054840208282876],[-123.89828595167624,46.05508291367279],[-123.89817173897272,46.05519712679811],[-123.89795758689718,46.05529706449161],[-123.89774343571997,46.0554112790442],[-123.89752928364443,46.0554969393361],[-123.89731513246723,46.05563970744076],[-123.89725802476796,46.05576819823231],[-123.89724374874149,46.0560109032841],[-123.89728657951592,46.05631071452091],[-123.89730085554243,46.05653914356061],[-123.89741507004258,46.056781847717545],[-123.89757211531719,46.05703883054381],[-123.89780054341922,46.05722442812694],[-123.89805752447255,46.0573529189714],[-123.89838589014992,46.05758134681666],[-123.89867142595119,46.05782405200326],[-123.89882847032747,46.0579525426992],[-123.89917111203135,46.0581952481243],[-123.89947092475744,46.058409399964106],[-123.89968507593463,46.05858072046396],[-123.8998135673596,46.05869493508195],[-123.89997061173591,46.058837703022185],[-123.90009910316087,46.05893763973739],[-123.90022759368753,46.05902330079264],[-123.90039891498863,46.05915179181471],[-123.900498852564,46.05925172920813],[-123.90055595936491,46.05940877296179],[-123.90055595936491,46.059551540303026],[-123.90055595936491,46.05972286224593],[-123.90058451321455,46.05990846015783],[-123.90065589694028,46.06000839805172],[-123.90078438836527,46.06012261158658],[-123.90101281646727,46.06025110192047],[-123.90114130699394,46.06035103919419],[-123.90132690432154,46.06049380721573],[-123.90151250254743,46.06070795949085],[-123.90161244012278,46.06085072658944],[-123.9017694853974,46.061022047617826],[-123.90194080580018,46.06113626217254],[-123.90205502030034,46.06125047586764],[-123.90221206557494,46.06142179690225],[-123.90229772622548,46.06157884134037],[-123.90232627917682,46.06183582365785],[-123.90232627917682,46.062021421946966],[-123.90235483212811,46.0622355726602],[-123.9023405561016,46.062406893754634],[-123.90241193982736,46.06266387595778],[-123.90248332445141,46.062920856964794],[-123.90262609190287,46.06314928608485],[-123.90285452000491,46.06340626732563],[-123.90312577888135,46.063648972463845],[-123.90332565403209,46.063848847619006],[-123.90351125135966,46.06402016869362],[-123.90365401970944,46.06414865930653],[-123.90383961703704,46.06436281111782],[-123.90405376821425,46.06457696209833],[-123.90428219631626,46.06480539059898],[-123.90456773211756,46.065090925674646],[-123.90478188419306,46.06534790784989],[-123.90501031229509,46.06569054951262],[-123.90508169602082,46.06583331743903],[-123.90509597294565,46.06606174572721],[-123.90511025076874,46.066304451033254],[-123.90512452679525,46.06649004863506],[-123.90512452679525,46.06674703115311],[-123.90516735667137,46.06698973593918],[-123.90519591052102,46.06720388732475],[-123.90521018834411,46.06764646771246],[-123.90521018834411,46.06791772613217],[-123.90521018834411,46.068160430757],[-123.90522446437059,46.06841741235444],[-123.90525301822024,46.068660117275165],[-123.90528157206985,46.068888545707466],[-123.9053529557956,46.06910269782859],[-123.90546716939745,46.06931684849559],[-123.90565276762334,46.06963093750451],[-123.90573842827389,46.069816535140035],[-123.90578125815001,46.070044963149215],[-123.90578125815001,46.0702448382061],[-123.90575270519871,46.07043043627028],[-123.90566704544648,46.07053037381444],[-123.90556710787114,46.070687418517295],[-123.9053244028443,46.070958676950205],[-123.90526729514505,46.07111572168079],[-123.90512452769357,46.07134414992206],[-123.90499603716691,46.07152974802889],[-123.90486754664023,46.07175817580305],[-123.90478188598969,46.07198660450139],[-123.90481043894101,46.07218647938223],[-123.90492465344114,46.07248629065786],[-123.90505314486616,46.07267188866312],[-123.90519591231764,46.07292887106812],[-123.90543861734447,46.073242959464665],[-123.90568132326962,46.07351421780148],[-123.90590975137162,46.07372837004776],[-123.90622384012418,46.07405673546072],[-123.90646654515103,46.074385100789435],[-123.90659503567768,46.074542145741134],[-123.90670925017787,46.07471346665706],[-123.9067806339036,46.07485623430385],[-123.90686629455415,46.07508466264298],[-123.90695195430638,46.07539875123379],[-123.9069805090543,46.075512965333466],[-123.90695195430638,46.07569856375397],[-123.90670925017787,46.075969821861015],[-123.90666642030175,46.07635529472992],[-123.90670925107618,46.07659800026534],[-123.90682346467806,46.07679787402414],[-123.90695195520469,46.07718334671718],[-123.90706616970488,46.07754026661526],[-123.90718038420505,46.07798284575269],[-123.90730887563001,46.07845397908532],[-123.90742308923187,46.07875379183076],[-123.90759441053298,46.07898221961447],[-123.90782283863501,46.07936769262653],[-123.90795133005996,46.079596120984405],[-123.90807982058664,46.07982454901971],[-123.90827969573735,46.08011008429175],[-123.90842246318883,46.080367065707826],[-123.90856523064029,46.08062404779637],[-123.90867944603876,46.08083819924563],[-123.90880793656547,46.081080904379746],[-123.90890787414081,46.081309332499075],[-123.90899353479135,46.08153776029573],[-123.90905064159229,46.08178046546801],[-123.90910191742869,46.08193100853588],[-123.9091628321881,46.0820360857388],[-123.90924049783263,46.08211527375364],[-123.9093120720012,46.08221730554372],[-123.90936384909755,46.08233151986149],[-123.90938821500131,46.08243355125165],[-123.90939278383286,46.08251730719898],[-123.90937755559214,46.082578221781496],[-123.90934405202533,46.08262847585648],[-123.90927857023101,46.08269548163393],[-123.90923136106788,46.08276857926274],[-123.90920699516413,46.08281731033832],[-123.90918719809189,46.082862995721584],[-123.90918110661593,46.08292847839136],[-123.90919819526759,46.08298609515076],[-123.90933322463118,46.08316742710571],[-123.9093950907065,46.083234052148065],[-123.90944743913137,46.0833530253269],[-123.90951406448104,46.083567176153],[-123.90964255500772,46.083847952318024],[-123.90971393783514,46.08397644412839],[-123.90976628715833,46.08406210433831],[-123.90985014129681,46.08419323996757],[-123.91005001554925,46.08442642604329],[-123.9101785069742,46.084540640772225],[-123.9103355513505,46.08469768548264],[-123.91079240755455,46.085040327275244],[-123.91117788003287,46.08522592480311],[-123.91189171908685,46.08598259400405],[-123.91213442411367,46.08621102176613],[-123.91236285221571,46.086382343836114],[-123.91266266494179,46.086553664750944],[-123.9128625391942,46.08672498513371],[-123.91309096729623,46.08689630747656],[-123.91336222707098,46.087096181313164],[-123.91357637824817,46.08723894869689],[-123.91397612854962,46.087510208013306],[-123.914304494227,46.08768152916349],[-123.91460430515642,46.08786712715067],[-123.91483273325845,46.08796706426973],[-123.91516109893584,46.08815266254224],[-123.91553229538768,46.0883953672729],[-123.91580355426412,46.088509581260745],[-123.9159605986404,46.088623795635115],[-123.91620330366725,46.08885222367438],[-123.91641745484444,46.089109204866574],[-123.9165031163933,46.089266249654315],[-123.91661732999515,46.089523232032626],[-123.9166458838448,46.089765936339695],[-123.91677437526974,46.09032273106145],[-123.91684575809715,46.090651095534966],[-123.91695997349566,46.09103656863166],[-123.91708846402233,46.09129355086071],[-123.91731689212436,46.09156480892736],[-123.91765953472654,46.09186462144729],[-123.91784513295245,46.09209304977064],[-123.91798790040392,46.09247852275707],[-123.9181163909306,46.092778334047885],[-123.91827343620518,46.09317808384579],[-123.91840192673185,46.09344934261124],[-123.91855897200647,46.09370632356553],[-123.91867318560831,46.0939347517364],[-123.9188302299846,46.094248841418306],[-123.91894444538306,46.09443443911085],[-123.91907293590974,46.09473425098192],[-123.9191871495116,46.094919848909676],[-123.91930136401177,46.09517683111006],[-123.91938702466231,46.095462366037474],[-123.91952979211378,46.09590494530566],[-123.91964400661394,46.09629041843504],[-123.91975822021581,46.09656167684226],[-123.91981532791505,46.096890042169306],[-123.91988671164077,46.097189855017405],[-123.92001520306576,46.097618158038195],[-123.92017224654374,46.098060737446005],[-123.92038639951757,46.09870319241831],[-123.92058627466828,46.09925998598814],[-123.92067193531885,46.099588352065325],[-123.92080042584551,46.09983105692816],[-123.92095747022177,46.10053061880436],[-123.92105740689885,46.10090181425948],[-123.92111451459807,46.10110168966467],[-123.92122872909823,46.10145860805088],[-123.92130011282397,46.10168703649901],[-123.9213857725762,46.101986848802404],[-123.92148571015157,46.10225810721603],[-123.92154281785082,46.10248653546608],[-123.92162847850135,46.102829177623654],[-123.92167130837747,46.10305760599902],[-123.92178552377597,46.10334314122723],[-123.92192829122743,46.103642953244666],[-123.9220282288028,46.103971318755654],[-123.92222810395351,46.10465660428488],[-123.92227093382962,46.10487075523898],[-123.92242797820593,46.105227674761316],[-123.92267068323277,46.10535616534825],[-123.92301332583493,46.1055560401757],[-123.92352728973823,46.10572736132446],[-123.92411263646892,46.10582729846731],[-123.92469798499626,46.105941511856024],[-123.92521194800123,46.10602717220939],[-123.92544037700156,46.10612711005433],[-123.92571163497972,46.10628415496211],[-123.92589723320563,46.106441199422555],[-123.92611138528113,46.106555412784985],[-123.92633981338317,46.106626797184106],[-123.92655396456038,46.10668390339121],[-123.92673956278628,46.106769565082224],[-123.9269394370387,46.106912332610584],[-123.92709648231327,46.10709793065435],[-123.92725352579126,46.10739774218164],[-123.92732491041531,46.10774038495542],[-123.92741057106586,46.108040197348025],[-123.92751050864122,46.108382839242275],[-123.92762472224307,46.10871120454609],[-123.92766755211919,46.10895390973037],[-123.92773893674324,46.1092965527955],[-123.92783887431861,46.1095678107414],[-123.92793881189397,46.109867623158834],[-123.9281672408943,46.110510077562886],[-123.92825290064653,46.110809889214266],[-123.92835283822187,46.11105259449898],[-123.92842422194764,46.11136668382622],[-123.92859554414702,46.11203769100806],[-123.92873831159851,46.11243744130484],[-123.9289096328996,46.11290857430733],[-123.92902384739976,46.11339398400667],[-123.92910950805032,46.11373662687011],[-123.9292522755018,46.1143219734363],[-123.9294521497542,46.11487876806259],[-123.92962347195362,46.11530707066728],[-123.92972340952896,46.11566399049042],[-123.92985190005562,46.115992356006146],[-123.929951837631,46.11629216710217],[-123.93006605123284,46.11659197968058],[-123.93019454355614,46.11693462258703],[-123.93028020330837,46.11720588092579],[-123.93043724768468,46.117548523751076],[-123.93050863230872,46.11774839733346],[-123.93062284591056,46.11791971919383],[-123.93075133733555,46.118062487107636],[-123.93095121158792,46.11803393305633],[-123.93127957726533,46.117905442133015],[-123.9316079429427,46.117805504471875],[-123.93193630862008,46.11766273713761],[-123.93217901364692,46.11760562985123],[-123.93243599559855,46.11759135333174],[-123.93262159382445,46.11757707618589],[-123.9328928518026,46.11753424597141],[-123.93316411067907,46.11753424597141],[-123.93364952073273,46.11757707618589],[-123.93380656510901,46.11763418350182],[-123.93412065475991,46.1176912907586],[-123.93444902043728,46.1176912907586],[-123.9347488313667,46.1176627365149],[-123.93503436716797,46.11763418350182],[-123.93526279527,46.11763418350182],[-123.93549122427034,46.11761990636702],[-123.93569109852275,46.11763418350182],[-123.93583386597422,46.1176627365149],[-123.93602235048715,46.1177361134688],[-123.93610512485068,46.117805504471875],[-123.9361622316516,46.11796254910863],[-123.93621933935084,46.11809103989878],[-123.9363050000014,46.118248084344444],[-123.93640493757677,46.11837657509146],[-123.93651915207693,46.11857645002903],[-123.93661908785566,46.1187620480254],[-123.9367047494045,46.11891909180402],[-123.93676185620544,46.11923318113184],[-123.93683324082949,46.11953299265278],[-123.93689034763042,46.11971859054054],[-123.93699028520577,46.11984708221715],[-123.93714732958205,46.120132617649986],[-123.93730437395834,46.12038959877245],[-123.93743286448502,46.12068941147293],[-123.93756135590999,46.12100350004904],[-123.93773267721107,46.121374695877805],[-123.93803248903883,46.12235979280413],[-123.9381181505877,46.12255966761321],[-123.93818953431345,46.12283092627912],[-123.938275194964,46.12314501447701],[-123.93837513253938,46.123416272751456],[-123.93850362306601,46.12377319297236],[-123.9386178375662,46.12408728140188],[-123.93873205116805,46.12434426338008],[-123.93883198874339,46.12462979916583],[-123.938989034018,46.12502954777571],[-123.93913180146947,46.12525797629615],[-123.93927456892094,46.12544357419958],[-123.93934595264669,46.12554351170423],[-123.93931739969537,46.12572910926828],[-123.93921746212,46.12582904687755],[-123.93907469466853,46.12598609168154],[-123.93901758696929,46.12614313541523],[-123.93901758696929,46.12627162705121],[-123.93911752454466,46.12635728756025],[-123.93927456981925,46.12637156367625],[-123.93947444496996,46.12647150136515],[-123.93966004229756,46.12665709891562],[-123.93974570294812,46.126871250930336],[-123.9397171490985,46.12714250953489],[-123.93961721242145,46.127370937387234],[-123.93964576537275,46.12749942802702],[-123.93978853372255,46.127599365537456],[-123.93994557809883,46.12769930348921],[-123.940088344652,46.12787062429199],[-123.94014545235122,46.128056222109024],[-123.9402168369753,46.128284651152896],[-123.94033105057711,46.12852735542928],[-123.94047381802862,46.12879861459444],[-123.9406308633032,46.12902704304983],[-123.94073080087857,46.12928402439675],[-123.94080218370598,46.12951245208423],[-123.94085929140523,46.129783711378536],[-123.94097350590539,46.130012139483895],[-123.94111627335688,46.13019773755583],[-123.94131614760927,46.13038333562487],[-123.94143036210944,46.13054037927321],[-123.94157313045923,46.130725978055324],[-123.94170162098591,46.13089729878248],[-123.94180155856127,46.131125727249845],[-123.94191577216311,46.13135415539232],[-123.9420442635881,46.131611137710046],[-123.94212992423866,46.131853841647136],[-123.94215847718995,46.13201088670539],[-123.9420870943625,46.132239314911935],[-123.94200143371198,46.13248201981594],[-123.9418586662605,46.132710447935985],[-123.94180155856127,46.13288176996055],[-123.94183011241086,46.13303881395528],[-123.94198715678716,46.13306736770032],[-123.94241546003991,46.133124473900935],[-123.94265816506675,46.13336717926181],[-123.94280031088402,46.133574930645274],[-123.94276792032983,46.13366290924075],[-123.94273936648021,46.13376046815547],[-123.94273698774134,46.133846128223674],[-123.9427250904537,46.133927030314396],[-123.94273460810416,46.133962721917705],[-123.94276554069263,46.1340341056775],[-123.94278219635633,46.134086454290205],[-123.94277981761745,46.13414831974971],[-123.94277267870588,46.13422684155348],[-123.94277029996702,46.134288708722785],[-123.94276792032983,46.134336296794565],[-123.94277029996702,46.13439102495601],[-123.94280123345384,46.134436234350446],[-123.94284882170601,46.1344885825809],[-123.9428845144672,46.13451951602722],[-123.94292020633009,46.13454331059099],[-123.94297969276819,46.13459565871967],[-123.94300824571945,46.13462183245409],[-123.94305583576829,46.13464800617612],[-123.94310580455597,46.13466942210552],[-123.94316053171971,46.13469559580488],[-123.94323191544544,46.13474080557178],[-123.94329616025964,46.13478839512039],[-123.94333185302078,46.1348407430161],[-123.94335326795888,46.134895471298734],[-123.94338182180847,46.134950198282006],[-123.94341989241025,46.1350073056427],[-123.94346034354747,46.13509058645591],[-123.94347937974666,46.13514531386774],[-123.94348175938384,46.135197662669185],[-123.94346748245901,46.13528094257196],[-123.94347224083509,46.13533329186693],[-123.94348889739709,46.13540943467922],[-123.94349365667146,46.135476059475806],[-123.94349841504751,46.13554506397794],[-123.94350555306076,46.13560454988284],[-123.94353410780872,46.13567831378483],[-123.94356028202114,46.13573304061258],[-123.9435959729857,46.1358068043424],[-123.94363880376012,46.13586153166501],[-123.94367925489738,46.13590912086757],[-123.94373160242392,46.13596384933344],[-123.94375539699917,46.13603523236677],[-123.94377919247272,46.13608758032225],[-123.94379346939753,46.136161344199664],[-123.94378871012317,46.136189896948174],[-123.94377681283555,46.136232726976985],[-123.94376253591074,46.136258902423265],[-123.94375063772479,46.13630411152921],[-123.94373160242392,46.13637073648835],[-123.94372684404786,46.13644687911111],[-123.94373160242392,46.13650874503135],[-123.94374112007435,46.13657061150452],[-123.94378871012317,46.136615820977056],[-123.94384343728692,46.136658651297026],[-123.94388864769851,46.136732415031965],[-123.94391006173826,46.13685376705433],[-123.94391244227376,46.13692277107497],[-123.94392671830026,46.13701795009471],[-123.94396003052596,46.13707505655608],[-123.94398144636232,46.13716547650313],[-123.94397668708794,46.13722020434286],[-123.94397906762346,46.13729158761499],[-123.94400286130036,46.13732727952762],[-123.94404807171199,46.13737248962383],[-123.94410517851293,46.137389146326136],[-123.94415038802622,46.137374868708434],[-123.94421939211477,46.137334418031834],[-123.94426222288921,46.137320141644906],[-123.94431219167689,46.137339177449135],[-123.9443431251637,46.13738676599719],[-123.94436216046458,46.1374224584706],[-123.94440974961506,46.137486702997],[-123.9444168885266,46.13752715418416],[-123.94442402564154,46.137586641060345],[-123.94444409220837,46.13762035831221],[-123.94446892882935,46.13765347423943],[-123.94450480484684,46.13769762960799],[-123.94451032499427,46.13774178431868],[-123.94450480484684,46.137791458403704],[-123.94448824709954,46.13785217187425],[-123.94447444897675,46.1379101252679],[-123.94447996822588,46.137984636773304],[-123.9444716893522,46.13802327186791],[-123.94448272785043,46.13805914817792],[-123.94451032499427,46.13808122508148],[-123.94454620101178,46.138097783220246],[-123.94459587515203,46.13813090010524],[-123.94464278966774,46.13813917947899],[-123.9446869445589,46.138155736355394],[-123.94474213884658,46.138161256350514],[-123.9447945717131,46.138164015725415],[-123.94484700637622,46.13818333321318],[-123.94486080539728,46.13819989194367],[-123.94488288239374,46.13823576813856],[-123.94491047953757,46.138271643687595],[-123.94495187390585,46.13830475984559],[-123.94499602879704,46.13835719403287],[-123.94503742496197,46.138401348837135],[-123.94508157895478,46.138434464917125],[-123.94510089722498,46.13846482223993],[-123.94512573474427,46.13853381365998],[-123.9451671300109,46.138594526934476],[-123.94521404452658,46.138649720196376],[-123.94524991964578,46.13870215405517],[-123.94527475716508,46.13876562711122],[-123.94527475716508,46.138831859435534],[-123.9452913158107,46.138876014481625],[-123.94533823032641,46.13890361160088],[-123.94537686596846,46.13893396804263],[-123.9453934246141,46.1389891615867],[-123.94541274198598,46.13902503788981],[-123.94543205935786,46.13906643220656],[-123.9454348189824,46.13913542536261],[-123.94544585748059,46.139179579542805],[-123.94548449402096,46.13922373431005],[-123.94552588928758,46.13927616886715],[-123.9455672845542,46.139309284421],[-123.94561143854703,46.13933412200698],[-123.94564179621374,46.13934792107597],[-123.94566663283472,46.13940311358269],[-123.94565835396106,46.139444509482544],[-123.94564455583829,46.13948590410641],[-123.94564179621374,46.13952178008585],[-123.94565007418909,46.139549377503855],[-123.94567491170838,46.13958249413827],[-123.94569147035399,46.13959905244799],[-123.9457163078733,46.13962388865839],[-123.94573838486973,46.13965700524798],[-123.94575218299249,46.13970392017497],[-123.94576322238903,46.13976739269869],[-123.94575494351534,46.13982534594394],[-123.94572734637151,46.1398667409039],[-123.94568871072944,46.13991089574255],[-123.94567491170838,46.13993849296553],[-123.94565835396106,46.13998264836909],[-123.94566111448393,46.14004336066845],[-123.94566939335759,46.14011511249997],[-123.94568871072944,46.14017030672741],[-123.9457107877259,46.140233779335894],[-123.94572734637151,46.1402917327127],[-123.94574942336794,46.14034968540602],[-123.94576874163813,46.14041867819897],[-123.94577702051177,46.14047939063999],[-123.94577978013632,46.14052078635312],[-123.94581565615384,46.14060909619084],[-123.94584601292222,46.14068912752028],[-123.94587636969062,46.140741560681874],[-123.94592328420633,46.14079123579532],[-123.94597571707283,46.14083263065156],[-123.94601159309035,46.140851947825524],[-123.94603919023417,46.14087954519927],[-123.94604746910787,46.140887824159734],[-123.94609990377099,46.14092645970706],[-123.9461523375358,46.14095405642101],[-123.94621305107259,46.14098993268872],[-123.94629860123037,46.141094800256326],[-123.94632895710046,46.14113895535497],[-123.94636207349338,46.1411941491785],[-123.94639243026181,46.141230025289765],[-123.94641174763366,46.14127418027997],[-123.94642830627927,46.14132385429043],[-123.94644486492491,46.1413956063205],[-123.94645314379856,46.14144803943169],[-123.94650557666506,46.14155290861648],[-123.94653593433179,46.14160810202503],[-123.94657181034931,46.14167433466468],[-123.94662148448957,46.14173228777002],[-123.94665736050706,46.141759884702495],[-123.94669599614912,46.141793000007354],[-123.94673187216661,46.1418509542326],[-123.9467622280367,46.141925466006995],[-123.94678430503313,46.14196686063285],[-123.9468229415735,46.142024813430275],[-123.94684777819448,46.142091046813476],[-123.94687261571379,46.14213520111315],[-123.94690297158385,46.14218763538727],[-123.94693332835223,46.14225662712197],[-123.94696644474519,46.14229250316332],[-123.9470133592609,46.142322859603894],[-123.94707407279769,46.1423752936993],[-123.9471513440818,46.142422208177315],[-123.94724100942187,46.14253286394578],[-123.94745516059912,46.14277556767513],[-123.94761220587368,46.14311821080623],[-123.94769786652424,46.14328953157208],[-123.94786918692702,46.143517960297764],[-123.94804050912643,46.14377494187024],[-123.94821182952921,46.14407475426333],[-123.94835459787899,46.14433173572631],[-123.94852591828177,46.14464582517984],[-123.94861157983064,46.14491708337709],[-123.94865441060507,46.145159788420955],[-123.9486829635564,46.14548815426912],[-123.9486972404812,46.14581652002571],[-123.94871151830432,46.1461163312583],[-123.94871151830432,46.146330483539586],[-123.94871151830432,46.14661601861863],[-123.94875434818044,46.14681589316404],[-123.94885428485748,46.14700149061756],[-123.9490541600082,46.147058597927035],[-123.94938252568559,46.147058597927035],[-123.94962523071241,46.147058597927035],[-123.94982510586313,46.14720136563039],[-123.95001070408904,46.14742979368348],[-123.95019630141663,46.14774388226453],[-123.95042473041697,46.14805797216515],[-123.95058177479325,46.148300677052816],[-123.95075309609435,46.14855765808128],[-123.95084862383996,46.148720618792176],[-123.95084673019134,46.14884431177973],[-123.95083959307644,46.14892997203219],[-123.95082531615162,46.14903704809378],[-123.95081103832851,46.14919409269033],[-123.95082531615162,46.14934399802552],[-123.95090383789058,46.149501042990984],[-123.95095380667826,46.14962239612112],[-123.95101091347922,46.1497223320715],[-123.95103946732881,46.149879377202126],[-123.95101805239076,46.15002928316027],[-123.9509181148154,46.15019346549685],[-123.95078248627547,46.150357649210584],[-123.95065859422476,46.150469150945945],[-123.95063971792572,46.150486139740465],[-123.95049695047423,46.15078595229964],[-123.95056119618671,46.15115714843536],[-123.950620392469,46.15133156072849],[-123.95065013478974,46.15142079104974],[-123.9506739302633,46.15150407193007],[-123.95069772483855,46.15158735330672],[-123.9507244937357,46.151658736621236],[-123.95074828831095,46.15171822316448],[-123.95077803063168,46.15173904375061],[-123.95083454364622,46.151747967034325],[-123.95092079898149,46.151747967034325],[-123.95097136245387,46.1517420177638],[-123.95105464346724,46.151756889694326],[-123.9510962839739,46.151801504217076],[-123.9511260280913,46.15184909395573],[-123.95115279698842,46.151932375432565],[-123.95117361634347,46.15197401456798],[-123.95120336046084,46.15204242525111],[-123.95120336046084,46.1521167825906],[-123.95122715503608,46.15215842283108],[-123.95127176986468,46.15222683266268],[-123.95131786421852,46.152270735512566],[-123.9515391552056,46.152449194832],[-123.95167478464383,46.15257054830731],[-123.95183182812183,46.152777560757876],[-123.95200315032123,46.15291318959031],[-123.95211022590983,46.152984574296696],[-123.95231723907379,46.152984574296696],[-123.95253139114932,46.152948882577384],[-123.95274554232654,46.152841806035944],[-123.95292400164087,46.15267762288726],[-123.95310246095522,46.1525491324951],[-123.95328092116789,46.15252771791914],[-123.95389398541667,46.15249804603521],[-123.95425090494366,46.15254087582416],[-123.95460782447068,46.15259798298734],[-123.95483625257269,46.15264081332078],[-123.95496474309935,46.152755028002744],[-123.95502185079862,46.15289779586626],[-123.95502185079862,46.153083393348496],[-123.95495046617457,46.153311821882944],[-123.95489336027194,46.15354025009157],[-123.95487908334712,46.153725847896325],[-123.9549790209225,46.154025658987045],[-123.95512178837396,46.15419698127717],[-123.95522172594933,46.154396856297126],[-123.95532166262637,46.15465383748787],[-123.95537876942728,46.15498220270514],[-123.9553787703256,46.155210631447765],[-123.9553787703256,46.15552471980952],[-123.95533593955119,46.15583880948992],[-123.95533593955119,46.156095790792],[-123.95526455672376,46.156452710180105],[-123.95520744902453,46.156752521971335],[-123.9551788960732,46.15703805712168],[-123.9551788960732,46.15735214563137],[-123.95519317209971,46.15763768140375],[-123.95525027979893,46.15792321693888],[-123.95545015494965,46.15826585911865],[-123.9555215386754,46.15839434985264],[-123.95572141382611,46.15873699283205],[-123.95587845820239,46.15897969791813],[-123.95602122565388,46.159250956411576],[-123.95623537683107,46.1596078752456],[-123.95637814518088,46.159850580223626],[-123.95659229635808,46.160150392790236],[-123.95677789458401,46.16040737386772],[-123.95696349191161,46.16070718651139],[-123.95717764398711,46.161049829398884],[-123.95737751913782,46.16134964040837],[-123.95756311736375,46.16162089903976],[-123.95773443866482,46.16190643443727],[-123.95800569664297,46.162363291350815],[-123.95819129486888,46.16267737995035],[-123.95830550936905,46.162934361668675],[-123.95849110759494,46.16329128149578],[-123.95867670582086,46.16363392260021],[-123.95884802622365,46.16393373508243],[-123.95903362444953,46.16429065402544],[-123.95919066972415,46.164533359500304],[-123.9593191602508,46.164747511671806],[-123.95941909782617,46.1649902163754],[-123.95961897297688,46.16526147509965],[-123.95991878390633,46.16568977791734],[-123.96009010610572,46.16594675925162],[-123.96026142740685,46.16620374187402],[-123.96043274780962,46.166432169449045],[-123.96063262296033,46.166617767321874],[-123.96108947916439,46.166860472484025],[-123.96143212266487,46.16687474867595],[-123.96166055076691,46.166917579096],[-123.96190325579373,46.167103176575324],[-123.96204602324522,46.16721739172461],[-123.9620317463204,46.16746009672969],[-123.96194608566985,46.167602864391796],[-123.96186042591762,46.167817015190245],[-123.9618318729663,46.16800261336756],[-123.9618318729663,46.16818821154083],[-123.96191753271856,46.16834525623409],[-123.9620317463204,46.16841663958486],[-123.96231728212166,46.16845947067071],[-123.9625599871485,46.168559407252815],[-123.96268847767516,46.16865934489762],[-123.96284552294975,46.1688592196424],[-123.96297401347644,46.16905909428306],[-123.96307395105178,46.16931607605198],[-123.96318816555195,46.16955878112863],[-123.96331665697693,46.169815763051396],[-123.96344514750359,46.17000136132773],[-123.9636021918799,46.17027261960329],[-123.96381634305709,46.17044394045403],[-123.96407332590704,46.170586707836726],[-123.96427320105776,46.17070092259585],[-123.96443024453573,46.17081513587358],[-123.96454445903589,46.17092935078042],[-123.96474433328832,46.17110067145183],[-123.96488710073977,46.17130054665654],[-123.96498703831514,46.17152897483913],[-123.9650584229392,46.171828787216356],[-123.9651012528153,46.172114322508804],[-123.96511553063844,46.172442688035424],[-123.96502986908958,46.17274249978625],[-123.96498703831514,46.17299948176348],[-123.96491565548773,46.17322791035462],[-123.96487282561162,46.173399231330876],[-123.96487282561162,46.173570551773395],[-123.96494420843904,46.173784704219855],[-123.96500131613828,46.173941748485454],[-123.96512980666492,46.174070239310524],[-123.96515836051456,46.17417017689518],[-123.96518691436417,46.17434149742428],[-123.965201191289,46.17445571247267],[-123.96531540489082,46.17471269328704],[-123.96541534246619,46.17482690818657],[-123.96557238684248,46.17494112160476],[-123.96565804749304,46.17505533602986],[-123.96572943121876,46.17514099653745],[-123.96584364571893,46.17529804128429],[-123.96590075251987,46.17539797788179],[-123.96594358329428,46.17554074546761],[-123.9659721362456,46.17565496051339],[-123.96607207382097,46.17582628077128],[-123.96617201139631,46.17595477279153],[-123.96628622589647,46.1760689863554],[-123.96637188654702,46.176168924039985],[-123.96642899424627,46.17629741463757],[-123.96657176079944,46.17639735190706],[-123.9668715735255,46.17655439679815],[-123.96722849215418,46.17659722652313],[-123.96741409127843,46.17664005683678],[-123.96759968860601,46.1766686103607],[-123.96797088505782,46.17675427146544],[-123.96812792853578,46.176839931814754],[-123.9683135267617,46.17699697544188],[-123.96851340191242,46.17722540360138],[-123.96865616936388,46.17749666294644],[-123.96875610693924,46.17769653729886],[-123.9688417675898,46.177867859282436],[-123.96895598208995,46.178067734151654],[-123.96907019569183,46.17825333194936],[-123.96922724096642,46.17845320603938],[-123.9693985613692,46.17866735813205],[-123.96954132882067,46.17883867895685],[-123.96968409717047,46.179095661059186],[-123.96981258769713,46.17933836527529],[-123.96996963297171,46.17958107028602],[-123.970126677348,46.17979522233992],[-123.97019806107375,46.17999509642308],[-123.97031227557393,46.180180694557045],[-123.97038365840135,46.1803091857322],[-123.97041221314927,46.18043767660704],[-123.970483596875,46.18062327449108],[-123.97052642675112,46.180794595441455],[-123.97056925662723,46.18086598004985],[-123.9706691942026,46.18098019336457],[-123.97074057882665,46.18110868515923],[-123.9708547924285,46.18128000584106],[-123.97095473000387,46.1814227737047],[-123.97099755987998,46.181594094651736],[-123.9710261137296,46.181736862321806],[-123.97116888118109,46.18199384456196],[-123.97125454272995,46.18219371811616],[-123.971354479407,46.182365040392625],[-123.97144014095586,46.18255063799012],[-123.97152580160639,46.18275051325188],[-123.97159718443383,46.18290755679094],[-123.97171139893399,46.18306460174725],[-123.97176850663324,46.18326447638434],[-123.97188272023506,46.18346435029478],[-123.97193982793432,46.18363567234343],[-123.97208259538577,46.18386410028919],[-123.97218253296114,46.18403542171411],[-123.97225391578856,46.18422101927003],[-123.97238240811186,46.18434951095389],[-123.97255372851464,46.18450655490091],[-123.97271077378923,46.18470642989296],[-123.97281071046632,46.1849063047803],[-123.97286781726723,46.185106178940885],[-123.97292492496648,46.185220393397984],[-123.97298203176739,46.18532033062004],[-123.97306769241794,46.18547737428143],[-123.9731961829446,46.18563441935995],[-123.9733103983431,46.18576291022796],[-123.97341033591844,46.18597706183645],[-123.97348171874589,46.18609127572802],[-123.97356737939641,46.18629115055555],[-123.97366731697178,46.18646247125789],[-123.97379580749845,46.18664806932673],[-123.97385291519767,46.18686222121841],[-123.97398140572434,46.18704781918136],[-123.97409562022453,46.18724769426234],[-123.97422411075117,46.187461845061826],[-123.97430977140172,46.18759033601169],[-123.97442398590188,46.18777593400383],[-123.97456675425168,46.1880614692052],[-123.97465241400391,46.18824706747231],[-123.9747666294024,46.18850404975397],[-123.97485228915463,46.18866109427026],[-123.97495222673,46.18883241504902],[-123.97508071725666,46.189046565893435],[-123.97523776253126,46.18924644116928],[-123.97538052998271,46.18948914659491],[-123.97549474358459,46.1896319142844],[-123.97572317258492,46.18990317212154],[-123.97596587761174,46.19028864560591],[-123.97603726223582,46.19043141308433],[-123.97622285956342,46.19073122439037],[-123.97633707316524,46.190873991962924],[-123.97646556459024,46.191016759786486],[-123.97667971666576,46.1912166347383],[-123.97685103706854,46.191402232923316],[-123.97700808234313,46.1916163837051],[-123.97717940274592,46.19185908923728],[-123.97727934032129,46.19205896423514],[-123.97742210867106,46.192330222531155],[-123.97759342907385,46.192601480732016],[-123.9776933666492,46.19277280228763],[-123.97775047434844,46.19294412330914],[-123.97785041192381,46.19318682857455],[-123.97797890245045,46.19344380952523],[-123.97809311695063,46.19361513156419],[-123.9783929287784,46.19390066690171],[-123.97849286635375,46.19405771092259],[-123.97859280392912,46.19428613971027],[-123.97867846457966,46.19452884402365],[-123.97879267907983,46.19480010380921],[-123.97894972255781,46.19507136163398],[-123.97904966013316,46.19525695985975],[-123.9791067678324,46.195399727490496],[-123.97914959770853,46.19557104840653],[-123.97914959770853,46.19579947650011],[-123.97919242848296,46.196099288991704],[-123.97923525835905,46.19634199400267],[-123.9792923660583,46.19652759228964],[-123.97927808913349,46.196898788226676],[-123.97924953528387,46.19711293873169],[-123.9793209190096,46.19722715373412],[-123.97976349918717,46.19746985873796],[-123.98057727581651,46.19784105452776],[-123.98256174590729,46.198769044223816],[-123.98387520861684,46.19934011457314],[-123.98506018079968,46.19989690826266],[-123.9871017585897,46.20079634464307],[-123.98890063225122,46.201638673420305],[-123.98990000620817,46.2020955298161],[-123.99022837188555,46.20230968058504],[-123.9905710135894,46.202466725443955],[-123.99091365619161,46.202723707763305],[-123.99141334317011,46.20312345696109],[-123.99181309347154,46.203508929733566],[-123.99221284197633,46.20393723309596],[-123.99246982482629,46.20425132114237],[-123.99288385115422,46.20487949930852],[-123.99361196713302,46.20596453243771],[-123.99406882333706,46.20667837139052],[-123.99486832304162,46.207777682430965],[-123.99541083989621,46.20862001171895],[-123.99611040112708,46.20963366173023],[-123.99680996325627,46.21067586619418],[-123.9975523561599,46.21176090045527],[-123.99830902419173,46.21288876508197],[-123.99886581976776,46.21370254014731],[-123.99943688957364,46.214530593080575],[-124.0005933088052,46.21624380451635],[-124.00126431618645,46.21721462393462],[-124.0020495398645,46.21838531916917],[-124.00279193186981,46.219498907668886],[-124.00363426145049,46.22076953945724],[-124.0042196081812,46.22162614465307],[-124.00481923273502,46.222497028066336],[-124.00533319753663,46.223282250160025],[-124.00581860669197,46.22396753460045],[-124.00613269544456,46.22446722207138],[-124.00638967829452,46.224795587494],[-124.00654672267078,46.225038291892766],[-124.00666093627265,46.22528099708299],[-124.00673232089669,46.22548087168814],[-124.00681798154727,46.22570930033777],[-124.00683225847206,46.22593772803683],[-124.00684653449854,46.226094773082266],[-124.00684653449854,46.226394585555134],[-124.0067608747463,46.22679433462905],[-124.0067180439719,46.2269656552135],[-124.00666093717093,46.22712270042541],[-124.0065324466443,46.22735112845756],[-124.00644678599375,46.22747961873026],[-124.0063468484184,46.22762238652096],[-124.00624691084303,46.227779431718375],[-124.00611842031637,46.22790792223137],[-124.00600420581621,46.22805068952961],[-124.00583288541343,46.228193457699376],[-124.00559017948828,46.22833622549781],[-124.0052618138109,46.22853610016463],[-124.00509049340812,46.2286645907707],[-124.0048906182574,46.228793081697475],[-124.00460508335446,46.22892157356627],[-124.00436237742929,46.229035787065406],[-124.00401973572541,46.2291214473445],[-124.00374847684897,46.22919283194762],[-124.00333445052104,46.22927849198164],[-124.00279193366644,46.22932132225923],[-124.00259205851573,46.22932132225923],[-124.00242073811295,46.22940698271417],[-124.00240646118813,46.229464090231275],[-124.00243501413942,46.22959258115072],[-124.0026919960911,46.229635411183224],[-124.00286331739217,46.22964968785328],[-124.00306319254288,46.22967824118231],[-124.00317740704307,46.22976390294448],[-124.00324878987048,46.22990667038677],[-124.00333445052104,46.230063714020076],[-124.00340583514509,46.23019220477868],[-124.00350577272043,46.23026358923205],[-124.00371992389766,46.23033497234972],[-124.00390552212356,46.23042063370838],[-124.0041910570265,46.23049201724323],[-124.00459080642965,46.23059195478175],[-124.00480495850518,46.230706169155035],[-124.00499055673106,46.23082038266917],[-124.00519043098346,46.230948873520624],[-124.00531892240845,46.231063087772604],[-124.00549024281122,46.23119157867727],[-124.00570439488676,46.23136290045126],[-124.00604703659062,46.231577051450685],[-124.00620408186523,46.23174837202142],[-124.0063468493167,46.231848309757936],[-124.00657527741873,46.23204818468507],[-124.00681798334388,46.232262335496145],[-124.00711779427333,46.232476487957236],[-124.0074318839242,46.23260497865995],[-124.00781735730082,46.23280485331698],[-124.00797440077879,46.2328619604057],[-124.0081742759295,46.23297617440485],[-124.0084883646821,46.23303328131529],[-124.00875962266022,46.2331189415695],[-124.00897377473575,46.233176048952785],[-124.00940207798847,46.23320460231144],[-124.00968761378975,46.23320460231144],[-124.00991604189177,46.23320460231144],[-124.01017302294512,46.23323315627665],[-124.01037289809584,46.23326170960559],[-124.01067271082192,46.23326170960559],[-124.01090113892393,46.233275986575144],[-124.0112580575526,46.233275986575144],[-124.01145793270331,46.233275986575144],[-124.01168636080533,46.23330453926046],[-124.01187195903124,46.23333309255227],[-124.01207183418195,46.23334736950325],[-124.01240019985936,46.23323315627665],[-124.01264290488619,46.23314749433652],[-124.01292843889081,46.233033280693896],[-124.0132425285417,46.23291906619219],[-124.01345667971893,46.23284768270698],[-124.01375649244498,46.23267636121806],[-124.01422762557385,46.232447932976996],[-124.01458454420252,46.232276612104364],[-124.01504140040657,46.23203390677466],[-124.01546970365929,46.23180547834521],[-124.01599794448741,46.231534220447685],[-124.01628348028866,46.231405729723754],[-124.01659756814294,46.23119157743443],[-124.01682599624495,46.231048809605916],[-124.01701159447087,46.23096314922766],[-124.01721146962157,46.230848934767764],[-124.01738279002436,46.2307204436823],[-124.0175969420999,46.23054912300999],[-124.01778254032578,46.23044918539348],[-124.01803952137912,46.23026358736775],[-124.01823939652984,46.23010654306351],[-124.01842499475572,46.22997805210438],[-124.01861059208332,46.22987811469088],[-124.0187533604331,46.22974962381843],[-124.01885329800847,46.22962113326657],[-124.01893895776071,46.229521195824645],[-124.01905317226087,46.229435535547964],[-124.01916738586272,46.22936415126053],[-124.01936726101343,46.2291928300833],[-124.01952430628805,46.228907294842536],[-124.01955285923934,46.228664589527845],[-124.01955285923934,46.228478991682024],[-124.01958141308899,46.22836477702431],[-124.01962424296508,46.22825056337185],[-124.01970990361565,46.228179178786185],[-124.01989550184155,46.22819345583502],[-124.02020959059412,46.22826484040211],[-124.02052367844837,46.228307670849205],[-124.02087880403975,46.22829587276435],[-124.02091941058552,46.22829912601579],[-124.02097675274507,46.22828394665973],[-124.02102049620784,46.22829116347273],[-124.02123196052403,46.228376662096224],[-124.0212762447726,46.22838613224397],[-124.02139855489008,46.22841229119596],[-124.02171705437071,46.22850039843678],[-124.02207227428521,46.228565639054516],[-124.02223139556641,46.228628642415224],[-124.02238937059734,46.22865880145083],[-124.02256448638218,46.22867440700989],[-124.02265829924393,46.22870278000779],[-124.02286675600057,46.228738963839525],[-124.0231246084197,46.22880008280498],[-124.02319704856423,46.228806506596854],[-124.02327862188025,46.228794473716086],[-124.02330673555537,46.22879708685803],[-124.02349749639923,46.22887266098311],[-124.02355621387943,46.22888691423702],[-124.02365838197167,46.228911713870836],[-124.02366669857454,46.228912491908154],[-124.0237287793472,46.22891830233006],[-124.0238270433612,46.22896144733482],[-124.02395860522779,46.2289888078673],[-124.02403294620747,46.229017088730465],[-124.0242074304767,46.22905261798505],[-124.02434979188963,46.22909708778032],[-124.02450869667688,46.22912709803606],[-124.02470384938414,46.2291764578239],[-124.02511296552073,46.22925137457334],[-124.02530275618406,46.22930297202296],[-124.02556477678614,46.22935182953677],[-124.02568432458415,46.22938213980397],[-124.02584720621316,46.229410548479],[-124.02597417589206,46.229424272135084],[-124.02626432184734,46.229485689866266],[-124.0264120255413,46.22953958638086],[-124.02699517050127,46.22967519991916],[-124.02720592155512,46.22975560752958],[-124.02746057776847,46.229805552135026],[-124.02760343505149,46.22980086782996],[-124.02789828278897,46.22991546664673],[-124.02803468208342,46.229933060405244],[-124.0284182672013,46.23003819716342],[-124.02870851197129,46.23007232507096],[-124.02878901808874,46.23009422274922],[-124.02888495456783,46.23013440948386],[-124.02908484588822,46.230201061270705],[-124.02913458380885,46.23020654468885],[-124.02923372457856,46.23020353825452],[-124.02931087459011,46.23021426957132],[-124.02953755187565,46.230290337638216],[-124.0296882289932,46.23032845179526],[-124.03009799101847,46.23040609065023],[-124.030225708994,46.230454207073215],[-124.03056273532903,46.23055014959089],[-124.03073944562351,46.23058379993218],[-124.03082944423856,46.2305811738255],[-124.03092740372368,46.23064032892943],[-124.0310896403623,46.230638570322206],[-124.03116481408021,46.23062526518276],[-124.03131772979948,46.23070267245142],[-124.03143710871419,46.23071428856577],[-124.03168897835356,46.23077660404009],[-124.03197332298875,46.230833824472306],[-124.0321888800294,46.23092198748172],[-124.03228767315109,46.230949599951835],[-124.03242727493948,46.230946646378285],[-124.03257742115272,46.230978114077054],[-124.03269962616733,46.2309809955651],[-124.03280987370721,46.23101104207544],[-124.0329188195882,46.231066796354426],[-124.0330660597515,46.23110927848938],[-124.03335200608284,46.231146344380065],[-124.03347162215283,46.23115533680695],[-124.03365502309954,46.23119869319683],[-124.03376771136205,46.23120849034046],[-124.03397089860121,46.23127327348952],[-124.03412882332648,46.23130769517673],[-124.03424859839825,46.2313427339005],[-124.03442506794424,46.23134413144711],[-124.03448233015372,46.231350671144554],[-124.03463559441929,46.23140123694871],[-124.03483500424268,46.231437041186126],[-124.03533795749553,46.23157304649294],[-124.0355602995115,46.23162038265119],[-124.0356961912578,46.23163443758486],[-124.03578855783194,46.23165291318679],[-124.03596275374196,46.23171551592681],[-124.03606410975712,46.23174232203733],[-124.0363461412305,46.231776613557095],[-124.03650378208812,46.23181936048159],[-124.03671757932912,46.231855767206355],[-124.03685186039608,46.2318926430654],[-124.03697179896123,46.23190704591427],[-124.0371367458171,46.23193921897422],[-124.03738959911166,46.232018371146204],[-124.03754106045847,46.23203270436529],[-124.03789974786996,46.23211447808606],[-124.037982663269,46.23212503255184],[-124.03810356213319,46.23215917531821],[-124.03828651392227,46.23219394381145],[-124.03851014502068,46.232262509487505],[-124.03905456899862,46.232352893559],[-124.03930185273846,46.23241583664691],[-124.03966792340326,46.232477258487286],[-124.03988813371707,46.23256116665627],[-124.04015618920123,46.23260111483362],[-124.040348710743,46.23261178975619],[-124.0404703785651,46.232663126790065],[-124.04079889605777,46.23273236671192],[-124.04099371818499,46.23276371532239],[-124.04131364688523,46.23283333292322],[-124.04148257327778,46.23287589571443],[-124.04160771039349,46.232915954891524],[-124.04174278287624,46.232933444537494],[-124.04198328074241,46.23300139846404],[-124.04222728652981,46.23304007495949],[-124.0423177819132,46.233069870544405],[-124.04250648830998,46.23310848733835],[-124.04270419402928,46.23311622361873],[-124.0428038773814,46.23312834316778],[-124.04297552566928,46.2331841369288],[-124.04305562574821,46.23320236842536],[-124.04327575970522,46.23321579473186],[-124.04355872093487,46.23320619119782],[-124.04389128443958,46.23318090260846],[-124.0441780167968,46.23314247538875],[-124.04439145022009,46.233141305937174],[-124.04471560100218,46.233092291478435],[-124.04483020806612,46.23305875701062],[-124.04496665047968,46.233035551248825],[-124.04512994084213,46.23296898492754],[-124.04531804087611,46.23294243480741],[-124.04544027823009,46.23293403485799],[-124.04556951346012,46.23294844924],[-124.04578143142552,46.232930312110355],[-124.045997213045,46.23293717536299],[-124.04620610548453,46.232921025435374],[-124.04638895127239,46.23291931288409],[-124.04652835992302,46.23289592748151],[-124.04680268474955,46.23287296399322],[-124.04696240969864,46.23284833143918],[-124.04711599556107,46.23286936614096],[-124.04732857648318,46.23291171079626],[-124.04748913417055,46.232919645327854],[-124.0476522134289,46.232939253290986],[-124.04802308379226,46.23292311579181],[-124.04820784927988,46.232925202419814],[-124.04905055525467,46.23297108025326],[-124.04928258290603,46.23296532059292],[-124.04937789595431,46.232942019097564],[-124.04950077919696,46.232941992999216],[-124.04975207571117,46.232973133324435],[-124.04988669544304,46.23297810009096],[-124.05017110026536,46.23301973441467],[-124.05049817686029,46.233029058356315],[-124.05068932397971,46.233056021036575],[-124.05110759933893,46.233031894375294],[-124.05151435560128,46.23302350376042],[-124.05178989405175,46.233041108950445],[-124.05212227699508,46.23307611301258],[-124.05230529705612,46.233080504985566],[-124.05255523711423,46.233104218402445],[-124.05279095863807,46.233112218151945],[-124.05290121516107,46.23309470929991],[-124.05310584599289,46.23310511009433],[-124.05331316907565,46.23309900495624],[-124.05360688763083,46.23313544625129],[-124.05375713804862,46.23311599246243],[-124.05395476830945,46.23311063299114],[-124.05412940439395,46.23313574203185],[-124.05433889421315,46.23312947222939],[-124.05465401423166,46.233179577810944],[-124.05489852936381,46.23318770679799],[-124.05507595651389,46.233160282491525],[-124.05527347897686,46.23318150473266],[-124.05539372386755,46.2331740611349],[-124.0556286791284,46.233212468448144],[-124.05576279490539,46.23321712947072],[-124.05587030617691,46.23321106162828],[-124.05617387386086,46.2332443897027],[-124.0563532189141,46.23323738046267],[-124.05670222428343,46.23323749914752],[-124.05681202715724,46.23324627436789],[-124.05723928836424,46.233254752564186],[-124.0574115762526,46.23326809807769],[-124.05753832674256,46.233267978150145],[-124.05762311423065,46.23325989391478],[-124.05785685407092,46.23327803652797],[-124.05799803330098,46.233271466612265],[-124.0582658156973,46.23328263167806],[-124.05846541326858,46.23328212214148],[-124.05874919286347,46.23331159385305],[-124.05948406057996,46.23331439692399],[-124.05985880447881,46.23336555185617],[-124.05996732455841,46.233364593680335],[-124.06020128448596,46.23333563215466],[-124.0604492500471,46.23337190303308],[-124.0605979607525,46.233348913645784],[-124.06084766724862,46.2333241216093],[-124.06093333688233,46.23333327710373],[-124.06109809239703,46.23337091875918],[-124.06123853950011,46.233390121418196],[-124.06133399268559,46.23339394479897],[-124.06147407417434,46.23336975925465],[-124.06155303518953,46.23336731348295],[-124.0617542371519,46.23341439270459],[-124.06188661738375,46.23341028845941],[-124.0621484017289,46.23341886978019],[-124.06225930414064,46.233429321466716],[-124.06242341107166,46.233457320418985],[-124.06254372782757,46.23344315783129],[-124.06265950629464,46.23344717135191],[-124.06284514314811,46.23343356303643],[-124.06311256531998,46.23344426638078],[-124.06335726550508,46.233476723754784],[-124.06350559981637,46.23348522987776],[-124.06359747950361,46.233476782164885],[-124.06368481371553,46.23348020909675],[-124.06379800683122,46.233473431663015],[-124.06391180271646,46.23345138930766],[-124.06403337801208,46.23343897032275],[-124.06428334861295,46.23344667983703],[-124.06434535841866,46.23344295153171],[-124.06442533003853,46.233451853481604],[-124.06455970632692,46.23344718067269],[-124.06460606478547,46.23345250593496],[-124.06467172803949,46.23347390080783],[-124.06474427328689,46.233487184129636],[-124.06491135364152,46.23348191168836],[-124.06505048830599,46.23351039839984],[-124.06543625722834,46.23353289185572],[-124.06555229890179,46.23353373693689],[-124.06576292419153,46.233579124612106],[-124.06589563320675,46.23359288140195],[-124.06603563654211,46.23361992769179],[-124.06609068889598,46.233612840205566],[-124.06620799629567,46.233557137602304],[-124.0663288673121,46.23354014712572],[-124.06649130247841,46.23354609935451],[-124.06668037987941,46.23357803781375],[-124.06695973257658,46.233608722926164],[-124.06707885367481,46.233613250317894],[-124.06725283309082,46.2336487765973],[-124.06758060857508,46.233696828660754],[-124.06764889401141,46.23369815841682],[-124.06777229827694,46.23368805972621],[-124.0678916565304,46.23366650772724],[-124.06797079810694,46.23366653444664]]]}}]}